0, 2.73969, -1.64294
0.025, 2.73969, -1.64294
0.05, 3.46086, -0.854099
0.075, 2.58989, -0.26824
0.1, 0.931874, 0.292809
0.125, 0.931874, 0.292809
0.15, 0.931874, 0.292809
0.175, 0.931874, 0.292809
0.2, 0.931874, 0.292809
0.225, 0.931874, 0.292809
0.25, 0.101837, 0.510996
0.275, 0.101837, 0.510996
0.3, 0.101837, 0.510996
0.325, 0.101837, 0.510996
0.35, 0.101837, 0.510996
0.375, 0.101837, 0.510996
0.4, 0.101837, 0.510996
0.425, 0.101837, 0.510996
0.45, 0.478095, -2.62648
0.475, 0.563136, -2.66346
0.5, 0.546609, -2.7054
0.525, 0.546609, -2.7054
0.55, 0.546609, -2.7054
0.575, 0.546609, -2.7054
0.6, 0.546609, -2.7054
0.625, 0.546609, -2.7054
0.65, 1.12923, -2.35643
0.675, 1.16617, -2.3332
0.7, 1.16617, -2.3332
0.725, 1.16617, -2.3332
0.75, 1.0865, -2.37683
0.775, 1.00145, -2.41966
0.8, 1.00145, -2.41966
0.825, 1.00145, -2.41966
0.85, 1.33646, -2.2717
0.875, 1.33646, -2.2717
0.9, 1.33646, -2.2717
0.925, 1.33646, -2.2717
0.95, 1.33646, -2.2717
0.975, 1.33646, -2.2717
1, 1.33646, -2.2717
1.025, 1.33646, -2.2717
1.05, 1.33646, -2.2717
1.075, 1.33646, -2.2717
1.1, 1.33646, -2.2717
1.125, 1.33646, -2.2717
1.15, 1.33646, -2.2717
1.175, 1.33646, -2.2717
1.2, 1.33646, -2.2717
1.225, 2.09292, -1.95908
1.25, 2.09292, -1.95908
1.275, 2.25854, -1.87313
1.3, 2.28089, -1.861
1.325, 2.31172, -1.84456
1.35, 2.3434, -1.82804
1.375, 2.36514, -1.81706
1.4, 2.36514, -1.81706
1.425, 2.36514, -1.81706
1.45, 2.36514, -1.81706
1.475, 2.36514, -1.81706
1.5, 2.36514, -1.81706
1.525, 2.42258, -1.79797
1.55, 2.42258, -1.79797
1.575, 2.45495, -1.78678
1.6, 2.45495, -1.78678
1.625, 2.45495, -1.78678
1.65, 2.45495, -1.78678
1.675, 2.45495, -1.78678
1.7, 2.45495, -1.78678
1.725, 2.49269, -1.77627
1.75, 2.49269, -1.77627
1.775, 2.51657, -1.76929
1.8, 2.51657, -1.76929
1.825, 2.52744, -1.76636
1.85, 2.52744, -1.76636
1.875, 2.52744, -1.76636
1.9, 2.54211, -1.76283
1.925, 2.54211, -1.76283
1.95, 2.54211, -1.76283
1.975, 2.54211, -1.76283
2, 2.54211, -1.76283
2.025, 2.54211, -1.76283
2.05, 2.54211, -1.76283
2.075, 2.54211, -1.76283
2.1, 2.54211, -1.76283
2.125, 2.54211, -1.76283
2.15, 2.54211, -1.76283
2.175, 2.54211, -1.76283
2.2, 2.54211, -1.76283
2.225, 2.54968, -1.76156
2.25, 2.54968, -1.76156
2.275, 2.54968, -1.76156
2.3, 2.54968, -1.76156
2.325, 2.73558, -1.72194
2.35, 2.86422, -1.69269
2.375, 2.89772, -1.68511
2.4, 2.8817, -1.68857
2.425, 2.8817, -1.68857
2.45, 2.8817, -1.68857
2.475, 2.8817, -1.68857
2.5, 2.86297, -1.69177
2.525, 2.87973, -1.68871
2.55, 2.87973, -1.68871
2.575, 2.87973, -1.68871
2.6, 2.87973, -1.68871
2.625, 2.87973, -1.68871
2.65, 2.91697, -1.68036
2.675, 2.91697, -1.68036
2.7, 2.92502, -1.6787
2.725, 2.93454, -1.67682
2.75, 2.93454, -1.67682
2.775, 2.95105, -1.67375
2.8, 2.95105, -1.67375
2.825, 2.97651, -1.66891
2.85, 3.0042, -1.6634
2.875, 3.0042, -1.6634
2.9, 3.0042, -1.6634
2.925, 3.0042, -1.6634
2.95, 3.01462, -1.6605
2.975, 3.02043, -1.65905
3, 3.02043, -1.65905
3.025, 3.02043, -1.65905
3.05, 3.02043, -1.65905
3.075, 3.03088, -1.65648
3.1, 3.03933, -1.65439
3.125, 3.03933, -1.65439
3.15, 3.04683, -1.65241
3.175, 3.04683, -1.65241
3.2, 3.05279, -1.65061
3.225, 3.05279, -1.65061
3.25, 3.05279, -1.65061
3.275, 3.05591, -1.64886
3.3, 3.05591, -1.64886
3.325, 3.05591, -1.64886
3.35, 3.05591, -1.64886
3.375, 3.05591, -1.64886
3.4, 3.05591, -1.64886
3.425, 3.06069, -1.64719
3.45, 3.06069, -1.64719
3.475, 3.06458, -1.64438
3.5, 3.06665, -1.64137
3.525, 3.06674, -1.64008
3.55, 3.06674, -1.64008
3.575, 3.06674, -1.64008
3.6, 3.06478, -1.64238
3.625, 3.06406, -1.64371
3.65, 3.06406, -1.64371
3.675, 3.06406, -1.64371
3.7, 3.06406, -1.64371
3.725, 3.06406, -1.64371
3.75, 3.06406, -1.64371
3.775, 3.06345, -1.64177
3.8, 3.06368, -1.64214
3.825, 3.06368, -1.64214
3.85, 3.06368, -1.64214
3.875, 3.06368, -1.64214
3.9, 3.06164, -1.6435
3.925, 3.06164, -1.6435
3.95, 3.06164, -1.6435
3.975, 3.06071, -1.64125
4, 3.06071, -1.64125
4.025, 3.06071, -1.64125
4.05, 3.0593, -1.64006
4.075, 3.0593, -1.64006
4.1, 3.0593, -1.64006
4.125, 3.05932, -1.64009
4.15, 3.05932, -1.64009
4.175, 3.05876, -1.63962
4.2, 3.05876, -1.63962
4.225, 3.05876, -1.63962
4.25, 3.05876, -1.63962
4.275, 3.05633, -1.63869
4.3, 3.05633, -1.63869
4.325, 3.05633, -1.63869
4.35, 3.05633, -1.63869
4.375, 3.05633, -1.63869
4.4, 3.05633, -1.63869
4.425, 3.05385, -1.63955
4.45, 3.05336, -1.64035
4.475, 3.05336, -1.64035
4.5, 3.05302, -1.64079
4.525, 3.05302, -1.64079
4.55, 3.05206, -1.64144
4.575, 3.05206, -1.64144
4.6, 3.05206, -1.64144
4.625, 3.04692, -1.64267
4.65, 3.04692, -1.64267
4.675, 3.04692, -1.64267
4.7, 3.04692, -1.64267
4.725, 3.02857, -1.6448
4.75, 3.02857, -1.6448
4.775, 3.01521, -1.64646
4.8, 3.00675, -1.64756
4.825, 3.00077, -1.64832
4.85, 2.99685, -1.64881
4.875, 2.99685, -1.64881
4.9, 2.99685, -1.64881
4.925, 2.99685, -1.64881
4.95, 2.98253, -1.65028
4.975, 2.9595, -1.65245
5, 2.9595, -1.65245
5.025, 2.92168, -1.65531
5.05, 2.92168, -1.65531
5.075, 2.90483, -1.65646
5.1, 2.90483, -1.65646
5.125, 2.90483, -1.65646
5.15, 2.90483, -1.65646
5.175, 2.90483, -1.65646
5.2, 2.92952, -1.65423
5.225, 2.92952, -1.65423
5.25, 2.92962, -1.65422
5.275, 2.91302, -1.65531
5.3, 2.91302, -1.65531
5.325, 2.91302, -1.65531
5.35, 2.91302, -1.65531
5.375, 2.93392, -1.65411
5.4, 2.93392, -1.65411
5.425, 2.93392, -1.65411
5.45, 2.93392, -1.65411
5.475, 2.93392, -1.65411
5.5, 2.93392, -1.65411
5.525, 2.93392, -1.65411
5.55, 2.93392, -1.65411
5.575, 2.93392, -1.65411
5.6, 2.93392, -1.65411
5.625, 2.93392, -1.65411
5.65, 2.93392, -1.65411
5.675, 2.9296, -1.65465
5.7, 2.9296, -1.65465
5.725, 2.9296, -1.65465
5.75, 2.94442, -1.65364
5.775, 2.94442, -1.65364
5.8, 2.94442, -1.65364
5.825, 2.94442, -1.65364
5.85, 2.94442, -1.65364
5.875, 2.94683, -1.65347
5.9, 2.94471, -1.65358
5.925, 2.94471, -1.65358
5.95, 2.93365, -1.65416
5.975, 2.93365, -1.65416
6, 2.93365, -1.65416
6.025, 2.93365, -1.65416
6.05, 2.93365, -1.65416
6.075, 2.93365, -1.65416
6.1, 2.93365, -1.65416
6.125, 2.93365, -1.65416
6.15, 2.93365, -1.65416
6.175, 2.93365, -1.65416
6.2, 2.93365, -1.65416
6.225, 2.93365, -1.65416
6.25, 2.93365, -1.65416
6.275, 2.93365, -1.65416
6.3, 2.93365, -1.65416
6.325, 2.9275, -1.65306
6.35, 2.9275, -1.65306
6.375, 2.9275, -1.65306
6.4, 2.9275, -1.65306
6.425, 2.9275, -1.65306
6.45, 2.92742, -1.65293
6.475, 2.92742, -1.65293
6.5, 2.92742, -1.65293
6.525, 2.92742, -1.65293
6.55, 2.92742, -1.65293
6.575, 2.92742, -1.65293
6.6, 2.92357, -1.65117
6.625, 2.92357, -1.65117
6.65, 2.92357, -1.65117
6.675, 2.92357, -1.65117
6.7, 2.92357, -1.65117
6.725, 2.92357, -1.65117
6.75, 2.92381, -1.65204
6.775, 2.92381, -1.65204
6.8, 2.92381, -1.65204
6.825, 2.92203, -1.65065
6.85, 2.92203, -1.65065
6.875, 2.90907, -1.64902
6.9, 2.89925, -1.6479
6.925, 2.89925, -1.6479
6.95, 2.89851, -1.64783
6.975, 2.89851, -1.64783
7, 2.89851, -1.64783
7.025, 2.89418, -1.64743
7.05, 2.88397, -1.64677
7.075, 2.88397, -1.64677
7.1, 2.88397, -1.64677
7.125, 2.88397, -1.64677
7.15, 2.88397, -1.64677
7.175, 2.88397, -1.64677
7.2, 2.88397, -1.64677
7.225, 2.88551, -1.64693
7.25, 2.88551, -1.64693
7.275, 2.88551, -1.64693
7.3, 2.88551, -1.64693
7.325, 2.88551, -1.64693
7.35, 2.88551, -1.64693
7.375, 2.88551, -1.64693
7.4, 2.88551, -1.64693
7.425, 2.88551, -1.64693
7.45, 2.88551, -1.64693
7.475, 2.88538, -1.64715
7.5, 2.89013, -1.64758
7.525, 2.89459, -1.64803
7.55, 2.89459, -1.64803
7.575, 2.89459, -1.64803
7.6, 2.89641, -1.64855
7.625, 2.90071, -1.64918
7.65, 2.90345, -1.64961
7.675, 2.90345, -1.64961
7.7, 2.90345, -1.64961
7.725, 2.90345, -1.64961
7.75, 2.90345, -1.64961
7.775, 2.90345, -1.64961
7.8, 2.90345, -1.64961
7.825, 2.90345, -1.64961
7.85, 2.8919, -1.65053
7.875, 2.8919, -1.65053
7.9, 2.8919, -1.65053
7.925, 2.8919, -1.65053
7.95, 2.8919, -1.65053
7.975, 2.8919, -1.65053
8, 2.8919, -1.65053
8.025, 2.90383, -1.64901
8.05, 2.90504, -1.64879
8.075, 2.897, -1.6497
8.1, 2.897, -1.6497
8.125, 2.897, -1.6497
8.15, 2.85485, -1.65197
8.175, 2.85485, -1.65197
8.2, 2.85485, -1.65197
8.225, 2.85485, -1.65197
8.25, 2.85485, -1.65197
8.275, 2.85485, -1.65197
8.3, 2.87306, -1.65081
8.325, 2.87306, -1.65081
8.35, 2.87306, -1.65081
8.375, 2.85851, -1.65162
8.4, 2.83137, -1.65286
8.425, 2.83137, -1.65286
8.45, 2.83137, -1.65286
8.475, 2.83028, -1.6529
8.5, 2.83028, -1.6529
8.525, 2.83028, -1.6529
8.55, 2.85286, -1.65188
8.575, 2.87795, -1.65077
8.6, 2.87795, -1.65077
8.625, 2.87795, -1.65077
8.65, 2.8819, -1.65057
8.675, 2.8819, -1.65057
8.7, 2.8819, -1.65057
8.725, 2.8819, -1.65057
8.75, 2.8819, -1.65057
8.775, 2.8819, -1.65057
8.8, 2.8819, -1.65057
8.825, 2.8819, -1.65057
8.85, 2.8819, -1.65057
8.875, 2.8819, -1.65057
8.9, 2.8819, -1.65057
8.925, 2.8819, -1.65057
8.95, 2.8819, -1.65057
8.975, 2.8819, -1.65057
9, 2.8819, -1.65057
9.025, 2.87786, -1.65023
9.05, 2.87786, -1.65023
9.075, 2.88924, -1.64954
9.1, 2.88924, -1.64954
9.125, 2.88924, -1.64954
9.15, 2.89432, -1.64919
9.175, 2.90119, -1.64876
9.2, 2.90119, -1.64876
9.225, 2.90119, -1.64876
9.25, 2.90119, -1.64876
9.275, 2.90607, -1.64816
9.3, 2.90607, -1.64816
9.325, 2.90607, -1.64816
9.35, 2.90607, -1.64816
9.375, 2.90607, -1.64816
9.4, 2.90856, -1.64771
9.425, 2.90856, -1.64771
9.45, 2.91089, -1.64737
9.475, 2.9121, -1.64719
9.5, 2.9121, -1.64719
9.525, 2.9111, -1.64745
9.55, 2.91007, -1.64772
9.575, 2.91007, -1.64772
9.6, 2.91007, -1.64772
9.625, 2.91007, -1.64772
9.65, 2.90395, -1.64626
9.675, 2.88662, -1.64439
9.7, 2.88662, -1.64439
9.725, 2.88662, -1.64439
9.75, 2.88662, -1.64439
9.775, 2.8902, -1.64451
9.8, 2.89513, -1.64477
9.825, 2.89513, -1.64477
9.85, 2.89403, -1.64471
9.875, 2.88032, -1.64421
9.9, 2.88032, -1.64421
9.925, 2.83589, -1.64299
9.95, 2.83589, -1.64299
9.975, 2.80603, -1.64232
10, 2.80603, -1.64232
10.025, 2.80603, -1.64232
10.05, 2.80603, -1.64232
10.075, 2.81994, -1.6428
10.1, 2.81994, -1.6428
10.125, 2.81994, -1.6428
10.15, 2.81858, -1.64276
10.175, 2.81858, -1.64276
10.2, 2.81858, -1.64276
10.225, 2.81858, -1.64276
10.25, 2.8162, -1.6427
10.275, 2.8162, -1.6427
10.3, 2.8162, -1.6427
10.325, 2.82526, -1.64307
10.35, 2.83903, -1.64354
10.375, 2.83903, -1.64354
10.4, 2.83903, -1.64354
10.425, 2.83903, -1.64354
10.45, 2.83903, -1.64354
10.475, 2.83903, -1.64354
10.5, 2.83903, -1.64354
10.525, 2.83903, -1.64354
10.55, 2.83903, -1.64354
10.575, 2.83903, -1.64354
10.6, 2.83815, -1.64374
10.625, 2.84868, -1.64433
10.65, 2.85814, -1.64502
10.675, 2.86596, -1.64582
10.7, 2.872, -1.64669
10.725, 2.872, -1.64669
10.75, 2.872, -1.64669
10.775, 2.872, -1.64669
10.8, 2.87216, -1.64661
10.825, 2.87216, -1.64661
10.85, 2.87213, -1.6466
10.875, 2.87213, -1.6466
10.9, 2.87213, -1.6466
10.925, 2.86837, -1.64733
10.95, 2.86837, -1.64733
10.975, 2.85407, -1.64867
11, 2.85407, -1.64867
11.025, 2.85407, -1.64867
11.05, 2.85843, -1.64832
11.075, 2.86286, -1.6477
11.1, 2.86286, -1.6477
11.125, 2.86648, -1.64685
11.15, 2.86648, -1.64685
11.175, 2.86648, -1.64685
11.2, 2.86648, -1.64685
11.225, 2.83049, -1.64885
11.25, 2.83049, -1.64885
11.275, 2.83049, -1.64885
11.3, 2.81686, -1.64935
11.325, 2.81679, -1.64936
11.35, 2.81679, -1.64936
11.375, 2.81679, -1.64936
11.4, 2.82541, -1.64889
11.425, 2.82515, -1.6489
11.45, 2.82515, -1.6489
11.475, 2.82119, -1.64909
11.5, 2.82119, -1.64909
11.525, 2.82119, -1.64909
11.55, 2.8153, -1.64932
11.575, 2.8153, -1.64932
11.6, 2.8153, -1.64932
11.625, 2.8153, -1.64932
11.65, 2.8153, -1.64932
11.675, 2.8153, -1.64932
11.7, 2.80903, -1.64956
11.725, 2.80903, -1.64956
11.75, 2.80479, -1.6497
11.775, 2.80479, -1.6497
11.8, 2.80479, -1.6497
11.825, 2.81378, -1.64939
11.85, 2.82394, -1.64906
11.875, 2.83356, -1.64876
11.9, 2.83356, -1.64876
11.925, 2.83356, -1.64876
11.95, 2.83356, -1.64876
11.975, 2.84186, -1.64848
12, 2.855, -1.64809
12.025, 2.86758, -1.64772
12.05, 2.86758, -1.64772
12.075, 2.86758, -1.64772
12.1, 2.86758, -1.64772
12.125, 2.86044, -1.64796
12.15, 2.85782, -1.64804
12.175, 2.85782, -1.64804
12.2, 2.85782, -1.64804
12.225, 2.88141, -1.64735
12.25, 2.91104, -1.64651
12.275, 2.94419, -1.64555
12.3, 2.96041, -1.64504
12.325, 2.96041, -1.64504
12.35, 2.9601, -1.64505
12.375, 2.9601, -1.64505
12.4, 2.9601, -1.64505
12.425, 2.9601, -1.64505
12.45, 2.9601, -1.64505
12.475, 2.97035, -1.64444
12.5, 2.97035, -1.64444
12.525, 2.9861, -1.64345
12.55, 2.9861, -1.64345
12.575, 2.9861, -1.64345
12.6, 2.98584, -1.64349
12.625, 2.98584, -1.64349
12.65, 2.98584, -1.64349
12.675, 2.98609, -1.64342
12.7, 2.98674, -1.64284
12.725, 2.98674, -1.64284
12.75, 2.98674, -1.64284
12.775, 2.98674, -1.64284
12.8, 2.96103, -1.64208
12.825, 2.96103, -1.64208
12.85, 2.96103, -1.64208
12.875, 2.96103, -1.64208
12.9, 2.96103, -1.64208
12.925, 2.96694, -1.6423
12.95, 2.96694, -1.6423
12.975, 2.96694, -1.6423
13, 2.96694, -1.6423
13.025, 2.96694, -1.6423
13.05, 2.96694, -1.6423
13.075, 2.96694, -1.6423
13.1, 2.96694, -1.6423
13.125, 2.96764, -1.64231
13.15, 2.96764, -1.64231
13.175, 2.97202, -1.64244
13.2, 2.97202, -1.64244
13.225, 2.97223, -1.64244
13.25, 2.97223, -1.64244
13.275, 2.97223, -1.64244
13.3, 2.96608, -1.6423
13.325, 2.96608, -1.6423
13.35, 2.96608, -1.6423
13.375, 2.97082, -1.64241
13.4, 2.97082, -1.64241
13.425, 2.97298, -1.64246
13.45, 2.97298, -1.64246
13.475, 2.97298, -1.64246
13.5, 2.97298, -1.64246
13.525, 2.97655, -1.64259
13.55, 2.97655, -1.64259
13.575, 2.97655, -1.64259
13.6, 2.97314, -1.6425
13.625, 2.97314, -1.6425
13.65, 2.97314, -1.6425
13.675, 2.97314, -1.6425
13.7, 2.96884, -1.6424
13.725, 2.97795, -1.64259
13.75, 2.97795, -1.64259
13.775, 2.99376, -1.64311
13.8, 2.99376, -1.64311
13.825, 2.99376, -1.64311
13.85, 2.99376, -1.64311
13.875, 2.99376, -1.64311
13.9, 2.99254, -1.64289
13.925, 2.99254, -1.64289
13.95, 2.98754, -1.64275
13.975, 2.98754, -1.64275
14, 2.99738, -1.64308
14.025, 3.01248, -1.64375
14.05, 3.01248, -1.64375
14.075, 3.01528, -1.64464
14.1, 3.01714, -1.6452
14.125, 3.01714, -1.6452
14.15, 3.01655, -1.6449
14.175, 3.01655, -1.6449
14.2, 3.01164, -1.6445
14.225, 3.00807, -1.64424
14.25, 3.00807, -1.64424
14.275, 3.00807, -1.64424
14.3, 3.00807, -1.64424
14.325, 3.00807, -1.64424
14.35, 3.00807, -1.64424
14.375, 3.00161, -1.64458
14.4, 3.00011, -1.6447
14.425, 3.00011, -1.6447
14.45, 3.00011, -1.6447
14.475, 3.00011, -1.6447
14.5, 3.00011, -1.6447
14.525, 3.00011, -1.6447
14.55, 2.99438, -1.64505
14.575, 2.99438, -1.64505
14.6, 2.99438, -1.64505
14.625, 2.99438, -1.64505
14.65, 2.99438, -1.64505
14.675, 2.99438, -1.64505
14.7, 2.99438, -1.64505
14.725, 2.99438, -1.64505
14.75, 2.99435, -1.64505
14.775, 2.99435, -1.64505
14.8, 2.98408, -1.64537
14.825, 2.98408, -1.64537
14.85, 2.97489, -1.64563
14.875, 2.97054, -1.64576
14.9, 2.97054, -1.64576
14.925, 2.97054, -1.64576
14.95, 2.97054, -1.64576
14.975, 2.97054, -1.64576
15, 2.97054, -1.64576
15.025, 2.97054, -1.64576
15.05, 2.97054, -1.64576
15.075, 2.95659, -1.64607
15.1, 2.95659, -1.64607
15.125, 2.95659, -1.64607
15.15, 2.95659, -1.64607
15.175, 2.95659, -1.64607
15.2, 2.95659, -1.64607
15.225, 2.95371, -1.64615
15.25, 2.95371, -1.64615
15.275, 2.95371, -1.64615
15.3, 2.95371, -1.64615
15.325, 2.97123, -1.64571
15.35, 2.97123, -1.64571
15.375, 2.97123, -1.64571
15.4, 2.97123, -1.64571
15.425, 2.97123, -1.64571
15.45, 2.9508, -1.64628
15.475, 2.9508, -1.64628
15.5, 2.94478, -1.64642
15.525, 2.94478, -1.64642
15.55, 2.94478, -1.64642
15.575, 2.97238, -1.64543
15.6, 3.00808, -1.64411
15.625, 3.04205, -1.6426
15.65, 3.05997, -1.64172
15.675, 3.05997, -1.64172
15.7, 3.05997, -1.64172
15.725, 3.05699, -1.6419
15.75, 3.05699, -1.6419
15.775, 3.05699, -1.6419
15.8, 3.05699, -1.6419
15.825, 3.05699, -1.6419
15.85, 3.05699, -1.6419
15.875, 3.05699, -1.6419
15.9, 3.01642, -1.64144
15.925, 3.00389, -1.64097
15.95, 3.00389, -1.64097
15.975, 3.00389, -1.64097
16, 3.00659, -1.64109
16.025, 3.00659, -1.64109
16.05, 3.00659, -1.64109
16.075, 3.00659, -1.64109
16.1, 3.00659, -1.64109
16.125, 2.9847, -1.64065
16.15, 2.9847, -1.64065
16.175, 2.9847, -1.64065
16.2, 2.9847, -1.64065
16.225, 2.9847, -1.64065
16.25, 2.99128, -1.6408
16.275, 2.99699, -1.64092
16.3, 2.99699, -1.64092
16.325, 2.99699, -1.64092
16.35, 2.99647, -1.64091
16.375, 2.99647, -1.64091
16.4, 2.99335, -1.64085
16.425, 2.99335, -1.64085
16.45, 2.99335, -1.64085
16.475, 2.97958, -1.64064
16.5, 2.97958, -1.64064
16.525, 2.96562, -1.64046
16.55, 2.9603, -1.64039
16.575, 2.9603, -1.64039
16.6, 2.96109, -1.64041
16.625, 2.96109, -1.64041
16.65, 2.9588, -1.64037
16.675, 2.9588, -1.64037
16.7, 2.9588, -1.64037
16.725, 2.947, -1.64018
16.75, 2.947, -1.64018
16.775, 2.947, -1.64018
16.8, 2.947, -1.64018
16.825, 2.947, -1.64018
16.85, 2.947, -1.64018
16.875, 2.947, -1.64018
16.9, 2.95203, -1.64097
16.925, 2.95203, -1.64097
16.95, 2.95203, -1.64097
16.975, 2.95004, -1.64075
17, 2.94042, -1.64047
17.025, 2.94042, -1.64047
17.05, 2.94042, -1.64047
17.075, 2.9544, -1.64074
17.1, 2.97875, -1.64141
17.125, 3.00756, -1.6425
17.15, 3.00756, -1.6425
17.175, 3.00756, -1.6425
17.2, 3.00756, -1.6425
17.225, 3.00859, -1.64245
17.25, 3.00859, -1.64245
17.275, 3.00859, -1.64245
17.3, 3.00859, -1.64245
17.325, 3.00802, -1.64231
17.35, 3.00802, -1.64231
17.375, 3.00824, -1.64266
17.4, 3.00675, -1.64318
17.425, 3.00675, -1.64318
17.45, 3.00158, -1.64359
17.475, 3.00158, -1.64359
17.5, 3.00136, -1.6436
17.525, 3.00136, -1.6436
17.55, 3.00136, -1.6436
17.575, 2.99597, -1.64384
17.6, 2.99597, -1.64384
17.625, 2.9953, -1.64386
17.65, 2.9953, -1.64386
17.675, 2.9953, -1.64386
17.7, 2.9953, -1.64386
17.725, 2.9953, -1.64386
17.75, 2.9953, -1.64386
17.775, 2.9953, -1.64386
17.8, 2.99648, -1.64382
17.825, 2.99648, -1.64382
17.85, 2.99074, -1.64398
17.875, 2.98077, -1.64422
17.9, 2.96772, -1.64454
17.925, 2.96772, -1.64454
17.95, 2.95387, -1.64486
17.975, 2.94345, -1.64509
18, 2.94345, -1.64509
18.025, 2.94511, -1.64506
18.05, 2.94511, -1.64506
18.075, 2.94511, -1.64506
18.1, 2.94511, -1.64506
18.125, 2.95172, -1.64489
18.15, 2.95172, -1.64489
18.175, 2.96913, -1.64448
18.2, 2.96913, -1.64448
18.225, 2.97279, -1.6444
18.25, 2.96712, -1.64452
18.275, 2.96712, -1.64452
18.3, 2.95621, -1.64477
18.325, 2.9517, -1.64488
18.35, 2.9517, -1.64488
18.375, 2.97476, -1.64426
18.4, 3.00179, -1.64351
18.425, 3.00179, -1.64351
18.45, 3.00179, -1.64351
18.475, 3.00867, -1.64324
18.5, 3.00867, -1.64324
18.525, 3.00867, -1.64324
18.55, 3.00867, -1.64324
18.575, 3.00867, -1.64324
18.6, 3.00867, -1.64324
18.625, 3.00867, -1.64324
18.65, 3.00867, -1.64324
18.675, 3.00867, -1.64324
18.7, 3.00867, -1.64324
18.725, 2.99319, -1.64293
18.75, 2.99319, -1.64293
18.775, 2.99319, -1.64293
18.8, 2.99326, -1.64288
18.825, 2.99303, -1.64289
18.85, 2.99303, -1.64289
18.875, 2.99303, -1.64289
18.9, 2.99303, -1.64289
18.925, 2.99119, -1.6425
18.95, 2.99119, -1.6425
18.975, 2.98046, -1.64203
19, 2.98046, -1.64203
19.025, 2.98046, -1.64203
19.05, 2.98046, -1.64203
19.075, 2.98046, -1.64203
19.1, 2.97938, -1.64201
19.125, 2.97806, -1.64195
19.15, 2.97806, -1.64195
19.175, 2.97806, -1.64195
19.2, 2.97541, -1.64186
19.225, 2.97541, -1.64186
19.25, 2.97541, -1.64186
19.275, 2.97541, -1.64186
19.3, 2.96982, -1.64176
19.325, 2.96982, -1.64176
19.35, 2.96982, -1.64176
19.375, 2.96982, -1.64176
19.4, 2.96254, -1.64161
19.425, 2.96254, -1.64161
19.45, 2.94712, -1.64139
19.475, 2.93073, -1.64118
19.5, 2.93073, -1.64118
19.525, 2.92969, -1.64117
19.55, 2.91999, -1.64106
19.575, 2.90257, -1.64089
19.6, 2.90257, -1.64089
19.625, 2.90257, -1.64089
19.65, 2.90523, -1.64092
19.675, 2.90523, -1.64092
19.7, 2.90523, -1.64092
19.725, 2.92576, -1.64139
19.75, 2.92576, -1.64139
19.775, 2.92576, -1.64139
19.8, 2.92576, -1.64139
19.825, 2.92576, -1.64139
19.85, 2.91224, -1.64097
19.875, 2.91111, -1.64096
19.9, 2.92478, -1.64109
19.925, 2.92478, -1.64109
19.95, 2.92478, -1.64109
19.975, 2.92478, -1.64109
20, 2.9342, -1.64155
20, 2.95858, -1.6408
20.025, 2.95858, -1.6408
20.05, 2.95858, -1.6408
20.075, 2.95744, -1.64082
20.1, 2.95606, -1.64083
20.125, 2.95464, -1.64084
20.15, 2.95366, -1.64086
20.175, 2.95334, -1.6409
20.2, 2.95334, -1.6409
20.225, 2.95334, -1.6409
20.25, 2.95334, -1.6409
20.275, 2.95334, -1.6409
20.3, 2.95306, -1.64092
20.325, 2.95306, -1.64092
20.35, 2.95306, -1.64092
20.375, 2.95287, -1.64094
20.4, 2.95287, -1.64094
20.425, 2.9528, -1.64098
20.45, 2.9528, -1.64098
20.475, 2.9528, -1.64098
20.5, 2.95255, -1.64103
20.525, 2.95255, -1.64103
20.55, 2.95227, -1.64109
20.575, 2.95227, -1.64109
20.6, 2.95227, -1.64109
20.625, 2.95197, -1.64115
20.65, 2.95168, -1.64121
20.675, 2.95168, -1.64121
20.7, 2.95168, -1.64121
20.725, 2.95136, -1.64128
20.75, 2.95099, -1.64135
20.775, 2.95058, -1.64142
20.8, 2.95016, -1.64149
20.825, 2.94974, -1.64157
20.85, 2.94933, -1.64164
20.875, 2.94892, -1.64171
20.9, 2.94854, -1.64178
20.925, 2.94854, -1.64178
20.95, 2.94854, -1.64178
20.975, 2.94854, -1.64178
21, 2.94817, -1.64184
21.025, 2.94817, -1.64184
21.05, 2.94817, -1.64184
21.075, 2.94748, -1.64192
21.1, 2.94748, -1.64192
21.125, 2.94646, -1.64201
21.15, 2.94523, -1.64211
21.175, 2.94402, -1.64221
21.2, 2.94402, -1.64221
21.225, 2.94402, -1.64221
21.25, 2.94301, -1.64229
21.275, 2.94301, -1.64229
21.3, 2.94301, -1.64229
21.325, 2.94301, -1.64229
21.35, 2.94133, -1.6424
21.375, 2.94133, -1.6424
21.4, 2.94133, -1.6424
21.425, 2.94133, -1.6424
21.45, 2.94133, -1.6424
21.475, 2.94133, -1.6424
21.5, 2.94049, -1.64247
21.525, 2.94049, -1.64247
21.55, 2.94049, -1.64247
21.575, 2.94049, -1.64247
21.6, 2.93966, -1.64255
21.625, 2.93966, -1.64255
21.65, 2.93966, -1.64255
21.675, 2.93966, -1.64255
21.7, 2.93966, -1.64255
21.725, 2.93916, -1.64261
21.75, 2.93897, -1.64265
21.775, 2.93897, -1.64265
21.8, 2.9389, -1.64268
21.825, 2.9389, -1.64268
21.85, 2.93887, -1.6427
21.875, 2.93887, -1.6427
21.9, 2.93887, -1.6427
21.925, 2.9389, -1.64273
21.95, 2.93906, -1.64274
21.975, 2.93906, -1.64274
22, 2.9393, -1.64274
22.025, 2.9393, -1.64274
22.05, 2.9393, -1.64274
22.075, 2.9393, -1.64274
22.1, 2.93954, -1.64274
22.125, 2.93954, -1.64274
22.15, 2.93974, -1.64275
22.175, 2.93974, -1.64275
22.2, 2.93974, -1.64275
22.225, 2.93974, -1.64275
22.25, 2.93974, -1.64275
22.275, 2.93974, -1.64275
22.3, 2.93987, -1.64276
22.325, 2.93987, -1.64276
22.35, 2.94001, -1.64276
22.375, 2.94001, -1.64276
22.4, 2.94018, -1.64277
22.425, 2.94035, -1.64277
22.45, 2.94035, -1.64277
22.475, 2.94035, -1.64277
22.5, 2.94035, -1.64277
22.525, 2.94035, -1.64277
22.55, 2.94035, -1.64277
22.575, 2.94035, -1.64277
22.6, 2.9406, -1.64277
22.625, 2.94095, -1.64276
22.65, 2.94095, -1.64276
22.675, 2.94095, -1.64276
22.7, 2.94095, -1.64276
22.725, 2.94095, -1.64276
22.75, 2.9411, -1.64277
22.775, 2.9411, -1.64277
22.8, 2.9411, -1.64277
22.825, 2.9411, -1.64277
22.85, 2.9417, -1.64276
22.875, 2.94251, -1.64274
22.9, 2.94251, -1.64274
22.925, 2.94251, -1.64274
22.95, 2.94317, -1.6427
22.975, 2.94317, -1.6427
23, 2.94376, -1.64268
23.025, 2.94411, -1.64267
23.05, 2.94413, -1.64268
23.075, 2.94413, -1.64268
23.1, 2.94425, -1.64269
23.125, 2.94447, -1.64268
23.15, 2.94484, -1.64267
23.175, 2.94529, -1.64263
23.2, 2.94529, -1.64263
23.225, 2.94529, -1.64263
23.25, 2.94529, -1.64263
23.275, 2.94529, -1.64263
23.3, 2.94529, -1.64263
23.325, 2.94529, -1.64263
23.35, 2.94573, -1.6426
23.375, 2.94573, -1.6426
23.4, 2.94573, -1.6426
23.425, 2.94573, -1.6426
23.45, 2.94573, -1.6426
23.475, 2.94613, -1.64257
23.5, 2.94613, -1.64257
23.525, 2.9465, -1.64254
23.55, 2.9465, -1.64254
23.575, 2.94685, -1.64252
23.6, 2.94685, -1.64252
23.625, 2.94685, -1.64252
23.65, 2.94685, -1.64252
23.675, 2.94721, -1.64249
23.7, 2.94756, -1.64246
23.725, 2.94791, -1.64243
23.75, 2.94791, -1.64243
23.775, 2.94791, -1.64243
23.8, 2.94791, -1.64243
23.825, 2.94818, -1.64241
23.85, 2.94841, -1.64239
23.875, 2.94841, -1.64239
23.9, 2.94841, -1.64239
23.925, 2.94858, -1.64238
23.95, 2.94858, -1.64238
23.975, 2.94858, -1.64238
24, 2.94858, -1.64238
24.025, 2.9488, -1.64236
24.05, 2.9488, -1.64236
24.075, 2.9488, -1.64236
24.1, 2.94898, -1.64234
24.125, 2.94898, -1.64234
24.15, 2.94898, -1.64234
24.175, 2.94899, -1.64233
24.2, 2.94899, -1.64233
24.225, 2.94878, -1.64234
24.25, 2.94878, -1.64234
24.275, 2.94864, -1.64234
24.3, 2.94864, -1.64234
24.325, 2.94864, -1.64234
24.35, 2.94864, -1.64234
24.375, 2.94864, -1.64234
24.4, 2.94864, -1.64234
24.425, 2.94864, -1.64234
24.45, 2.94864, -1.64234
24.475, 2.94864, -1.64234
24.5, 2.94864, -1.64234
24.525, 2.94864, -1.64234
24.55, 2.94864, -1.64234
24.575, 2.94864, -1.64234
24.6, 2.94864, -1.64234
24.625, 2.94864, -1.64234
24.65, 2.94864, -1.64234
24.675, 2.94864, -1.64234
24.7, 2.94839, -1.64235
24.725, 2.94798, -1.64237
24.75, 2.94745, -1.6424
24.775, 2.94745, -1.6424
24.8, 2.94745, -1.6424
24.825, 2.94745, -1.6424
24.85, 2.94703, -1.64242
24.875, 2.94703, -1.64242
24.9, 2.94663, -1.64244
24.925, 2.94663, -1.64244
24.95, 2.94625, -1.64245
24.975, 2.94587, -1.64247
25, 2.94587, -1.64247
25.025, 2.94587, -1.64247
25.05, 2.94587, -1.64247
25.075, 2.94587, -1.64247
25.1, 2.94552, -1.64248
25.125, 2.94521, -1.64249
25.15, 2.94491, -1.6425
25.175, 2.94491, -1.6425
25.2, 2.94491, -1.6425
25.225, 2.94491, -1.6425
25.25, 2.94455, -1.64251
25.275, 2.94455, -1.64251
25.3, 2.94455, -1.64251
25.325, 2.94421, -1.64253
25.35, 2.94421, -1.64253
25.375, 2.94389, -1.64254
25.4, 2.94358, -1.64255
25.425, 2.94358, -1.64255
25.45, 2.9433, -1.64256
25.475, 2.9433, -1.64256
25.5, 2.9433, -1.64256
25.525, 2.94301, -1.64257
25.55, 2.94301, -1.64257
25.575, 2.94261, -1.64259
25.6, 2.94261, -1.64259
25.625, 2.94261, -1.64259
25.65, 2.94209, -1.64261
25.675, 2.94209, -1.64261
25.7, 2.94209, -1.64261
25.725, 2.94209, -1.64261
25.75, 2.94209, -1.64261
25.775, 2.94209, -1.64261
25.8, 2.94209, -1.64261
25.825, 2.94165, -1.64265
25.85, 2.94165, -1.64265
25.875, 2.94016, -1.64272
25.9, 2.94016, -1.64272
25.925, 2.94016, -1.64272
25.95, 2.94016, -1.64272
25.975, 2.94016, -1.64272
26, 2.94016, -1.64272
26.025, 2.93907, -1.64277
26.05, 2.9381, -1.6428
26.075, 2.9381, -1.6428
26.1, 2.9381, -1.6428
26.125, 2.9381, -1.6428
26.15, 2.9381, -1.6428
26.175, 2.9381, -1.6428
26.2, 2.93715, -1.64283
26.225, 2.93715, -1.64283
26.25, 2.93715, -1.64283
26.275, 2.93715, -1.64283
26.3, 2.93715, -1.64283
26.325, 2.93715, -1.64283
26.35, 2.93715, -1.64283
26.375, 2.93625, -1.64287
26.4, 2.93625, -1.64287
26.425, 2.93537, -1.6429
26.45, 2.93537, -1.6429
26.475, 2.93537, -1.6429
26.5, 2.93451, -1.64294
26.525, 2.93451, -1.64294
26.55, 2.93451, -1.64294
26.575, 2.93451, -1.64294
26.6, 2.93451, -1.64294
26.625, 2.93451, -1.64294
26.65, 2.93451, -1.64294
26.675, 2.93451, -1.64294
26.7, 2.93451, -1.64294
26.725, 2.93451, -1.64294
26.75, 2.93451, -1.64294
26.775, 2.93451, -1.64294
26.8, 2.93367, -1.64297
26.825, 2.93367, -1.64297
26.85, 2.93288, -1.643
26.875, 2.93215, -1.64302
26.9, 2.93147, -1.64304
26.925, 2.93147, -1.64304
26.95, 2.93079, -1.64306
26.975, 2.93003, -1.64309
27, 2.93003, -1.64309
27.025, 2.93003, -1.64309
27.05, 2.92891, -1.64313
27.075, 2.92891, -1.64313
27.1, 2.92891, -1.64313
27.125, 2.92891, -1.64313
27.15, 2.92891, -1.64313
27.175, 2.92891, -1.64313
27.2, 2.92784, -1.64317
27.225, 2.92675, -1.64322
27.25, 2.92675, -1.64322
27.275, 2.92541, -1.64327
27.3, 2.92541, -1.64327
27.325, 2.92403, -1.64333
27.35, 2.92403, -1.64333
27.375, 2.92285, -1.64338
27.4, 2.92285, -1.64338
27.425, 2.92164, -1.64341
27.45, 2.92164, -1.64341
27.475, 2.92045, -1.64344
27.5, 2.92045, -1.64344
27.525, 2.92045, -1.64344
27.55, 2.91922, -1.64347
27.575, 2.91797, -1.64351
27.6, 2.91674, -1.64354
27.625, 2.91674, -1.64354
27.65, 2.91674, -1.64354
27.675, 2.91559, -1.64357
27.7, 2.91559, -1.64357
27.725, 2.91447, -1.6436
27.75, 2.91341, -1.64363
27.775, 2.91341, -1.64363
27.8, 2.91238, -1.64365
27.825, 2.91139, -1.64367
27.85, 2.91045, -1.64369
27.875, 2.90954, -1.6437
27.9, 2.90866, -1.64371
27.925, 2.90866, -1.64371
27.95, 2.90866, -1.64371
27.975, 2.90866, -1.64371
28, 2.90866, -1.64371
28.025, 2.90784, -1.64372
28.05, 2.90704, -1.64373
28.075, 2.90704, -1.64373
28.1, 2.90704, -1.64373
28.125, 2.90704, -1.64373
28.15, 2.90704, -1.64373
28.175, 2.90626, -1.64375
28.2, 2.90549, -1.64376
28.225, 2.90549, -1.64376
28.25, 2.90477, -1.64377
28.275, 2.90477, -1.64377
28.3, 2.90406, -1.64378
28.325, 2.90406, -1.64378
28.35, 2.90406, -1.64378
28.375, 2.90406, -1.64378
28.4, 2.90406, -1.64378
28.425, 2.90406, -1.64378
28.45, 2.90312, -1.6438
28.475, 2.90312, -1.6438
28.5, 2.90221, -1.64382
28.525, 2.90221, -1.64382
28.55, 2.90221, -1.64382
28.575, 2.90221, -1.64382
28.6, 2.90221, -1.64382
28.625, 2.90221, -1.64382
28.65, 2.90221, -1.64382
28.675, 2.90221, -1.64382
28.7, 2.90221, -1.64382
28.725, 2.90101, -1.64385
28.75, 2.89977, -1.64389
28.775, 2.89977, -1.64389
28.8, 2.89977, -1.64389
28.825, 2.89977, -1.64389
28.85, 2.89977, -1.64389
28.875, 2.89977, -1.64389
28.9, 2.8987, -1.64392
28.925, 2.8987, -1.64392
28.95, 2.8987, -1.64392
28.975, 2.8987, -1.64392
29, 2.8987, -1.64392
29.025, 2.8987, -1.64392
29.05, 2.8978, -1.64395
29.075, 2.8978, -1.64395
29.1, 2.8978, -1.64395
29.125, 2.8978, -1.64395
29.15, 2.8978, -1.64395
29.175, 2.8978, -1.64395
29.2, 2.8978, -1.64395
29.225, 2.8978, -1.64395
29.25, 2.8978, -1.64395
29.275, 2.8978, -1.64395
29.3, 2.8978, -1.64395
29.325, 2.89689, -1.64397
29.35, 2.89601, -1.64399
29.375, 2.89601, -1.64399
29.4, 2.89601, -1.64399
29.425, 2.89601, -1.64399
29.45, 2.89517, -1.64401
29.475, 2.89517, -1.64401
29.5, 2.8943, -1.64403
29.525, 2.8943, -1.64403
29.55, 2.8943, -1.64403
29.575, 2.8943, -1.64403
29.6, 2.8943, -1.64403
29.625, 2.8943, -1.64403
29.65, 2.89337, -1.64406
29.675, 2.8924, -1.64409
29.7, 2.8914, -1.64412
29.725, 2.8914, -1.64412
29.75, 2.8914, -1.64412
29.775, 2.89034, -1.64416
29.8, 2.89034, -1.64416
29.825, 2.89034, -1.64416
29.85, 2.89034, -1.64416
29.875, 2.89034, -1.64416
29.9, 2.89034, -1.64416
29.925, 2.89034, -1.64416
29.95, 2.89034, -1.64416
29.975, 2.89034, -1.64416
30, 2.89034, -1.64416
30, 2.89034, -1.64416
30.025, 2.89034, -1.64416
30.05, 2.89034, -1.64416
30.075, 2.89034, -1.64416
30.1, 2.89034, -1.64416
30.125, 2.89034, -1.64416
30.15, 2.89034, -1.64416
30.175, 2.89034, -1.64416
30.2, 2.89034, -1.64416
30.225, 2.89034, -1.64416
30.25, 2.89034, -1.64416
30.275, 2.89034, -1.64416
30.3, 2.89034, -1.64416
30.325, 2.89034, -1.64416
30.35, 2.89034, -1.64416
30.375, 2.89034, -1.64416
30.4, 2.89034, -1.64416
30.425, 2.88903, -1.64418
30.45, 2.88903, -1.64418
30.475, 2.88903, -1.64418
30.5, 2.88669, -1.64419
30.525, 2.88383, -1.6442
30.55, 2.88383, -1.6442
30.575, 2.88383, -1.6442
30.6, 2.88383, -1.6442
30.625, 2.88383, -1.6442
30.65, 2.88383, -1.6442
30.675, 2.88069, -1.64421
30.7, 2.87739, -1.64422
30.725, 2.87739, -1.64422
30.75, 2.87373, -1.64422
30.775, 2.87373, -1.64422
30.8, 2.87373, -1.64422
30.825, 2.87373, -1.64422
30.85, 2.87022, -1.64422
30.875, 2.87022, -1.64422
30.9, 2.87022, -1.64422
30.925, 2.87022, -1.64422
30.95, 2.87022, -1.64422
30.975, 2.87022, -1.64422
31, 2.86629, -1.64422
31.025, 2.86206, -1.64421
31.05, 2.86206, -1.64421
31.075, 2.86206, -1.64421
31.1, 2.85754, -1.6442
31.125, 2.85265, -1.6442
31.15, 2.85265, -1.6442
31.175, 2.84807, -1.64419
31.2, 2.84807, -1.64419
31.225, 2.84807, -1.64419
31.25, 2.84807, -1.64419
31.275, 2.84807, -1.64419
31.3, 2.84807, -1.64419
31.325, 2.84807, -1.64419
31.35, 2.84807, -1.64419
31.375, 2.84807, -1.64419
31.4, 2.84807, -1.64419
31.425, 2.84807, -1.64419
31.45, 2.84367, -1.64419
31.475, 2.84123, -1.6442
31.5, 2.84123, -1.6442
31.525, 2.83991, -1.64423
31.55, 2.83991, -1.64423
31.575, 2.83853, -1.64426
31.6, 2.83853, -1.64426
31.625, 2.83853, -1.64426
31.65, 2.83853, -1.64426
31.675, 2.83674, -1.64429
31.7, 2.83535, -1.64432
31.725, 2.83486, -1.64435
31.75, 2.83529, -1.64439
31.775, 2.83529, -1.64439
31.8, 2.83586, -1.64444
31.825, 2.83586, -1.64444
31.85, 2.83559, -1.64447
31.875, 2.83559, -1.64447
31.9, 2.83559, -1.64447
31.925, 2.83327, -1.6445
31.95, 2.83327, -1.6445
31.975, 2.83327, -1.6445
32, 2.83327, -1.6445
32.025, 2.83327, -1.6445
32.05, 2.83327, -1.6445
32.075, 2.8312, -1.64453
32.1, 2.82932, -1.64455
32.125, 2.82932, -1.64455
32.15, 2.82733, -1.64458
32.175, 2.82522, -1.64461
32.2, 2.82522, -1.64461
32.225, 2.82327, -1.64463
32.25, 2.82327, -1.64463
32.275, 2.82327, -1.64463
32.3, 2.82327, -1.64463
32.325, 2.82327, -1.64463
32.35, 2.82131, -1.64465
32.375, 2.82131, -1.64465
32.4, 2.81937, -1.64467
32.425, 2.81746, -1.64469
32.45, 2.81572, -1.64471
32.475, 2.81572, -1.64471
32.5, 2.81572, -1.64471
32.525, 2.81572, -1.64471
32.55, 2.81409, -1.64473
32.575, 2.81279, -1.64475
32.6, 2.81279, -1.64475
32.625, 2.81279, -1.64475
32.65, 2.81161, -1.64478
32.675, 2.81161, -1.64478
32.7, 2.81161, -1.64478
32.725, 2.81044, -1.64481
32.75, 2.81044, -1.64481
32.775, 2.81044, -1.64481
32.8, 2.81044, -1.64481
32.825, 2.80917, -1.64483
32.85, 2.80808, -1.64485
32.875, 2.80808, -1.64485
32.9, 2.8072, -1.64488
32.925, 2.8072, -1.64488
32.95, 2.8064, -1.64492
32.975, 2.80566, -1.64495
33, 2.80566, -1.64495
33.025, 2.80473, -1.64498
33.05, 2.8035, -1.645
33.075, 2.8035, -1.645
33.1, 2.8035, -1.645
33.125, 2.8035, -1.645
33.15, 2.8035, -1.645
33.175, 2.8035, -1.645
33.2, 2.8035, -1.645
33.225, 2.80192, -1.64503
33.25, 2.80192, -1.64503
33.275, 2.80047, -1.64505
33.3, 2.79896, -1.64506
33.325, 2.79896, -1.64506
33.35, 2.79743, -1.64507
33.375, 2.79743, -1.64507
33.4, 2.79743, -1.64507
33.425, 2.79588, -1.64509
33.45, 2.79588, -1.64509
33.475, 2.79417, -1.64512
33.5, 2.79417, -1.64512
33.525, 2.79261, -1.64515
33.55, 2.79261, -1.64515
33.575, 2.79261, -1.64515
33.6, 2.79261, -1.64515
33.625, 2.79261, -1.64515
33.65, 2.79261, -1.64515
33.675, 2.79261, -1.64515
33.7, 2.79114, -1.64517
33.725, 2.78968, -1.64521
33.75, 2.78823, -1.64525
33.775, 2.78683, -1.64528
33.8, 2.78547, -1.64532
33.825, 2.78416, -1.64535
33.85, 2.78289, -1.64539
33.875, 2.78289, -1.64539
33.9, 2.78289, -1.64539
33.925, 2.78289, -1.64539
33.95, 2.7816, -1.64542
33.975, 2.7816, -1.64542
34, 2.7816, -1.64542
34.025, 2.7816, -1.64542
34.05, 2.7816, -1.64542
34.075, 2.7816, -1.64542
34.1, 2.7816, -1.64542
34.125, 2.7816, -1.64542
34.15, 2.7816, -1.64542
34.175, 2.7816, -1.64542
34.2, 2.78081, -1.64545
34.225, 2.78081, -1.64545
34.25, 2.78081, -1.64545
34.275, 2.78081, -1.64545
34.3, 2.77983, -1.64548
34.325, 2.77983, -1.64548
34.35, 2.77983, -1.64548
34.375, 2.77983, -1.64548
34.4, 2.77907, -1.6455
34.425, 2.77853, -1.64552
34.45, 2.77853, -1.64552
34.475, 2.77811, -1.64553
34.5, 2.77811, -1.64553
34.525, 2.77765, -1.64554
34.55, 2.77765, -1.64554
34.575, 2.77765, -1.64554
34.6, 2.77765, -1.64554
34.625, 2.77765, -1.64554
34.65, 2.77734, -1.64555
34.675, 2.77734, -1.64555
34.7, 2.77742, -1.64554
34.725, 2.77742, -1.64554
34.75, 2.77742, -1.64554
34.775, 2.77747, -1.64553
34.8, 2.77747, -1.64553
34.825, 2.77747, -1.64553
34.85, 2.77747, -1.64553
34.875, 2.77747, -1.64553
34.9, 2.77747, -1.64553
34.925, 2.77747, -1.64553
34.95, 2.77747, -1.64553
34.975, 2.77747, -1.64553
35, 2.77747, -1.64553
35.025, 2.77747, -1.64553
35.05, 2.77747, -1.64553
35.075, 2.77747, -1.64553
35.1, 2.77753, -1.64552
35.125, 2.77753, -1.64552
35.15, 2.77758, -1.64552
35.175, 2.77758, -1.64552
35.2, 2.77758, -1.64552
35.225, 2.77758, -1.64552
35.25, 2.77763, -1.64551
35.275, 2.7777, -1.6455
35.3, 2.7777, -1.6455
35.325, 2.7777, -1.6455
35.35, 2.7777, -1.6455
35.375, 2.77776, -1.64549
35.4, 2.77776, -1.64549
35.425, 2.77776, -1.64549
35.45, 2.77776, -1.64549
35.475, 2.77772, -1.64549
35.5, 2.77772, -1.64549
35.525, 2.77756, -1.64549
35.55, 2.77734, -1.64549
35.575, 2.77734, -1.64549
35.6, 2.77734, -1.64549
35.625, 2.77734, -1.64549
35.65, 2.77707, -1.64549
35.675, 2.77663, -1.6455
35.7, 2.77663, -1.6455
35.725, 2.77663, -1.6455
35.75, 2.77563, -1.64552
35.775, 2.77563, -1.64552
35.8, 2.77563, -1.64552
35.825, 2.77563, -1.64552
35.85, 2.77525, -1.64553
35.875, 2.77525, -1.64553
35.9, 2.77525, -1.64553
35.925, 2.77525, -1.64553
35.95, 2.77486, -1.64555
35.975, 2.77383, -1.64558
36, 2.77185, -1.64564
36.025, 2.7687, -1.64572
36.05, 2.7687, -1.64572
36.075, 2.76587, -1.64579
36.1, 2.76587, -1.64579
36.125, 2.76361, -1.64585
36.15, 2.76181, -1.64589
36.175, 2.76181, -1.64589
36.2, 2.76181, -1.64589
36.225, 2.76181, -1.64589
36.25, 2.75991, -1.64594
36.275, 2.75991, -1.64594
36.3, 2.75769, -1.646
36.325, 2.75556, -1.64605
36.35, 2.75556, -1.64605
36.375, 2.75556, -1.64605
36.4, 2.7537, -1.64609
36.425, 2.7537, -1.64609
36.45, 2.75193, -1.64613
36.475, 2.75023, -1.64616
36.5, 2.75023, -1.64616
36.525, 2.75023, -1.64616
36.55, 2.75023, -1.64616
36.575, 2.74859, -1.64619
36.6, 2.74703, -1.64622
36.625, 2.74703, -1.64622
36.65, 2.74703, -1.64622
36.675, 2.74703, -1.64622
36.7, 2.74703, -1.64622
36.725, 2.74703, -1.64622
36.75, 2.74548, -1.64625
36.775, 2.74548, -1.64625
36.8, 2.74386, -1.64629
36.825, 2.74386, -1.64629
36.85, 2.74386, -1.64629
36.875, 2.74386, -1.64629
36.9, 2.74234, -1.64632
36.925, 2.74234, -1.64632
36.95, 2.74234, -1.64632
36.975, 2.74234, -1.64632
37, 2.74089, -1.64635
37.025, 2.74089, -1.64635
37.05, 2.7395, -1.64638
37.075, 2.73818, -1.6464
37.1, 2.73818, -1.6464
37.125, 2.73818, -1.6464
37.15, 2.73818, -1.6464
37.175, 2.73681, -1.64643
37.2, 2.73545, -1.64646
37.225, 2.73545, -1.64646
37.25, 2.73425, -1.64649
37.275, 2.73319, -1.6465
37.3, 2.73319, -1.6465
37.325, 2.73319, -1.6465
37.35, 2.73319, -1.6465
37.375, 2.73208, -1.64653
37.4, 2.73208, -1.64653
37.425, 2.73021, -1.64657
37.45, 2.73021, -1.64657
37.475, 2.73021, -1.64657
37.5, 2.73021, -1.64657
37.525, 2.72942, -1.6466
37.55, 2.72942, -1.6466
37.575, 2.72853, -1.6466
37.6, 2.72853, -1.6466
37.625, 2.72853, -1.6466
37.65, 2.72853, -1.6466
37.675, 2.72853, -1.6466
37.7, 2.72736, -1.64662
37.725, 2.72736, -1.64662
37.75, 2.72736, -1.64662
37.775, 2.72736, -1.64662
37.8, 2.72665, -1.64663
37.825, 2.72665, -1.64663
37.85, 2.72665, -1.64663
37.875, 2.72665, -1.64663
37.9, 2.72665, -1.64663
37.925, 2.72665, -1.64663
37.95, 2.72665, -1.64663
37.975, 2.72665, -1.64663
38, 2.72665, -1.64663
38.025, 2.72665, -1.64663
38.05, 2.72665, -1.64663
38.075, 2.72665, -1.64663
38.1, 2.72665, -1.64663
38.125, 2.72665, -1.64663
38.15, 2.72665, -1.64663
38.175, 2.72665, -1.64663
38.2, 2.72665, -1.64663
38.225, 2.72665, -1.64663
38.25, 2.72665, -1.64663
38.275, 2.72665, -1.64663
38.3, 2.72665, -1.64663
38.325, 2.72665, -1.64663
38.35, 2.72665, -1.64663
38.375, 2.72665, -1.64663
38.4, 2.72665, -1.64663
38.425, 2.72665, -1.64663
38.45, 2.72665, -1.64663
38.475, 2.72665, -1.64663
38.5, 2.72665, -1.64663
38.525, 2.72665, -1.64663
38.55, 2.72595, -1.64663
38.575, 2.72595, -1.64663
38.6, 2.72595, -1.64663
38.625, 2.72595, -1.64663
38.65, 2.72534, -1.64664
38.675, 2.72482, -1.64664
38.7, 2.72482, -1.64664
38.725, 2.72482, -1.64664
38.75, 2.72482, -1.64664
38.775, 2.72482, -1.64664
38.8, 2.72482, -1.64664
38.825, 2.72482, -1.64664
38.85, 2.72482, -1.64664
38.875, 2.72482, -1.64664
38.9, 2.72482, -1.64664
38.925, 2.72482, -1.64664
38.95, 2.72482, -1.64664
38.975, 2.72482, -1.64664
39, 2.72482, -1.64664
39.025, 2.72482, -1.64664
39.05, 2.72424, -1.64664
39.075, 2.72326, -1.64666
39.1, 2.72326, -1.64666
39.125, 2.72326, -1.64666
39.15, 2.72326, -1.64666
39.175, 2.72318, -1.64666
39.2, 2.72318, -1.64666
39.225, 2.72318, -1.64666
39.25, 2.72318, -1.64666
39.275, 2.72318, -1.64666
39.3, 2.72316, -1.64666
39.325, 2.72316, -1.64666
39.35, 2.72316, -1.64666
39.375, 2.72277, -1.64668
39.4, 2.72277, -1.64668
39.425, 2.72249, -1.64669
39.45, 2.72249, -1.64669
39.475, 2.72239, -1.64669
39.5, 2.72239, -1.64669
39.525, 2.72239, -1.64669
39.55, 2.7223, -1.6467
39.575, 2.7222, -1.6467
39.6, 2.72205, -1.64671
39.625, 2.72205, -1.64671
39.65, 2.72205, -1.64671
39.675, 2.72195, -1.64671
39.7, 2.72195, -1.64671
39.725, 2.72195, -1.64671
39.75, 2.72191, -1.64671
39.775, 2.72193, -1.64671
39.8, 2.72193, -1.64671
39.825, 2.72193, -1.64671
39.85, 2.72187, -1.64671
39.875, 2.72187, -1.64671
39.9, 2.7217, -1.64671
39.925, 2.7217, -1.64671
39.95, 2.7217, -1.64671
39.975, 2.7217, -1.64671
40, 2.72147, -1.64672
40, 2.72147, -1.64672
40.025, 2.7213, -1.64672
40.05, 2.7213, -1.64672
40.075, 2.7213, -1.64672
40.1, 2.7213, -1.64672
40.125, 2.7213, -1.64672
40.15, 2.7213, -1.64672
40.175, 2.7213, -1.64672
40.2, 2.7213, -1.64672
40.225, 2.72179, -1.64673
40.25, 2.72179, -1.64673
40.275, 2.72228, -1.64674
40.3, 2.72228, -1.64674
40.325, 2.72228, -1.64674
40.35, 2.72228, -1.64674
40.375, 2.72228, -1.64674
40.4, 2.7213, -1.64675
40.425, 2.72046, -1.64676
40.45, 2.72046, -1.64676
40.475, 2.72098, -1.64678
40.5, 2.72098, -1.64678
40.525, 2.72098, -1.64678
40.55, 2.72098, -1.64678
40.575, 2.72098, -1.64678
40.6, 2.72083, -1.64677
40.625, 2.72083, -1.64677
40.65, 2.71799, -1.64676
40.675, 2.71446, -1.64676
40.7, 2.71167, -1.64675
40.725, 2.71167, -1.64675
40.75, 2.71167, -1.64675
40.775, 2.70953, -1.64675
40.8, 2.70953, -1.64675
40.825, 2.70743, -1.64675
40.85, 2.70743, -1.64675
40.875, 2.70743, -1.64675
40.9, 2.70743, -1.64675
40.925, 2.70743, -1.64675
40.95, 2.70527, -1.64675
40.975, 2.70527, -1.64675
41, 2.70374, -1.64675
41.025, 2.70374, -1.64675
41.05, 2.70237, -1.64675
41.075, 2.70237, -1.64675
41.1, 2.70237, -1.64675
41.125, 2.70237, -1.64675
41.15, 2.70087, -1.64675
41.175, 2.69949, -1.64675
41.2, 2.69949, -1.64675
41.225, 2.69949, -1.64675
41.25, 2.69949, -1.64675
41.275, 2.69949, -1.64675
41.3, 2.69949, -1.64675
41.325, 2.6983, -1.64675
41.35, 2.6983, -1.64675
41.375, 2.6983, -1.64675
41.4, 2.6983, -1.64675
41.425, 2.6983, -1.64675
41.45, 2.6983, -1.64675
41.475, 2.6983, -1.64675
41.5, 2.6983, -1.64675
41.525, 2.6983, -1.64675
41.55, 2.6983, -1.64675
41.575, 2.6983, -1.64675
41.6, 2.6983, -1.64675
41.625, 2.6983, -1.64675
41.65, 2.6983, -1.64675
41.675, 2.6983, -1.64675
41.7, 2.69791, -1.64673
41.725, 2.69791, -1.64673
41.75, 2.69791, -1.64673
41.775, 2.69791, -1.64673
41.8, 2.69791, -1.64673
41.825, 2.69791, -1.64673
41.85, 2.6982, -1.64672
41.875, 2.6982, -1.64672
41.9, 2.6982, -1.64672
41.925, 2.6982, -1.64672
41.95, 2.69846, -1.64671
41.975, 2.69846, -1.64671
42, 2.69846, -1.64671
42.025, 2.69846, -1.64671
42.05, 2.69846, -1.64671
42.075, 2.69817, -1.6467
42.1, 2.69799, -1.64669
42.125, 2.69799, -1.64669
42.15, 2.69799, -1.64669
42.175, 2.69799, -1.64669
42.2, 2.69789, -1.64669
42.225, 2.69789, -1.64669
42.25, 2.69759, -1.64669
42.275, 2.69693, -1.64668
42.3, 2.69693, -1.64668
42.325, 2.69693, -1.64668
42.35, 2.69693, -1.64668
42.375, 2.69651, -1.64667
42.4, 2.69658, -1.64667
42.425, 2.69658, -1.64667
42.45, 2.69658, -1.64667
42.475, 2.69658, -1.64667
42.5, 2.69658, -1.64667
42.525, 2.69658, -1.64667
42.55, 2.69658, -1.64667
42.575, 2.69658, -1.64667
42.6, 2.69677, -1.64666
42.625, 2.69698, -1.64665
42.65, 2.69698, -1.64665
42.675, 2.69698, -1.64665
42.7, 2.69716, -1.64664
42.725, 2.69716, -1.64664
42.75, 2.69716, -1.64664
42.775, 2.69716, -1.64664
42.8, 2.69716, -1.64664
42.825, 2.69716, -1.64664
42.85, 2.69716, -1.64664
42.875, 2.69738, -1.64663
42.9, 2.69761, -1.64662
42.925, 2.69761, -1.64662
42.95, 2.69761, -1.64662
42.975, 2.69761, -1.64662
43, 2.69787, -1.64663
43.025, 2.69787, -1.64663
43.05, 2.69787, -1.64663
43.075, 2.69787, -1.64663
43.1, 2.6971, -1.64665
43.125, 2.6971, -1.64665
43.15, 2.6971, -1.64665
43.175, 2.6971, -1.64665
43.2, 2.6971, -1.64665
43.225, 2.6971, -1.64665
43.25, 2.6971, -1.64665
43.275, 2.69562, -1.64669
43.3, 2.69562, -1.64669
43.325, 2.69258, -1.64675
43.35, 2.69258, -1.64675
43.375, 2.69258, -1.64675
43.4, 2.69258, -1.64675
43.425, 2.69258, -1.64675
43.45, 2.69258, -1.64675
43.475, 2.69258, -1.64675
43.5, 2.69258, -1.64675
43.525, 2.69258, -1.64675
43.55, 2.69258, -1.64675
43.575, 2.69258, -1.64675
43.6, 2.69258, -1.64675
43.625, 2.68975, -1.64682
43.65, 2.68718, -1.64687
43.675, 2.68718, -1.64687
43.7, 2.68488, -1.64692
43.725, 2.6828, -1.64696
43.75, 2.6809, -1.64699
43.775, 2.6809, -1.64699
43.8, 2.6809, -1.64699
43.825, 2.67891, -1.64702
43.85, 2.67677, -1.64706
43.875, 2.67677, -1.64706
43.9, 2.67677, -1.64706
43.925, 2.67476, -1.6471
43.95, 2.67476, -1.6471
43.975, 2.67476, -1.6471
44, 2.67287, -1.64713
44.025, 2.67287, -1.64713
44.05, 2.67287, -1.64713
44.075, 2.67287, -1.64713
44.1, 2.67287, -1.64713
44.125, 2.67094, -1.64716
44.15, 2.67094, -1.64716
44.175, 2.67094, -1.64716
44.2, 2.67094, -1.64716
44.225, 2.67094, -1.64716
44.25, 2.67094, -1.64716
44.275, 2.67094, -1.64716
44.3, 2.66929, -1.64719
44.325, 2.6677, -1.64722
44.35, 2.6677, -1.64722
44.375, 2.66613, -1.64725
44.4, 2.66446, -1.64729
44.425, 2.66249, -1.64732
44.45, 2.65999, -1.64737
44.475, 2.65999, -1.64737
44.5, 2.65999, -1.64737
44.525, 2.65999, -1.64737
44.55, 2.65798, -1.64742
44.575, 2.65798, -1.64742
44.6, 2.65798, -1.64742
44.625, 2.65798, -1.64742
44.65, 2.65611, -1.64746
44.675, 2.65611, -1.64746
44.7, 2.65611, -1.64746
44.725, 2.65276, -1.64752
44.75, 2.65276, -1.64752
44.775, 2.64872, -1.64758
44.8, 2.64495, -1.64765
44.825, 2.64495, -1.64765
44.85, 2.64495, -1.64765
44.875, 2.64495, -1.64765
44.9, 2.64495, -1.64765
44.925, 2.64495, -1.64765
44.95, 2.64121, -1.64772
44.975, 2.64121, -1.64772
45, 2.64121, -1.64772
45.025, 2.64121, -1.64772
45.05, 2.64121, -1.64772
45.075, 2.64121, -1.64772
45.1, 2.64121, -1.64772
45.125, 2.64121, -1.64772
45.15, 2.64121, -1.64772
45.175, 2.64121, -1.64772
45.2, 2.63771, -1.64779
45.225, 2.63771, -1.64779
45.25, 2.63433, -1.64785
45.275, 2.63111, -1.64791
45.3, 2.63111, -1.64791
45.325, 2.63111, -1.64791
45.35, 2.62818, -1.64796
45.375, 2.62555, -1.64801
45.4, 2.62318, -1.64805
45.425, 2.62318, -1.64805
45.45, 2.62091, -1.64809
45.475, 2.62091, -1.64809
45.5, 2.62091, -1.64809
45.525, 2.61864, -1.64813
45.55, 2.61634, -1.64817
45.575, 2.61634, -1.64817
45.6, 2.61634, -1.64817
45.625, 2.61634, -1.64817
45.65, 2.61382, -1.64821
45.675, 2.61382, -1.64821
45.7, 2.61132, -1.64826
45.725, 2.60888, -1.6483
45.75, 2.60888, -1.6483
45.775, 2.60888, -1.6483
45.8, 2.60657, -1.64834
45.825, 2.60657, -1.64834
45.85, 2.60657, -1.64834
45.875, 2.60657, -1.64834
45.9, 2.60347, -1.64839
45.925, 2.6, -1.64845
45.95, 2.6, -1.64845
45.975, 2.59712, -1.6485
46, 2.59712, -1.6485
46.025, 2.59712, -1.6485
46.05, 2.59712, -1.6485
46.075, 2.59712, -1.6485
46.1, 2.59441, -1.64855
46.125, 2.59092, -1.64862
46.15, 2.59092, -1.64862
46.175, 2.59092, -1.64862
46.2, 2.58737, -1.64869
46.225, 2.58737, -1.64869
46.25, 2.58467, -1.64874
46.275, 2.58256, -1.64878
46.3, 2.58256, -1.64878
46.325, 2.58256, -1.64878
46.35, 2.58256, -1.64878
46.375, 2.58256, -1.64878
46.4, 2.58256, -1.64878
46.425, 2.58037, -1.64882
46.45, 2.58037, -1.64882
46.475, 2.5784, -1.64886
46.5, 2.5784, -1.64886
46.525, 2.5784, -1.64886
46.55, 2.5784, -1.64886
46.575, 2.5784, -1.64886
46.6, 2.5784, -1.64886
46.625, 2.5784, -1.64886
46.65, 2.5784, -1.64886
46.675, 2.5784, -1.64886
46.7, 2.5784, -1.64886
46.725, 2.5784, -1.64886
46.75, 2.5784, -1.64886
46.775, 2.5784, -1.64886
46.8, 2.5784, -1.64886
46.825, 2.5784, -1.64886
46.85, 2.5784, -1.64886
46.875, 2.5784, -1.64886
46.9, 2.5784, -1.64886
46.925, 2.5784, -1.64886
46.95, 2.5784, -1.64886
46.975, 2.5765, -1.6489
47, 2.5765, -1.6489
47.025, 2.5765, -1.6489
47.05, 2.57439, -1.64895
47.075, 2.5722, -1.64899
47.1, 2.5722, -1.64899
47.125, 2.5722, -1.64899
47.15, 2.57049, -1.64903
47.175, 2.56918, -1.64906
47.2, 2.56918, -1.64906
47.225, 2.56918, -1.64906
47.25, 2.5676, -1.64909
47.275, 2.5676, -1.64909
47.3, 2.5676, -1.64909
47.325, 2.5676, -1.64909
47.35, 2.56515, -1.64914
47.375, 2.56515, -1.64914
47.4, 2.56515, -1.64914
47.425, 2.56515, -1.64914
47.45, 2.56515, -1.64914
47.475, 2.56515, -1.64914
47.5, 2.56515, -1.64914
47.525, 2.56515, -1.64914
47.55, 2.56254, -1.64919
47.575, 2.56254, -1.64919
47.6, 2.56254, -1.64919
47.625, 2.56254, -1.64919
47.65, 2.56254, -1.64919
47.675, 2.56254, -1.64919
47.7, 2.56254, -1.64919
47.725, 2.56088, -1.64923
47.75, 2.55944, -1.64926
47.775, 2.558, -1.64929
47.8, 2.558, -1.64929
47.825, 2.55615, -1.64933
47.85, 2.55615, -1.64933
47.875, 2.55413, -1.64937
47.9, 2.55413, -1.64937
47.925, 2.55413, -1.64937
47.95, 2.55413, -1.64937
47.975, 2.55413, -1.64937
48, 2.55413, -1.64937
48.025, 2.55413, -1.64937
48.05, 2.55413, -1.64937
48.075, 2.55413, -1.64937
48.1, 2.55413, -1.64937
48.125, 2.55413, -1.64937
48.15, 2.55221, -1.64941
48.175, 2.55221, -1.64941
48.2, 2.55221, -1.64941
48.225, 2.55221, -1.64941
48.25, 2.55221, -1.64941
48.275, 2.55221, -1.64941
48.3, 2.55221, -1.64941
48.325, 2.55036, -1.64945
48.35, 2.55036, -1.64945
48.375, 2.54858, -1.64948
48.4, 2.54858, -1.64948
48.425, 2.54858, -1.64948
48.45, 2.54858, -1.64948
48.475, 2.54858, -1.64948
48.5, 2.54681, -1.64952
48.525, 2.54681, -1.64952
48.55, 2.54681, -1.64952
48.575, 2.54527, -1.64955
48.6, 2.54391, -1.64957
48.625, 2.54391, -1.64957
48.65, 2.54259, -1.64959
48.675, 2.54106, -1.64961
48.7, 2.53895, -1.64965
48.725, 2.53598, -1.6497
48.75, 2.53598, -1.6497
48.775, 2.53598, -1.6497
48.8, 2.53598, -1.6497
48.825, 2.53598, -1.6497
48.85, 2.53598, -1.6497
48.875, 2.53598, -1.6497
48.9, 2.53598, -1.6497
48.925, 2.53598, -1.6497
48.95, 2.53598, -1.6497
48.975, 2.53598, -1.6497
49, 2.53598, -1.6497
49.025, 2.53598, -1.6497
49.05, 2.53598, -1.6497
49.075, 2.53598, -1.6497
49.1, 2.53598, -1.6497
49.125, 2.53598, -1.6497
49.15, 2.53598, -1.6497
49.175, 2.53598, -1.6497
49.2, 2.53598, -1.6497
49.225, 2.53598, -1.6497
49.25, 2.53598, -1.6497
49.275, 2.53598, -1.6497
49.3, 2.53598, -1.6497
49.325, 2.53598, -1.6497
49.35, 2.53598, -1.6497
49.375, 2.53598, -1.6497
49.4, 2.53598, -1.6497
49.425, 2.53598, -1.6497
49.45, 2.53598, -1.6497
49.475, 2.53598, -1.6497
49.5, 2.53598, -1.6497
49.525, 2.53598, -1.6497
49.55, 2.53598, -1.6497
49.575, 2.53598, -1.6497
49.6, 2.53598, -1.6497
49.625, 2.53337, -1.64975
49.65, 2.53337, -1.64975
49.675, 2.53337, -1.64975
49.7, 2.53337, -1.64975
49.725, 2.53086, -1.64979
49.75, 2.53086, -1.64979
49.775, 2.52843, -1.64984
49.8, 2.52843, -1.64984
49.825, 2.52589, -1.64988
49.85, 2.52589, -1.64988
49.875, 2.52589, -1.64988
49.9, 2.52289, -1.64994
49.925, 2.52289, -1.64994
49.95, 2.52289, -1.64994
49.975, 2.52289, -1.64994
50, 2.52045, -1.64998
50, 2.51821, -1.65001
50.025, 2.51606, -1.65004
50.05, 2.514, -1.65007
50.075, 2.514, -1.65007
50.1, 2.514, -1.65007
50.125, 2.51192, -1.65012
50.15, 2.51192, -1.65012
50.175, 2.50983, -1.65015
50.2, 2.50983, -1.65015
50.225, 2.50599, -1.65018
50.25, 2.50599, -1.65018
50.275, 2.49874, -1.65021
50.3, 2.49874, -1.65021
50.325, 2.49874, -1.65021
50.35, 2.49874, -1.65021
50.375, 2.49383, -1.65024
50.4, 2.49383, -1.65024
50.425, 2.49383, -1.65024
50.45, 2.48778, -1.65027
50.475, 2.48778, -1.65027
50.5, 2.48778, -1.65027
50.525, 2.47835, -1.6503
50.55, 2.46854, -1.65033
50.575, 2.46088, -1.65036
50.6, 2.46088, -1.65036
50.625, 2.45464, -1.65039
50.65, 2.45464, -1.65039
50.675, 2.44918, -1.65042
50.7, 2.44918, -1.65042
50.725, 2.44296, -1.65045
50.75, 2.44296, -1.65045
50.775, 2.43607, -1.65048
50.8, 2.43607, -1.65048
50.825, 2.43607, -1.65048
50.85, 2.43607, -1.65048
50.875, 2.42922, -1.6505
50.9, 2.42922, -1.6505
50.925, 2.42922, -1.6505
50.95, 2.42922, -1.6505
50.975, 2.42922, -1.6505
51, 2.42922, -1.6505
51.025, 2.42922, -1.6505
51.05, 2.42922, -1.6505
51.075, 2.42203, -1.65053
51.1, 2.42203, -1.65053
51.125, 2.42203, -1.65053
51.15, 2.41546, -1.65055
51.175, 2.41546, -1.65055
51.2, 2.41546, -1.65055
51.225, 2.41546, -1.65055
51.25, 2.41546, -1.65055
51.275, 2.40954, -1.65058
51.3, 2.40499, -1.6506
51.325, 2.40499, -1.6506
51.35, 2.40499, -1.6506
51.375, 2.40499, -1.6506
51.4, 2.40499, -1.6506
51.425, 2.40499, -1.6506
51.45, 2.40499, -1.6506
51.475, 2.40499, -1.6506
51.5, 2.40499, -1.6506
51.525, 2.40499, -1.6506
51.55, 2.40499, -1.6506
51.575, 2.40499, -1.6506
51.6, 2.40499, -1.6506
51.625, 2.40499, -1.6506
51.65, 2.40499, -1.6506
51.675, 2.40499, -1.6506
51.7, 2.40499, -1.6506
51.725, 2.40499, -1.6506
51.75, 2.40499, -1.6506
51.775, 2.40499, -1.6506
51.8, 2.40079, -1.65062
51.825, 2.40079, -1.65062
51.85, 2.40079, -1.65062
51.875, 2.40079, -1.65062
51.9, 2.39617, -1.65064
51.925, 2.39091, -1.65065
51.95, 2.38531, -1.65066
51.975, 2.38531, -1.65066
52, 2.38082, -1.65067
52.025, 2.37724, -1.65069
52.05, 2.37435, -1.65071
52.075, 2.37195, -1.65072
52.1, 2.37195, -1.65072
52.125, 2.37195, -1.65072
52.15, 2.37195, -1.65072
52.175, 2.37195, -1.65072
52.2, 2.37195, -1.65072
52.225, 2.37195, -1.65072
52.25, 2.36959, -1.65074
52.275, 2.36754, -1.65076
52.3, 2.36581, -1.65078
52.325, 2.36436, -1.6508
52.35, 2.36436, -1.6508
52.375, 2.3629, -1.65082
52.4, 2.3629, -1.65082
52.425, 2.36139, -1.65084
52.45, 2.35984, -1.65086
52.475, 2.35984, -1.65086
52.5, 2.35984, -1.65086
52.525, 2.35984, -1.65086
52.55, 2.35828, -1.65087
52.575, 2.35828, -1.65087
52.6, 2.35828, -1.65087
52.625, 2.35828, -1.65087
52.65, 2.3568, -1.65089
52.675, 2.3556, -1.65092
52.7, 2.3556, -1.65092
52.725, 2.3556, -1.65092
52.75, 2.3556, -1.65092
52.775, 2.3556, -1.65092
52.8, 2.3556, -1.65092
52.825, 2.3544, -1.65094
52.85, 2.3544, -1.65094
52.875, 2.3544, -1.65094
52.9, 2.3544, -1.65094
52.925, 2.3544, -1.65094
52.95, 2.35281, -1.65097
52.975, 2.35116, -1.651
53, 2.35116, -1.651
53.025, 2.34974, -1.65102
53.05, 2.34974, -1.65102
53.075, 2.3481, -1.65104
53.1, 2.3481, -1.65104
53.125, 2.34668, -1.65106
53.15, 2.34668, -1.65106
53.175, 2.34668, -1.65106
53.2, 2.34668, -1.65106
53.225, 2.34329, -1.65111
53.25, 2.33933, -1.65117
53.275, 2.33566, -1.65122
53.3, 2.33222, -1.65127
53.325, 2.33222, -1.65127
53.35, 2.33222, -1.65127
53.375, 2.33222, -1.65127
53.4, 2.32877, -1.65132
53.425, 2.32877, -1.65132
53.45, 2.32877, -1.65132
53.475, 2.32877, -1.65132
53.5, 2.32547, -1.65137
53.525, 2.32547, -1.65137
53.55, 2.32232, -1.65142
53.575, 2.32232, -1.65142
53.6, 2.32232, -1.65142
53.625, 2.32232, -1.65142
53.65, 2.32232, -1.65142
53.675, 2.31932, -1.65146
53.7, 2.31932, -1.65146
53.725, 2.31932, -1.65146
53.75, 2.31932, -1.65146
53.775, 2.31653, -1.65151
53.8, 2.31392, -1.65154
53.825, 2.31392, -1.65154
53.85, 2.31392, -1.65154
53.875, 2.31152, -1.65158
53.9, 2.30932, -1.65161
53.925, 2.30932, -1.65161
53.95, 2.30732, -1.65164
53.975, 2.30732, -1.65164
54, 2.30732, -1.65164
54.025, 2.30732, -1.65164
54.05, 2.30732, -1.65164
54.075, 2.30732, -1.65164
54.1, 2.30491, -1.65167
54.125, 2.30491, -1.65167
54.15, 2.30292, -1.6517
54.175, 2.30292, -1.6517
54.2, 2.30292, -1.6517
54.225, 2.30292, -1.6517
54.25, 2.30111, -1.65173
54.275, 2.30111, -1.65173
54.3, 2.30111, -1.65173
54.325, 2.30111, -1.65173
54.35, 2.30111, -1.65173
54.375, 2.30111, -1.65173
54.4, 2.30111, -1.65173
54.425, 2.30042, -1.65174
54.45, 2.30042, -1.65174
54.475, 2.30083, -1.65173
54.5, 2.30083, -1.65173
54.525, 2.30083, -1.65173
54.55, 2.30083, -1.65173
54.575, 2.30083, -1.65173
54.6, 2.30031, -1.65174
54.625, 2.2983, -1.65177
54.65, 2.2983, -1.65177
54.675, 2.2983, -1.65177
54.7, 2.2983, -1.65177
54.725, 2.2983, -1.65177
54.75, 2.29745, -1.65178
54.775, 2.29745, -1.65178
54.8, 2.29689, -1.65179
54.825, 2.29689, -1.65179
54.85, 2.29689, -1.65179
54.875, 2.29689, -1.65179
54.9, 2.29689, -1.65179
54.925, 2.29689, -1.65179
54.95, 2.29689, -1.65179
54.975, 2.29689, -1.65179
55, 2.29689, -1.65179
55.025, 2.29689, -1.65179
55.05, 2.29689, -1.65179
55.075, 2.29689, -1.65179
55.1, 2.2962, -1.6518
55.125, 2.2962, -1.6518
55.15, 2.29524, -1.65181
55.175, 2.29399, -1.65183
55.2, 2.29238, -1.65185
55.225, 2.29238, -1.65185
55.25, 2.29042, -1.65187
55.275, 2.29042, -1.65187
55.3, 2.29042, -1.65187
55.325, 2.28891, -1.65189
55.35, 2.28891, -1.65189
55.375, 2.28891, -1.65189
55.4, 2.28891, -1.65189
55.425, 2.28891, -1.65189
55.45, 2.28891, -1.65189
55.475, 2.28678, -1.65192
55.5, 2.28386, -1.65195
55.525, 2.28386, -1.65195
55.55, 2.28386, -1.65195
55.575, 2.2821, -1.65198
55.6, 2.28177, -1.65198
55.625, 2.28177, -1.65198
55.65, 2.28177, -1.65198
55.675, 2.28136, -1.65199
55.7, 2.28136, -1.65199
55.725, 2.28136, -1.65199
55.75, 2.27903, -1.65202
55.775, 2.27903, -1.65202
55.8, 2.27903, -1.65202
55.825, 2.27846, -1.65203
55.85, 2.27846, -1.65203
55.875, 2.27846, -1.65203
55.9, 2.27846, -1.65203
55.925, 2.27842, -1.65203
55.95, 2.27842, -1.65203
55.975, 2.27842, -1.65203
56, 2.27842, -1.65203
56.025, 2.27842, -1.65203
56.05, 2.27734, -1.65205
56.075, 2.27558, -1.65207
56.1, 2.27425, -1.65208
56.125, 2.27425, -1.65208
56.15, 2.27371, -1.65209
56.175, 2.27371, -1.65209
56.2, 2.27371, -1.65209
56.225, 2.27327, -1.65209
56.25, 2.27327, -1.65209
56.275, 2.27327, -1.65209
56.3, 2.27327, -1.65209
56.325, 2.27292, -1.65209
56.35, 2.27285, -1.65209
56.375, 2.27304, -1.65209
56.4, 2.27304, -1.65209
56.425, 2.27351, -1.65209
56.45, 2.27351, -1.65209
56.475, 2.27411, -1.65208
56.5, 2.27481, -1.65207
56.525, 2.2756, -1.65206
56.55, 2.2756, -1.65206
56.575, 2.2756, -1.65206
56.6, 2.27623, -1.65205
56.625, 2.27661, -1.65204
56.65, 2.27661, -1.65204
56.675, 2.27665, -1.65204
56.7, 2.27668, -1.65204
56.725, 2.27668, -1.65204
56.75, 2.27668, -1.65204
56.775, 2.27668, -1.65204
56.8, 2.27668, -1.65204
56.825, 2.27668, -1.65204
56.85, 2.27668, -1.65204
56.875, 2.27668, -1.65204
56.9, 2.2761, -1.65205
56.925, 2.2761, -1.65205
56.95, 2.2761, -1.65205
56.975, 2.2761, -1.65205
57, 2.27676, -1.65204
57.025, 2.27676, -1.65204
57.05, 2.27753, -1.65202
57.075, 2.27753, -1.65202
57.1, 2.27753, -1.65202
57.125, 2.27753, -1.65202
57.15, 2.27819, -1.65201
57.175, 2.27819, -1.65201
57.2, 2.27774, -1.65202
57.225, 2.27724, -1.65202
57.25, 2.27724, -1.65202
57.275, 2.27718, -1.65202
57.3, 2.27718, -1.65202
57.325, 2.27718, -1.65202
57.35, 2.27697, -1.65201
57.375, 2.27697, -1.65201
57.4, 2.27662, -1.65201
57.425, 2.27662, -1.65201
57.45, 2.27662, -1.65201
57.475, 2.27662, -1.65201
57.5, 2.27662, -1.65201
57.525, 2.27662, -1.65201
57.55, 2.27662, -1.65201
57.575, 2.27682, -1.652
57.6, 2.27682, -1.652
57.625, 2.27702, -1.65199
57.65, 2.27702, -1.65199
57.675, 2.27702, -1.65199
57.7, 2.27702, -1.65199
57.725, 2.27702, -1.65199
57.75, 2.27702, -1.65199
57.775, 2.27702, -1.65199
57.8, 2.27723, -1.65197
57.825, 2.27746, -1.65196
57.85, 2.27746, -1.65196
57.875, 2.27746, -1.65196
57.9, 2.27746, -1.65196
57.925, 2.27746, -1.65196
57.95, 2.27773, -1.65195
57.975, 2.27773, -1.65195
58, 2.27787, -1.65193
58.025, 2.27787, -1.65193
58.05, 2.27787, -1.65193
58.075, 2.27787, -1.65193
58.1, 2.27727, -1.65193
58.125, 2.27662, -1.65193
58.15, 2.27662, -1.65193
58.175, 2.27662, -1.65193
58.2, 2.27628, -1.65192
58.225, 2.27628, -1.65192
58.25, 2.27628, -1.65192
58.275, 2.27628, -1.65192
58.3, 2.2755, -1.65193
58.325, 2.2736, -1.65194
58.35, 2.2736, -1.65194
58.375, 2.2736, -1.65194
58.4, 2.2736, -1.65194
58.425, 2.2736, -1.65194
58.45, 2.27296, -1.65194
58.475, 2.27296, -1.65194
58.5, 2.272, -1.65193
58.525, 2.27109, -1.65193
58.55, 2.27021, -1.65192
58.575, 2.27021, -1.65192
58.6, 2.27021, -1.65192
58.625, 2.26878, -1.65192
58.65, 2.26878, -1.65192
58.675, 2.26878, -1.65192
58.7, 2.26878, -1.65192
58.725, 2.26878, -1.65192
58.75, 2.26878, -1.65192
58.775, 2.26731, -1.65192
58.8, 2.26731, -1.65192
58.825, 2.26731, -1.65192
58.85, 2.26731, -1.65192
58.875, 2.26731, -1.65192
58.9, 2.26731, -1.65192
58.925, 2.26731, -1.65192
58.95, 2.26624, -1.65192
58.975, 2.26531, -1.65191
59, 2.26531, -1.65191
59.025, 2.26531, -1.65191
59.05, 2.26531, -1.65191
59.075, 2.26531, -1.65191
59.1, 2.26531, -1.65191
59.125, 2.26424, -1.65191
59.15, 2.26305, -1.65191
59.175, 2.26305, -1.65191
59.2, 2.26204, -1.65191
59.225, 2.26113, -1.6519
59.25, 2.26113, -1.6519
59.275, 2.26113, -1.6519
59.3, 2.26038, -1.6519
59.325, 2.2598, -1.65189
59.35, 2.25938, -1.65187
59.375, 2.25907, -1.65185
59.4, 2.25876, -1.65184
59.425, 2.25876, -1.65184
59.45, 2.25876, -1.65184
59.475, 2.25785, -1.65183
59.5, 2.25785, -1.65183
59.525, 2.25591, -1.65183
59.55, 2.25591, -1.65183
59.575, 2.25511, -1.65182
59.6, 2.25511, -1.65182
59.625, 2.25511, -1.65182
59.65, 2.25511, -1.65182
59.675, 2.25511, -1.65182
59.7, 2.25511, -1.65182
59.725, 2.25511, -1.65182
59.75, 2.2527, -1.65183
59.775, 2.2527, -1.65183
59.8, 2.2527, -1.65183
59.825, 2.2527, -1.65183
59.85, 2.2527, -1.65183
59.875, 2.2527, -1.65183
59.9, 2.2527, -1.65183
59.925, 2.25062, -1.65183
59.95, 2.25062, -1.65183
59.975, 2.25062, -1.65183
60, 2.25062, -1.65183
60, 2.25062, -1.65183
60.025, 2.25062, -1.65183
60.05, 2.25062, -1.65183
60.075, 2.25208, -1.65181
60.1, 2.25208, -1.65181
60.125, 2.2543, -1.65179
60.15, 2.2571, -1.65176
60.175, 2.2571, -1.65176
60.2, 2.25957, -1.65173
60.225, 2.26092, -1.65171
60.25, 2.26092, -1.6517
60.275, 2.26013, -1.65169
60.3, 2.25933, -1.65168
60.325, 2.25933, -1.65168
60.35, 2.25933, -1.65168
60.375, 2.25933, -1.65168
60.4, 2.25933, -1.65168
60.425, 2.25933, -1.65168
60.45, 2.25933, -1.65168
60.475, 2.25625, -1.65168
60.5, 2.25625, -1.65168
60.525, 2.25625, -1.65168
60.55, 2.25625, -1.65168
60.575, 2.25625, -1.65168
60.6, 2.25625, -1.65168
60.625, 2.25625, -1.65168
60.65, 2.25311, -1.65169
60.675, 2.25311, -1.65169
60.7, 2.25311, -1.65169
60.725, 2.25249, -1.65168
60.75, 2.25249, -1.65168
60.775, 2.25249, -1.65168
60.8, 2.25152, -1.65168
60.825, 2.25152, -1.65168
60.85, 2.24813, -1.65168
60.875, 2.24178, -1.6517
60.9, 2.23229, -1.65174
60.925, 2.22113, -1.65178
60.95, 2.21308, -1.65181
60.975, 2.21308, -1.65181
61, 2.20969, -1.65182
61.025, 2.20969, -1.65182
61.05, 2.20969, -1.65182
61.075, 2.20969, -1.65182
61.1, 2.20969, -1.65182
61.125, 2.20969, -1.65182
61.15, 2.20969, -1.65182
61.175, 2.20969, -1.65182
61.2, 2.20969, -1.65182
61.225, 2.20707, -1.65183
61.25, 2.21009, -1.65182
61.275, 2.21959, -1.65178
61.3, 2.21959, -1.65178
61.325, 2.21959, -1.65178
61.35, 2.21959, -1.65178
61.375, 2.21959, -1.65178
61.4, 2.22777, -1.65174
61.425, 2.22777, -1.65174
61.45, 2.22777, -1.65174
61.475, 2.23662, -1.65169
61.5, 2.24778, -1.65164
61.525, 2.24778, -1.65164
61.55, 2.25989, -1.65158
61.575, 2.25989, -1.65158
61.6, 2.25989, -1.65158
61.625, 2.27172, -1.65152
61.65, 2.27172, -1.65152
61.675, 2.27172, -1.65152
61.7, 2.27172, -1.65152
61.725, 2.27172, -1.65152
61.75, 2.27172, -1.65152
61.775, 2.27172, -1.65152
61.8, 2.27172, -1.65152
61.825, 2.27172, -1.65152
61.85, 2.28341, -1.65146
61.875, 2.28341, -1.65146
61.9, 2.29501, -1.6514
61.925, 2.30675, -1.65134
61.95, 2.30675, -1.65134
61.975, 2.31844, -1.65128
62, 2.31844, -1.65128
62.025, 2.31844, -1.65128
62.05, 2.32995, -1.65122
62.075, 2.34194, -1.65116
62.1, 2.34194, -1.65116
62.125, 2.34194, -1.65116
62.15, 2.35389, -1.65109
62.175, 2.35389, -1.65109
62.2, 2.36596, -1.65103
62.225, 2.36596, -1.65103
62.25, 2.36596, -1.65103
62.275, 2.37674, -1.65097
62.3, 2.37674, -1.65097
62.325, 2.37674, -1.65097
62.35, 2.37674, -1.65097
62.375, 2.37674, -1.65097
62.4, 2.37674, -1.65097
62.425, 2.38779, -1.65091
62.45, 2.38779, -1.65091
62.475, 2.38779, -1.65091
62.5, 2.39828, -1.65086
62.525, 2.40743, -1.65081
62.55, 2.40743, -1.65081
62.575, 2.40743, -1.65081
62.6, 2.41619, -1.65077
62.625, 2.42573, -1.65071
62.65, 2.42573, -1.65071
62.675, 2.42573, -1.65071
62.7, 2.42573, -1.65071
62.725, 2.43437, -1.65067
62.75, 2.44289, -1.65062
62.775, 2.44289, -1.65062
62.8, 2.45095, -1.65058
62.825, 2.45863, -1.65054
62.85, 2.45863, -1.65054
62.875, 2.45863, -1.65054
62.9, 2.45863, -1.65054
62.925, 2.45863, -1.65054
62.95, 2.45863, -1.65054
62.975, 2.45863, -1.65054
63, 2.45863, -1.65054
63.025, 2.4662, -1.6505
63.05, 2.4662, -1.6505
63.075, 2.4662, -1.6505
63.1, 2.4662, -1.6505
63.125, 2.47354, -1.65046
63.15, 2.47354, -1.65046
63.175, 2.47354, -1.65046
63.2, 2.48059, -1.65042
63.225, 2.48746, -1.65038
63.25, 2.49414, -1.65033
63.275, 2.49414, -1.65033
63.3, 2.50057, -1.65029
63.325, 2.50057, -1.65029
63.35, 2.50057, -1.65029
63.375, 2.50057, -1.65029
63.4, 2.50057, -1.65029
63.425, 2.50057, -1.65029
63.45, 2.50683, -1.65025
63.475, 2.50683, -1.65025
63.5, 2.50683, -1.65025
63.525, 2.50683, -1.65025
63.55, 2.50683, -1.65025
63.575, 2.50683, -1.65025
63.6, 2.50683, -1.65025
63.625, 2.50683, -1.65025
63.65, 2.51332, -1.65021
63.675, 2.51332, -1.65021
63.7, 2.51332, -1.65021
63.725, 2.51332, -1.65021
63.75, 2.51332, -1.65021
63.775, 2.51332, -1.65021
63.8, 2.51332, -1.65021
63.825, 2.51332, -1.65021
63.85, 2.51332, -1.65021
63.875, 2.51332, -1.65021
63.9, 2.51332, -1.65021
63.925, 2.51332, -1.65021
63.95, 2.51332, -1.65021
63.975, 2.51955, -1.65018
64, 2.51955, -1.65018
64.025, 2.52565, -1.65016
64.05, 2.52565, -1.65016
64.075, 2.52565, -1.65016
64.1, 2.53062, -1.65013
64.125, 2.53062, -1.65013
64.15, 2.53443, -1.6501
64.175, 2.53798, -1.65008
64.2, 2.53798, -1.65008
64.225, 2.5415, -1.65005
64.25, 2.5415, -1.65005
64.275, 2.5449, -1.65003
64.3, 2.5449, -1.65003
64.325, 2.5449, -1.65003
64.35, 2.5449, -1.65003
64.375, 2.5449, -1.65003
64.4, 2.54788, -1.65001
64.425, 2.54788, -1.65001
64.45, 2.55064, -1.64999
64.475, 2.55064, -1.64999
64.5, 2.55064, -1.64999
64.525, 2.55329, -1.64997
64.55, 2.55329, -1.64997
64.575, 2.55329, -1.64997
64.6, 2.55329, -1.64997
64.625, 2.55563, -1.64995
64.65, 2.55563, -1.64995
64.675, 2.55563, -1.64995
64.7, 2.55563, -1.64995
64.725, 2.55793, -1.64993
64.75, 2.56012, -1.64991
64.775, 2.56012, -1.64991
64.8, 2.56012, -1.64991
64.825, 2.56234, -1.64989
64.85, 2.56462, -1.64987
64.875, 2.56462, -1.64987
64.9, 2.56689, -1.64986
64.925, 2.56689, -1.64986
64.95, 2.56893, -1.64984
64.975, 2.56893, -1.64984
65, 2.56893, -1.64984
65.025, 2.56893, -1.64984
65.05, 2.56893, -1.64984
65.075, 2.57132, -1.64983
65.1, 2.57387, -1.64982
65.125, 2.57649, -1.64982
65.15, 2.57649, -1.64982
65.175, 2.57896, -1.64981
65.2, 2.58115, -1.6498
65.225, 2.58115, -1.6498
65.25, 2.58228, -1.64979
65.275, 2.58228, -1.64979
65.3, 2.58228, -1.64979
65.325, 2.58228, -1.64979
65.35, 2.58452, -1.64978
65.375, 2.58452, -1.64978
65.4, 2.5858, -1.64979
65.425, 2.58619, -1.64983
65.45, 2.58619, -1.64983
65.475, 2.58717, -1.64986
65.5, 2.58717, -1.64986
65.525, 2.58717, -1.64986
65.55, 2.58798, -1.64988
65.575, 2.58798, -1.64988
65.6, 2.5889, -1.6499
65.625, 2.58978, -1.64993
65.65, 2.58978, -1.64993
65.675, 2.58978, -1.64993
65.7, 2.59091, -1.64996
65.725, 2.59091, -1.64996
65.75, 2.59091, -1.64996
65.775, 2.59091, -1.64996
65.8, 2.59091, -1.64996
65.825, 2.59091, -1.64996
65.85, 2.59091, -1.64996
65.875, 2.59269, -1.64998
65.9, 2.59447, -1.65
65.925, 2.59447, -1.65
65.95, 2.59447, -1.65
65.975, 2.59447, -1.65
66, 2.59447, -1.65
66.025, 2.59447, -1.65
66.05, 2.59447, -1.65
66.075, 2.59612, -1.65002
66.1, 2.59612, -1.65002
66.125, 2.59612, -1.65002
66.15, 2.59612, -1.65002
66.175, 2.59612, -1.65002
66.2, 2.59778, -1.65004
66.225, 2.59942, -1.65007
66.25, 2.59942, -1.65007
66.275, 2.59942, -1.65007
66.3, 2.59942, -1.65007
66.325, 2.59942, -1.65007
66.35, 2.59942, -1.65007
66.375, 2.60157, -1.65008
66.4, 2.60157, -1.65008
66.425, 2.60361, -1.65009
66.45, 2.60558, -1.6501
66.475, 2.60749, -1.65011
66.5, 2.60749, -1.65011
66.525, 2.60749, -1.65011
66.55, 2.60749, -1.65011
66.575, 2.60749, -1.65011
66.6, 2.60749, -1.65011
66.625, 2.60749, -1.65011
66.65, 2.61018, -1.6501
66.675, 2.61018, -1.6501
66.7, 2.61178, -1.6501
66.725, 2.61332, -1.65009
66.75, 2.61511, -1.65009
66.775, 2.61511, -1.65009
66.8, 2.61511, -1.65009
66.825, 2.61511, -1.65009
66.85, 2.61511, -1.65009
66.875, 2.61511, -1.65009
66.9, 2.61511, -1.65009
66.925, 2.61967, -1.65005
66.95, 2.62392, -1.65001
66.975, 2.62392, -1.65001
67, 2.62392, -1.65001
67.025, 2.62818, -1.64997
67.05, 2.62818, -1.64997
67.075, 2.63213, -1.64994
67.1, 2.63213, -1.64994
67.125, 2.63604, -1.64991
67.15, 2.63982, -1.64987
67.175, 2.64347, -1.64984
67.2, 2.64694, -1.6498
67.225, 2.64694, -1.6498
67.25, 2.64694, -1.6498
67.275, 2.64694, -1.6498
67.3, 2.64694, -1.6498
67.325, 2.65038, -1.64976
67.35, 2.65038, -1.64976
67.375, 2.65038, -1.64976
67.4, 2.65038, -1.64976
67.425, 2.65365, -1.64973
67.45, 2.65365, -1.64973
67.475, 2.65365, -1.64973
67.5, 2.65365, -1.64973
67.525, 2.65365, -1.64973
67.55, 2.65365, -1.64973
67.575, 2.65365, -1.64973
67.6, 2.65365, -1.64973
67.625, 2.65365, -1.64973
67.65, 2.6568, -1.6497
67.675, 2.6568, -1.6497
67.7, 2.65984, -1.64967
67.725, 2.65984, -1.64967
67.75, 2.65984, -1.64967
67.775, 2.65984, -1.64967
67.8, 2.66279, -1.64964
67.825, 2.66562, -1.64961
67.85, 2.66836, -1.64958
67.875, 2.67095, -1.64955
67.9, 2.67095, -1.64955
67.925, 2.67281, -1.64954
67.95, 2.67344, -1.64954
67.975, 2.67249, -1.64957
68, 2.67249, -1.64957
68.025, 2.67249, -1.64957
68.05, 2.67249, -1.64957
68.075, 2.67249, -1.64957
68.1, 2.67249, -1.64957
68.125, 2.67249, -1.64957
68.15, 2.67249, -1.64957
68.175, 2.67275, -1.64959
68.2, 2.67275, -1.64959
68.225, 2.67275, -1.64959
68.25, 2.67184, -1.64962
68.275, 2.67028, -1.64966
68.3, 2.66888, -1.6497
68.325, 2.66788, -1.64973
68.35, 2.66788, -1.64973
68.375, 2.66678, -1.64976
68.4, 2.66678, -1.64976
68.425, 2.66678, -1.64976
68.45, 2.66574, -1.64979
68.475, 2.66574, -1.64979
68.5, 2.66574, -1.64979
68.525, 2.66574, -1.64979
68.55, 2.66574, -1.64979
68.575, 2.66487, -1.64981
68.6, 2.66487, -1.64981
68.625, 2.66406, -1.64983
68.65, 2.66332, -1.64985
68.675, 2.66332, -1.64985
68.7, 2.66332, -1.64985
68.725, 2.66332, -1.64985
68.75, 2.66332, -1.64985
68.775, 2.66332, -1.64985
68.8, 2.66255, -1.64988
68.825, 2.66255, -1.64988
68.85, 2.66255, -1.64988
68.875, 2.66255, -1.64988
68.9, 2.66255, -1.64988
68.925, 2.66255, -1.64988
68.95, 2.66174, -1.6499
68.975, 2.66174, -1.6499
69, 2.66174, -1.6499
69.025, 2.66174, -1.6499
69.05, 2.66174, -1.6499
69.075, 2.66174, -1.6499
69.1, 2.66174, -1.6499
69.125, 2.66174, -1.6499
69.15, 2.66174, -1.6499
69.175, 2.66174, -1.6499
69.2, 2.66174, -1.6499
69.225, 2.66174, -1.6499
69.25, 2.66159, -1.64991
69.275, 2.66159, -1.64991
69.3, 2.66159, -1.64991
69.325, 2.66159, -1.64991
69.35, 2.66159, -1.64991
69.375, 2.66159, -1.64991
69.4, 2.65999, -1.64994
69.425, 2.65682, -1.64998
69.45, 2.65682, -1.64998
69.475, 2.65682, -1.64998
69.5, 2.65682, -1.64998
69.525, 2.65682, -1.64998
69.55, 2.65353, -1.65002
69.575, 2.65034, -1.65006
69.6, 2.64703, -1.6501
69.625, 2.64703, -1.6501
69.65, 2.64703, -1.6501
69.675, 2.64195, -1.65016
69.7, 2.63671, -1.65022
69.725, 2.63671, -1.65022
69.75, 2.63235, -1.65027
69.775, 2.63235, -1.65027
69.8, 2.63235, -1.65027
69.825, 2.63235, -1.65027
69.85, 2.62837, -1.65032
69.875, 2.62837, -1.65032
69.9, 2.62442, -1.65037
69.925, 2.62038, -1.65042
69.95, 2.62038, -1.65042
69.975, 2.61679, -1.65046
70, 2.61679, -1.65046
70.025, 2.61361, -1.6505
70.05, 2.611, -1.65053
70.075, 2.60894, -1.65056
70.1, 2.60894, -1.65056
70.125, 2.60894, -1.65056
70.15, 2.60894, -1.65056
70.175, 2.60567, -1.65059
70.2, 2.60567, -1.65059
70.225, 2.60199, -1.65062
70.25, 2.598, -1.65066
70.275, 2.598, -1.65066
70.3, 2.598, -1.65066
70.325, 2.598, -1.65066
70.35, 2.598, -1.65066
70.375, 2.59308, -1.65069
70.4, 2.58721, -1.65073
70.425, 2.58721, -1.65073
70.45, 2.58117, -1.65077
70.475, 2.58117, -1.65077
70.5, 2.58117, -1.65077
70.525, 2.58117, -1.65077
70.55, 2.58117, -1.65077
70.575, 2.58117, -1.65077
70.6, 2.58117, -1.65077
70.625, 2.58117, -1.65077
70.65, 2.58117, -1.65077
70.675, 2.58117, -1.65077
70.7, 2.57449, -1.6508
70.725, 2.57449, -1.6508
70.75, 2.57449, -1.6508
70.775, 2.56451, -1.65084
70.8, 2.55159, -1.65089
70.825, 2.55159, -1.65089
70.85, 2.55159, -1.65089
70.875, 2.55159, -1.65089
70.9, 2.54416, -1.65092
70.925, 2.54336, -1.65094
70.95, 2.54336, -1.65094
70.975, 2.54336, -1.65094
71, 2.54336, -1.65094
71.025, 2.54336, -1.65094
71.05, 2.54336, -1.65094
71.075, 2.53811, -1.65094
71.1, 2.53203, -1.65095
71.125, 2.53203, -1.65095
71.15, 2.53203, -1.65095
71.175, 2.53081, -1.65095
71.2, 2.5351, -1.65094
71.225, 2.5351, -1.65094
71.25, 2.5351, -1.65094
71.275, 2.5351, -1.65094
71.3, 2.5351, -1.65094
71.325, 2.5351, -1.65094
71.35, 2.5351, -1.65094
71.375, 2.5351, -1.65094
71.4, 2.5351, -1.65094
71.425, 2.53938, -1.65092
71.45, 2.53938, -1.65092
71.475, 2.53938, -1.65092
71.5, 2.53938, -1.65092
71.525, 2.54342, -1.6509
71.55, 2.54342, -1.6509
71.575, 2.54342, -1.6509
71.6, 2.54342, -1.6509
71.625, 2.54712, -1.65088
71.65, 2.55124, -1.65086
71.675, 2.55124, -1.65086
71.7, 2.55124, -1.65086
71.725, 2.55124, -1.65086
71.75, 2.55124, -1.65086
71.775, 2.55518, -1.65084
71.8, 2.55518, -1.65084
71.825, 2.5595, -1.65082
71.85, 2.5595, -1.65082
71.875, 2.5595, -1.65082
71.9, 2.5595, -1.65082
71.925, 2.56355, -1.6508
71.95, 2.56355, -1.6508
71.975, 2.56756, -1.65078
72, 2.56756, -1.65078
72.025, 2.56756, -1.65078
72.05, 2.57232, -1.65076
72.075, 2.57232, -1.65076
72.1, 2.57232, -1.65076
72.125, 2.57714, -1.65074
72.15, 2.57714, -1.65074
72.175, 2.57714, -1.65074
72.2, 2.58041, -1.65073
72.225, 2.58143, -1.65073
72.25, 2.58143, -1.65073
72.275, 2.58143, -1.65073
72.3, 2.58143, -1.65073
72.325, 2.58452, -1.65072
72.35, 2.58452, -1.65072
72.375, 2.58452, -1.65072
72.4, 2.58452, -1.65072
72.425, 2.58452, -1.65072
72.45, 2.58452, -1.65072
72.475, 2.58452, -1.65072
72.5, 2.58452, -1.65072
72.525, 2.58452, -1.65072
72.55, 2.58452, -1.65072
72.575, 2.58671, -1.65072
72.6, 2.58951, -1.65071
72.625, 2.59254, -1.65069
72.65, 2.59549, -1.65067
72.675, 2.59549, -1.65067
72.7, 2.59549, -1.65067
72.725, 2.59843, -1.65065
72.75, 2.60127, -1.65063
72.775, 2.60403, -1.65062
72.8, 2.60403, -1.65062
72.825, 2.60683, -1.6506
72.85, 2.60683, -1.6506
72.875, 2.60683, -1.6506
72.9, 2.60952, -1.65058
72.925, 2.60952, -1.65058
72.95, 2.60952, -1.65058
72.975, 2.60952, -1.65058
73, 2.60952, -1.65058
73.025, 2.60952, -1.65058
73.05, 2.60952, -1.65058
73.075, 2.61207, -1.65056
73.1, 2.61207, -1.65056
73.125, 2.61207, -1.65056
73.15, 2.61207, -1.65056
73.175, 2.61207, -1.65056
73.2, 2.61207, -1.65056
73.225, 2.61207, -1.65056
73.25, 2.61459, -1.65054
73.275, 2.61459, -1.65054
73.3, 2.61459, -1.65054
73.325, 2.61707, -1.65052
73.35, 2.61947, -1.6505
73.375, 2.61947, -1.6505
73.4, 2.62178, -1.65049
73.425, 2.62178, -1.65049
73.45, 2.62178, -1.65049
73.475, 2.62178, -1.65049
73.5, 2.62178, -1.65049
73.525, 2.62178, -1.65049
73.55, 2.62421, -1.65047
73.575, 2.62421, -1.65047
73.6, 2.62421, -1.65047
73.625, 2.62421, -1.65047
73.65, 2.62421, -1.65047
73.675, 2.62618, -1.65047
73.7, 2.62816, -1.65045
73.725, 2.62816, -1.65045
73.75, 2.62816, -1.65045
73.775, 2.62883, -1.65044
73.8, 2.62902, -1.65043
73.825, 2.62927, -1.65042
73.85, 2.62966, -1.65041
73.875, 2.62966, -1.65041
73.9, 2.62966, -1.65041
73.925, 2.62966, -1.65041
73.95, 2.62966, -1.65041
73.975, 2.62966, -1.65041
74, 2.62966, -1.65041
74.025, 2.62966, -1.65041
74.05, 2.62966, -1.65041
74.075, 2.62966, -1.65041
74.1, 2.63005, -1.65041
74.125, 2.63052, -1.6504
74.15, 2.63107, -1.6504
74.175, 2.63107, -1.6504
74.2, 2.63159, -1.6504
74.225, 2.63208, -1.6504
74.25, 2.63208, -1.6504
74.275, 2.63244, -1.65039
74.3, 2.63244, -1.65039
74.325, 2.63244, -1.65039
74.35, 2.6326, -1.65039
74.375, 2.63258, -1.65038
74.4, 2.63258, -1.65038
74.425, 2.63258, -1.65038
74.45, 2.63258, -1.65038
74.475, 2.63258, -1.65038
74.5, 2.6326, -1.65038
74.525, 2.6326, -1.65038
74.55, 2.6326, -1.65038
74.575, 2.6326, -1.65038
74.6, 2.6326, -1.65038
74.625, 2.6326, -1.65038
74.65, 2.63257, -1.65037
74.675, 2.6325, -1.65037
74.7, 2.6325, -1.65037
74.725, 2.6325, -1.65037
74.75, 2.6325, -1.65037
74.775, 2.6325, -1.65037
74.8, 2.6325, -1.65037
74.825, 2.6325, -1.65037
74.85, 2.6325, -1.65037
74.875, 2.6325, -1.65037
74.9, 2.6325, -1.65037
74.925, 2.63207, -1.65035
74.95, 2.63207, -1.65035
74.975, 2.63151, -1.65034
75, 2.63151, -1.65034
75.025, 2.63151, -1.65034
75.05, 2.63116, -1.65033
75.075, 2.63116, -1.65033
75.1, 2.63116, -1.65033
75.125, 2.63116, -1.65033
75.15, 2.63074, -1.65032
75.175, 2.63074, -1.65032
75.2, 2.63012, -1.65031
75.225, 2.62955, -1.65029
75.25, 2.62955, -1.65029
75.275, 2.62918, -1.65029
75.3, 2.62918, -1.65029
75.325, 2.62787, -1.65031
75.35, 2.62787, -1.65031
75.375, 2.62698, -1.65031
75.4, 2.62698, -1.65031
75.425, 2.62698, -1.65031
75.45, 2.62698, -1.65031
75.475, 2.62698, -1.65031
75.5, 2.62698, -1.65031
75.525, 2.62698, -1.65031
75.55, 2.62698, -1.65031
75.575, 2.62698, -1.65031
75.6, 2.62698, -1.65031
75.625, 2.62648, -1.65032
75.65, 2.62599, -1.65033
75.675, 2.62549, -1.65034
75.7, 2.6249, -1.65034
75.725, 2.6249, -1.65034
75.75, 2.6249, -1.65034
75.775, 2.62455, -1.65035
75.8, 2.62423, -1.65036
75.825, 2.62389, -1.65037
75.85, 2.62389, -1.65037
75.875, 2.62389, -1.65037
75.9, 2.62389, -1.65037
75.925, 2.62367, -1.65038
75.95, 2.62367, -1.65038
75.975, 2.62367, -1.65038
76, 2.62342, -1.65039
76.025, 2.62317, -1.65039
76.05, 2.62317, -1.65039
76.075, 2.62292, -1.6504
76.1, 2.62292, -1.6504
76.125, 2.62292, -1.6504
76.15, 2.62268, -1.65041
76.175, 2.62268, -1.65041
76.2, 2.62268, -1.65041
76.225, 2.6224, -1.65042
76.25, 2.6224, -1.65042
76.275, 2.62213, -1.65043
76.3, 2.62187, -1.65044
76.325, 2.62158, -1.65044
76.35, 2.62158, -1.65044
76.375, 2.62158, -1.65044
76.4, 2.62137, -1.65045
76.425, 2.62137, -1.65045
76.45, 2.62137, -1.65045
76.475, 2.62137, -1.65045
76.5, 2.62137, -1.65045
76.525, 2.62137, -1.65045
76.55, 2.62137, -1.65045
76.575, 2.62137, -1.65045
76.6, 2.6204, -1.65045
76.625, 2.6204, -1.65045
76.65, 2.6204, -1.65045
76.675, 2.6204, -1.65045
76.7, 2.6204, -1.65045
76.725, 2.6204, -1.65045
76.75, 2.61968, -1.65045
76.775, 2.61968, -1.65045
76.8, 2.61909, -1.65046
76.825, 2.61909, -1.65046
76.85, 2.61909, -1.65046
76.875, 2.61768, -1.65046
76.9, 2.61768, -1.65046
76.925, 2.61656, -1.65046
76.95, 2.61656, -1.65046
76.975, 2.61547, -1.65047
77, 2.61547, -1.65047
77.025, 2.61547, -1.65047
77.05, 2.61455, -1.65047
77.075, 2.61455, -1.65047
77.1, 2.61455, -1.65047
77.125, 2.61455, -1.65047
77.15, 2.61455, -1.65047
77.175, 2.6137, -1.65048
77.2, 2.61282, -1.65048
77.225, 2.61282, -1.65048
77.25, 2.61282, -1.65048
77.275, 2.61199, -1.65048
77.3, 2.61199, -1.65048
77.325, 2.61199, -1.65048
77.35, 2.61199, -1.65048
77.375, 2.61064, -1.65048
77.4, 2.61064, -1.65048
77.425, 2.61064, -1.65048
77.45, 2.61064, -1.65048
77.475, 2.61064, -1.65048
77.5, 2.60974, -1.65048
77.525, 2.60905, -1.65049
77.55, 2.60905, -1.65049
77.575, 2.60905, -1.65049
77.6, 2.60905, -1.65049
77.625, 2.60837, -1.65049
77.65, 2.60768, -1.6505
77.675, 2.60768, -1.6505
77.7, 2.60768, -1.6505
77.725, 2.60768, -1.6505
77.75, 2.60768, -1.6505
77.775, 2.60768, -1.6505
77.8, 2.6071, -1.6505
77.825, 2.6071, -1.6505
77.85, 2.6071, -1.6505
77.875, 2.60696, -1.65051
77.9, 2.60713, -1.65052
77.925, 2.60742, -1.65053
77.95, 2.60742, -1.65053
77.975, 2.60699, -1.65054
78, 2.60557, -1.65054
78.025, 2.60557, -1.65054
78.05, 2.60557, -1.65054
78.075, 2.60563, -1.65055
78.1, 2.60563, -1.65055
78.125, 2.60563, -1.65055
78.15, 2.60563, -1.65055
78.175, 2.60563, -1.65055
78.2, 2.60706, -1.65053
78.225, 2.60706, -1.65053
78.25, 2.60706, -1.65053
78.275, 2.60566, -1.65052
78.3, 2.60566, -1.65052
78.325, 2.60345, -1.65051
78.35, 2.60345, -1.65051
78.375, 2.60345, -1.65051
78.4, 2.60345, -1.65051
78.425, 2.60345, -1.65051
78.45, 2.60345, -1.65051
78.475, 2.60345, -1.65051
78.5, 2.60345, -1.65051
78.525, 2.60345, -1.65051
78.55, 2.60345, -1.65051
78.575, 2.60345, -1.65051
78.6, 2.60345, -1.65051
78.625, 2.60345, -1.65051
78.65, 2.60272, -1.65049
78.675, 2.60272, -1.65049
78.7, 2.60272, -1.65049
78.725, 2.60272, -1.65049
78.75, 2.60272, -1.65049
78.775, 2.60134, -1.65048
78.8, 2.60134, -1.65048
78.825, 2.60134, -1.65048
78.85, 2.60134, -1.65048
78.875, 2.60134, -1.65048
78.9, 2.60134, -1.65048
78.925, 2.60134, -1.65048
78.95, 2.60044, -1.65046
78.975, 2.5999, -1.65045
79, 2.5999, -1.65045
79.025, 2.5999, -1.65045
79.05, 2.5999, -1.65045
79.075, 2.5999, -1.65045
79.1, 2.59926, -1.65043
79.125, 2.59926, -1.65043
79.15, 2.59926, -1.65043
79.175, 2.59926, -1.65043
79.2, 2.59926, -1.65043
79.225, 2.59902, -1.65042
79.25, 2.59929, -1.65042
79.275, 2.59929, -1.65042
79.3, 2.59929, -1.65042
79.325, 2.59934, -1.65042
79.35, 2.59934, -1.65042
79.375, 2.59934, -1.65042
79.4, 2.59934, -1.65042
79.425, 2.59934, -1.65042
79.45, 2.59934, -1.65042
79.475, 2.59937, -1.65041
79.5, 2.59937, -1.65041
79.525, 2.59937, -1.65041
79.55, 2.59937, -1.65041
79.575, 2.59937, -1.65041
79.6, 2.59935, -1.65041
79.625, 2.59935, -1.65041
79.65, 2.59923, -1.6504
79.675, 2.59923, -1.6504
79.7, 2.59923, -1.6504
79.725, 2.59722, -1.6504
79.75, 2.59722, -1.6504
79.775, 2.59722, -1.6504
79.8, 2.59633, -1.6504
79.825, 2.59559, -1.65041
79.85, 2.59559, -1.65041
79.875, 2.59559, -1.65041
79.9, 2.59559, -1.65041
79.925, 2.59509, -1.65041
79.95, 2.594, -1.6504
79.975, 2.594, -1.6504
80, 2.594, -1.6504
80.025, 2.594, -1.6504
80.05, 2.59323, -1.6504
80.075, 2.59323, -1.6504
80.1, 2.59323, -1.6504
80.125, 2.59323, -1.6504
80.15, 2.59286, -1.65039
80.175, 2.59286, -1.65039
80.2, 2.59286, -1.65039
80.225, 2.59286, -1.65039
80.25, 2.59286, -1.65039
80.275, 2.59286, -1.65039
80.3, 2.59286, -1.65039
80.325, 2.59202, -1.65038
80.35, 2.59202, -1.65038
80.375, 2.59059, -1.65037
80.4, 2.59059, -1.65037
80.425, 2.58798, -1.65037
80.45, 2.58442, -1.65037
80.475, 2.58442, -1.65037
80.5, 2.58025, -1.65038
80.525, 2.58025, -1.65038
80.55, 2.58025, -1.65038
80.575, 2.57688, -1.65038
80.6, 2.57404, -1.65038
80.625, 2.57404, -1.65038
80.65, 2.57404, -1.65038
80.675, 2.57404, -1.65038
80.7, 2.57404, -1.65038
80.725, 2.57404, -1.65038
80.75, 2.57404, -1.65038
80.775, 2.57404, -1.65038
80.8, 2.57404, -1.65038
80.825, 2.57404, -1.65038
80.85, 2.57404, -1.65038
80.875, 2.57404, -1.65038
80.9, 2.56869, -1.65037
80.925, 2.55913, -1.65036
80.95, 2.55913, -1.65036
80.975, 2.55913, -1.65036
81, 2.55913, -1.65036
81.025, 2.55913, -1.65036
81.05, 2.55913, -1.65036
81.075, 2.55913, -1.65036
81.1, 2.55781, -1.65035
81.125, 2.56471, -1.65033
81.15, 2.57552, -1.65031
81.175, 2.57552, -1.65031
81.2, 2.57552, -1.65031
81.225, 2.57552, -1.65031
81.25, 2.57552, -1.65031
81.275, 2.57552, -1.65031
81.3, 2.57552, -1.65031
81.325, 2.57552, -1.65031
81.35, 2.58661, -1.65029
81.375, 2.60302, -1.65027
81.4, 2.62238, -1.65024
81.425, 2.62238, -1.65024
81.45, 2.62238, -1.65024
81.475, 2.64034, -1.65021
81.5, 2.64034, -1.65021
81.525, 2.65746, -1.65018
81.55, 2.65746, -1.65018
81.575, 2.67519, -1.65015
81.6, 2.67519, -1.65015
81.625, 2.67519, -1.65015
81.65, 2.69265, -1.65013
81.675, 2.69265, -1.65013
81.7, 2.69265, -1.65013
81.725, 2.69265, -1.65013
81.75, 2.69265, -1.65013
81.775, 2.69265, -1.65013
81.8, 2.69265, -1.65013
81.825, 2.69265, -1.65013
81.85, 2.69265, -1.65013
81.875, 2.69265, -1.65013
81.9, 2.69265, -1.65013
81.925, 2.70966, -1.65008
81.95, 2.72619, -1.65004
81.975, 2.72619, -1.65004
82, 2.74205, -1.65
82.025, 2.74205, -1.65
82.05, 2.74205, -1.65
82.075, 2.74205, -1.65
82.1, 2.74205, -1.65
82.125, 2.74205, -1.65
82.15, 2.74205, -1.65
82.175, 2.75728, -1.64996
82.2, 2.77343, -1.64992
82.225, 2.79081, -1.64987
82.25, 2.79081, -1.64987
82.275, 2.80829, -1.64983
82.3, 2.82576, -1.64978
82.325, 2.82576, -1.64978
82.35, 2.82576, -1.64978
82.375, 2.82576, -1.64978
82.4, 2.84096, -1.64975
82.425, 2.8539, -1.64972
82.45, 2.86688, -1.64969
82.475, 2.86688, -1.64969
82.5, 2.88044, -1.64966
82.525, 2.89477, -1.64963
82.55, 2.89477, -1.64963
82.575, 2.89477, -1.64963
82.6, 2.89477, -1.64963
82.625, 2.89477, -1.64963
82.65, 2.89477, -1.64963
82.675, 2.89477, -1.64963
82.7, 2.90815, -1.64959
82.725, 2.90815, -1.64959
82.75, 2.92227, -1.64956
82.775, 2.92227, -1.64956
82.8, 2.93564, -1.64952
82.825, 2.94884, -1.64949
82.85, 2.94884, -1.64949
82.875, 2.94884, -1.64949
82.9, 2.96155, -1.64946
82.925, 2.96155, -1.64946
82.95, 2.97379, -1.64943
82.975, 2.98585, -1.64939
83, 2.99778, -1.64936
83.025, 2.99778, -1.64936
83.05, 3.0094, -1.64933
83.075, 3.0094, -1.64933
83.1, 3.0094, -1.64933
83.125, 3.0094, -1.64933
83.15, 3.02076, -1.64929
83.175, 3.03166, -1.64926
83.2, 3.03166, -1.64926
83.225, 3.03166, -1.64926
83.25, 3.03166, -1.64926
83.275, 3.04222, -1.64923
83.3, 3.05247, -1.6492
83.325, 3.05247, -1.6492
83.35, 3.05247, -1.6492
83.375, 3.06239, -1.64917
83.4, 3.06239, -1.64917
83.425, 3.06239, -1.64917
83.45, 3.06239, -1.64917
83.475, 3.06239, -1.64917
83.5, 3.07204, -1.64915
83.525, 3.08115, -1.64913
83.55, 3.08972, -1.64911
83.575, 3.08972, -1.64911
83.6, 3.08972, -1.64911
83.625, 3.08972, -1.64911
83.65, 3.08972, -1.64911
83.675, 3.08972, -1.64911
83.7, 3.08972, -1.64911
83.725, 3.08972, -1.64911
83.75, 3.08972, -1.64911
83.775, 3.09802, -1.6491
83.8, 3.10552, -1.6491
83.825, 3.11207, -1.64911
83.85, 3.11207, -1.64911
83.875, 3.11207, -1.64911
83.9, 3.11207, -1.64911
83.925, 3.11827, -1.64911
83.95, 3.11827, -1.64911
83.975, 3.12378, -1.64911
84, 3.12378, -1.64911
84.025, 3.12378, -1.64911
84.05, 3.12378, -1.64911
84.075, 3.12378, -1.64911
84.1, 3.12903, -1.64911
84.125, 3.12903, -1.64911
84.15, 3.12903, -1.64911
84.175, 3.12903, -1.64911
84.2, 3.12903, -1.64911
84.225, 3.12903, -1.64911
84.25, 3.12903, -1.64911
84.275, 3.12903, -1.64911
84.3, 3.12903, -1.64911
84.325, 3.12903, -1.64911
84.35, 3.12903, -1.64911
84.375, 3.12903, -1.64911
84.4, 3.12903, -1.64911
84.425, 3.12903, -1.64911
84.45, 3.12903, -1.64911
84.475, 3.13444, -1.64911
84.5, 3.13444, -1.64911
84.525, 3.13444, -1.64911
84.55, 3.13444, -1.64911
84.575, 3.13444, -1.64911
84.6, 3.13444, -1.64911
84.625, 3.13444, -1.64911
84.65, 3.13444, -1.64911
84.675, 3.13965, -1.64911
84.7, 3.14436, -1.64911
84.725, 3.14436, -1.64911
84.75, 3.14436, -1.64911
84.775, 3.14436, -1.64911
84.8, 3.14887, -1.64911
84.825, 3.15312, -1.64911
84.85, 3.15312, -1.64911
84.875, 3.15732, -1.64911
84.9, 3.16167, -1.64911
84.925, 3.16167, -1.64911
84.95, 3.16167, -1.64911
84.975, 3.16167, -1.64911
85, 3.16167, -1.64911
85.025, 3.16598, -1.64911
85.05, 3.16598, -1.64911
85.075, 3.16598, -1.64911
85.1, 3.16598, -1.64911
85.125, 3.16598, -1.64911
85.15, 3.16598, -1.64911
85.175, 3.16598, -1.64911
85.2, 3.17046, -1.64912
85.225, 3.17473, -1.64913
85.25, 3.17473, -1.64913
85.275, 3.17473, -1.64913
85.3, 3.17473, -1.64913
85.325, 3.17473, -1.64913
85.35, 3.17473, -1.64913
85.375, 3.17736, -1.64915
85.4, 3.17736, -1.64915
85.425, 3.18068, -1.64916
85.45, 3.18068, -1.64916
85.475, 3.18068, -1.64916
85.5, 3.18068, -1.64916
85.525, 3.18068, -1.64916
85.55, 3.18068, -1.64916
85.575, 3.18528, -1.64915
85.6, 3.18528, -1.64915
85.625, 3.18528, -1.64915
85.65, 3.18876, -1.64914
85.675, 3.18876, -1.64914
85.7, 3.18876, -1.64914
85.725, 3.18876, -1.64914
85.75, 3.19257, -1.64913
85.775, 3.19638, -1.64912
85.8, 3.19638, -1.64912
85.825, 3.19638, -1.64912
85.85, 3.19638, -1.64912
85.875, 3.19638, -1.64912
85.9, 3.19638, -1.64912
85.925, 3.20004, -1.64911
85.95, 3.2036, -1.64911
85.975, 3.2071, -1.6491
86, 3.2071, -1.6491
86.025, 3.2071, -1.6491
86.05, 3.2071, -1.6491
86.075, 3.2071, -1.6491
86.1, 3.21051, -1.6491
86.125, 3.21051, -1.6491
86.15, 3.21051, -1.6491
86.175, 3.21379, -1.6491
86.2, 3.21379, -1.6491
86.225, 3.21697, -1.64909
86.25, 3.21697, -1.64909
86.275, 3.21697, -1.64909
86.3, 3.22003, -1.64909
86.325, 3.22003, -1.64909
86.35, 3.22003, -1.64909
86.375, 3.22003, -1.64909
86.4, 3.22003, -1.64909
86.425, 3.22297, -1.64909
86.45, 3.22297, -1.64909
86.475, 3.22297, -1.64909
86.5, 3.22297, -1.64909
86.525, 3.22297, -1.64909
86.55, 3.22607, -1.64909
86.575, 3.22607, -1.64909
86.6, 3.22936, -1.6491
86.625, 3.22936, -1.6491
86.65, 3.2323, -1.64912
86.675, 3.2323, -1.64912
86.7, 3.2323, -1.64912
86.725, 3.23541, -1.64913
86.75, 3.23804, -1.64913
86.775, 3.24001, -1.64913
86.8, 3.24001, -1.64913
86.825, 3.24001, -1.64913
86.85, 3.24247, -1.64913
86.875, 3.24247, -1.64913
86.9, 3.24247, -1.64913
86.925, 3.24423, -1.64914
86.95, 3.24423, -1.64914
86.975, 3.24423, -1.64914
87, 3.2452, -1.64914
87.025, 3.2452, -1.64914
87.05, 3.24411, -1.64915
87.075, 3.24411, -1.64915
87.1, 3.24411, -1.64915
87.125, 3.24411, -1.64915
87.15, 3.24439, -1.64916
87.175, 3.245, -1.64917
87.2, 3.245, -1.64917
87.225, 3.245, -1.64917
87.25, 3.245, -1.64917
87.275, 3.245, -1.64917
87.3, 3.245, -1.64917
87.325, 3.245, -1.64917
87.35, 3.245, -1.64917
87.375, 3.245, -1.64917
87.4, 3.245, -1.64917
87.425, 3.245, -1.64917
87.45, 3.245, -1.64917
87.475, 3.245, -1.64917
87.5, 3.245, -1.64917
87.525, 3.24548, -1.64918
87.55, 3.24548, -1.64918
87.575, 3.24548, -1.64918
87.6, 3.24548, -1.64918
87.625, 3.24606, -1.64919
87.65, 3.24671, -1.6492
87.675, 3.24671, -1.6492
87.7, 3.24671, -1.6492
87.725, 3.24728, -1.64921
87.75, 3.24728, -1.64921
87.775, 3.24779, -1.64922
87.8, 3.24823, -1.64923
87.825, 3.24823, -1.64923
87.85, 3.24823, -1.64923
87.875, 3.24836, -1.64924
87.9, 3.24815, -1.64924
87.925, 3.24781, -1.64924
87.95, 3.24763, -1.64925
87.975, 3.24763, -1.64925
88, 3.24763, -1.64925
88.025, 3.24763, -1.64925
88.05, 3.24763, -1.64925
88.075, 3.24763, -1.64925
88.1, 3.2483, -1.64924
88.125, 3.2483, -1.64924
88.15, 3.24866, -1.64922
88.175, 3.24866, -1.64922
88.2, 3.24866, -1.64922
88.225, 3.24866, -1.64922
88.25, 3.24866, -1.64922
88.275, 3.25011, -1.64921
88.3, 3.25011, -1.64921
88.325, 3.25119, -1.64921
88.35, 3.25119, -1.64921
88.375, 3.25119, -1.64921
88.4, 3.25119, -1.64921
88.425, 3.25211, -1.6492
88.45, 3.25211, -1.6492
88.475, 3.25325, -1.64919
88.5, 3.25445, -1.64918
88.525, 3.25445, -1.64918
88.55, 3.25445, -1.64918
88.575, 3.25445, -1.64918
88.6, 3.25445, -1.64918
88.625, 3.25445, -1.64918
88.65, 3.25616, -1.64917
88.675, 3.25616, -1.64917
88.7, 3.25763, -1.64915
88.725, 3.25763, -1.64915
88.75, 3.25763, -1.64915
88.775, 3.25763, -1.64915
88.8, 3.25763, -1.64915
88.825, 3.25763, -1.64915
88.85, 3.25763, -1.64915
88.875, 3.25763, -1.64915
88.9, 3.25763, -1.64915
88.925, 3.25763, -1.64915
88.95, 3.25763, -1.64915
88.975, 3.25933, -1.64913
89, 3.25933, -1.64913
89.025, 3.25933, -1.64913
89.05, 3.26105, -1.64912
89.075, 3.2628, -1.64911
89.1, 3.2628, -1.64911
89.125, 3.2628, -1.64911
89.15, 3.2628, -1.64911
89.175, 3.26444, -1.6491
89.2, 3.26444, -1.6491
89.225, 3.26601, -1.64909
89.25, 3.26754, -1.64909
89.275, 3.269, -1.64908
89.3, 3.269, -1.64908
89.325, 3.269, -1.64908
89.35, 3.2705, -1.64908
89.375, 3.27202, -1.64908
89.4, 3.27346, -1.64908
89.425, 3.27464, -1.6491
89.45, 3.27464, -1.6491
89.475, 3.27464, -1.64913
89.5, 3.27439, -1.64916
89.525, 3.27436, -1.64919
89.55, 3.27436, -1.64919
89.575, 3.27415, -1.64921
89.6, 3.27415, -1.64921
89.625, 3.27415, -1.64921
89.65, 3.27415, -1.64921
89.675, 3.27588, -1.64922
89.7, 3.27588, -1.64922
89.725, 3.27588, -1.64922
89.75, 3.27588, -1.64922
89.775, 3.27763, -1.64924
89.8, 3.27947, -1.64925
89.825, 3.27947, -1.64925
89.85, 3.28089, -1.64925
89.875, 3.2821, -1.64925
89.9, 3.2821, -1.64925
89.925, 3.2821, -1.64925
89.95, 3.2821, -1.64925
89.975, 3.2821, -1.64925
