0, 0.00197531, 7.0503
0.025, 0.00624752, 7.08047
0.05, 0.011155, 7.15679
0.075, 0.0179166, 7.31824
0.1, 0.0261162, 7.37436
0.125, 0.043496, 7.52839
0.15, 0.0816813, 7.58707
0.175, 0.113245, 7.72334
0.2, 0.12193, 7.76463
0.225, 0.135956, 7.91534
0.25, 0.160624, 7.95267
0.275, 0.201226, 8.04969
0.3, 0.254282, 8.0874
0.325, 0.30393, 8.22239
0.35, 0.35803, 8.26777
0.375, 0.427091, 8.42207
0.4, 0.510373, 8.47614
0.425, 0.625549, 8.62621
0.45, 0.771585, 8.66661
0.475, 0.94562, 8.80505
0.5, 1.14301, 8.83343
0.525, 1.36133, 8.92444
0.55, 1.59513, 8.93684
0.575, 1.80784, 9.00178
0.6, 2.00061, 9.02019
0.625, 2.19245, 9.08832
0.65, 2.38843, 9.12297
0.675, 2.6086, 9.21104
0.7, 2.85764, 9.23635
0.725, 3.12215, 9.35421
0.75, 3.39938, 9.37595
0.775, 3.70347, 9.44229
0.8, 4.02548, 9.46006
0.825, 4.31065, 9.47975
0.85, 4.56064, 9.49368
0.875, 4.78877, 9.5103
0.9, 5.00139, 9.52001
0.925, 5.21506, 9.58316
0.95, 5.43284, 9.59735
0.975, 5.68857, 9.62126
1, 5.9749, 9.63826
1.025, 6.26379, 9.68466
1.05, 6.55814, 9.69156
1.075, 6.8314, 9.69527
1.1, 7.07791, 9.70524
1.125, 7.29833, 9.73388
1.15, 7.50294, 9.74167
1.175, 7.71348, 9.7487
1.2, 7.92562, 9.74909
1.225, 8.14548, 9.78168
1.25, 8.36942, 9.79127
1.275, 8.60092, 9.81019
1.3, 8.84275, 9.81582
1.325, 9.07206, 9.86452
1.35, 9.2909, 9.87538
1.375, 9.50952, 9.90249
1.4, 9.72237, 9.90837
1.425, 9.92466, 9.92038
1.45, 10.1217, 9.92051
1.475, 10.3175, 9.92064
1.5, 10.509, 9.92064
1.525, 10.6979, 9.92064
1.55, 10.8849, 9.92051
1.575, 11.0707, 9.92013
1.6, 11.256, 9.91987
1.625, 11.4432, 9.91514
1.65, 11.6314, 9.91514
1.675, 11.8151, 9.9154
1.7, 11.9951, 9.9154
1.725, 12.1702, 9.91552
1.75, 12.3397, 9.9154
1.775, 12.5058, 9.909
1.8, 12.6689, 9.89494
1.825, 12.8281, 9.8277
1.85, 12.9837, 9.81211
1.875, 13.1309, 9.78987
1.9, 13.2729, 9.77657
1.925, 13.4136, 9.72953
1.95, 13.548, 9.72339
1.975, 13.6667, 9.72301
2, 13.7707, 9.72314
2.025, 13.8654, 9.70447
2.05, 13.9535, 9.70141
2.075, 14.0458, 9.68134
2.1, 14.1441, 9.666
2.125, 14.2624, 9.63123
2.15, 14.3979, 9.60668
2.175, 14.5488, 9.51055
2.2, 14.7101, 9.48371
2.225, 14.8174, 9.44651
2.25, 14.8718, 9.44344
2.275, 14.8989, 9.41915
2.3, 14.8979, 9.41851
2.325, 14.8733, 9.41839
2.35, 14.8402, 9.41903
2.375, 14.8585, 9.41851
2.4, 14.9185, 9.40944
2.425, 14.9941, 9.36342
2.45, 15.0823, 9.3399
2.475, 15.15, 9.24019
2.5, 15.1918, 9.22664
2.525, 15.1938, 9.18049
2.55, 15.1661, 9.17909
2.575, 15.1201, 9.18509
2.6, 15.0537, 9.18842
2.625, 15.0046, 9.23316
2.65, 14.9745, 9.23533
2.675, 14.9654, 9.25208
2.7, 14.9746, 9.25259
2.725, 14.9786, 9.25246
2.75, 14.9753, 9.25233
2.775, 14.9591, 9.2214
2.8, 14.9331, 9.21245
2.825, 14.8938, 9.20798
2.85, 14.8439, 9.20823
2.875, 14.8051, 9.21347
2.9, 14.7762, 9.2214
2.925, 14.7525, 9.25246
2.95, 14.7363, 9.26563
2.975, 14.7362, 9.27381
3, 14.7468, 9.2747
3.025, 14.742, 9.27521
3.05, 14.7229, 9.27534
3.075, 14.7052, 9.27534
3.1, 14.6905, 9.27534
3.125, 14.6762, 9.27534
3.15, 14.6618, 9.27547
3.175, 14.6497, 9.27547
3.2, 14.6397, 9.27573
3.225, 14.6207, 9.33964
3.25, 14.5965, 9.35243
3.275, 14.5957, 9.41084
3.3, 14.6178, 9.41327
3.325, 14.6463, 9.42644
3.35, 14.6751, 9.43309
3.375, 14.7028, 9.43347
3.4, 14.7267, 9.43334
3.425, 14.7273, 9.43385
3.45, 14.7104, 9.43424
3.475, 14.6912, 9.44996
3.5, 14.6688, 9.47821
3.525, 14.6793, 9.53625
3.55, 14.7237, 9.55056
3.575, 14.789, 9.56169
3.6, 14.8738, 9.56309
3.625, 14.9414, 9.56411
3.65, 14.9863, 9.56488
3.675, 15.0021, 9.5838
3.7, 14.9933, 9.58955
3.725, 14.9674, 9.61282
3.75, 14.9268, 9.61448
3.775, 14.93, 9.61883
3.8, 14.9802, 9.621
3.825, 15.0537, 9.62777
3.85, 15.1458, 9.63212
3.875, 15.2344, 9.65999
3.9, 15.314, 9.66114
3.925, 15.3578, 9.66395
3.95, 15.3697, 9.67431
3.975, 15.3686, 9.70064
4, 15.3601, 9.7023
4.025, 15.3654, 9.7023
4.05, 15.3823, 9.70243
4.075, 15.4146, 9.70332
4.1, 15.4623, 9.7078
4.125, 15.5114, 9.74449
4.15, 15.5591, 9.74589
4.175, 15.5979, 9.74832
4.2, 15.6292, 9.75484
4.225, 15.6471, 9.82579
4.25, 15.6566, 9.83307
4.275, 15.6886, 9.84534
4.3, 15.7369, 9.84867
4.325, 15.7952, 9.84828
4.35, 15.8624, 9.84828
4.375, 15.9304, 9.84688
4.4, 16.0021, 9.84688
4.425, 16.0692, 9.84701
4.45, 16.1301, 9.84701
4.475, 16.1879, 9.84713
4.5, 16.2434, 9.84739
4.525, 16.2998, 9.84816
4.55, 16.358, 9.84816
4.575, 16.4199, 9.84765
4.6, 16.4846, 9.84765
4.625, 16.5489, 9.841
4.65, 16.6131, 9.82553
4.675, 16.6761, 9.77568
4.7, 16.7387, 9.762
4.725, 16.8039, 9.71023
4.75, 16.8688, 9.69834
4.775, 16.9197, 9.69348
4.8, 16.9562, 9.6931
4.825, 16.9833, 9.66331
4.85, 17.0039, 9.65935
4.875, 17.0121, 9.65641
4.9, 17.0097, 9.65462
4.925, 17.0272, 9.63608
4.95, 17.0649, 9.62739
4.975, 17.1164, 9.56974
5, 17.1778, 9.55005
5.025, 17.2381, 9.49176
5.05, 17.2991, 9.47323
5.075, 17.312, 9.42184
5.1, 17.2729, 9.41225
5.125, 17.2032, 9.40905
5.15, 17.1091, 9.40854
5.175, 17.1091, 9.40982
5.2, 17.0333, 9.41136
5.225, 16.9787, 9.41097
5.25, 16.9531, 9.40548
5.275, 16.9533, 9.33197
5.3, 16.9709, 9.30577
5.325, 17.0004, 9.27074
5.35, 16.9801, 9.24262
5.375, 16.912, 9.23354
5.4, 16.8202, 9.23367
5.425, 16.709, 9.23393
5.45, 16.6081, 9.23418
5.475, 16.5194, 9.23559
5.5, 16.4428, 9.23929
5.525, 16.3765, 9.23942
5.55, 16.3198, 9.23917
5.575, 16.2706, 9.22127
5.6, 16.2224, 9.21002
5.625, 16.1763, 9.16311
5.65, 16.1348, 9.14432
5.675, 16.097, 9.13677
5.7, 16.0452, 9.13652
5.725, 15.9779, 9.13652
5.75, 15.9131, 9.13728
5.775, 15.8531, 9.14636
5.8, 15.7917, 9.14674
5.825, 15.7269, 9.14649
5.85, 15.6696, 9.14304
5.875, 15.6229, 9.10776
5.9, 15.5879, 9.09638
5.925, 15.5622, 9.04998
5.95, 15.5356, 9.02479
5.975, 15.5056, 8.98823
6, 15.4562, 8.98619
6.025, 15.3902, 8.98721
6.05, 15.3224, 8.98759
6.075, 15.2513, 9.00447
6.1, 15.173, 9.01457
6.125, 15.0915, 9.03758
6.15, 15.0138, 9.03949
6.175, 14.9399, 9.04231
6.2, 14.8723, 9.04985
6.225, 14.8096, 9.05279
6.25, 14.7486, 9.05279
6.275, 14.686, 9.05381
6.3, 14.6153, 9.05943
6.325, 14.5393, 9.10993
6.35, 14.4625, 9.12629
6.375, 14.3872, 9.17027
6.4, 14.3398, 9.18612
6.425, 14.3199, 9.21692
6.45, 14.3167, 9.22562
6.475, 14.3228, 9.24096
6.5, 14.3047, 9.25323
6.525, 14.2636, 9.25374
6.55, 14.2092, 9.25527
6.575, 14.1437, 9.25668
6.6, 14.0757, 9.2655
6.625, 14.0163, 9.29388
6.65, 14.0087, 9.31932
6.675, 14.0454, 9.32366
6.7, 14.1111, 9.33402
6.725, 14.2037, 9.33824
6.75, 14.2685, 9.33824
6.775, 14.3002, 9.33939
6.8, 14.2974, 9.3569
6.825, 14.264, 9.35946
6.85, 14.2257, 9.38132
6.875, 14.1787, 9.40637
6.9, 14.1579, 9.43143
6.925, 14.1715, 9.43513
6.95, 14.2052, 9.44267
6.975, 14.2517, 9.48793
7, 14.2856, 9.49943
7.025, 14.3138, 9.53919
7.05, 14.3275, 9.5613
7.075, 14.3247, 9.59914
7.1, 14.3302, 9.60924
7.125, 14.3423, 9.6109
7.15, 14.3659, 9.6109
7.175, 14.4053, 9.6109
7.2, 14.4551, 9.6109
7.225, 14.5106, 9.61077
7.25, 14.567, 9.6109
7.275, 14.6258, 9.61499
7.3, 14.6852, 9.62535
7.325, 14.7439, 9.6596
7.35, 14.7982, 9.68479
7.375, 14.8507, 9.71035
7.4, 14.9108, 9.72071
7.425, 14.9767, 9.72148
7.45, 15.0457, 9.72148
7.475, 15.116, 9.72033
7.5, 15.1845, 9.7202
7.525, 15.2525, 9.72007
7.55, 15.3193, 9.71917
7.575, 15.3837, 9.69642
7.6, 15.452, 9.69105
7.625, 15.5242, 9.69131
7.65, 15.5869, 9.69131
7.675, 15.6416, 9.69118
7.7, 15.6924, 9.68965
7.725, 15.7382, 9.67456
7.75, 15.7835, 9.65155
7.775, 15.8286, 9.62893
7.8, 15.8782, 9.61282
7.825, 15.9362, 9.59531
7.85, 15.9967, 9.56437
7.875, 16.0543, 9.54366
7.9, 16.0972, 9.53778
7.925, 16.1256, 9.52052
7.95, 16.1323, 9.514
7.975, 16.1114, 9.514
8, 16.0713, 9.514
8.025, 16.0245, 9.51694
8.05, 16.0229, 9.51733
8.075, 16.0639, 9.4947
8.1, 16.1226, 9.47054
8.125, 16.197, 9.42248
8.15, 16.2708, 9.3771
8.175, 16.3358, 9.31944
8.2, 16.3467, 9.29234
8.225, 16.3088, 9.29119
8.25, 16.2428, 9.29145
8.275, 16.1539, 9.29234
8.3, 16.0935, 9.29298
8.325, 16.0608, 9.29337
8.35, 16.0462, 9.29158
8.375, 16.0496, 9.25463
8.4, 16.0659, 9.21846
8.425, 16.0899, 9.15109
8.45, 16.0807, 9.12054
8.475, 16.0427, 9.09663
8.5, 15.9881, 9.07797
8.525, 15.912, 9.07593
8.55, 15.8293, 9.07414
8.575, 15.7464, 9.07439
8.6, 15.6799, 9.07567
8.625, 15.6276, 9.07567
8.65, 15.579, 9.07567
8.675, 15.535, 9.05739
8.7, 15.4774, 9.04218
8.725, 15.4048, 9.0005
8.75, 15.3277, 8.99603
8.775, 15.2484, 8.96625
8.8, 15.1666, 8.96548
8.825, 15.0787, 8.96586
8.85, 14.9876, 8.96586
8.875, 14.896, 8.97468
8.9, 14.8074, 8.98401
8.925, 14.7223, 9.00025
8.95, 14.6428, 9.0138
8.975, 14.5679, 9.03527
9, 14.4932, 9.03668
9.025, 14.421, 9.03706
9.05, 14.3553, 9.03655
9.075, 14.2954, 9.03553
9.1, 14.2438, 9.02876
9.125, 14.1996, 9.01853
9.15, 14.158, 9.01853
9.175, 14.1177, 9.0193
9.2, 14.082, 9.02288
9.225, 14.0513, 9.04435
9.25, 14.0139, 9.0478
9.275, 13.9687, 9.0749
9.3, 13.9247, 9.07823
9.325, 13.8849, 9.07848
9.35, 13.8464, 9.07848
9.375, 13.8065, 9.07835
9.4, 13.768, 9.07835
9.425, 13.732, 9.08027
9.45, 13.7072, 9.08769
9.475, 13.6954, 9.09996
9.5, 13.6995, 9.11044
9.525, 13.7197, 9.14432
9.55, 13.7428, 9.15199
9.575, 13.7648, 9.15608
9.6, 13.7516, 9.15812
9.625, 13.7022, 9.19059
9.65, 13.6267, 9.20977
9.675, 13.5272, 9.25105
9.7, 13.4545, 9.26576
9.725, 13.4122, 9.2894
9.75, 13.4076, 9.31957
9.775, 13.4405, 9.34603
9.8, 13.4927, 9.3716
9.825, 13.5604, 9.4019
9.85, 13.5999, 9.41072
9.875, 13.6083, 9.46709
9.9, 13.5885, 9.48345
9.925, 13.5441, 9.51452
9.95, 13.5152, 9.53305
9.975, 13.507, 9.56527
10, 13.5312, 9.56629
10.025, 13.5834, 9.56629
10.05, 13.6518, 9.56667
10.075, 13.7363, 9.56731
10.1, 13.8162, 9.58444
10.125, 13.8873, 9.63097
10.15, 13.944, 9.63647
10.175, 13.9901, 9.67673
10.2, 14.0315, 9.70409
10.225, 14.0704, 9.73349
10.25, 14.1306, 9.74704
10.275, 14.2063, 9.74717
10.3, 14.2826, 9.74704
10.325, 14.3631, 9.74627
10.35, 14.4462, 9.74231
10.375, 14.5294, 9.74155
10.4, 14.6055, 9.74116
10.425, 14.6762, 9.74103
10.45, 14.7471, 9.74142
10.475, 14.8174, 9.74206
10.5, 14.8887, 9.74244
10.525, 14.9613, 9.74436
10.55, 15.0351, 9.74551
10.575, 15.1099, 9.74615
10.6, 15.1863, 9.74615
10.625, 15.2647, 9.74615
10.65, 15.3448, 9.74589
10.675, 15.4266, 9.7363
10.7, 15.5084, 9.72966
10.725, 15.5891, 9.70537
10.75, 15.6581, 9.69067
10.775, 15.7121, 9.69041
10.8, 15.7453, 9.6908
10.825, 15.7645, 9.69233
10.85, 15.7918, 9.6922
10.875, 15.8263, 9.69233
10.9, 15.8716, 9.69195
10.925, 15.9278, 9.65526
10.95, 15.9957, 9.63532
10.975, 16.0724, 9.60221
11, 16.1216, 9.58955
11.025, 16.1396, 9.57089
11.05, 16.1349, 9.57012
11.075, 16.1117, 9.57012
11.1, 16.0816, 9.57204
11.125, 16.0447, 9.57294
11.15, 16.0492, 9.57294
11.175, 16.0991, 9.55581
11.2, 16.1684, 9.53944
11.225, 16.2536, 9.50071
11.25, 16.3189, 9.47208
11.275, 16.3573, 9.40522
11.3, 16.3649, 9.37377
11.325, 16.3461, 9.35588
11.35, 16.3006, 9.35498
11.375, 16.2319, 9.35447
11.4, 16.1899, 9.35485
11.425, 16.1736, 9.356
11.45, 16.1608, 9.35588
11.475, 16.1534, 9.356
11.5, 16.147, 9.35549
11.525, 16.1381, 9.32098
11.55, 16.1239, 9.29861
11.575, 16.1048, 9.27279
11.6, 16.0719, 9.25157
11.625, 16.03, 9.22242
11.65, 15.9933, 9.21539
11.675, 15.9588, 9.19404
11.7, 15.9324, 9.19327
11.725, 15.9124, 9.18024
11.75, 15.889, 9.17972
11.775, 15.8638, 9.17972
11.8, 15.8273, 9.17755
11.825, 15.7787, 9.17129
11.85, 15.7277, 9.14189
11.875, 15.6751, 9.11389
11.9, 15.6157, 9.09421
11.925, 15.5554, 9.07017
11.95, 15.4974, 9.06928
11.975, 15.435, 9.05023
12, 15.3734, 9.04627
12.025, 15.3122, 9.04358
12.05, 15.2601, 9.04269
12.075, 15.2198, 9.04422
12.1, 15.1851, 9.04461
12.125, 15.1555, 9.03937
12.15, 15.1189, 9.01636
12.175, 15.0725, 8.98159
12.2, 15.0013, 8.96062
12.225, 14.9124, 8.95832
12.25, 14.8175, 8.95679
12.275, 14.7145, 8.95679
12.3, 14.6398, 8.95704
12.325, 14.5932, 8.97328
12.35, 14.5551, 8.9743
12.375, 14.5244, 8.98184
12.4, 14.4909, 8.98989
12.425, 14.4495, 9.00063
12.45, 14.3894, 9.0083
12.475, 14.3142, 9.01431
12.5, 14.2271, 9.01431
12.525, 14.1296, 9.0184
12.55, 14.0612, 9.02658
12.575, 14.0237, 9.03655
12.6, 14.0043, 9.04358
12.625, 13.9989, 9.07631
12.65, 13.9933, 9.09715
12.675, 13.984, 9.14099
12.7, 13.9413, 9.14853
12.725, 13.87, 9.18931
12.75, 13.7871, 9.20082
12.775, 13.6931, 9.23239
12.8, 13.6253, 9.2531
12.825, 13.5878, 9.25757
12.85, 13.5826, 9.26371
12.875, 13.6041, 9.2646
12.9, 13.633, 9.26627
12.925, 13.6704, 9.30193
12.95, 13.6707, 9.32354
12.975, 13.6329, 9.35869
13, 13.5941, 9.39947
13.025, 13.5555, 9.42018
13.05, 13.5374, 9.43628
13.075, 13.542, 9.44204
13.1, 13.5629, 9.44293
13.125, 13.5974, 9.44293
13.15, 13.6389, 9.44319
13.175, 13.6881, 9.44804
13.2, 13.7341, 9.44843
13.225, 13.7759, 9.46773
13.25, 13.8149, 9.48332
13.275, 13.8498, 9.5241
13.3, 13.8861, 9.54162
13.325, 13.9284, 9.55389
13.35, 13.9821, 9.55798
13.375, 14.0428, 9.58572
13.4, 14.1001, 9.58738
13.425, 14.1542, 9.58994
13.45, 14.2063, 9.59326
13.475, 14.2593, 9.59352
13.5, 14.3168, 9.5939
13.525, 14.3753, 9.5939
13.55, 14.4311, 9.5939
13.575, 14.485, 9.59416
13.6, 14.5275, 9.60553
13.625, 14.5594, 9.64657
13.65, 14.5856, 9.67725
13.675, 14.6078, 9.69898
13.7, 14.6519, 9.69974
13.725, 14.7168, 9.69974
13.75, 14.7929, 9.69962
13.775, 14.8821, 9.69923
13.8, 14.9787, 9.69719
13.825, 15.0791, 9.65705
13.85, 15.1587, 9.65449
13.875, 15.2134, 9.65462
13.9, 15.2487, 9.65488
13.925, 15.269, 9.6605
13.95, 15.2976, 9.67009
13.975, 15.34, 9.68504
14, 15.4072, 9.68568
14.025, 15.4962, 9.6853
14.05, 15.5862, 9.67482
14.075, 15.6766, 9.65066
14.1, 15.7367, 9.61985
14.125, 15.7615, 9.60745
14.15, 15.7589, 9.60617
14.175, 15.7346, 9.60604
14.2, 15.7208, 9.60707
14.225, 15.7202, 9.61192
14.25, 15.7469, 9.61627
14.275, 15.7986, 9.61627
14.3, 15.8623, 9.61371
14.325, 15.9356, 9.6063
14.35, 15.9892, 9.56501
14.375, 16.0203, 9.54443
14.4, 16.0276, 9.52385
14.425, 16.016, 9.49943
14.45, 16.0086, 9.48767
14.475, 16.0027, 9.4832
14.5, 15.9999, 9.4786
14.525, 16.0046, 9.46479
14.55, 16.0177, 9.46415
14.575, 16.0367, 9.43347
14.6, 16.0559, 9.42299
14.625, 16.0715, 9.4088
14.65, 16.0677, 9.37659
14.675, 16.0478, 9.35805
14.7, 16.0169, 9.33709
14.725, 15.9766, 9.32405
14.75, 15.9474, 9.31075
14.775, 15.9268, 9.27662
14.8, 15.9112, 9.25809
14.825, 15.9018, 9.24262
14.85, 15.8843, 9.23597
14.875, 15.8589, 9.23508
14.9, 15.8305, 9.22983
14.925, 15.7994, 9.20593
14.95, 15.772, 9.18931
14.975, 15.7452, 9.13383
15, 15.7173, 9.10418
15.025, 15.691, 9.05266
15.05, 15.6543, 9.03106
15.075, 15.6095, 9.00536
15.1, 15.562, 8.98695
15.125, 15.5088, 8.98606
15.15, 15.4472, 8.98644
15.175, 15.3782, 8.98657
15.2, 15.3169, 8.98938
15.225, 15.2615, 8.98913
15.25, 15.1918, 8.98772
15.275, 15.1087, 8.98018
15.3, 15.0202, 8.98005
15.325, 14.927, 8.95909
15.35, 14.8367, 8.95116
15.375, 14.755, 8.9302
15.4, 14.7053, 8.92879
15.425, 14.6825, 8.92802
15.45, 14.6683, 8.92508
15.475, 14.6609, 8.92521
15.5, 14.6299, 8.9256
15.525, 14.5725, 8.92815
15.55, 14.4856, 8.92841
15.575, 14.3712, 8.96791
15.6, 14.2418, 8.9789
15.625, 14.1019, 8.99232
15.65, 14.007, 9.01137
15.675, 13.9579, 9.01239
15.7, 13.9292, 9.01303
15.725, 13.9139, 9.01303
15.75, 13.8843, 9.01303
15.775, 13.8416, 9.02415
15.8, 13.7759, 9.03706
15.825, 13.6874, 9.10954
15.85, 13.5847, 9.14547
15.875, 13.4735, 9.198
15.9, 13.4025, 9.23201
15.925, 13.371, 9.24134
15.95, 13.3657, 9.24658
15.975, 13.3859, 9.24684
16, 13.4111, 9.24709
16.025, 13.4352, 9.26576
16.05, 13.442, 9.28122
16.075, 13.4341, 9.31523
16.1, 13.4262, 9.34539
16.125, 13.42, 9.37697
16.15, 13.4269, 9.40317
16.175, 13.4467, 9.40995
16.2, 13.4891, 9.42133
16.225, 13.5531, 9.42439
16.25, 13.6093, 9.42452
16.275, 13.6581, 9.42465
16.3, 13.7035, 9.42452
16.325, 13.745, 9.42503
16.35, 13.7856, 9.42593
16.375, 13.8255, 9.4336
16.4, 13.8629, 9.45789
16.425, 13.897, 9.49278
16.45, 13.9279, 9.5103
16.475, 13.9574, 9.54328
16.5, 13.9876, 9.56271
16.525, 14.0189, 9.56782
16.55, 14.0617, 9.58355
16.575, 14.1119, 9.59607
16.6, 14.1636, 9.59633
16.625, 14.2191, 9.59671
16.65, 14.2648, 9.59684
16.675, 14.3005, 9.59761
16.7, 14.3345, 9.60119
16.725, 14.368, 9.62215
16.75, 14.3961, 9.64899
16.775, 14.4207, 9.66894
16.8, 14.4769, 9.67494
16.825, 14.5651, 9.67584
16.85, 14.6688, 9.67584
16.875, 14.7854, 9.67482
16.9, 14.8961, 9.66625
16.925, 14.9939, 9.63417
16.95, 15.0508, 9.61755
16.975, 15.0754, 9.61192
17, 15.0777, 9.6118
17.025, 15.0547, 9.61397
17.05, 15.0705, 9.62995
17.075, 15.1327, 9.63302
17.1, 15.2299, 9.63302
17.125, 15.3558, 9.63276
17.15, 15.4809, 9.63212
17.175, 15.5983, 9.61627
17.2, 15.6708, 9.5769
17.225, 15.7003, 9.53561
17.25, 15.6998, 9.51886
17.275, 15.6773, 9.51835
17.3, 15.665, 9.51848
17.325, 15.664, 9.51861
17.35, 15.6818, 9.51899
17.375, 15.7168, 9.51861
17.4, 15.7622, 9.5181
17.425, 15.8159, 9.50339
17.45, 15.8493, 9.49061
17.475, 15.862, 9.47744
17.5, 15.861, 9.46262
17.525, 15.847, 9.41378
17.55, 15.839, 9.38592
17.575, 15.8382, 9.3647
17.6, 15.8325, 9.35281
17.625, 15.8177, 9.34642
17.65, 15.8025, 9.33977
17.675, 15.7888, 9.339
17.7, 15.7678, 9.33248
17.725, 15.7409, 9.33248
17.75, 15.7094, 9.3243
17.775, 15.6724, 9.30999
17.8, 15.6373, 9.28992
17.825, 15.6057, 9.24019
17.85, 15.5804, 9.22229
17.875, 15.5607, 9.18663
17.9, 15.5439, 9.17615
17.925, 15.5284, 9.14559
17.95, 15.5088, 9.13
17.975, 15.4853, 9.11709
18, 15.4513, 9.11619
18.025, 15.4099, 9.1043
18.05, 15.376, 9.1043
18.075, 15.3443, 9.09127
18.1, 15.2991, 9.07644
18.125, 15.2414, 9.06199
18.15, 15.1735, 9.04959
18.175, 15.0994, 9.0432
18.2, 15.0359, 9.0409
18.225, 14.9823, 9.01188
18.25, 14.9488, 9.00984
18.275, 14.9318, 9.00805
18.3, 14.9097, 9.00715
18.325, 14.8816, 9.00766
18.35, 14.8248, 9.00792
18.375, 14.7408, 9.00805
18.4, 14.6475, 9.0092
18.425, 14.5451, 9.00881
18.45, 14.4551, 9.00894
18.475, 14.3827, 9.00805
18.5, 14.3386, 8.99526
18.525, 14.319, 8.98964
18.55, 14.3036, 8.97788
18.575, 14.2932, 8.97021
18.6, 14.2564, 8.96816
18.625, 14.1879, 8.97404
18.65, 14.1016, 8.9959
18.675, 13.9986, 9.01776
18.7, 13.8977, 9.02492
18.725, 13.8029, 9.04678
18.75, 13.7297, 9.04972
18.775, 13.68, 9.05816
18.8, 13.6493, 9.0588
18.825, 13.635, 9.05854
18.85, 13.6138, 9.05841
18.875, 13.5828, 9.05854
18.9, 13.5419, 9.0657
18.925, 13.4926, 9.08091
18.95, 13.4423, 9.10712
18.975, 13.3914, 9.16068
19, 13.3457, 9.17934
19.025, 13.3058, 9.18829
19.05, 13.2834, 9.19519
19.075, 13.2775, 9.20069
19.1, 13.2777, 9.20977
19.125, 13.2843, 9.2113
19.15, 13.2951, 9.21232
19.175, 13.3088, 9.21718
19.2, 13.3178, 9.22932
19.225, 13.3229, 9.26946
19.25, 13.3331, 9.29286
19.275, 13.3468, 9.3252
19.3, 13.3673, 9.34693
19.325, 13.3945, 9.36304
19.35, 13.4242, 9.38119
19.375, 13.4559, 9.38681
19.4, 13.4786, 9.38681
19.425, 13.4925, 9.39346
19.45, 13.5023, 9.41059
19.475, 13.5105, 9.41302
19.5, 13.5344, 9.41583
19.525, 13.5722, 9.44293
19.55, 13.6004, 9.45776
19.575, 13.6225, 9.52167
19.6, 13.6511, 9.54251
19.625, 13.6845, 9.57178
19.65, 13.7408, 9.57997
19.675, 13.8191, 9.58035
19.7, 13.9086, 9.58035
19.725, 14.009, 9.58009
19.75, 14.0912, 9.57485
19.775, 14.152, 9.57409
19.8, 14.1954, 9.57409
19.825, 14.2222, 9.57472
19.85, 14.2442, 9.57498
19.875, 14.2878, 9.60579
19.9, 14.3564, 9.61729
19.925, 14.4283, 9.64324
19.95, 14.5232, 9.64529
19.975, 14.6352, 9.64529
20, 14.7317, 9.6449
20, 14.789, 9.63008
20.025, 14.8062, 9.62944
20.05, 14.8187, 9.62944
20.075, 14.8328, 9.62944
20.1, 14.8635, 9.62944
20.125, 14.9163, 9.62944
20.15, 15.0607, 9.62918
20.175, 15.2292, 9.62752
20.2, 15.3913, 9.61934
20.225, 15.4775, 9.60438
20.25, 15.5195, 9.6017
20.275, 15.5401, 9.59812
20.3, 15.5122, 9.58943
20.325, 15.475, 9.5893
20.35, 15.4446, 9.58917
20.375, 15.5174, 9.58661
20.4, 15.622, 9.58329
20.425, 15.7279, 9.57907
20.45, 15.851, 9.56961
20.475, 15.9656, 9.56424
20.5, 16.0717, 9.55197
20.525, 16.1277, 9.54238
20.55, 16.1565, 9.53919
20.575, 16.1717, 9.53535
20.6, 16.1892, 9.53024
20.625, 16.1935, 9.525
20.65, 16.1935, 9.51771
20.675, 16.1968, 9.51631
20.7, 16.1972, 9.50774
20.725, 16.2162, 9.50646
20.75, 16.243, 9.50186
20.775, 16.2464, 9.49688
20.8, 16.2392, 9.49099
20.825, 16.227, 9.48703
20.85, 16.2181, 9.48384
20.875, 16.1958, 9.48256
20.9, 16.1674, 9.48026
20.925, 16.1442, 9.47911
20.95, 16.125, 9.47093
20.975, 16.1075, 9.46441
21, 16.0859, 9.4561
21.025, 16.1133, 9.4529
21.05, 16.16, 9.4428
21.075, 16.2297, 9.43539
21.1, 16.3005, 9.42695
21.125, 16.3371, 9.41621
21.15, 16.3551, 9.40752
21.175, 16.3086, 9.40343
21.2, 16.2418, 9.39576
21.225, 16.1622, 9.3932
21.25, 16.0758, 9.39244
21.275, 16.0691, 9.39231
21.3, 16.0955, 9.39014
21.325, 16.1781, 9.38822
21.35, 16.2766, 9.36866
21.375, 16.3643, 9.36291
21.4, 16.4176, 9.34885
21.425, 16.3277, 9.34412
21.45, 16.1789, 9.34386
21.475, 15.9947, 9.34399
21.5, 15.8113, 9.34437
21.525, 15.6873, 9.34476
21.55, 15.594, 9.34514
21.575, 15.574, 9.34527
21.6, 15.5823, 9.34501
21.625, 15.611, 9.34488
21.65, 15.6314, 9.34437
21.675, 15.5825, 9.34194
21.7, 15.5107, 9.34182
21.725, 15.4148, 9.34169
21.75, 15.3151, 9.3422
21.775, 15.2364, 9.3422
21.8, 15.1698, 9.3422
21.825, 15.1327, 9.34233
21.85, 15.1083, 9.34245
21.875, 15.0948, 9.34271
21.9, 15.0852, 9.34424
21.925, 15.0497, 9.3445
21.95, 15.0047, 9.34693
21.975, 14.9504, 9.34757
22, 14.8953, 9.34949
22.025, 14.848, 9.35089
22.05, 14.8098, 9.35191
22.075, 14.8031, 9.35447
22.1, 14.8073, 9.35613
22.125, 14.8221, 9.35639
22.15, 14.8396, 9.35652
22.175, 14.8632, 9.35652
22.2, 14.8894, 9.35652
22.225, 14.9173, 9.35652
22.25, 14.9448, 9.35639
22.275, 14.9694, 9.35626
22.3, 14.9887, 9.35575
22.325, 14.9867, 9.35562
22.35, 14.9771, 9.35575
22.375, 14.9642, 9.35575
22.4, 14.9505, 9.35562
22.425, 14.9446, 9.35562
22.45, 14.9426, 9.35396
22.475, 14.9494, 9.35217
22.5, 14.9602, 9.35191
22.525, 14.9713, 9.35191
22.55, 14.9805, 9.35064
22.575, 14.9539, 9.34987
22.6, 14.9152, 9.34949
22.625, 14.8658, 9.34949
22.65, 14.8141, 9.34936
22.675, 14.7977, 9.34936
22.7, 14.8032, 9.34936
22.725, 14.8691, 9.34936
22.75, 14.9535, 9.34744
22.775, 15.0455, 9.34437
22.8, 15.1364, 9.33683
22.825, 15.1109, 9.33299
22.85, 15.0385, 9.33184
22.875, 14.913, 9.33184
22.9, 14.7693, 9.3321
22.925, 14.6594, 9.3321
22.95, 14.5826, 9.33223
22.975, 14.6064, 9.33236
23, 14.6647, 9.33236
23.025, 14.7514, 9.33236
23.05, 14.845, 9.33133
23.075, 14.8592, 9.33108
23.1, 14.8388, 9.32942
23.125, 14.7687, 9.32942
23.15, 14.6819, 9.32916
23.175, 14.5854, 9.32916
23.2, 14.5002, 9.32916
23.225, 14.4829, 9.32942
23.25, 14.492, 9.32967
23.275, 14.5277, 9.32967
23.3, 14.5708, 9.32942
23.325, 14.5817, 9.32954
23.35, 14.5766, 9.32942
23.375, 14.5406, 9.32942
23.4, 14.4952, 9.32967
23.425, 14.446, 9.3298
23.45, 14.3971, 9.3298
23.475, 14.3893, 9.33031
23.5, 14.3977, 9.33057
23.525, 14.422, 9.33082
23.55, 14.4506, 9.33108
23.575, 14.4753, 9.33133
23.6, 14.4954, 9.33172
23.625, 14.4978, 9.33172
23.65, 14.4935, 9.3321
23.675, 14.4838, 9.33236
23.7, 14.4729, 9.33389
23.725, 14.4883, 9.3344
23.75, 14.5146, 9.33606
23.775, 14.5532, 9.33657
23.8, 14.594, 9.34066
23.825, 14.6317, 9.3422
23.85, 14.6654, 9.34284
23.875, 14.6939, 9.34309
23.9, 14.7211, 9.34348
23.925, 14.746, 9.3436
23.95, 14.7683, 9.34373
23.975, 14.7582, 9.34386
24, 14.7346, 9.34463
24.025, 14.6897, 9.34527
24.05, 14.6385, 9.34757
24.075, 14.5889, 9.34846
24.1, 14.5582, 9.3523
24.125, 14.6108, 9.35473
24.15, 14.6936, 9.35562
24.175, 14.8009, 9.35575
24.2, 14.909, 9.35575
24.225, 14.9522, 9.35575
24.25, 14.9645, 9.35562
24.275, 14.915, 9.35575
24.3, 14.8442, 9.35575
24.325, 14.7583, 9.35575
24.35, 14.6707, 9.35575
24.375, 14.7019, 9.35588
24.4, 14.7764, 9.356
24.425, 14.8894, 9.35588
24.45, 15.0125, 9.35575
24.475, 15.0919, 9.35562
24.5, 15.1404, 9.35549
24.525, 15.1061, 9.35447
24.55, 15.0436, 9.35421
24.575, 14.9571, 9.35421
24.6, 14.8647, 9.35421
24.625, 14.8423, 9.35434
24.65, 14.8497, 9.35396
24.675, 14.8953, 9.35383
24.7, 14.9529, 9.35268
24.725, 14.9991, 9.35153
24.75, 15.0317, 9.35012
24.775, 15.0158, 9.34718
24.8, 14.983, 9.3468
24.825, 14.9326, 9.34667
24.85, 14.8807, 9.34655
24.875, 14.8473, 9.34667
24.9, 14.8221, 9.3468
24.925, 14.8092, 9.3468
24.95, 14.8012, 9.34693
24.975, 14.7994, 9.3468
25, 14.7961, 9.3468
25.025, 14.7754, 9.34667
25.05, 14.7499, 9.34667
25.075, 14.7236, 9.3468
25.1, 14.6974, 9.3468
25.125, 14.6839, 9.3468
25.15, 14.6771, 9.34706
25.175, 14.6868, 9.34706
25.2, 14.7026, 9.34718
25.225, 14.7298, 9.34718
25.25, 14.7596, 9.34718
25.275, 14.7655, 9.34693
25.3, 14.7623, 9.34693
25.325, 14.7536, 9.3468
25.35, 14.7441, 9.34642
25.375, 14.7351, 9.34642
25.4, 14.7262, 9.34655
25.425, 14.7121, 9.34655
25.45, 14.6961, 9.34667
25.475, 14.6825, 9.34655
25.5, 14.6706, 9.34655
25.525, 14.6957, 9.34655
25.55, 14.7345, 9.34655
25.575, 14.7855, 9.34642
25.6, 14.8391, 9.34539
25.625, 14.8786, 9.34463
25.65, 14.8999, 9.33798
25.675, 14.8484, 9.33363
25.7, 14.7743, 9.33351
25.725, 14.6801, 9.33363
25.75, 14.582, 9.33376
25.775, 14.5955, 9.33389
25.8, 14.6578, 9.33376
25.825, 14.7927, 9.33325
25.85, 14.9479, 9.32558
25.875, 15.1108, 9.31523
25.9, 15.2438, 9.305
25.925, 15.2213, 9.30116
25.95, 15.1433, 9.3004
25.975, 15.0259, 9.3004
26, 14.9012, 9.30078
26.025, 14.7995, 9.30091
26.05, 14.715, 9.30104
26.075, 14.6819, 9.30129
26.1, 14.6674, 9.3018
26.125, 14.6727, 9.30206
26.15, 14.6849, 9.30257
26.175, 14.6719, 9.30257
26.2, 14.6498, 9.30295
26.225, 14.6188, 9.30347
26.25, 14.5859, 9.30462
26.275, 14.5628, 9.30564
26.3, 14.5462, 9.30845
26.325, 14.5427, 9.30986
26.35, 14.543, 9.31088
26.375, 14.5533, 9.31114
26.4, 14.5681, 9.31165
26.425, 14.577, 9.31216
26.45, 14.5835, 9.3128
26.475, 14.5907, 9.31408
26.5, 14.5965, 9.3165
26.525, 14.6027, 9.31702
26.55, 14.6104, 9.31804
26.575, 14.6255, 9.31944
26.6, 14.6438, 9.32341
26.625, 14.6616, 9.32443
26.65, 14.6757, 9.32494
26.675, 14.6907, 9.32507
26.7, 14.7094, 9.32532
26.725, 14.7252, 9.32545
26.75, 14.738, 9.32584
26.775, 14.7512, 9.32596
26.8, 14.7603, 9.32609
26.825, 14.743, 9.32609
26.85, 14.7163, 9.32622
26.875, 14.6835, 9.32648
26.9, 14.6505, 9.32724
26.925, 14.6601, 9.32852
26.95, 14.6898, 9.32865
26.975, 14.7588, 9.32878
27, 14.8383, 9.3289
27.025, 14.9252, 9.3289
27.05, 15.012, 9.32878
27.075, 15.0191, 9.32878
27.1, 14.9949, 9.32865
27.125, 14.9374, 9.32865
27.15, 14.87, 9.32865
27.175, 14.8327, 9.32865
27.2, 14.8172, 9.32878
27.225, 14.8642, 9.3289
27.25, 14.9319, 9.32878
27.275, 15.0135, 9.32878
27.3, 15.0966, 9.32878
27.325, 15.0802, 9.32852
27.35, 15.0242, 9.32827
27.375, 14.9206, 9.32839
27.4, 14.8031, 9.32839
27.425, 14.6998, 9.32852
27.45, 14.6157, 9.32852
27.475, 14.6004, 9.32865
27.5, 14.6105, 9.32865
27.525, 14.6444, 9.32852
27.55, 14.6857, 9.32852
27.575, 14.7023, 9.32839
27.6, 14.7068, 9.32839
27.625, 14.6897, 9.32827
27.65, 14.6656, 9.32814
27.675, 14.6358, 9.32827
27.7, 14.6068, 9.32839
27.725, 14.5895, 9.32839
27.75, 14.5775, 9.32839
27.775, 14.5723, 9.32852
27.8, 14.5696, 9.32865
27.825, 14.5573, 9.32865
27.85, 14.5401, 9.32878
27.875, 14.5124, 9.32878
27.9, 14.4818, 9.32929
27.925, 14.4513, 9.32942
27.95, 14.4216, 9.32954
27.975, 14.4248, 9.32993
28, 14.4408, 9.33082
28.025, 14.4705, 9.33095
28.05, 14.5039, 9.33108
28.075, 14.5351, 9.33133
28.1, 14.5639, 9.33146
28.125, 14.5833, 9.33184
28.15, 14.5985, 9.33197
28.175, 14.6101, 9.33197
28.2, 14.6204, 9.3321
28.225, 14.6066, 9.3321
28.25, 14.5836, 9.33261
28.275, 14.5529, 9.33299
28.3, 14.5203, 9.33325
28.325, 14.5001, 9.33351
28.35, 14.4955, 9.33504
28.375, 14.5528, 9.33645
28.4, 14.6307, 9.33734
28.425, 14.7261, 9.33747
28.45, 14.8226, 9.33772
28.475, 14.8525, 9.33772
28.5, 14.8526, 9.33772
28.525, 14.799, 9.33772
28.55, 14.7279, 9.33772
28.575, 14.6482, 9.33785
28.6, 14.5897, 9.33785
28.625, 14.6435, 9.33785
28.65, 14.7355, 9.33798
28.675, 14.8585, 9.33785
28.7, 14.9882, 9.33785
28.725, 15.0428, 9.33772
28.75, 15.0546, 9.33747
28.775, 14.9732, 9.3376
28.8, 14.8617, 9.3376
28.825, 14.7237, 9.3376
28.85, 14.5815, 9.33785
28.875, 14.5395, 9.33798
28.9, 14.538, 9.33811
28.925, 14.5827, 9.33862
28.95, 14.6422, 9.33875
28.975, 14.6843, 9.33875
29, 14.7103, 9.33875
29.025, 14.6853, 9.33888
29.05, 14.643, 9.339
29.075, 14.5876, 9.33926
29.1, 14.5291, 9.33964
29.125, 14.5046, 9.34578
29.15, 14.4957, 9.34718
29.175, 14.5151, 9.34718
29.2, 14.5399, 9.34731
29.225, 14.5625, 9.34731
29.25, 14.5798, 9.34744
29.275, 14.5648, 9.34744
29.3, 14.5377, 9.34757
29.325, 14.5011, 9.34757
29.35, 14.4637, 9.34782
29.375, 14.4531, 9.34859
29.4, 14.455, 9.35102
29.425, 14.4787, 9.35575
29.45, 14.5099, 9.35664
29.475, 14.5548, 9.3569
29.5, 14.5976, 9.3569
29.525, 14.6331, 9.3569
29.55, 14.6682, 9.3569
29.575, 14.7024, 9.35677
29.6, 14.7335, 9.35664
29.625, 14.7611, 9.35652
29.65, 14.7869, 9.35652
29.675, 14.8071, 9.35652
29.7, 14.8244, 9.35626
29.725, 14.8393, 9.356
29.75, 14.8526, 9.35588
29.775, 14.8832, 9.35588
29.8, 14.9196, 9.35575
29.825, 14.9606, 9.35498
29.85, 15.0023, 9.35306
29.875, 15.019, 9.34936
29.9, 15.0196, 9.34923
29.925, 14.9722, 9.34693
29.95, 14.915, 9.34693
29.975, 14.8473, 9.34693
30, 14.7767, 9.34693
30, 14.7829, 9.34693
30.025, 14.8214, 9.34744
30.05, 14.9016, 9.34795
30.075, 14.9939, 9.3491
30.1, 15.0938, 9.35153
30.125, 15.1728, 9.3546
30.15, 15.1302, 9.3569
30.175, 15.0487, 9.3762
30.2, 14.9385, 9.38962
30.225, 14.8187, 9.41378
30.25, 14.777, 9.42567
30.275, 14.7832, 9.44702
30.3, 14.8484, 9.46095
30.325, 14.9396, 9.46159
30.35, 15.0641, 9.46747
30.375, 15.1874, 9.47335
30.4, 15.2035, 9.4754
30.425, 15.1873, 9.49394
30.45, 15.1176, 9.50697
30.475, 15.0378, 9.52244
30.5, 15.0206, 9.53497
30.525, 15.0233, 9.55146
30.55, 15.0801, 9.55772
30.575, 15.1525, 9.56296
30.6, 15.2286, 9.56795
30.625, 15.3074, 9.58738
30.65, 15.3513, 9.59313
30.675, 15.385, 9.59812
30.7, 15.4135, 9.59965
30.725, 15.4304, 9.61397
30.75, 15.4538, 9.62113
30.775, 15.4787, 9.63033
30.8, 15.5301, 9.64388
30.825, 15.5948, 9.65628
30.85, 15.6592, 9.65692
30.875, 15.7162, 9.65897
30.9, 15.7742, 9.66446
30.925, 15.8318, 9.6798
30.95, 15.8766, 9.68862
30.975, 15.9106, 9.69438
31, 15.9358, 9.7032
31.025, 15.9591, 9.71061
31.05, 15.9933, 9.71777
31.075, 16.0334, 9.7248
31.1, 16.0562, 9.73285
31.125, 16.0732, 9.74551
31.15, 16.1264, 9.74602
31.175, 16.1904, 9.75024
31.2, 16.2868, 9.75343
31.225, 16.3961, 9.76404
31.25, 16.5087, 9.76813
31.275, 16.6125, 9.77363
31.3, 16.6661, 9.77414
31.325, 16.7033, 9.7744
31.35, 16.7317, 9.77606
31.375, 16.7565, 9.78041
31.4, 16.8179, 9.78935
31.425, 16.902, 9.80316
31.45, 17.063, 9.80354
31.475, 17.2509, 9.80367
31.5, 17.4519, 9.80367
31.525, 17.6479, 9.80367
31.55, 17.7181, 9.80367
31.575, 17.7385, 9.8038
31.6, 17.7056, 9.8038
31.625, 17.6547, 9.8038
31.65, 17.6225, 9.80405
31.675, 17.6118, 9.80457
31.7, 17.6839, 9.80482
31.725, 17.7837, 9.80572
31.75, 17.907, 9.80623
31.775, 18.0348, 9.80648
31.8, 18.0549, 9.80661
31.825, 18.0284, 9.80712
31.85, 17.9401, 9.80751
31.875, 17.8319, 9.83154
31.9, 17.705, 9.84164
31.925, 17.5865, 9.85851
31.95, 17.5894, 9.87002
31.975, 17.6307, 9.87717
32, 17.7192, 9.87756
32.025, 17.828, 9.87794
32.05, 17.915, 9.87794
32.075, 17.9818, 9.87845
32.1, 18.008, 9.87884
32.125, 18.0217, 9.87896
32.15, 18.0278, 9.87948
32.175, 18.0303, 9.88778
32.2, 18.0561, 9.89379
32.225, 18.0914, 9.89763
32.25, 18.1407, 9.89967
32.275, 18.192, 9.90287
32.3, 18.237, 9.90977
32.325, 18.2738, 9.91616
32.35, 18.2951, 9.91706
32.375, 18.3137, 9.91821
32.4, 18.3287, 9.92153
32.425, 18.3427, 9.93227
32.45, 18.3786, 9.93534
32.475, 18.4183, 9.93572
32.5, 18.4492, 9.93572
32.525, 18.4744, 9.93598
32.55, 18.5247, 9.9361
32.575, 18.5834, 9.93623
32.6, 18.6395, 9.93636
32.625, 18.693, 9.937
32.65, 18.7474, 9.93726
32.675, 18.7998, 9.93751
32.7, 18.8209, 9.93764
32.725, 18.8279, 9.93802
32.75, 18.8125, 9.93841
32.775, 18.7898, 9.93917
32.8, 18.7649, 9.94863
32.825, 18.7517, 9.96333
32.85, 18.8016, 9.96563
32.875, 18.8749, 9.96768
32.9, 18.9579, 9.96896
32.925, 19.0419, 9.96972
32.95, 19.0804, 9.96985
32.975, 19.0963, 9.96985
33, 19.0559, 9.96985
33.025, 18.9964, 9.96998
33.05, 18.9282, 9.97011
33.075, 18.8597, 9.97088
33.1, 18.9254, 9.97266
33.125, 19.0402, 9.97292
33.15, 19.1968, 9.97292
33.175, 19.3622, 9.97292
33.2, 19.4742, 9.97279
33.225, 19.5492, 9.97266
33.25, 19.5247, 9.97266
33.275, 19.4652, 9.97266
33.3, 19.3763, 9.97266
33.325, 19.2804, 9.97279
33.35, 19.2695, 9.97279
33.375, 19.294, 9.97292
33.4, 19.3631, 9.97292
33.425, 19.4456, 9.97292
33.45, 19.5248, 9.97292
33.475, 19.5862, 9.97292
33.5, 19.5669, 9.97292
33.525, 19.5202, 9.97292
33.55, 19.4501, 9.97292
33.575, 19.374, 9.97292
33.6, 19.3372, 9.97305
33.625, 19.3198, 9.97305
33.65, 19.3397, 9.97318
33.675, 19.3718, 9.9733
33.7, 19.4132, 9.97343
33.725, 19.4515, 9.97343
33.75, 19.4638, 9.97343
33.775, 19.4669, 9.97343
33.8, 19.4633, 9.97343
33.825, 19.4574, 9.97343
33.85, 19.4594, 9.97356
33.875, 19.466, 9.97356
33.9, 19.4844, 9.97369
33.925, 19.5064, 9.97369
33.95, 19.5334, 9.97369
33.975, 19.561, 9.97369
34, 19.6016, 9.97369
34.025, 19.6461, 9.97369
34.05, 19.6942, 9.97369
34.075, 19.7422, 9.97369
34.1, 19.7728, 9.97369
34.125, 19.7923, 9.97369
34.15, 19.7858, 9.97369
34.175, 19.7704, 9.97369
34.2, 19.7479, 9.97369
34.225, 19.7233, 9.97369
34.25, 19.7358, 9.97369
34.275, 19.7638, 9.97356
34.3, 19.8139, 9.97356
34.325, 19.87, 9.97343
34.35, 19.9163, 9.97343
34.375, 19.9451, 9.9733
34.4, 19.901, 9.9733
34.425, 19.833, 9.97318
34.45, 19.7454, 9.9733
34.475, 19.6538, 9.9733
34.5, 19.646, 9.9733
34.525, 19.6768, 9.9733
34.55, 19.7711, 9.9733
34.575, 19.8845, 9.9733
34.6, 20.0093, 9.97292
34.625, 20.1086, 9.97011
34.65, 20.0738, 9.96947
34.675, 19.9958, 9.96947
34.7, 19.8725, 9.96934
34.725, 19.7379, 9.9696
34.75, 19.6544, 9.9696
34.775, 19.6016, 9.9696
34.8, 19.6187, 9.96972
34.825, 19.6603, 9.9696
34.85, 19.7244, 9.9696
34.875, 19.7944, 9.9696
34.9, 19.7994, 9.96934
34.925, 19.7798, 9.96934
34.95, 19.7374, 9.96947
34.975, 19.6886, 9.9696
35, 19.6463, 9.9696
35.025, 19.6104, 9.9696
35.05, 19.5926, 9.96972
35.075, 19.5819, 9.96972
35.1, 19.5801, 9.96985
35.125, 19.5818, 9.96985
35.15, 19.58, 9.96985
35.175, 19.5764, 9.96985
35.2, 19.5704, 9.96985
35.225, 19.5644, 9.96985
35.25, 19.5592, 9.96998
35.275, 19.5544, 9.96998
35.3, 19.5501, 9.96998
35.325, 19.5459, 9.96998
35.35, 19.5435, 9.96998
35.375, 19.5419, 9.96998
35.4, 19.5491, 9.96998
35.425, 19.5604, 9.96998
35.45, 19.5782, 9.96998
35.475, 19.5981, 9.96985
35.5, 19.6205, 9.96985
35.525, 19.6429, 9.96985
35.55, 19.6462, 9.96985
35.575, 19.6424, 9.96985
35.6, 19.6328, 9.96985
35.625, 19.6216, 9.96985
35.65, 19.6417, 9.96985
35.675, 19.6767, 9.96985
35.7, 19.7414, 9.96985
35.725, 19.814, 9.96985
35.75, 19.8909, 9.96972
35.775, 19.9672, 9.96921
35.8, 19.9511, 9.96794
35.825, 19.8989, 9.96755
35.85, 19.8123, 9.96755
35.875, 19.716, 9.96755
35.9, 19.6521, 9.96755
35.925, 19.6184, 9.96768
35.95, 19.6932, 9.96768
35.975, 19.8037, 9.96742
36, 19.9387, 9.9673
36.025, 20.077, 9.96001
36.05, 20.0983, 9.95477
36.075, 20.0772, 9.95413
36.1, 19.9859, 9.95413
36.125, 19.872, 9.954
36.15, 19.7386, 9.95426
36.175, 19.6254, 9.95426
36.2, 19.6326, 9.95438
36.225, 19.6823, 9.95438
36.25, 19.7705, 9.95451
36.275, 19.8696, 9.95438
36.3, 19.8949, 9.95426
36.325, 19.8852, 9.95438
36.35, 19.8171, 9.95438
36.375, 19.731, 9.95464
36.4, 19.6312, 9.95464
36.425, 19.5295, 9.9549
36.45, 19.4961, 9.9549
36.475, 19.4894, 9.9549
36.5, 19.5088, 9.95515
36.525, 19.5371, 9.95528
36.55, 19.555, 9.95528
36.575, 19.5648, 9.95541
36.6, 19.5527, 9.95541
36.625, 19.5334, 9.95554
36.65, 19.5099, 9.95554
36.675, 19.4857, 9.95566
36.7, 19.4933, 9.95566
36.725, 19.5133, 9.95592
36.75, 19.5464, 9.95605
36.775, 19.5829, 9.95617
36.8, 19.6167, 9.95617
36.825, 19.646, 9.9563
36.85, 19.6562, 9.9563
36.875, 19.6591, 9.9563
36.9, 19.6568, 9.9563
36.925, 19.6527, 9.9563
36.95, 19.6483, 9.9563
36.975, 19.644, 9.95643
37, 19.6392, 9.95643
37.025, 19.6347, 9.95669
37.05, 19.6313, 9.95681
37.075, 19.6316, 9.95707
37.1, 19.6477, 9.9572
37.125, 19.6689, 9.95745
37.15, 19.6946, 9.95771
37.175, 19.7215, 9.95873
37.2, 19.7219, 9.96154
37.225, 19.7096, 9.96372
37.25, 19.6722, 9.96627
37.275, 19.6294, 9.96832
37.3, 19.5853, 9.97036
37.325, 19.5403, 9.97241
37.35, 19.5883, 9.97279
37.375, 19.6717, 9.97279
37.4, 19.7837, 9.97279
37.425, 19.9008, 9.97279
37.45, 19.9647, 9.97266
37.475, 19.9929, 9.97266
37.5, 19.9187, 9.97266
37.525, 19.8114, 9.97266
37.55, 19.6835, 9.97266
37.575, 19.553, 9.97279
37.6, 19.5358, 9.97279
37.625, 19.5637, 9.97292
37.65, 19.6395, 9.97292
37.675, 19.7302, 9.97292
37.7, 19.8013, 9.97279
37.725, 19.8501, 9.97279
37.75, 19.8189, 9.97279
37.775, 19.7605, 9.97279
37.8, 19.6785, 9.97279
37.825, 19.5911, 9.97292
37.85, 19.5657, 9.97292
37.875, 19.5675, 9.97292
37.9, 19.6105, 9.97292
37.925, 19.667, 9.97292
37.95, 19.7321, 9.97292
37.975, 19.7863, 9.97292
38, 19.7803, 9.97279
38.025, 19.7532, 9.97279
38.05, 19.7086, 9.97279
38.075, 19.6593, 9.97279
38.1, 19.6311, 9.97279
38.125, 19.6142, 9.97292
38.15, 19.6233, 9.97279
38.175, 19.6408, 9.97279
38.2, 19.6656, 9.97292
38.225, 19.692, 9.97279
38.25, 19.7011, 9.97279
38.275, 19.7033, 9.97279
38.3, 19.7007, 9.97279
38.325, 19.6964, 9.97292
38.35, 19.6948, 9.97292
38.375, 19.6952, 9.97292
38.4, 19.7018, 9.97292
38.425, 19.7103, 9.97292
38.45, 19.7219, 9.97292
38.475, 19.7336, 9.97292
38.5, 19.7392, 9.97292
38.525, 19.7423, 9.97318
38.55, 19.7429, 9.97318
38.575, 19.7424, 9.9733
38.6, 19.7359, 9.9733
38.625, 19.7249, 9.97343
38.65, 19.7002, 9.97369
38.675, 19.6716, 9.97407
38.7, 19.6413, 9.97471
38.725, 19.6115, 9.97688
38.75, 19.6368, 9.98506
38.775, 19.6835, 9.98826
38.8, 19.7804, 9.98864
38.825, 19.8913, 9.98864
38.85, 19.9902, 9.98852
38.875, 20.061, 9.98852
38.9, 20.0156, 9.98852
38.925, 19.929, 9.98852
38.95, 19.8051, 9.98852
38.975, 19.6728, 9.98864
39, 19.6202, 9.98877
39.025, 19.6083, 9.9889
39.05, 19.6772, 9.98903
39.075, 19.7731, 9.98903
39.1, 19.8907, 9.98903
39.125, 20.0114, 9.9889
39.15, 20.0103, 9.98864
39.175, 19.9636, 9.98877
39.2, 19.8769, 9.98877
39.225, 19.7793, 9.98877
39.25, 19.7095, 9.98877
39.275, 19.6621, 9.9889
39.3, 19.68, 9.9889
39.325, 19.7206, 9.9889
39.35, 19.7815, 9.9889
39.375, 19.8478, 9.98877
39.4, 19.858, 9.98877
39.425, 19.8448, 9.98877
39.45, 19.8033, 9.98877
39.475, 19.7533, 9.98877
39.5, 19.7102, 9.98877
39.525, 19.6754, 9.9889
39.55, 19.67, 9.9889
39.575, 19.6756, 9.9889
39.6, 19.6935, 9.9889
39.625, 19.715, 9.9889
39.65, 19.7185, 9.9889
39.675, 19.7139, 9.9889
39.7, 19.6974, 9.9889
39.725, 19.6773, 9.98903
39.75, 19.6554, 9.98903
39.775, 19.6381, 9.98903
39.8, 19.6451, 9.98916
39.825, 19.6604, 9.98916
39.85, 19.6847, 9.98916
39.875, 19.7116, 9.98916
39.9, 19.7348, 9.98916
39.925, 19.7553, 9.98916
39.95, 19.7716, 9.98916
39.975, 19.7861, 9.98916
40, 19.7996, 9.98916
40, 19.8119, 9.98916
40.025, 19.7853, 9.98916
40.05, 19.7446, 9.99261
40.075, 19.6905, 10.0105
40.1, 19.6341, 10.0363
40.125, 19.6144, 10.0497
40.15, 19.6256, 10.0614
40.175, 19.6931, 10.0688
40.2, 19.7798, 10.0924
40.225, 19.8854, 10.1006
40.25, 19.9959, 10.1103
40.275, 20.012, 10.113
40.3, 19.9893, 10.1213
40.325, 19.9139, 10.1243
40.35, 19.8213, 10.1564
40.375, 19.753, 10.1666
40.4, 19.7128, 10.1914
40.425, 19.8072, 10.2044
40.45, 19.9462, 10.2085
40.475, 20.1358, 10.21
40.5, 20.3384, 10.2143
40.525, 20.4367, 10.2152
40.55, 20.4867, 10.2166
40.575, 20.4641, 10.2208
40.6, 20.4148, 10.2483
40.625, 20.3257, 10.2596
40.65, 20.2437, 10.2727
40.675, 20.2873, 10.2837
40.7, 20.3651, 10.2963
40.725, 20.4796, 10.2974
40.75, 20.6079, 10.2983
40.775, 20.7125, 10.2986
40.8, 20.7978, 10.2991
40.825, 20.8375, 10.2997
40.85, 20.8603, 10.3222
40.875, 20.8607, 10.3298
40.9, 20.8528, 10.3371
40.925, 20.889, 10.3494
40.95, 20.9404, 10.3664
40.975, 21.0253, 10.3702
41, 21.1042, 10.3724
41.025, 21.1659, 10.3781
41.05, 21.2275, 10.3851
41.075, 21.279, 10.3946
41.1, 21.316, 10.3971
41.125, 21.3631, 10.3995
41.15, 21.409, 10.4004
41.175, 21.4537, 10.4045
41.2, 21.4981, 10.4194
41.225, 21.5564, 10.4243
41.25, 21.6247, 10.4257
41.275, 21.6905, 10.4261
41.3, 21.7601, 10.4271
41.325, 21.8601, 10.4283
41.35, 21.9662, 10.4353
41.375, 22.0765, 10.4428
41.4, 22.1837, 10.4447
41.425, 22.241, 10.4447
41.45, 22.2718, 10.4449
41.475, 22.2624, 10.4454
41.5, 22.2403, 10.4538
41.525, 22.2104, 10.4689
41.55, 22.1788, 10.4794
41.575, 22.2353, 10.4804
41.6, 22.3307, 10.4816
41.625, 22.4735, 10.4818
41.65, 22.6254, 10.4818
41.675, 22.7248, 10.4819
41.7, 22.7943, 10.4819
41.725, 22.7942, 10.4819
41.75, 22.7684, 10.4822
41.775, 22.7241, 10.4825
41.8, 22.6754, 10.4853
41.825, 22.7368, 10.5011
41.85, 22.8386, 10.5099
41.875, 22.9893, 10.511
41.9, 23.1541, 10.5112
41.925, 23.2668, 10.5112
41.95, 23.3459, 10.5115
41.975, 23.3309, 10.5116
42, 23.2814, 10.512
42.025, 23.206, 10.5121
42.05, 23.1243, 10.5183
42.075, 23.1147, 10.5319
42.1, 23.1351, 10.5356
42.125, 23.2259, 10.5361
42.15, 23.3393, 10.5381
42.175, 23.4342, 10.5383
42.2, 23.5088, 10.5384
42.225, 23.516, 10.5384
42.25, 23.4975, 10.5388
42.275, 23.4561, 10.5395
42.3, 23.4087, 10.5578
42.325, 23.3928, 10.5693
42.35, 23.3876, 10.5704
42.375, 23.4406, 10.5718
42.4, 23.5124, 10.574
42.425, 23.5881, 10.5745
42.45, 23.6579, 10.5751
42.475, 23.6906, 10.5754
42.5, 23.7088, 10.5755
42.525, 23.7159, 10.5756
42.55, 23.7192, 10.5759
42.575, 23.724, 10.576
42.6, 23.7295, 10.5772
42.625, 23.7393, 10.5787
42.65, 23.7504, 10.5994
42.675, 23.76, 10.609
42.7, 23.7677, 10.6095
42.725, 23.796, 10.6097
42.75, 23.825, 10.6098
42.775, 23.8651, 10.6099
42.8, 23.9107, 10.6099
42.825, 23.9484, 10.61
42.85, 23.9778, 10.6102
42.875, 23.9902, 10.6105
42.9, 23.9964, 10.6108
42.925, 23.9965, 10.6113
42.95, 23.9943, 10.6171
42.975, 24.0568, 10.6406
43, 24.1459, 10.6424
43.025, 24.2907, 10.6425
43.05, 24.4362, 10.6425
43.075, 24.5681, 10.6425
43.1, 24.6804, 10.6424
43.125, 24.6918, 10.6422
43.15, 24.6632, 10.6422
43.175, 24.6027, 10.6422
43.2, 24.5334, 10.6422
43.225, 24.5488, 10.6424
43.25, 24.6032, 10.6422
43.275, 24.7256, 10.6422
43.3, 24.8675, 10.6417
43.325, 25.0213, 10.6411
43.35, 25.1738, 10.6393
43.375, 25.161, 10.6341
43.4, 25.0894, 10.6333
43.425, 24.9673, 10.6332
43.45, 24.8357, 10.6333
43.475, 24.7449, 10.6334
43.5, 24.6787, 10.6334
43.525, 24.6801, 10.6336
43.55, 24.7067, 10.6333
43.575, 24.7535, 10.6334
43.6, 24.8057, 10.6334
43.625, 24.788, 10.6334
43.65, 24.7436, 10.6334
43.675, 24.6705, 10.6336
43.7, 24.5896, 10.6336
43.725, 24.5231, 10.6337
43.75, 24.4723, 10.6338
43.775, 24.4746, 10.6338
43.8, 24.4961, 10.6338
43.825, 24.5357, 10.6338
43.85, 24.5804, 10.6338
43.875, 24.5995, 10.6338
43.9, 24.6068, 10.6338
43.925, 24.5981, 10.6338
43.95, 24.5839, 10.6337
43.975, 24.566, 10.6337
44, 24.5503, 10.6337
44.025, 24.5512, 10.6338
44.05, 24.5581, 10.6338
44.075, 24.5716, 10.6338
44.1, 24.587, 10.6339
44.125, 24.6095, 10.6339
44.15, 24.6349, 10.6341
44.175, 24.6658, 10.6341
44.2, 24.6979, 10.6341
44.225, 24.731, 10.6341
44.25, 24.7631, 10.6339
44.275, 24.7683, 10.6339
44.3, 24.7635, 10.6338
44.325, 24.7508, 10.6338
44.35, 24.7357, 10.6339
44.375, 24.74, 10.6339
44.4, 24.7569, 10.6339
44.425, 24.8115, 10.6338
44.45, 24.8779, 10.6338
44.475, 24.951, 10.6334
44.5, 25.0244, 10.6325
44.525, 25.0298, 10.6269
44.55, 25.0082, 10.6244
44.575, 24.9517, 10.6242
44.6, 24.8896, 10.624
44.625, 24.8434, 10.624
44.65, 24.8153, 10.6235
44.675, 24.8775, 10.6233
44.7, 24.9696, 10.6171
44.725, 25.0798, 10.613
44.75, 25.1941, 10.6045
44.775, 25.2048, 10.5969
44.8, 25.1723, 10.5919
44.825, 25.0756, 10.5915
44.85, 24.9591, 10.5915
44.875, 24.8356, 10.5916
44.9, 24.7316, 10.5919
44.925, 24.7402, 10.592
44.95, 24.7886, 10.592
44.975, 24.8663, 10.5921
45, 24.9514, 10.5919
45.025, 24.9729, 10.5918
45.05, 24.9623, 10.5918
45.075, 24.8865, 10.5919
45.1, 24.7899, 10.5919
45.125, 24.6777, 10.592
45.15, 24.5636, 10.5921
45.175, 24.5079, 10.5923
45.2, 24.476, 10.5924
45.225, 24.4694, 10.5924
45.25, 24.473, 10.5925
45.275, 24.4732, 10.5926
45.3, 24.4695, 10.5928
45.325, 24.4486, 10.5928
45.35, 24.4222, 10.593
45.375, 24.3934, 10.5932
45.4, 24.3649, 10.5942
45.425, 24.3596, 10.5947
45.45, 24.363, 10.5951
45.475, 24.3774, 10.5953
45.5, 24.3953, 10.5958
45.525, 24.4222, 10.5962
45.55, 24.4534, 10.5964
45.575, 24.4979, 10.5965
45.6, 24.5452, 10.5967
45.625, 24.5944, 10.5969
45.65, 24.6424, 10.597
45.675, 24.6691, 10.597
45.7, 24.6852, 10.5971
45.725, 24.6845, 10.5973
45.75, 24.6778, 10.5974
45.775, 24.6663, 10.5974
45.8, 24.6645, 10.5975
45.825, 24.7151, 10.5975
45.85, 24.7825, 10.5978
45.875, 24.8632, 10.5976
45.9, 24.9457, 10.5976
45.925, 24.973, 10.5976
45.95, 24.9696, 10.5976
45.975, 24.8929, 10.5976
46, 24.7935, 10.5978
46.025, 24.6808, 10.5978
46.05, 24.567, 10.5978
46.075, 24.5947, 10.598
46.1, 24.6745, 10.598
46.125, 24.7996, 10.598
46.15, 24.9366, 10.598
46.175, 25.0056, 10.598
46.2, 25.0341, 10.5979
46.225, 24.9692, 10.5979
46.25, 24.8727, 10.5979
46.275, 24.7496, 10.598
46.3, 24.621, 10.598
46.325, 24.5851, 10.5981
46.35, 24.5886, 10.5981
46.375, 24.6413, 10.5983
46.4, 24.7099, 10.5983
46.425, 24.777, 10.5983
46.45, 24.8274, 10.5983
46.475, 24.7975, 10.5983
46.5, 24.7405, 10.5983
46.525, 24.6651, 10.5983
46.55, 24.5853, 10.5983
46.575, 24.5498, 10.5984
46.6, 24.5359, 10.5984
46.625, 24.559, 10.5984
46.65, 24.5945, 10.5984
46.675, 24.641, 10.5984
46.7, 24.683, 10.5984
46.725, 24.6897, 10.5984
46.75, 24.6839, 10.5984
46.775, 24.6672, 10.5984
46.8, 24.6471, 10.5984
46.825, 24.6237, 10.5984
46.85, 24.5998, 10.5984
46.875, 24.5757, 10.5984
46.9, 24.5522, 10.5984
46.925, 24.5326, 10.5984
46.95, 24.5145, 10.5985
46.975, 24.5292, 10.5985
47, 24.5558, 10.5985
47.025, 24.5918, 10.5985
47.05, 24.63, 10.5984
47.075, 24.6464, 10.5984
47.1, 24.6476, 10.5984
47.125, 24.6099, 10.5984
47.15, 24.5595, 10.5984
47.175, 24.499, 10.5984
47.2, 24.4373, 10.5985
47.225, 24.4658, 10.5985
47.25, 24.5301, 10.5985
47.275, 24.6362, 10.5985
47.3, 24.7539, 10.5984
47.325, 24.8551, 10.5984
47.35, 24.9259, 10.5984
47.375, 24.8715, 10.598
47.4, 24.7748, 10.598
47.425, 24.6415, 10.5981
47.45, 24.5005, 10.5981
47.475, 24.4602, 10.5983
47.5, 24.4669, 10.5983
47.525, 24.5538, 10.5983
47.55, 24.6662, 10.5983
47.575, 24.7963, 10.5983
47.6, 24.904, 10.5983
47.625, 24.8829, 10.5981
47.65, 24.8174, 10.5981
47.675, 24.7104, 10.5981
47.7, 24.5926, 10.5983
47.725, 24.5323, 10.5983
47.75, 24.5028, 10.5983
47.775, 24.5349, 10.5984
47.8, 24.5879, 10.5983
47.825, 24.6592, 10.5983
47.85, 24.7345, 10.5983
47.875, 24.7444, 10.5983
47.9, 24.7283, 10.5983
47.925, 24.6845, 10.5983
47.95, 24.6326, 10.5983
47.975, 24.5904, 10.5983
48, 24.5569, 10.5983
48.025, 24.548, 10.5984
48.05, 24.5481, 10.5984
48.075, 24.5582, 10.5984
48.1, 24.5713, 10.5984
48.125, 24.5641, 10.5984
48.15, 24.5485, 10.5984
48.175, 24.5213, 10.5984
48.2, 24.4907, 10.5985
48.225, 24.4614, 10.5985
48.25, 24.4357, 10.5987
48.275, 24.4231, 10.5988
48.3, 24.4157, 10.5992
48.325, 24.415, 10.5993
48.35, 24.4162, 10.5997
48.375, 24.4302, 10.6001
48.4, 24.45, 10.6007
48.425, 24.4798, 10.6016
48.45, 24.5119, 10.6021
48.475, 24.5458, 10.6022
48.5, 24.5689, 10.6025
48.525, 24.543, 10.6026
48.55, 24.5013, 10.603
48.575, 24.4468, 10.6035
48.6, 24.3893, 10.6061
48.625, 24.3841, 10.6067
48.65, 24.4081, 10.6094
48.675, 24.5004, 10.61
48.7, 24.6144, 10.6102
48.725, 24.7465, 10.6102
48.75, 24.8804, 10.6102
48.775, 24.8837, 10.6102
48.8, 24.8353, 10.6102
48.825, 24.734, 10.6102
48.85, 24.6173, 10.6102
48.875, 24.5328, 10.6102
48.9, 24.4813, 10.6103
48.925, 24.5508, 10.6103
48.95, 24.6603, 10.6103
48.975, 24.799, 10.6103
49, 24.9429, 10.6102
49.025, 24.9664, 10.61
49.05, 24.9401, 10.61
49.075, 24.8522, 10.61
49.1, 24.7451, 10.6102
49.125, 24.6254, 10.6102
49.15, 24.522, 10.6103
49.175, 24.5132, 10.6103
49.2, 24.5377, 10.6103
49.225, 24.5895, 10.6103
49.25, 24.649, 10.6104
49.275, 24.6709, 10.6104
49.3, 24.6746, 10.6103
49.325, 24.6473, 10.6104
49.35, 24.6096, 10.6104
49.375, 24.5657, 10.6104
49.4, 24.5208, 10.6104
49.425, 24.5238, 10.6104
49.45, 24.5442, 10.6107
49.475, 24.5773, 10.6107
49.5, 24.6138, 10.6107
49.525, 24.6348, 10.6107
49.55, 24.6461, 10.6108
49.575, 24.6357, 10.6108
49.6, 24.6175, 10.6108
49.625, 24.5926, 10.6108
49.65, 24.5659, 10.6109
49.675, 24.5531, 10.6111
49.7, 24.5466, 10.6114
49.725, 24.5475, 10.6116
49.75, 24.5513, 10.612
49.775, 24.5691, 10.6122
49.8, 24.5976, 10.6132
49.825, 24.6589, 10.614
49.85, 24.7292, 10.6149
49.875, 24.8058, 10.6151
49.9, 24.8812, 10.6154
49.925, 24.8919, 10.6154
49.95, 24.8761, 10.6157
49.975, 24.8284, 10.6158
50, 24.771, 10.6163
50, 24.724, 10.6167
50.025, 24.698, 10.6485
50.05, 24.7564, 10.6683
50.075, 24.8288, 10.6793
50.1, 24.9398, 10.6809
50.125, 25.0699, 10.6817
50.15, 25.1016, 10.6826
50.175, 25.0851, 10.7009
50.2, 24.9898, 10.7188
50.225, 24.8692, 10.7544
50.25, 24.7288, 10.767
50.275, 24.5933, 10.7962
50.3, 24.6151, 10.8107
50.325, 24.7037, 10.819
50.35, 24.8456, 10.8194
50.375, 25.0016, 10.8202
50.4, 25.0429, 10.8219
50.425, 25.0385, 10.8236
50.45, 25.0222, 10.8401
50.475, 24.9481, 10.8657
50.5, 24.8646, 10.8714
50.525, 24.7894, 10.8931
50.55, 24.8594, 10.9235
50.575, 24.9838, 10.9262
50.6, 25.1039, 10.9271
50.625, 25.2335, 10.9384
50.65, 25.3459, 10.9443
50.675, 25.4384, 10.9464
50.7, 25.4796, 10.964
50.725, 25.4983, 10.9686
50.75, 25.5117, 10.974
50.775, 25.5312, 10.9905
50.8, 25.5584, 10.9924
50.825, 25.5917, 11.0094
50.85, 25.6426, 11.0218
50.875, 25.6966, 11.0222
50.9, 25.7524, 11.0252
50.925, 25.8124, 11.0433
50.95, 25.8706, 11.0444
50.975, 25.9282, 11.0467
51, 25.989, 11.0573
51.025, 26.0501, 11.0605
51.05, 26.1141, 11.0677
51.075, 26.1816, 11.0828
51.1, 26.2459, 11.0831
51.125, 26.3058, 11.0844
51.15, 26.3935, 11.088
51.175, 26.4928, 11.0898
51.2, 26.5915, 11.0981
51.225, 26.7249, 11.0991
51.25, 26.8625, 11.0998
51.275, 26.9929, 11.1009
51.3, 27.0646, 11.1074
51.325, 27.1087, 11.1081
51.35, 27.1442, 11.1092
51.375, 27.162, 11.1124
51.4, 27.1744, 11.1154
51.425, 27.1864, 11.1246
51.45, 27.3021, 11.1587
51.475, 27.4508, 11.1619
51.5, 27.5929, 11.1635
51.525, 27.7213, 11.1642
51.55, 27.8192, 11.1644
51.575, 27.8863, 11.1651
51.6, 27.8298, 11.1665
51.625, 27.7349, 11.1712
51.65, 27.6416, 11.1917
51.675, 27.6526, 11.1932
51.7, 27.7139, 11.1933
51.725, 27.803, 11.194
51.75, 27.9776, 11.1974
51.775, 28.1751, 11.1975
51.8, 28.3646, 11.1977
51.825, 28.4203, 11.1977
51.85, 28.423, 11.1977
51.875, 28.4139, 11.1977
51.9, 28.3657, 11.1978
51.925, 28.3215, 11.1979
51.95, 28.2949, 11.1982
51.975, 28.3478, 11.202
52, 28.4254, 11.2065
52.025, 28.4995, 11.2079
52.05, 28.554, 11.2083
52.075, 28.597, 11.2084
52.1, 28.6311, 11.2085
52.125, 28.6364, 11.2089
52.15, 28.6321, 11.2091
52.175, 28.6261, 11.2092
52.2, 28.6409, 11.2093
52.225, 28.664, 11.2094
52.25, 28.6893, 11.2096
52.275, 28.7249, 11.2098
52.3, 28.7622, 11.2098
52.325, 28.7984, 11.2114
52.35, 28.8107, 11.2139
52.375, 28.814, 11.2162
52.4, 28.8142, 11.2206
52.425, 28.8087, 11.2339
52.45, 28.8034, 11.2353
52.475, 28.8032, 11.2365
52.5, 28.806, 11.2402
52.525, 28.8113, 11.2425
52.55, 28.8193, 11.2469
52.575, 28.8581, 11.2603
52.6, 28.9106, 11.2654
52.625, 28.9722, 11.2757
52.65, 29.0597, 11.2765
52.675, 29.1496, 11.2767
52.7, 29.2312, 11.2767
52.725, 29.2151, 11.2768
52.75, 29.1651, 11.2768
52.775, 29.1124, 11.2768
52.8, 29.0361, 11.2772
52.825, 28.9788, 11.2773
52.85, 28.9519, 11.2777
52.875, 29.0558, 11.2781
52.9, 29.1998, 11.2782
52.925, 29.3428, 11.2785
52.95, 29.4247, 11.2786
52.975, 29.4679, 11.2786
53, 29.4882, 11.2786
53.025, 29.4077, 11.2786
53.05, 29.2971, 11.2786
53.075, 29.1879, 11.2787
53.1, 29.2147, 11.279
53.125, 29.295, 11.279
53.15, 29.3866, 11.2791
53.175, 29.5403, 11.2791
53.2, 29.7082, 11.2791
53.225, 29.8701, 11.2791
53.25, 29.891, 11.279
53.275, 29.8615, 11.2791
53.3, 29.8266, 11.279
53.325, 29.781, 11.2791
53.35, 29.7436, 11.2791
53.375, 29.7197, 11.2791
53.4, 29.7537, 11.2791
53.425, 29.806, 11.2791
53.45, 29.8583, 11.2791
53.475, 29.8825, 11.2791
53.5, 29.8933, 11.2791
53.525, 29.8988, 11.2791
53.55, 29.8822, 11.2791
53.575, 29.8592, 11.2791
53.6, 29.837, 11.2791
53.625, 29.823, 11.279
53.65, 29.8129, 11.279
53.675, 29.8035, 11.279
53.7, 29.7989, 11.2791
53.725, 29.7946, 11.2791
53.75, 29.7892, 11.279
53.775, 29.7766, 11.279
53.8, 29.7621, 11.279
53.825, 29.7483, 11.279
53.85, 29.7327, 11.2791
53.875, 29.7158, 11.2791
53.9, 29.6991, 11.2791
53.925, 29.6808, 11.2791
53.95, 29.6627, 11.2791
53.975, 29.6448, 11.279
54, 29.6613, 11.279
54.025, 29.691, 11.279
54.05, 29.7224, 11.279
54.075, 29.7681, 11.279
54.1, 29.8172, 11.279
54.125, 29.8642, 11.279
54.15, 29.8111, 11.279
54.175, 29.725, 11.279
54.2, 29.6389, 11.279
54.225, 29.5619, 11.279
54.25, 29.513, 11.279
54.275, 29.494, 11.279
54.3, 29.6134, 11.279
54.325, 29.7738, 11.2791
54.35, 29.9322, 11.279
54.375, 29.984, 11.279
54.4, 29.9875, 11.279
54.425, 29.9741, 11.279
54.45, 29.8795, 11.279
54.475, 29.7613, 11.279
54.5, 29.6463, 11.279
54.525, 29.6531, 11.279
54.55, 29.7048, 11.279
54.575, 29.7628, 11.279
54.6, 29.8596, 11.2788
54.625, 29.9655, 11.2788
54.65, 30.0483, 11.2787
54.675, 30.0091, 11.2782
54.7, 29.9313, 11.2782
54.725, 29.8528, 11.2782
54.75, 29.7907, 11.2782
54.775, 29.743, 11.2782
54.8, 29.7069, 11.2782
54.825, 29.7171, 11.2782
54.85, 29.7425, 11.2782
54.875, 29.7684, 11.2782
54.9, 29.7724, 11.2782
54.925, 29.7679, 11.2782
54.95, 29.7609, 11.2783
54.975, 29.7418, 11.2782
55, 29.7194, 11.2782
55.025, 29.6976, 11.2782
55.05, 29.7046, 11.2782
55.075, 29.7216, 11.2782
55.1, 29.7396, 11.2782
55.125, 29.7652, 11.2782
55.15, 29.7938, 11.2782
55.175, 29.8225, 11.2782
55.2, 29.8575, 11.2781
55.225, 29.8936, 11.278
55.25, 29.9281, 11.278
55.275, 29.9197, 11.2765
55.3, 29.896, 11.2764
55.325, 29.8695, 11.2764
55.35, 29.8223, 11.2758
55.375, 29.7701, 11.2758
55.4, 29.72, 11.2754
55.425, 29.7445, 11.2754
55.45, 29.7957, 11.2753
55.475, 29.8489, 11.2753
55.5, 29.9205, 11.2736
55.525, 29.9756, 11.2714
55.55, 30.0055, 11.2698
55.575, 29.9284, 11.2603
55.6, 29.8178, 11.2602
55.625, 29.7077, 11.2599
55.65, 29.6652, 11.2599
55.675, 29.6616, 11.2598
55.7, 29.6796, 11.2599
55.725, 29.7855, 11.2598
55.75, 29.9157, 11.2595
55.775, 30.0417, 11.258
55.8, 30.0347, 11.2429
55.825, 29.9847, 11.2424
55.85, 29.9308, 11.242
55.875, 29.8184, 11.2419
55.9, 29.69, 11.2419
55.925, 29.5638, 11.242
55.95, 29.5929, 11.2423
55.975, 29.6746, 11.2422
56, 29.759, 11.2422
56.025, 29.8417, 11.2408
56.05, 29.9056, 11.2386
56.075, 29.9467, 11.2342
56.1, 29.8965, 11.2262
56.125, 29.8233, 11.2261
56.15, 29.7511, 11.2261
56.175, 29.7062, 11.2261
56.2, 29.6777, 11.2261
56.225, 29.6583, 11.2262
56.25, 29.6653, 11.2263
56.275, 29.6811, 11.2263
56.3, 29.6974, 11.2262
56.325, 29.6878, 11.2263
56.35, 29.6689, 11.2263
56.375, 29.6486, 11.2264
56.4, 29.6206, 11.2266
56.425, 29.5939, 11.2266
56.45, 29.5707, 11.2267
56.475, 29.5606, 11.2267
56.5, 29.5551, 11.2268
56.525, 29.55, 11.2269
56.55, 29.5639, 11.2271
56.575, 29.5857, 11.2271
56.6, 29.6096, 11.2272
56.625, 29.6463, 11.2273
56.65, 29.6858, 11.2273
56.675, 29.724, 11.2273
56.7, 29.7185, 11.2272
56.725, 29.6959, 11.2273
56.75, 29.6698, 11.2273
56.775, 29.626, 11.2272
56.8, 29.5776, 11.2273
56.825, 29.5311, 11.2273
56.85, 29.5777, 11.2275
56.875, 29.6553, 11.2275
56.9, 29.7327, 11.2276
56.925, 29.7672, 11.2275
56.95, 29.7703, 11.2275
56.975, 29.7528, 11.2275
57, 29.6408, 11.2275
57.025, 29.5014, 11.2275
57.05, 29.3647, 11.2276
57.075, 29.3278, 11.2277
57.1, 29.336, 11.2278
57.125, 29.3593, 11.228
57.15, 29.4557, 11.2282
57.175, 29.5724, 11.2284
57.2, 29.6858, 11.2284
57.225, 29.6679, 11.2284
57.25, 29.6029, 11.2284
57.275, 29.5322, 11.2284
57.3, 29.4272, 11.2285
57.325, 29.3341, 11.2285
57.35, 29.2661, 11.2286
57.375, 29.304, 11.2286
57.4, 29.3751, 11.2286
57.425, 29.4469, 11.2286
57.45, 29.4891, 11.2286
57.475, 29.5127, 11.2286
57.5, 29.5252, 11.2286
57.525, 29.4895, 11.2286
57.55, 29.4393, 11.2286
57.575, 29.3896, 11.2289
57.6, 29.3638, 11.2291
57.625, 29.3484, 11.2295
57.65, 29.3369, 11.2299
57.675, 29.34, 11.2314
57.7, 29.3485, 11.2324
57.725, 29.3576, 11.233
57.75, 29.3657, 11.2332
57.775, 29.3729, 11.2332
57.8, 29.3785, 11.2335
57.825, 29.3816, 11.2337
57.85, 29.3821, 11.2339
57.875, 29.3809, 11.2339
57.9, 29.3728, 11.2341
57.925, 29.3629, 11.2341
57.95, 29.3535, 11.2344
57.975, 29.389, 11.2346
58, 29.4421, 11.2347
58.025, 29.499, 11.2349
58.05, 29.5799, 11.2349
58.075, 29.6668, 11.2349
58.1, 29.7506, 11.2349
58.125, 29.7343, 11.2349
58.15, 29.6821, 11.2349
58.175, 29.6264, 11.2349
58.2, 29.5459, 11.235
58.225, 29.4813, 11.2351
58.25, 29.4439, 11.2353
58.275, 29.5238, 11.236
58.3, 29.6398, 11.236
58.325, 29.7544, 11.236
58.35, 29.7851, 11.2359
58.375, 29.7714, 11.2359
58.4, 29.7377, 11.2359
58.425, 29.6089, 11.236
58.45, 29.453, 11.236
58.475, 29.3007, 11.2362
58.5, 29.2577, 11.239
58.525, 29.2604, 11.2427
58.55, 29.2758, 11.2437
58.575, 29.3534, 11.2441
58.6, 29.4498, 11.2442
58.625, 29.5421, 11.2443
58.65, 29.5141, 11.2443
58.675, 29.4451, 11.2443
58.7, 29.3747, 11.2443
58.725, 29.3148, 11.2443
58.75, 29.2733, 11.2445
58.775, 29.2494, 11.2445
58.8, 29.3028, 11.2448
58.825, 29.3791, 11.2447
58.85, 29.4545, 11.2448
58.875, 29.4998, 11.2448
58.9, 29.5299, 11.2448
58.925, 29.5539, 11.2448
58.95, 29.551, 11.2448
58.975, 29.5399, 11.2448
59, 29.5284, 11.245
59.025, 29.5452, 11.2451
59.05, 29.5725, 11.2451
59.075, 29.6007, 11.2452
59.1, 29.6357, 11.2452
59.125, 29.6678, 11.2452
59.15, 29.6939, 11.2454
59.175, 29.6937, 11.2454
59.2, 29.685, 11.2454
59.225, 29.6761, 11.2455
59.25, 29.6521, 11.2455
59.275, 29.6212, 11.2457
59.3, 29.5887, 11.246
59.325, 29.5431, 11.247
59.35, 29.4952, 11.2473
59.375, 29.4492, 11.2484
59.4, 29.4847, 11.2583
59.425, 29.5496, 11.2583
59.45, 29.6152, 11.2585
59.475, 29.707, 11.2587
59.5, 29.8034, 11.2587
59.525, 29.8986, 11.2585
59.55, 29.8614, 11.2585
59.575, 29.7787, 11.2585
59.6, 29.6931, 11.2587
59.625, 29.6262, 11.2587
59.65, 29.5881, 11.2585
59.675, 29.5768, 11.2587
59.7, 29.6885, 11.2587
59.725, 29.8366, 11.2587
59.75, 29.982, 11.2587
59.775, 30.0314, 11.2585
59.8, 30.0346, 11.2585
59.825, 30.0197, 11.2585
59.85, 29.9174, 11.2585
59.875, 29.7901, 11.2585
59.9, 29.6663, 11.2585
59.925, 29.6743, 11.2587
59.95, 29.7307, 11.2585
59.975, 29.7934, 11.2587
60, 29.8926, 11.2585
60, 29.9806, 11.2585
60.025, 30.0419, 11.2584
60.05, 29.9933, 11.2549
60.075, 29.9096, 11.2532
60.1, 29.8242, 11.2457
60.125, 29.7607, 11.2305
60.15, 29.7109, 11.2261
60.175, 29.6614, 11.2082
60.2, 29.6497, 11.1903
60.225, 29.6551, 11.18
60.25, 29.6665, 11.1638
60.275, 29.6498, 11.1265
60.3, 29.6182, 11.1217
60.325, 29.5861, 11.1065
60.35, 29.5391, 11.0909
60.375, 29.49, 11.0817
60.4, 29.4422, 11.0687
60.425, 29.4131, 11.0387
60.45, 29.3947, 11.0291
60.475, 29.3839, 11.0128
60.5, 29.368, 10.9815
60.525, 29.3532, 10.976
60.55, 29.3354, 10.9659
60.575, 29.3223, 10.9356
60.6, 29.3037, 10.9278
60.625, 29.2835, 10.9184
60.65, 29.2063, 10.8938
60.675, 29.1105, 10.8908
60.7, 29.0179, 10.8817
60.725, 28.8809, 10.8683
60.75, 28.7353, 10.8675
60.775, 28.5966, 10.8662
60.8, 28.5608, 10.864
60.825, 28.565, 10.8583
60.85, 28.5759, 10.8415
60.875, 28.616, 10.8141
60.9, 28.65, 10.8009
60.925, 28.6554, 10.7849
60.95, 28.518, 10.7532
60.975, 28.3301, 10.7529
61, 28.1439, 10.7529
61.025, 28.0153, 10.7529
61.05, 27.9353, 10.7524
61.075, 27.8875, 10.7486
61.1, 27.9566, 10.7342
61.125, 28.0537, 10.7232
61.15, 28.1389, 10.698
61.175, 28.0717, 10.6678
61.2, 27.9464, 10.6642
61.225, 27.8164, 10.6604
61.25, 27.5953, 10.6523
61.275, 27.3587, 10.6523
61.3, 27.1354, 10.6523
61.325, 27.0346, 10.6523
61.35, 26.9816, 10.6523
61.375, 26.9362, 10.6521
61.4, 26.9101, 10.6434
61.425, 26.8858, 10.6412
61.45, 26.8579, 10.637
61.475, 26.7703, 10.6237
61.5, 26.6633, 10.6229
61.525, 26.5533, 10.6227
61.55, 26.4625, 10.6227
61.575, 26.3858, 10.6227
61.6, 26.318, 10.6223
61.625, 26.2734, 10.6226
61.65, 26.2382, 10.6224
61.675, 26.2052, 10.6224
61.7, 26.1388, 10.6205
61.725, 26.0624, 10.6203
61.75, 25.9869, 10.6201
61.775, 25.9034, 10.62
61.8, 25.8207, 10.62
61.825, 25.748, 10.6199
61.85, 25.708, 10.6182
61.875, 25.6806, 10.6177
61.9, 25.6552, 10.6173
61.925, 25.6326, 10.6144
61.95, 25.6093, 10.6144
61.975, 25.5834, 10.6136
62, 25.5542, 10.6093
62.025, 25.523, 10.6056
62.05, 25.4938, 10.6015
62.075, 25.4365, 10.6004
62.1, 25.3716, 10.6004
62.125, 25.3103, 10.6004
62.15, 25.2441, 10.6006
62.175, 25.1793, 10.6007
62.2, 25.1175, 10.6008
62.225, 25.1505, 10.601
62.25, 25.2156, 10.601
62.275, 25.2824, 10.6007
62.3, 25.3313, 10.5997
62.325, 25.3558, 10.5989
62.35, 25.3578, 10.5966
62.375, 25.263, 10.5957
62.4, 25.1385, 10.5957
62.425, 25.0156, 10.5958
62.45, 24.9841, 10.596
62.475, 24.9975, 10.5961
62.5, 25.0288, 10.596
62.525, 25.1394, 10.5958
62.55, 25.2715, 10.5957
62.575, 25.3996, 10.5906
62.6, 25.3773, 10.574
62.625, 25.2987, 10.5732
62.65, 25.2171, 10.5732
62.675, 25.0798, 10.5735
62.7, 24.9319, 10.5736
62.725, 24.8099, 10.5739
62.75, 24.8025, 10.5741
62.775, 24.8329, 10.574
62.8, 24.8659, 10.574
62.825, 24.8884, 10.574
62.85, 24.8977, 10.5739
62.875, 24.8956, 10.574
62.9, 24.8395, 10.574
62.925, 24.7674, 10.574
62.95, 24.6968, 10.574
62.975, 24.6641, 10.574
63, 24.6473, 10.574
63.025, 24.6353, 10.574
63.05, 24.6453, 10.5741
63.075, 24.6624, 10.5742
63.1, 24.68, 10.5742
63.125, 24.6592, 10.5742
63.15, 24.626, 10.5744
63.175, 24.5925, 10.5746
63.2, 24.5539, 10.5748
63.225, 24.517, 10.5751
63.25, 24.484, 10.5765
63.275, 24.4649, 10.5776
63.3, 24.4512, 10.5777
63.325, 24.4385, 10.5778
63.35, 24.4491, 10.5782
63.375, 24.4697, 10.5782
63.4, 24.4931, 10.5785
63.425, 24.5325, 10.5787
63.45, 24.5757, 10.5787
63.475, 24.6172, 10.5788
63.5, 24.601, 10.5792
63.525, 24.5637, 10.5796
63.55, 24.524, 10.5827
63.575, 24.4698, 10.5838
63.6, 24.4118, 10.5842
63.625, 24.3719, 10.5879
63.65, 24.4398, 10.5937
63.675, 24.5384, 10.5949
63.7, 24.637, 10.5951
63.725, 24.686, 10.5951
63.75, 24.7009, 10.5951
63.775, 24.6942, 10.5951
63.8, 24.6045, 10.5951
63.825, 24.4896, 10.5951
63.85, 24.3767, 10.5953
63.875, 24.3828, 10.5962
63.9, 24.4385, 10.5964
63.925, 24.5067, 10.5967
63.95, 24.6416, 10.5969
63.975, 24.7936, 10.5969
64, 24.9402, 10.5967
64.025, 24.9024, 10.5967
64.05, 24.7997, 10.5967
64.075, 24.6919, 10.5967
64.1, 24.562, 10.5969
64.125, 24.4471, 10.597
64.15, 24.3595, 10.5973
64.175, 24.3833, 10.5979
64.2, 24.4429, 10.5981
64.225, 24.5044, 10.5984
64.25, 24.5363, 10.5984
64.275, 24.5486, 10.5984
64.3, 24.5498, 10.5984
64.325, 24.5009, 10.5985
64.35, 24.4375, 10.5985
64.375, 24.3755, 10.5987
64.4, 24.35, 10.599
64.425, 24.3394, 10.5992
64.45, 24.332, 10.5996
64.475, 24.341, 10.5998
64.5, 24.355, 10.5998
64.525, 24.3636, 10.6008
64.55, 24.346, 10.6017
64.575, 24.3206, 10.6019
64.6, 24.2951, 10.6034
64.625, 24.2767, 10.6094
64.65, 24.2653, 10.6094
64.675, 24.2521, 10.6116
64.7, 24.2574, 10.6173
64.725, 24.2706, 10.619
64.75, 24.2871, 10.6222
64.775, 24.3203, 10.6229
64.8, 24.3618, 10.6231
64.825, 24.4052, 10.6232
64.85, 24.4562, 10.6233
64.875, 24.5076, 10.6233
64.9, 24.5558, 10.6235
64.925, 24.5459, 10.6235
64.95, 24.5157, 10.6235
64.975, 24.484, 10.6235
65, 24.4431, 10.6237
65.025, 24.4132, 10.6241
65.05, 24.3982, 10.6255
65.075, 24.4502, 10.6273
65.1, 24.523, 10.6275
65.125, 24.5949, 10.6278
65.15, 24.6048, 10.6281
65.175, 24.5856, 10.6281
65.2, 24.5552, 10.6284
65.225, 24.4729, 10.6292
65.25, 24.3756, 10.635
65.275, 24.2807, 10.6511
65.3, 24.3255, 10.6755
65.325, 24.4268, 10.6763
65.35, 24.543, 10.6765
65.375, 24.7257, 10.6764
65.4, 24.9178, 10.6764
65.425, 25.0964, 10.6763
65.45, 25.0949, 10.6759
65.475, 25.0325, 10.676
65.5, 24.967, 10.6759
65.525, 24.9113, 10.676
65.55, 24.872, 10.676
65.575, 24.8489, 10.676
65.6, 24.8995, 10.676
65.625, 24.9728, 10.6761
65.65, 25.0456, 10.676
65.675, 25.0439, 10.676
65.7, 25.0115, 10.6759
65.725, 24.9717, 10.6759
65.75, 24.8908, 10.6759
65.775, 24.7998, 10.676
65.8, 24.7123, 10.676
65.825, 24.7022, 10.6761
65.85, 24.7201, 10.6761
65.875, 24.7414, 10.6761
65.9, 24.776, 10.6761
65.925, 24.807, 10.6761
65.95, 24.8282, 10.6761
65.975, 24.81, 10.6761
66, 24.78, 10.6761
66.025, 24.7501, 10.6763
66.05, 24.732, 10.6761
66.075, 24.7208, 10.6763
66.1, 24.7132, 10.6763
66.125, 24.7222, 10.6764
66.15, 24.7368, 10.6764
66.175, 24.7518, 10.6764
66.2, 24.7873, 10.6764
66.225, 24.829, 10.6764
66.25, 24.8702, 10.6764
66.275, 24.9178, 10.6764
66.3, 24.9657, 10.6764
66.325, 25.0006, 10.6763
66.35, 24.9737, 10.6763
66.375, 24.9271, 10.6761
66.4, 24.8804, 10.6761
66.425, 24.8601, 10.6763
66.45, 24.8596, 10.6763
66.475, 24.8717, 10.6763
66.5, 24.9494, 10.6763
66.525, 25.0459, 10.6763
66.55, 25.1405, 10.6763
66.575, 25.1346, 10.6761
66.6, 25.0877, 10.6761
66.625, 25.0309, 10.6763
66.65, 24.9198, 10.6763
66.675, 24.7949, 10.6763
66.7, 24.6749, 10.6764
66.725, 24.7207, 10.6764
66.75, 24.8256, 10.6764
66.775, 24.9359, 10.6764
66.8, 25.0868, 10.6764
66.825, 25.2184, 10.6764
66.85, 25.3134, 10.6763
66.875, 25.257, 10.676
66.9, 25.1533, 10.676
66.925, 25.0487, 10.6761
66.95, 24.9794, 10.6761
66.975, 24.9337, 10.676
67, 24.9024, 10.6761
67.025, 24.9357, 10.6761
67.05, 24.9893, 10.6761
67.075, 25.0425, 10.6761
67.1, 25.0378, 10.676
67.125, 25.0109, 10.6761
67.15, 24.9811, 10.6761
67.175, 24.929, 10.6761
67.2, 24.8716, 10.6761
67.225, 24.8166, 10.6761
67.25, 24.8217, 10.6761
67.275, 24.8477, 10.6763
67.3, 24.8754, 10.6761
67.325, 24.9091, 10.6761
67.35, 24.9422, 10.6761
67.375, 24.9718, 10.6761
67.4, 24.9907, 10.676
67.425, 25.0058, 10.676
67.45, 25.0201, 10.676
67.475, 25.0165, 10.676
67.5, 25.0052, 10.6759
67.525, 24.9923, 10.6759
67.55, 24.9736, 10.6759
67.575, 24.9532, 10.6759
67.6, 24.9328, 10.6759
67.625, 24.9308, 10.676
67.65, 24.9354, 10.676
67.675, 24.9407, 10.676
67.7, 24.9453, 10.676
67.725, 24.9443, 10.6761
67.75, 24.9372, 10.6761
67.775, 24.9015, 10.676
67.8, 24.8574, 10.6761
67.825, 24.814, 10.6761
67.85, 24.8312, 10.6761
67.875, 24.8777, 10.6761
67.9, 24.9355, 10.676
67.925, 25.0526, 10.6759
67.95, 25.185, 10.6756
67.975, 25.313, 10.672
68, 25.2979, 10.6635
68.025, 25.2323, 10.663
68.05, 25.166, 10.6622
68.075, 25.0457, 10.6621
68.1, 24.9135, 10.6621
68.125, 24.7854, 10.6622
68.15, 24.8361, 10.6626
68.175, 24.9478, 10.6624
68.2, 25.0616, 10.6624
68.225, 25.17, 10.6622
68.25, 25.2544, 10.6619
68.275, 25.3123, 10.6585
68.3, 25.2594, 10.6544
68.325, 25.1697, 10.6539
68.35, 25.0761, 10.6536
68.375, 25.031, 10.654
68.4, 25.008, 10.6541
68.425, 24.9927, 10.6541
68.45, 25.0148, 10.654
68.475, 25.0491, 10.654
68.5, 25.0834, 10.6539
68.525, 25.0808, 10.6538
68.55, 25.0648, 10.6539
68.575, 25.0471, 10.6539
68.6, 25.0186, 10.6539
68.625, 24.9931, 10.6539
68.65, 24.9753, 10.6539
68.675, 24.9878, 10.6538
68.7, 25.01, 10.6539
68.725, 25.0322, 10.6536
68.75, 25.0462, 10.6518
68.775, 25.0557, 10.6494
68.8, 25.0616, 10.6448
68.825, 25.0591, 10.6399
68.85, 25.0524, 10.6398
68.875, 25.0392, 10.6383
68.9, 25.029, 10.6379
68.925, 25.0255, 10.6375
68.95, 25.0352, 10.6373
68.975, 25.0474, 10.6371
69, 25.0639, 10.6362
69.025, 25.0812, 10.6362
69.05, 25.104, 10.6357
69.075, 25.1284, 10.6356
69.1, 25.1556, 10.6356
69.125, 25.1826, 10.6344
69.15, 25.1944, 10.6273
69.175, 25.1926, 10.6236
69.2, 25.1385, 10.6224
69.225, 25.0715, 10.6217
69.25, 25.0029, 10.6215
69.275, 24.9315, 10.6215
69.3, 24.9448, 10.6217
69.325, 24.996, 10.6214
69.35, 25.0932, 10.6212
69.375, 25.2029, 10.6118
69.4, 25.3202, 10.6099
69.425, 25.416, 10.5996
69.45, 25.3822, 10.5869
69.475, 25.3015, 10.5851
69.5, 25.1465, 10.5851
69.525, 24.9826, 10.5855
69.55, 24.9333, 10.5856
69.575, 24.9281, 10.5859
69.6, 24.9963, 10.5859
69.625, 25.0924, 10.5859
69.65, 25.2055, 10.5855
69.675, 25.319, 10.5843
69.7, 25.2931, 10.5799
69.725, 25.2159, 10.5785
69.75, 25.0866, 10.5779
69.775, 24.9426, 10.5782
69.8, 24.8419, 10.5783
69.825, 24.7687, 10.5786
69.85, 24.7561, 10.5786
69.875, 24.7653, 10.5786
69.9, 24.797, 10.5786
69.925, 24.8349, 10.5785
69.95, 24.8125, 10.5783
69.975, 24.766, 10.5783
70, 24.6894, 10.5783
70.025, 24.6043, 10.5776
70.05, 24.5314, 10.5746
70.075, 24.4731, 10.5622
70.1, 24.4677, 10.554
70.125, 24.4762, 10.5321
70.15, 24.5046, 10.5147
70.175, 24.5415, 10.4952
70.2, 24.5503, 10.4885
70.225, 24.5524, 10.4689
70.25, 24.5368, 10.4577
70.275, 24.5076, 10.4395
70.3, 24.4847, 10.4251
70.325, 24.4629, 10.4067
70.35, 24.4361, 10.3967
70.375, 24.4204, 10.3767
70.4, 24.4132, 10.3603
70.425, 24.3959, 10.3473
70.45, 24.3595, 10.3372
70.475, 24.3177, 10.3191
70.5, 24.2626, 10.3122
70.525, 24.1988, 10.3012
70.55, 24.1356, 10.2874
70.575, 24.0691, 10.2655
70.6, 23.9619, 10.263
70.625, 23.8455, 10.2572
70.65, 23.7448, 10.2524
70.675, 23.6465, 10.2435
70.7, 23.5694, 10.2359
70.725, 23.5139, 10.2244
70.75, 23.5244, 10.2158
70.775, 23.554, 10.1955
70.8, 23.5982, 10.1844
70.825, 23.6449, 10.1587
70.85, 23.5686, 10.1441
70.875, 23.4528, 10.1367
70.9, 23.2753, 10.1332
70.925, 23.0808, 10.1331
70.95, 22.9235, 10.1333
70.975, 22.8035, 10.1326
71, 22.7897, 10.1312
71.025, 22.8117, 10.1213
71.05, 22.8693, 10.118
71.075, 22.936, 10.1006
71.1, 22.8986, 10.0913
71.125, 22.8178, 10.0858
71.15, 22.6569, 10.0803
71.175, 22.4731, 10.0791
71.2, 22.28, 10.0785
71.225, 22.1062, 10.0781
71.25, 22.0187, 10.0781
71.275, 21.9636, 10.0775
71.3, 21.9377, 10.0771
71.325, 21.9223, 10.0673
71.35, 21.8868, 10.0644
71.375, 21.8382, 10.0602
71.4, 21.7499, 10.052
71.425, 21.6517, 10.0497
71.45, 21.551, 10.0497
71.475, 21.4555, 10.05
71.5, 21.3953, 10.0501
71.525, 21.3488, 10.0501
71.55, 21.3259, 10.05
71.575, 21.3117, 10.05
71.6, 21.294, 10.0499
71.625, 21.2747, 10.0486
71.65, 21.2523, 10.0476
71.675, 21.2293, 10.0472
71.7, 21.2034, 10.0473
71.725, 21.1792, 10.046
71.75, 21.1502, 10.0436
71.775, 21.1182, 10.0382
71.8, 21.082, 10.0362
71.825, 21.0487, 10.0258
71.85, 21.0206, 10.0247
71.875, 20.9856, 10.0229
71.9, 20.9635, 10.0225
71.925, 20.9432, 10.0123
71.95, 20.9226, 10.0122
71.975, 20.9129, 10.0091
72, 20.8635, 10.0086
72.025, 20.7972, 10.0076
72.05, 20.7119, 10.0068
72.075, 20.6241, 10.0065
72.1, 20.5394, 10.0067
72.125, 20.4757, 10.0068
72.15, 20.506, 10.0069
72.175, 20.569, 10.0049
72.2, 20.6604, 10.0042
72.225, 20.7599, 9.99823
72.25, 20.7769, 9.99018
72.275, 20.7504, 9.98583
72.3, 20.6414, 9.98379
72.325, 20.511, 9.98264
72.35, 20.3579, 9.98225
72.375, 20.1996, 9.98238
72.4, 20.1662, 9.98289
72.425, 20.1835, 9.98289
72.45, 20.2437, 9.98289
72.475, 20.3154, 9.98225
72.5, 20.3332, 9.98085
72.525, 20.3192, 9.98059
72.55, 20.2259, 9.98046
72.575, 20.1088, 9.98072
72.6, 19.973, 9.9811
72.625, 19.8349, 9.98161
72.65, 19.7665, 9.98276
72.675, 19.7296, 9.98353
72.7, 19.7352, 9.98506
72.725, 19.7559, 9.98519
72.75, 19.7806, 9.98532
72.775, 19.8003, 9.98532
72.8, 19.7935, 9.98532
72.825, 19.7784, 9.98532
72.85, 19.758, 9.98532
72.875, 19.7359, 9.98519
72.9, 19.7253, 9.98532
72.925, 19.7198, 9.98545
72.95, 19.7245, 9.98545
72.975, 19.7324, 9.98532
73, 19.7431, 9.98532
73.025, 19.7508, 9.98545
73.05, 19.7406, 9.98545
73.075, 19.7247, 9.98545
73.1, 19.7064, 9.98558
73.125, 19.6877, 9.98545
73.15, 19.6694, 9.98545
73.175, 19.6515, 9.98545
73.2, 19.6358, 9.98545
73.225, 19.6218, 9.98545
73.25, 19.6096, 9.98545
73.275, 19.5988, 9.98545
73.3, 19.6106, 9.98558
73.325, 19.6306, 9.98558
73.35, 19.6582, 9.98545
73.375, 19.6874, 9.98545
73.4, 19.6995, 9.98545
73.425, 19.7019, 9.98545
73.45, 19.6818, 9.98545
73.475, 19.6548, 9.98545
73.5, 19.6224, 9.98558
73.525, 19.5893, 9.98558
73.55, 19.6226, 9.98558
73.575, 19.6819, 9.9857
73.6, 19.7708, 9.9857
73.625, 19.8672, 9.98558
73.65, 19.9504, 9.98532
73.675, 20.0088, 9.98506
73.7, 19.9598, 9.98468
73.725, 19.8753, 9.98455
73.75, 19.7644, 9.98455
73.775, 19.6481, 9.98481
73.8, 19.627, 9.98506
73.825, 19.6471, 9.98494
73.85, 19.7262, 9.98494
73.875, 19.8234, 9.98494
73.9, 19.9323, 9.98481
73.925, 20.0189, 9.9843
73.95, 19.9861, 9.98391
73.975, 19.9125, 9.98366
74, 19.8031, 9.98366
74.025, 19.6846, 9.98417
74.05, 19.6153, 9.9843
74.075, 19.573, 9.98443
74.1, 19.5858, 9.98443
74.125, 19.6176, 9.98443
74.15, 19.6665, 9.98443
74.175, 19.72, 9.98443
74.2, 19.7359, 9.9843
74.225, 19.737, 9.9843
74.25, 19.7213, 9.98417
74.275, 19.7005, 9.98417
74.3, 19.6768, 9.98417
74.325, 19.6531, 9.9843
74.35, 19.6335, 9.98443
74.375, 19.6161, 9.98443
74.4, 19.6015, 9.98443
74.425, 19.5883, 9.98481
74.45, 19.5841, 9.98494
74.475, 19.5837, 9.98494
74.5, 19.5883, 9.98494
74.525, 19.595, 9.98494
74.55, 19.6027, 9.98494
74.575, 19.6089, 9.98506
74.6, 19.6095, 9.98494
74.625, 19.6082, 9.98506
74.65, 19.6061, 9.98506
74.675, 19.6038, 9.98506
74.7, 19.6219, 9.98494
74.725, 19.6475, 9.98494
74.75, 19.6858, 9.98494
74.775, 19.7275, 9.98481
74.8, 19.7699, 9.98481
74.825, 19.7995, 9.98468
74.85, 19.7669, 9.98455
74.875, 19.7133, 9.98443
74.9, 19.6444, 9.98443
74.925, 19.5727, 9.98443
74.95, 19.5355, 9.98443
74.975, 19.5181, 9.98455
75, 19.5463, 9.98468
75.025, 19.5892, 9.98455
75.05, 19.6468, 9.98443
75.075, 19.7073, 9.98443
75.1, 19.7063, 9.98443
75.125, 19.6812, 9.98443
75.15, 19.6334, 9.98443
75.175, 19.579, 9.98468
75.2, 19.5644, 9.98468
75.225, 19.5767, 9.98468
75.25, 19.6653, 9.98468
75.275, 19.7784, 9.98468
75.3, 19.9083, 9.98468
75.325, 20.0397, 9.98327
75.35, 20.045, 9.98225
75.375, 19.9996, 9.98187
75.4, 19.8918, 9.982
75.425, 19.766, 9.98238
75.45, 19.65, 9.98264
75.475, 19.5614, 9.98276
75.5, 19.5918, 9.98276
75.525, 19.6638, 9.98264
75.55, 19.7723, 9.98212
75.575, 19.8896, 9.98212
75.6, 19.95, 9.98097
75.625, 19.9821, 9.97995
75.65, 19.9649, 9.97867
75.675, 19.9299, 9.97778
75.7, 19.8821, 9.97637
75.725, 19.8315, 9.97573
75.75, 19.832, 9.97573
75.775, 19.8522, 9.97484
75.8, 19.8909, 9.9742
75.825, 19.9345, 9.97126
75.85, 19.9638, 9.97113
75.875, 19.9875, 9.96998
75.9, 19.9839, 9.96755
75.925, 19.9698, 9.96755
75.95, 19.9476, 9.96755
75.975, 19.9246, 9.96755
76, 19.9095, 9.96755
76.025, 19.8977, 9.96768
76.05, 19.8892, 9.96768
76.075, 19.8826, 9.96755
76.1, 19.8833, 9.96755
76.125, 19.8879, 9.96678
76.15, 19.9031, 9.9664
76.175, 19.9214, 9.96627
76.2, 19.9411, 9.96602
76.225, 19.9605, 9.96602
76.25, 19.9522, 9.96602
76.275, 19.9333, 9.96615
76.3, 19.9018, 9.96602
76.325, 19.8665, 9.96602
76.35, 19.8365, 9.96615
76.375, 19.8153, 9.96602
76.4, 19.8278, 9.96615
76.425, 19.8521, 9.96563
76.45, 19.8873, 9.96551
76.475, 19.9245, 9.9641
76.5, 19.9121, 9.96282
76.525, 19.8755, 9.95745
76.55, 19.7914, 9.9572
76.575, 19.6903, 9.95656
76.6, 19.5831, 9.95669
76.625, 19.4748, 9.95694
76.65, 19.486, 9.95733
76.675, 19.5437, 9.95707
76.7, 19.6427, 9.95694
76.725, 19.7522, 9.95643
76.75, 19.8114, 9.95438
76.775, 19.841, 9.95426
76.8, 19.7985, 9.95196
76.825, 19.7336, 9.95119
76.85, 19.6449, 9.95132
76.875, 19.5516, 9.95157
76.9, 19.5355, 9.95157
76.925, 19.5491, 9.95144
76.95, 19.5936, 9.95144
76.975, 19.6478, 9.95068
77, 19.6887, 9.94927
77.025, 19.7136, 9.94927
77.05, 19.681, 9.94838
77.075, 19.6297, 9.94825
77.1, 19.5646, 9.94812
77.125, 19.4953, 9.94825
77.15, 19.4592, 9.94838
77.175, 19.4396, 9.94863
77.2, 19.4461, 9.94876
77.225, 19.4618, 9.9485
77.25, 19.4788, 9.9485
77.275, 19.4895, 9.94863
77.3, 19.4685, 9.94876
77.325, 19.4366, 9.94889
77.35, 19.3978, 9.94914
77.375, 19.3581, 9.9494
77.4, 19.3425, 9.94966
77.425, 19.3395, 9.95017
77.45, 19.3605, 9.95106
77.475, 19.3892, 9.9517
77.5, 19.4251, 9.95221
77.525, 19.462, 9.95247
77.55, 19.4893, 9.95247
77.575, 19.512, 9.95247
77.6, 19.5297, 9.9526
77.625, 19.5453, 9.95362
77.65, 19.5462, 9.95426
77.675, 19.5399, 9.9549
77.7, 19.5195, 9.95605
77.725, 19.4949, 9.95822
77.75, 19.4694, 9.96768
77.775, 19.4457, 9.96998
77.8, 19.4638, 9.97036
77.825, 19.4907, 9.97062
77.85, 19.5437, 9.97062
77.875, 19.6083, 9.97075
77.9, 19.6511, 9.97088
77.925, 19.6734, 9.97088
77.95, 19.6409, 9.97088
77.975, 19.5906, 9.97113
78, 19.5245, 9.97113
78.025, 19.4549, 9.97126
78.05, 19.4849, 9.9719
78.075, 19.5562, 9.97215
78.1, 19.6849, 9.97215
78.125, 19.8298, 9.97215
78.15, 19.9827, 9.97203
78.175, 20.1034, 9.97177
78.2, 20.0536, 9.97113
78.225, 19.9462, 9.97126
78.25, 19.7951, 9.97126
78.275, 19.6338, 9.97151
78.3, 19.543, 9.9719
78.325, 19.49, 9.97203
78.35, 19.5124, 9.97215
78.375, 19.5613, 9.97215
78.4, 19.6334, 9.97215
78.425, 19.7113, 9.97215
78.45, 19.687, 9.97203
78.475, 19.625, 9.97215
78.5, 19.5307, 9.97228
78.525, 19.4291, 9.97279
78.55, 19.3648, 9.97522
78.575, 19.3238, 9.97727
78.6, 19.3406, 9.97791
78.625, 19.3748, 9.98264
78.65, 19.4191, 9.9834
78.675, 19.4661, 9.98353
78.7, 19.4748, 9.98366
78.725, 19.4693, 9.98379
78.75, 19.4496, 9.98455
78.775, 19.4247, 9.98519
78.8, 19.3995, 9.98583
78.825, 19.3795, 9.98826
78.85, 19.3848, 9.98916
78.875, 19.399, 9.99158
78.9, 19.4195, 9.9921
78.925, 19.4421, 9.99286
78.95, 19.4764, 9.99312
78.975, 19.5143, 10.0026
79, 19.5503, 10.0056
79.025, 19.5829, 10.0077
79.05, 19.6128, 10.0081
79.075, 19.6361, 10.0081
79.1, 19.6407, 10.0081
79.125, 19.6382, 10.0082
79.15, 19.6254, 10.0082
79.175, 19.6104, 10.0083
79.2, 19.6319, 10.0085
79.225, 19.6702, 10.0085
79.25, 19.7429, 10.0085
79.275, 19.8254, 10.0085
79.3, 19.9128, 10.0085
79.325, 19.9988, 10.0082
79.35, 20.0077, 10.0081
79.375, 19.9864, 10.0081
79.4, 19.9347, 10.0081
79.425, 19.8741, 10.0081
79.45, 19.8394, 10.0081
79.475, 19.8295, 10.0081
79.5, 19.91, 10.0082
79.525, 20.0191, 10.0081
79.55, 20.1477, 10.0078
79.575, 20.2782, 10.0053
79.6, 20.2686, 10.0001
79.625, 20.2016, 9.99874
79.65, 20.0642, 9.99874
79.675, 19.9097, 9.999
79.7, 19.7617, 9.99913
79.725, 19.6416, 9.99964
79.75, 19.658, 9.99989
79.775, 19.7219, 10
79.8, 19.8219, 9.99989
79.825, 19.9317, 9.99951
79.85, 19.9701, 9.99938
79.875, 19.9741, 9.99887
79.9, 19.9215, 9.99657
79.925, 19.8501, 9.99606
79.95, 19.7595, 9.99593
79.975, 19.6656, 9.99606
80, 19.6323, 9.99619
80.025, 19.6227, 9.98852
80.05, 19.635, 9.97343
80.075, 19.6547, 9.95106
80.1, 19.6534, 9.93853
80.125, 19.6414, 9.91936
80.15, 19.5923, 9.90939
80.175, 19.534, 9.8952
80.2, 19.4688, 9.88689
80.225, 19.4072, 9.8773
80.25, 19.3557, 9.86541
80.275, 19.3075, 9.85353
80.3, 19.2561, 9.84355
80.325, 19.214, 9.82118
80.35, 19.1907, 9.81109
80.375, 19.172, 9.79536
80.4, 19.1586, 9.78744
80.425, 19.1596, 9.77274
80.45, 19.1476, 9.76724
80.475, 19.1285, 9.74576
80.5, 19.1077, 9.73209
80.525, 19.0792, 9.72352
80.55, 19.0231, 9.71483
80.575, 18.9569, 9.70294
80.6, 18.9118, 9.68824
80.625, 18.8873, 9.68287
80.65, 18.8745, 9.66676
80.675, 18.8667, 9.65347
80.7, 18.8847, 9.64554
80.725, 18.9109, 9.62586
80.75, 18.8789, 9.61013
80.775, 18.8183, 9.59582
80.8, 18.7136, 9.59288
80.825, 18.5957, 9.58176
80.85, 18.4691, 9.57409
80.875, 18.3637, 9.57025
80.9, 18.3654, 9.56552
80.925, 18.4086, 9.53791
80.95, 18.4986, 9.53254
80.975, 18.5973, 9.50761
81, 18.6039, 9.49854
81.025, 18.5638, 9.48499
81.05, 18.397, 9.47834
81.075, 18.1919, 9.47744
81.1, 17.9595, 9.47693
81.125, 17.7265, 9.47732
81.15, 17.6065, 9.47757
81.175, 17.5349, 9.47757
81.2, 17.5179, 9.47757
81.225, 17.5205, 9.47617
81.25, 17.5018, 9.46888
81.275, 17.4611, 9.4575
81.3, 17.3374, 9.45265
81.325, 17.1874, 9.4506
81.35, 17.0082, 9.44983
81.375, 16.8215, 9.44919
81.4, 16.7071, 9.44919
81.425, 16.6239, 9.44843
81.45, 16.5792, 9.44804
81.475, 16.5497, 9.44625
81.5, 16.5287, 9.44587
81.525, 16.5063, 9.44114
81.55, 16.4545, 9.43718
81.575, 16.3895, 9.43437
81.6, 16.3165, 9.4336
81.625, 16.2451, 9.43296
81.65, 16.1871, 9.43194
81.675, 16.1358, 9.43168
81.7, 16.0964, 9.43117
81.725, 16.0649, 9.42925
81.75, 16.0439, 9.42849
81.775, 16.0278, 9.42401
81.8, 16.0194, 9.42197
81.825, 16.0136, 9.41775
81.85, 16.0113, 9.41634
81.875, 16.0107, 9.41187
81.9, 16.0024, 9.40803
81.925, 15.9891, 9.4019
81.95, 15.9707, 9.39768
81.975, 15.9557, 9.38937
82, 15.9387, 9.3886
82.025, 15.9172, 9.3886
82.05, 15.8972, 9.38783
82.075, 15.8799, 9.38656
82.1, 15.8635, 9.38528
82.125, 15.8477, 9.38515
82.15, 15.8158, 9.38451
82.175, 15.7714, 9.38157
82.2, 15.6817, 9.37901
82.225, 15.5757, 9.3785
82.25, 15.462, 9.37863
82.275, 15.3543, 9.37889
82.3, 15.3295, 9.37889
82.325, 15.3387, 9.37927
82.35, 15.3999, 9.37927
82.375, 15.4782, 9.37889
82.4, 15.5683, 9.37863
82.425, 15.6354, 9.37582
82.45, 15.5779, 9.37403
82.475, 15.4784, 9.37275
82.5, 15.3506, 9.37211
82.525, 15.2178, 9.37224
82.55, 15.1616, 9.37237
82.575, 15.1453, 9.37288
82.6, 15.207, 9.37288
82.625, 15.2947, 9.37275
82.65, 15.4, 9.37186
82.675, 15.5079, 9.36725
82.7, 15.4806, 9.36086
82.725, 15.3978, 9.35958
82.75, 15.2587, 9.35946
82.775, 15.1084, 9.35946
82.8, 15.0082, 9.35958
82.825, 14.9353, 9.35984
82.85, 14.9267, 9.3601
82.875, 14.9428, 9.35984
82.9, 14.9795, 9.35971
82.925, 15.0221, 9.35946
82.95, 15.0211, 9.35894
82.975, 15.0024, 9.35831
83, 14.9619, 9.35805
83.025, 14.915, 9.35818
83.05, 14.8695, 9.35843
83.075, 14.832, 9.35856
83.1, 14.8295, 9.35856
83.125, 14.8399, 9.35882
83.15, 14.862, 9.35882
83.175, 14.8879, 9.35869
83.2, 14.9026, 9.35856
83.225, 14.9121, 9.35882
83.25, 14.9116, 9.35882
83.275, 14.9077, 9.35882
83.3, 14.9014, 9.35869
83.325, 14.8937, 9.35869
83.35, 14.8818, 9.35882
83.375, 14.8691, 9.35856
83.4, 14.8565, 9.35869
83.425, 14.8445, 9.35907
83.45, 14.854, 9.35894
83.475, 14.8736, 9.35882
83.5, 14.9136, 9.35882
83.525, 14.9598, 9.35869
83.55, 15.0089, 9.35818
83.575, 15.0576, 9.35703
83.6, 15.0589, 9.35652
83.625, 15.042, 9.35652
83.65, 15.0105, 9.356
83.675, 14.9751, 9.35613
83.7, 14.9644, 9.35626
83.725, 14.9709, 9.35639
83.75, 15.0275, 9.35652
83.775, 15.0998, 9.35626
83.8, 15.1828, 9.35613
83.825, 15.2664, 9.34949
83.85, 15.2565, 9.34552
83.875, 15.2129, 9.3445
83.9, 15.1081, 9.3445
83.925, 14.9864, 9.34488
83.95, 14.9012, 9.34514
83.975, 14.8436, 9.34552
84, 14.8597, 9.34578
84.025, 14.9012, 9.34591
84.05, 14.9689, 9.34552
84.075, 15.0443, 9.34258
84.1, 15.0488, 9.34194
84.125, 15.0228, 9.34015
84.15, 14.9461, 9.34028
84.175, 14.8515, 9.34041
84.2, 14.744, 9.34079
84.225, 14.6508, 9.3413
84.25, 14.6356, 9.34169
84.275, 14.6484, 9.34207
84.3, 14.6874, 9.34271
84.325, 14.7344, 9.34271
84.35, 14.7546, 9.34271
84.375, 14.7593, 9.34284
84.4, 14.7306, 9.34309
84.425, 14.6919, 9.34386
84.45, 14.647, 9.34463
84.475, 14.6018, 9.34591
84.5, 14.5746, 9.35025
84.525, 14.5539, 9.35434
84.55, 14.5448, 9.35524
84.575, 14.5423, 9.356
84.6, 14.5389, 9.35652
84.625, 14.5328, 9.35779
84.65, 14.5201, 9.35894
84.675, 14.5063, 9.36304
84.7, 14.4944, 9.36623
84.725, 14.4802, 9.36879
84.75, 14.4736, 9.36943
84.775, 14.4711, 9.37083
84.8, 14.4757, 9.37147
84.825, 14.483, 9.37262
84.85, 14.5001, 9.37352
84.875, 14.5251, 9.37454
84.9, 14.5816, 9.37467
84.925, 14.6487, 9.37492
84.95, 14.7206, 9.37492
84.975, 14.7913, 9.37492
85, 14.8233, 9.37492
85.025, 14.8377, 9.3748
85.05, 14.824, 9.3748
85.075, 14.8001, 9.3748
85.1, 14.7708, 9.3748
85.125, 14.7546, 9.3748
85.15, 14.8079, 9.3748
85.175, 14.8841, 9.3748
85.2, 14.9786, 9.37454
85.225, 15.0764, 9.37237
85.25, 15.0974, 9.3716
85.275, 15.0822, 9.3693
85.3, 14.9928, 9.36866
85.325, 14.8811, 9.36828
85.35, 14.7575, 9.36828
85.375, 14.6322, 9.3684
85.4, 14.623, 9.36853
85.425, 14.6606, 9.36866
85.45, 14.7499, 9.36853
85.475, 14.8543, 9.36853
85.5, 14.9318, 9.36777
85.525, 14.9804, 9.36508
85.55, 14.9243, 9.36329
85.575, 14.834, 9.36201
85.6, 14.723, 9.36201
85.625, 14.6064, 9.36227
85.65, 14.5481, 9.36214
85.675, 14.5163, 9.36227
85.7, 14.5239, 9.36227
85.725, 14.5445, 9.36252
85.75, 14.5718, 9.36278
85.775, 14.5956, 9.36316
85.8, 14.5955, 9.36342
85.825, 14.5865, 9.36329
85.85, 14.5705, 9.36342
85.875, 14.5525, 9.36329
85.9, 14.5467, 9.36329
85.925, 14.5467, 9.36329
85.95, 14.5573, 9.36329
85.975, 14.5713, 9.36342
86, 14.5893, 9.36329
86.025, 14.6112, 9.36329
86.05, 14.6489, 9.36316
86.075, 14.691, 9.36265
86.1, 14.7351, 9.36252
86.125, 14.7787, 9.36227
86.15, 14.811, 9.36137
86.175, 14.8354, 9.35703
86.2, 14.8429, 9.35626
86.225, 14.8459, 9.35626
86.25, 14.8421, 9.35626
86.275, 14.8339, 9.35639
86.3, 14.8317, 9.35639
86.325, 14.8327, 9.35639
86.35, 14.8359, 9.35652
86.375, 14.8395, 9.35664
86.4, 14.8393, 9.35664
86.425, 14.8345, 9.35677
86.45, 14.8135, 9.3569
86.475, 14.7877, 9.35716
86.5, 14.76, 9.35831
86.525, 14.7327, 9.35933
86.55, 14.7637, 9.36048
86.575, 14.8173, 9.36086
86.6, 14.9028, 9.36086
86.625, 14.997, 9.36086
86.65, 15.0801, 9.36073
86.675, 15.1412, 9.36061
86.7, 15.1146, 9.3601
86.725, 15.058, 9.3601
86.75, 14.9757, 9.3601
86.775, 14.8879, 9.36035
86.8, 14.8551, 9.36048
86.825, 14.8503, 9.36048
86.85, 14.9014, 9.36035
86.875, 14.9704, 9.36035
86.9, 15.0527, 9.3601
86.925, 15.137, 9.35818
86.95, 15.0762, 9.35217
86.975, 14.9643, 9.3514
87, 14.8076, 9.3514
87.025, 14.6425, 9.35179
87.05, 14.5426, 9.35204
87.075, 14.4785, 9.35319
87.1, 14.491, 9.3537
87.125, 14.5311, 9.35524
87.15, 14.5982, 9.35562
87.175, 14.6728, 9.35575
87.2, 14.6955, 9.35562
87.225, 14.6959, 9.35575
87.25, 14.6682, 9.35575
87.275, 14.6314, 9.35588
87.3, 14.603, 9.35588
87.325, 14.5825, 9.35626
87.35, 14.5879, 9.35677
87.375, 14.6029, 9.35728
87.4, 14.63, 9.35728
87.425, 14.6594, 9.35767
87.45, 14.6707, 9.35779
87.475, 14.6745, 9.35869
87.5, 14.6696, 9.35907
87.525, 14.6612, 9.36099
87.55, 14.6503, 9.36508
87.575, 14.6402, 9.37096
87.6, 14.6397, 9.3716
87.625, 14.6514, 9.37326
87.65, 14.6676, 9.37365
87.675, 14.6842, 9.3739
87.7, 14.688, 9.37531
87.725, 14.6861, 9.37633
87.75, 14.6842, 9.37684
87.775, 14.6811, 9.37748
87.8, 14.678, 9.37761
87.825, 14.6719, 9.37786
87.85, 14.6451, 9.3785
87.875, 14.6132, 9.37914
87.9, 14.5828, 9.38259
87.925, 14.5821, 9.38489
87.95, 14.6037, 9.38643
87.975, 14.6386, 9.38681
88, 14.7286, 9.3872
88.025, 14.8345, 9.3872
88.05, 14.9369, 9.3872
88.075, 14.949, 9.3872
88.1, 14.9252, 9.38707
88.125, 14.8931, 9.38694
88.15, 14.8224, 9.38694
88.175, 14.742, 9.38694
88.2, 14.665, 9.38694
88.225, 14.6978, 9.3872
88.25, 14.7685, 9.38707
88.275, 14.8414, 9.38707
88.3, 14.9205, 9.38681
88.325, 14.9842, 9.38668
88.35, 15.0272, 9.38605
88.375, 14.9813, 9.38323
88.4, 14.9061, 9.3831
88.425, 14.8335, 9.38298
88.45, 14.8178, 9.38298
88.475, 14.831, 9.38272
88.5, 14.8555, 9.38285
88.525, 14.9315, 9.3831
88.55, 15.0213, 9.38272
88.575, 15.1078, 9.38259
88.6, 15.1224, 9.38016
88.625, 15.1096, 9.38016
88.65, 15.0926, 9.38016
88.675, 15.0486, 9.38016
88.7, 14.9987, 9.38016
88.725, 14.9559, 9.38016
88.75, 14.9353, 9.38042
88.775, 14.923, 9.38055
88.8, 14.9123, 9.38042
88.825, 14.9047, 9.38055
88.85, 14.8959, 9.38055
88.875, 14.885, 9.38068
88.9, 14.8663, 9.38093
88.925, 14.846, 9.38093
88.95, 14.8267, 9.38106
88.975, 14.823, 9.38106
89, 14.8258, 9.38119
89.025, 14.8304, 9.38157
89.05, 14.8448, 9.38221
89.075, 14.8616, 9.38247
89.1, 14.8773, 9.38259
89.125, 14.909, 9.38298
89.15, 14.9446, 9.38298
89.175, 14.9789, 9.3831
89.2, 15.0079, 9.3831
89.225, 15.0274, 9.38298
89.25, 15.037, 9.38298
89.275, 15.0076, 9.38285
89.3, 14.9663, 9.38285
89.325, 14.925, 9.38285
89.35, 14.9374, 9.38259
89.375, 14.9744, 9.38247
89.4, 15.0199, 9.38221
89.425, 15.1095, 9.38157
89.45, 15.2098, 9.37965
89.475, 15.3065, 9.37339
89.5, 15.2905, 9.36278
89.525, 15.232, 9.36214
89.55, 15.1698, 9.3615
89.575, 15.0539, 9.36163
89.6, 14.9265, 9.36176
89.625, 14.8094, 9.36176
89.65, 14.8296, 9.36188
89.675, 14.8963, 9.36188
89.7, 14.9651, 9.36163
89.725, 15.0092, 9.36086
89.75, 15.0303, 9.35882
89.775, 15.0338, 9.35677
89.8, 14.9633, 9.35332
89.825, 14.869, 9.35306
89.85, 14.7793, 9.35281
89.875, 14.7448, 9.35281
89.9, 14.7347, 9.35281
89.925, 14.7319, 9.35281
89.95, 14.7643, 9.35294
89.975, 14.8071, 9.35281
