0, 8.04224, -2.69179
0.025, 8.04224, -2.69179
0.05, 8.04224, -2.69179
0.075, 1.6235, -0.162384
0.1, 1.6235, -0.162384
0.125, 1.6235, -0.162384
0.15, 2.71817, -0.161681
0.175, 2.71817, -0.161681
0.2, 2.71817, -0.161681
0.225, 3.5425, 2.97589
0.25, 3.5425, 2.97589
0.275, 3.5425, 2.97589
0.3, 0.49484, 2.97785
0.325, 0.49484, 2.97785
0.35, 0.49484, 2.97785
0.375, 0.49484, 2.97785
0.4, 0.11019, -0.163365
0.425, 0.354827, -0.163219
0.45, 0.354827, -0.163219
0.475, 0.354827, -0.163219
0.5, 0.589697, -0.163085
0.525, 0.589697, -0.163085
0.55, 0.589697, -0.163085
0.575, 0.830701, -0.162972
0.6, 1.00937, -0.162911
0.625, 1.00937, -0.162911
0.65, 1.00937, -0.162911
0.675, 1.22903, -0.162872
0.7, 1.22903, -0.162872
0.725, 1.22903, -0.162872
0.75, 1.47898, -0.162923
0.775, 1.47898, -0.162923
0.8, 1.47898, -0.162923
0.825, 1.47898, -0.162923
0.85, 1.47898, -0.162923
0.875, 1.80506, -0.163264
0.9, 3.13418, -0.165553
0.925, 3.13418, -0.165553
0.95, 3.13418, -0.165553
0.975, 3.13418, -0.165553
1, 4.58678, -0.17255
1.025, 5.1068, -0.191434
1.05, 5.1068, -0.191434
1.075, 5.1068, -0.191434
1.1, 5.1068, -0.191434
1.125, 5.1068, -0.191434
1.15, 4.11521, -1.75613
1.175, 4.11521, -1.75613
1.2, 6.81286, -1.16063
1.225, 6.81286, -1.16063
1.25, 6.81286, -1.16063
1.275, 2.81014, -1.83772
1.3, 3.89701, -1.66829
1.325, 4.39015, -1.59325
1.35, 4.76962, -1.53854
1.375, 4.76962, -1.53854
1.4, 4.44202, -1.57653
1.425, 4.44202, -1.57653
1.45, 4.14587, -1.60837
1.475, 4.00569, -1.62367
1.5, 4.00569, -1.62367
1.525, 3.34281, -1.68558
1.55, 3.16135, -1.70298
1.575, 3.16135, -1.70298
1.6, 3.16135, -1.70298
1.625, 3.16135, -1.70298
1.65, 2.87191, -1.72527
1.675, 3.07176, -1.7075
1.7, 3.18663, -1.69745
1.725, 3.18663, -1.69745
1.75, 3.18663, -1.69745
1.775, 3.18663, -1.69745
1.8, 3.22404, -1.69437
1.825, 3.26945, -1.69048
1.85, 3.26945, -1.69048
1.875, 3.23309, -1.69319
1.9, 3.23309, -1.69319
1.925, 3.23309, -1.69319
1.95, 3.23309, -1.69319
1.975, 3.23309, -1.69319
2, 3.27415, -1.69036
2.025, 3.27415, -1.69036
2.05, 3.27415, -1.69036
2.075, 3.3218, -1.68666
2.1, 3.3218, -1.68666
2.125, 3.36572, -1.68306
2.15, 3.40595, -1.6795
2.175, 3.40595, -1.6795
2.2, 3.43165, -1.67696
2.225, 3.43165, -1.67696
2.25, 3.44991, -1.67543
2.275, 3.46963, -1.67375
2.3, 3.46963, -1.67375
2.325, 3.49331, -1.67131
2.35, 3.49331, -1.67131
2.375, 3.49721, -1.66779
2.4, 3.49721, -1.66779
2.425, 3.49721, -1.66779
2.45, 3.49721, -1.66779
2.475, 3.49721, -1.66779
2.5, 3.49721, -1.66779
2.525, 3.50343, -1.66443
2.55, 3.4244, -1.66093
2.575, 3.4244, -1.66093
2.6, 3.4244, -1.66093
2.625, 3.4244, -1.66093
2.65, 3.4244, -1.66093
2.675, 3.4244, -1.66093
2.7, 3.4244, -1.66093
2.725, 3.4244, -1.66093
2.75, 3.36114, -1.65946
2.775, 3.09264, -1.66013
2.8, 2.74302, -1.66253
2.825, 2.45809, -1.66508
2.85, 2.26522, -1.66681
2.875, 2.26522, -1.66681
2.9, 2.26522, -1.66681
2.925, 2.26522, -1.66681
2.95, 2.26707, -1.66973
2.975, 2.3047, -1.67066
3, 2.3047, -1.67066
3.025, 2.30227, -1.6705
3.05, 2.30227, -1.6705
3.075, 2.29799, -1.66983
3.1, 2.29799, -1.66983
3.125, 2.29799, -1.66983
3.15, 2.29799, -1.66983
3.175, 2.20366, -1.67594
3.2, 2.20366, -1.67594
3.225, 2.20366, -1.67594
3.25, 2.20366, -1.67594
3.275, 2.1286, -1.67958
3.3, 2.07162, -1.68298
3.325, 2.07162, -1.68298
3.35, 1.90125, -1.69083
3.375, 1.90125, -1.69083
3.4, 1.81038, -1.69479
3.425, 1.77649, -1.69636
3.45, 1.75587, -1.6973
3.475, 1.75587, -1.6973
3.5, 1.75587, -1.6973
3.525, 1.75587, -1.6973
3.55, 1.75587, -1.6973
3.575, 1.67658, -1.70001
3.6, 1.67658, -1.70001
3.625, 1.67658, -1.70001
3.65, 1.67658, -1.70001
3.675, 1.67658, -1.70001
3.7, 1.67658, -1.70001
3.725, 1.67658, -1.70001
3.75, 1.67658, -1.70001
3.775, 1.67658, -1.70001
3.8, 1.67658, -1.70001
3.825, 1.67658, -1.70001
3.85, 1.75605, -1.69719
3.875, 1.85524, -1.69398
3.9, 1.93659, -1.69136
3.925, 1.93659, -1.69136
3.95, 1.93659, -1.69136
3.975, 1.93659, -1.69136
4, 1.93659, -1.69136
4.025, 1.93659, -1.69136
4.05, 1.93662, -1.69141
4.075, 1.9844, -1.68982
4.1, 1.9844, -1.68982
4.125, 1.9844, -1.68982
4.15, 2.00962, -1.68885
4.175, 2.07787, -1.68643
4.2, 2.07787, -1.68643
4.225, 2.07787, -1.68643
4.25, 2.07787, -1.68643
4.275, 2.07787, -1.68643
4.3, 2.07787, -1.68643
4.325, 2.07787, -1.68643
4.35, 2.07787, -1.68643
4.375, 2.07787, -1.68643
4.4, 2.07787, -1.68643
4.425, 2.07787, -1.68643
4.45, 2.07787, -1.68643
4.475, 2.07787, -1.68643
4.5, 2.07787, -1.68643
4.525, 2.07787, -1.68643
4.55, 2.07787, -1.68643
4.575, 2.07787, -1.68643
4.6, 2.13226, -1.68555
4.625, 2.13226, -1.68555
4.65, 2.13226, -1.68555
4.675, 2.13226, -1.68555
4.7, 2.13226, -1.68555
4.725, 2.13226, -1.68555
4.75, 2.13226, -1.68555
4.775, 2.13226, -1.68555
4.8, 2.11566, -1.68508
4.825, 2.09923, -1.68481
4.85, 2.09923, -1.68481
4.875, 2.09923, -1.68481
4.9, 2.0681, -1.68407
4.925, 2.0616, -1.68399
4.95, 2.0616, -1.68399
4.975, 2.07509, -1.68447
5, 2.07509, -1.68447
5.025, 2.07509, -1.68447
5.05, 2.07796, -1.68497
5.075, 2.07796, -1.68497
5.1, 2.07154, -1.68468
5.125, 2.07154, -1.68468
5.15, 2.07154, -1.68468
5.175, 2.07154, -1.68468
5.2, 2.07154, -1.68468
5.225, 2.06223, -1.68607
5.25, 2.06223, -1.68607
5.275, 2.06223, -1.68607
5.3, 2.06223, -1.68607
5.325, 2.06223, -1.68607
5.35, 2.07454, -1.6851
5.375, 2.07556, -1.68485
5.4, 2.07556, -1.68485
5.425, 2.07556, -1.68485
5.45, 2.07556, -1.68485
5.475, 2.03661, -1.68689
5.5, 2.03661, -1.68689
5.525, 2.03661, -1.68689
5.55, 2.00255, -1.68844
5.575, 2.00255, -1.68844
5.6, 1.92927, -1.69109
5.625, 1.8815, -1.69265
5.65, 1.8815, -1.69265
5.675, 1.8815, -1.69265
5.7, 1.8815, -1.69265
5.725, 1.89456, -1.69228
5.75, 1.89456, -1.69228
5.775, 1.91566, -1.69168
5.8, 1.91566, -1.69168
5.825, 1.88621, -1.69243
5.85, 1.88621, -1.69243
5.875, 1.88621, -1.69243
5.9, 1.88621, -1.69243
5.925, 1.88621, -1.69243
5.95, 1.88621, -1.69243
5.975, 1.88621, -1.69243
6, 1.88621, -1.69243
6.025, 1.8957, -1.69223
6.05, 1.8957, -1.69223
6.075, 1.8957, -1.69223
6.1, 1.8957, -1.69223
6.125, 1.8957, -1.69223
6.15, 1.8957, -1.69223
6.175, 1.90026, -1.69209
6.2, 1.90026, -1.69209
6.225, 1.90026, -1.69209
6.25, 1.90026, -1.69209
6.275, 1.90026, -1.69209
6.3, 1.90026, -1.69209
6.325, 1.90026, -1.69209
6.35, 1.86107, -1.69251
6.375, 1.86107, -1.69251
6.4, 1.86107, -1.69251
6.425, 1.86107, -1.69251
6.45, 1.85813, -1.69236
6.475, 1.85813, -1.69236
6.5, 1.85813, -1.69236
6.525, 1.85988, -1.69159
6.55, 1.85988, -1.69159
6.575, 1.85988, -1.69159
6.6, 1.85988, -1.69159
6.625, 1.82797, -1.69135
6.65, 1.82797, -1.69135
6.675, 1.82797, -1.69135
6.7, 1.82797, -1.69135
6.725, 1.80177, -1.69071
6.75, 1.74081, -1.68979
6.775, 1.74081, -1.68979
6.8, 1.74081, -1.68979
6.825, 1.74081, -1.68979
6.85, 1.74081, -1.68979
6.875, 1.74081, -1.68979
6.9, 1.74081, -1.68979
6.925, 1.74081, -1.68979
6.95, 1.74081, -1.68979
6.975, 1.71445, -1.68913
7, 1.6688, -1.68888
7.025, 1.63037, -1.68875
7.05, 1.60157, -1.68865
7.075, 1.60683, -1.68867
7.1, 1.63122, -1.68884
7.125, 1.64656, -1.68896
7.15, 1.64656, -1.68896
7.175, 1.644, -1.68893
7.2, 1.64583, -1.68893
7.225, 1.65361, -1.68897
7.25, 1.65361, -1.68897
7.275, 1.65361, -1.68897
7.3, 1.6587, -1.68917
7.325, 1.67772, -1.68953
7.35, 1.69473, -1.69003
7.375, 1.69473, -1.69003
7.4, 1.70228, -1.69068
7.425, 1.71536, -1.69132
7.45, 1.71536, -1.69132
7.475, 1.70607, -1.69293
7.5, 1.68572, -1.69519
7.525, 1.64422, -1.69813
7.55, 1.64422, -1.69813
7.575, 1.60981, -1.70004
7.6, 1.60981, -1.70004
7.625, 1.60981, -1.70004
7.65, 1.60981, -1.70004
7.675, 1.60981, -1.70004
7.7, 1.59456, -1.70066
7.725, 1.53463, -1.70289
7.75, 1.53463, -1.70289
7.775, 1.49788, -1.70418
7.8, 1.49788, -1.70418
7.825, 1.49788, -1.70418
7.85, 1.49788, -1.70418
7.875, 1.49788, -1.70418
7.9, 1.49788, -1.70418
7.925, 1.51292, -1.70374
7.95, 1.51292, -1.70374
7.975, 1.51292, -1.70374
8, 1.57758, -1.70201
8.025, 1.57758, -1.70201
8.05, 1.57758, -1.70201
8.075, 1.58471, -1.70183
8.1, 1.58471, -1.70183
8.125, 1.5977, -1.70149
8.15, 1.6191, -1.70092
8.175, 1.6763, -1.69941
8.2, 1.75797, -1.69726
8.225, 1.75797, -1.69726
8.25, 1.75797, -1.69726
8.275, 1.77525, -1.69701
8.3, 1.77525, -1.69701
8.325, 1.77525, -1.69701
8.35, 1.77525, -1.69701
8.375, 1.77525, -1.69701
8.4, 1.77525, -1.69701
8.425, 1.77521, -1.69701
8.45, 1.77521, -1.69701
8.475, 1.77521, -1.69701
8.5, 1.77521, -1.69701
8.525, 1.75732, -1.69731
8.55, 1.75732, -1.69731
8.575, 1.74895, -1.6968
8.6, 1.74895, -1.6968
8.625, 1.74895, -1.6968
8.65, 1.73154, -1.69672
8.675, 1.73154, -1.69672
8.7, 1.73154, -1.69672
8.725, 1.71319, -1.69647
8.75, 1.71319, -1.69647
8.775, 1.71319, -1.69647
8.8, 1.7154, -1.69653
8.825, 1.7154, -1.69653
8.85, 1.7154, -1.69653
8.875, 1.7154, -1.69653
8.9, 1.69533, -1.69565
8.925, 1.68152, -1.69547
8.95, 1.65601, -1.69512
8.975, 1.6278, -1.69478
9, 1.6278, -1.69478
9.025, 1.6278, -1.69478
9.05, 1.62268, -1.69466
9.075, 1.62268, -1.69466
9.1, 1.59912, -1.69428
9.125, 1.57689, -1.69411
9.15, 1.56472, -1.69402
9.175, 1.56472, -1.69402
9.2, 1.56472, -1.69402
9.225, 1.57306, -1.69429
9.25, 1.57306, -1.69429
9.275, 1.58751, -1.69483
9.3, 1.58751, -1.69483
9.325, 1.58717, -1.69482
9.35, 1.58717, -1.69482
9.375, 1.57815, -1.69439
9.4, 1.57815, -1.69439
9.425, 1.56102, -1.69394
9.45, 1.56102, -1.69394
9.475, 1.5649, -1.69403
9.5, 1.5649, -1.69403
9.525, 1.57316, -1.69438
9.55, 1.58533, -1.6948
9.575, 1.58533, -1.6948
9.6, 1.58563, -1.69522
9.625, 1.58744, -1.69572
9.65, 1.58766, -1.69655
9.675, 1.58766, -1.69655
9.7, 1.58766, -1.69655
9.725, 1.58766, -1.69655
9.75, 1.58766, -1.69655
9.775, 1.59125, -1.69636
9.8, 1.54469, -1.69879
9.825, 1.54469, -1.69879
9.85, 1.54469, -1.69879
9.875, 1.53788, -1.69908
9.9, 1.5234, -1.69967
9.925, 1.52554, -1.69959
9.95, 1.52554, -1.69959
9.975, 1.52554, -1.69959
10, 1.52554, -1.69959
10.025, 1.52554, -1.69959
10.05, 1.52554, -1.69959
10.075, 1.52554, -1.69959
10.1, 1.52554, -1.69959
10.125, 1.52392, -1.69963
10.15, 1.54339, -1.69903
10.175, 1.54339, -1.69903
10.2, 1.55074, -1.69882
10.225, 1.55074, -1.69882
10.25, 1.55074, -1.69882
10.275, 1.55074, -1.69882
10.3, 1.55074, -1.69882
10.325, 1.55074, -1.69882
10.35, 1.5469, -1.69884
10.375, 1.5469, -1.69884
10.4, 1.5469, -1.69884
10.425, 1.5469, -1.69884
10.45, 1.54514, -1.69887
10.475, 1.57278, -1.69796
10.5, 1.57278, -1.69796
10.525, 1.57278, -1.69796
10.55, 1.58138, -1.69759
10.575, 1.58138, -1.69759
10.6, 1.58266, -1.69714
10.625, 1.58266, -1.69714
10.65, 1.58266, -1.69714
10.675, 1.58266, -1.69714
10.7, 1.58266, -1.69714
10.725, 1.5936, -1.69701
10.75, 1.5936, -1.69701
10.775, 1.5936, -1.69701
10.8, 1.5936, -1.69701
10.825, 1.5936, -1.69701
10.85, 1.5936, -1.69701
10.875, 1.56436, -1.69753
10.9, 1.56436, -1.69753
10.925, 1.52285, -1.69752
10.95, 1.4899, -1.69743
10.975, 1.4899, -1.69743
11, 1.44233, -1.69734
11.025, 1.39405, -1.69735
11.05, 1.39405, -1.69735
11.075, 1.37779, -1.69731
11.1, 1.37779, -1.69731
11.125, 1.38059, -1.69733
11.15, 1.38059, -1.69733
11.175, 1.34687, -1.69712
11.2, 1.34069, -1.69713
11.225, 1.34069, -1.69713
11.25, 1.34069, -1.69713
11.275, 1.3529, -1.69736
11.3, 1.39161, -1.6976
11.325, 1.39161, -1.6976
11.35, 1.39161, -1.6976
11.375, 1.38807, -1.69737
11.4, 1.41345, -1.69752
11.425, 1.43382, -1.69769
11.45, 1.43382, -1.69769
11.475, 1.44115, -1.69809
11.5, 1.45717, -1.69856
11.525, 1.45717, -1.69856
11.55, 1.45717, -1.69856
11.575, 1.45717, -1.69856
11.6, 1.45574, -1.69886
11.625, 1.46706, -1.69998
11.65, 1.46706, -1.69998
11.675, 1.46706, -1.69998
11.7, 1.46706, -1.69998
11.725, 1.46706, -1.69998
11.75, 1.46706, -1.69998
11.775, 1.49823, -1.69823
11.8, 1.45572, -1.70055
11.825, 1.45572, -1.70055
11.85, 1.40671, -1.7029
11.875, 1.40671, -1.7029
11.9, 1.40671, -1.7029
11.925, 1.41612, -1.70254
11.95, 1.41612, -1.70254
11.975, 1.41612, -1.70254
12, 1.41612, -1.70254
12.025, 1.41612, -1.70254
12.05, 1.41612, -1.70254
12.075, 1.41612, -1.70254
12.1, 1.37059, -1.70354
12.125, 1.37059, -1.70354
12.15, 1.34578, -1.70424
12.175, 1.33666, -1.70451
12.2, 1.33666, -1.70451
12.225, 1.33666, -1.70451
12.25, 1.33666, -1.70451
12.275, 1.33666, -1.70451
12.3, 1.33666, -1.70451
12.325, 1.3221, -1.7046
12.35, 1.36555, -1.70336
12.375, 1.36555, -1.70336
12.4, 1.36555, -1.70336
12.425, 1.36555, -1.70336
12.45, 1.36555, -1.70336
12.475, 1.36555, -1.70336
12.5, 1.36555, -1.70336
12.525, 1.36555, -1.70336
12.55, 1.37013, -1.70267
12.575, 1.41454, -1.7011
12.6, 1.45345, -1.69961
12.625, 1.45345, -1.69961
12.65, 1.47089, -1.69864
12.675, 1.49444, -1.69684
12.7, 1.49444, -1.69684
12.725, 1.49126, -1.69621
12.75, 1.49663, -1.69539
12.775, 1.49663, -1.69539
12.8, 1.49785, -1.69497
12.825, 1.49785, -1.69497
12.85, 1.49278, -1.69425
12.875, 1.49278, -1.69425
12.9, 1.47566, -1.69376
12.925, 1.47566, -1.69376
12.95, 1.4705, -1.69361
12.975, 1.46729, -1.69346
13, 1.46729, -1.69346
13.025, 1.47897, -1.69394
13.05, 1.47897, -1.69394
13.075, 1.44762, -1.69296
13.1, 1.44762, -1.69296
13.125, 1.44762, -1.69296
13.15, 1.39421, -1.69283
13.175, 1.35542, -1.69262
13.2, 1.35542, -1.69262
13.225, 1.35542, -1.69262
13.25, 1.37989, -1.69313
13.275, 1.41367, -1.69351
13.3, 1.41659, -1.69354
13.325, 1.38996, -1.6933
13.35, 1.38996, -1.6933
13.375, 1.3645, -1.69309
13.4, 1.33735, -1.693
13.425, 1.33735, -1.693
13.45, 1.33735, -1.693
13.475, 1.33735, -1.693
13.5, 1.33735, -1.693
13.525, 1.34742, -1.69319
13.55, 1.34742, -1.69319
13.575, 1.36236, -1.69376
13.6, 1.38473, -1.69427
13.625, 1.38473, -1.69427
13.65, 1.38473, -1.69427
13.675, 1.38473, -1.69427
13.7, 1.38429, -1.6938
13.725, 1.38429, -1.6938
13.75, 1.38429, -1.6938
13.775, 1.38429, -1.6938
13.8, 1.38429, -1.6938
13.825, 1.38567, -1.69369
13.85, 1.38567, -1.69369
13.875, 1.38567, -1.69369
13.9, 1.35919, -1.69566
13.925, 1.33037, -1.69825
13.95, 1.30007, -1.70035
13.975, 1.30007, -1.70035
14, 1.30007, -1.70035
14.025, 1.30007, -1.70035
14.05, 1.30007, -1.70035
14.075, 1.30007, -1.70035
14.1, 1.31781, -1.69962
14.125, 1.2778, -1.70115
14.15, 1.2778, -1.70115
14.175, 1.25789, -1.70187
14.2, 1.24378, -1.70234
14.225, 1.22891, -1.70281
14.25, 1.23265, -1.7027
14.275, 1.25445, -1.70204
14.3, 1.25445, -1.70204
14.325, 1.28946, -1.70102
14.35, 1.28946, -1.70102
14.375, 1.2872, -1.70108
14.4, 1.28529, -1.70113
14.425, 1.26586, -1.70166
14.45, 1.25648, -1.70192
14.475, 1.25648, -1.70192
14.5, 1.25648, -1.70192
14.525, 1.25648, -1.70192
14.55, 1.25648, -1.70192
14.575, 1.25648, -1.70192
14.6, 1.25648, -1.70192
14.625, 1.28528, -1.70016
14.65, 1.30998, -1.69922
14.675, 1.30998, -1.69922
14.7, 1.32024, -1.69878
14.725, 1.32024, -1.69878
14.75, 1.32024, -1.69878
14.775, 1.32024, -1.69878
14.8, 1.31707, -1.69868
14.825, 1.31707, -1.69868
14.85, 1.31707, -1.69868
14.875, 1.31707, -1.69868
14.9, 1.31492, -1.69869
14.925, 1.30884, -1.69818
14.95, 1.30884, -1.69818
14.975, 1.30884, -1.69818
15, 1.30884, -1.69818
15.025, 1.30884, -1.69818
15.05, 1.30884, -1.69818
15.075, 1.30884, -1.69818
15.1, 1.30884, -1.69818
15.125, 1.30884, -1.69818
15.15, 1.30884, -1.69818
15.175, 1.30884, -1.69818
15.2, 1.29819, -1.69822
15.225, 1.29819, -1.69822
15.25, 1.29819, -1.69822
15.275, 1.29819, -1.69822
15.3, 1.29819, -1.69822
15.325, 1.2992, -1.69825
15.35, 1.2992, -1.69825
15.375, 1.29601, -1.6982
15.4, 1.29601, -1.6982
15.425, 1.29601, -1.6982
15.45, 1.27363, -1.69764
15.475, 1.27363, -1.69764
15.5, 1.28455, -1.69782
15.525, 1.28455, -1.69782
15.55, 1.28455, -1.69782
15.575, 1.28455, -1.69782
15.6, 1.28455, -1.69782
15.625, 1.28455, -1.69782
15.65, 1.27705, -1.69517
15.675, 1.27626, -1.69515
15.7, 1.27549, -1.69514
15.725, 1.27355, -1.6951
15.75, 1.28367, -1.6953
15.775, 1.28367, -1.6953
15.8, 1.30165, -1.69596
15.825, 1.30165, -1.69596
15.85, 1.30994, -1.6971
15.875, 1.30994, -1.6971
15.9, 1.30681, -1.69769
15.925, 1.30681, -1.69769
15.95, 1.30681, -1.69769
15.975, 1.30681, -1.69769
16, 1.30681, -1.69769
16.025, 1.30681, -1.69769
16.05, 1.30681, -1.69769
16.075, 1.30681, -1.69769
16.1, 1.30681, -1.69769
16.125, 1.30681, -1.69769
16.15, 1.28238, -1.69865
16.175, 1.24082, -1.70013
16.2, 1.23101, -1.70047
16.225, 1.23101, -1.70047
16.25, 1.23101, -1.70047
16.275, 1.23101, -1.70047
16.3, 1.20932, -1.70102
16.325, 1.19534, -1.70138
16.35, 1.19534, -1.70138
16.375, 1.19534, -1.70138
16.4, 1.19534, -1.70138
16.425, 1.19534, -1.70138
16.45, 1.18491, -1.70158
16.475, 1.18491, -1.70158
16.5, 1.18491, -1.70158
16.525, 1.18491, -1.70158
16.55, 1.18491, -1.70158
16.575, 1.18491, -1.70158
16.6, 1.18491, -1.70158
16.625, 1.18672, -1.70158
16.65, 1.22951, -1.70053
16.675, 1.22951, -1.70053
16.7, 1.22951, -1.70053
16.725, 1.23474, -1.70043
16.75, 1.23474, -1.70043
16.775, 1.25417, -1.69997
16.8, 1.28864, -1.69893
16.825, 1.28864, -1.69893
16.85, 1.28864, -1.69893
16.875, 1.28864, -1.69893
16.9, 1.28864, -1.69893
16.925, 1.30747, -1.69848
16.95, 1.30747, -1.69848
16.975, 1.30738, -1.69833
17, 1.30736, -1.69812
17.025, 1.30639, -1.69799
17.05, 1.30639, -1.69799
17.075, 1.26778, -1.69718
17.1, 1.22766, -1.69671
17.125, 1.22766, -1.69671
17.15, 1.20217, -1.69656
17.175, 1.20217, -1.69656
17.2, 1.20217, -1.69656
17.225, 1.21839, -1.6967
17.25, 1.21839, -1.6967
17.275, 1.21754, -1.69668
17.3, 1.2181, -1.69669
17.325, 1.2181, -1.69669
17.35, 1.19769, -1.69643
17.375, 1.18073, -1.69631
17.4, 1.16498, -1.69622
17.425, 1.16498, -1.69622
17.45, 1.16498, -1.69622
17.475, 1.16498, -1.69622
17.5, 1.17538, -1.69634
17.525, 1.17538, -1.69634
17.55, 1.20552, -1.69702
17.575, 1.20552, -1.69702
17.6, 1.20552, -1.69702
17.625, 1.20552, -1.69702
17.65, 1.20552, -1.69702
17.675, 1.20552, -1.69702
17.7, 1.20552, -1.69702
17.725, 1.21745, -1.69385
17.75, 1.21745, -1.69385
17.775, 1.22747, -1.69454
17.8, 1.24392, -1.69542
17.825, 1.24392, -1.69542
17.85, 1.24585, -1.69584
17.875, 1.25017, -1.69609
17.9, 1.25017, -1.69609
17.925, 1.25316, -1.69643
17.95, 1.25316, -1.69643
17.975, 1.25316, -1.69643
18, 1.25068, -1.6967
18.025, 1.25068, -1.6967
18.05, 1.24981, -1.69679
18.075, 1.24981, -1.69679
18.1, 1.24981, -1.69679
18.125, 1.24726, -1.697
18.15, 1.24726, -1.697
18.175, 1.23482, -1.69756
18.2, 1.23482, -1.69756
18.225, 1.23482, -1.69756
18.25, 1.23482, -1.69756
18.275, 1.23482, -1.69756
18.3, 1.23482, -1.69756
18.325, 1.23482, -1.69756
18.35, 1.23482, -1.69756
18.375, 1.23482, -1.69756
18.4, 1.17664, -1.69896
18.425, 1.12786, -1.7002
18.45, 1.12232, -1.70033
18.475, 1.1545, -1.69957
18.5, 1.1545, -1.69957
18.525, 1.19978, -1.69861
18.55, 1.19978, -1.69861
18.575, 1.19978, -1.69861
18.6, 1.20523, -1.69854
18.625, 1.20523, -1.69854
18.65, 1.20978, -1.69846
18.675, 1.225, -1.69812
18.7, 1.225, -1.69812
18.725, 1.25202, -1.69752
18.75, 1.25202, -1.69752
18.775, 1.25202, -1.69752
18.8, 1.25605, -1.69747
18.825, 1.25605, -1.69747
18.85, 1.27207, -1.69713
18.875, 1.29714, -1.69646
18.9, 1.29714, -1.69646
18.925, 1.29714, -1.69646
18.95, 1.29714, -1.69646
18.975, 1.29714, -1.69646
19, 1.29714, -1.69646
19.025, 1.31723, -1.69588
19.05, 1.32394, -1.69531
19.075, 1.32394, -1.69531
19.1, 1.32394, -1.69531
19.125, 1.32394, -1.69531
19.15, 1.28819, -1.69544
19.175, 1.28819, -1.69544
19.2, 1.26119, -1.69546
19.225, 1.25216, -1.69536
19.25, 1.25216, -1.69536
19.275, 1.24916, -1.69531
19.3, 1.24688, -1.69527
19.325, 1.24696, -1.69527
19.35, 1.24696, -1.69527
19.375, 1.24696, -1.69527
19.4, 1.24696, -1.69527
19.425, 1.24696, -1.69527
19.45, 1.23763, -1.695
19.475, 1.25586, -1.69519
19.5, 1.2784, -1.69546
19.525, 1.30114, -1.69572
19.55, 1.30114, -1.69572
19.575, 1.3145, -1.69594
19.6, 1.32386, -1.69603
19.625, 1.31696, -1.69597
19.65, 1.31696, -1.69597
19.675, 1.31696, -1.69597
19.7, 1.29196, -1.69562
19.725, 1.27138, -1.69555
19.75, 1.27138, -1.69555
19.775, 1.27138, -1.69555
19.8, 1.27138, -1.69555
19.825, 1.27138, -1.69555
19.85, 1.27138, -1.69555
19.875, 1.27138, -1.69555
19.9, 1.27138, -1.69555
19.925, 1.27138, -1.69555
19.95, 1.28701, -1.69044
19.975, 1.28104, -1.69039
20, 1.28104, -1.69039
20, 1.26497, -1.69579
20.025, 1.26497, -1.69579
20.05, 1.26597, -1.69561
20.075, 1.26597, -1.69561
20.1, 1.26744, -1.69546
20.125, 1.26744, -1.69546
20.15, 1.26873, -1.6953
20.175, 1.26873, -1.6953
20.2, 1.2701, -1.69515
20.225, 1.2701, -1.69515
20.25, 1.27086, -1.69501
20.275, 1.27086, -1.69501
20.3, 1.27183, -1.69487
20.325, 1.27183, -1.69487
20.35, 1.27183, -1.69487
20.375, 1.27299, -1.69474
20.4, 1.27299, -1.69474
20.425, 1.27299, -1.69474
20.45, 1.27299, -1.69474
20.475, 1.27299, -1.69474
20.5, 1.274, -1.69457
20.525, 1.27661, -1.69441
20.55, 1.28044, -1.69425
20.575, 1.28044, -1.69425
20.6, 1.28424, -1.6941
20.625, 1.28424, -1.6941
20.65, 1.28424, -1.6941
20.675, 1.28424, -1.6941
20.7, 1.28793, -1.69396
20.725, 1.28793, -1.69396
20.75, 1.28793, -1.69396
20.775, 1.29149, -1.69382
20.8, 1.29149, -1.69382
20.825, 1.29514, -1.69369
20.85, 1.29514, -1.69369
20.875, 1.29918, -1.69357
20.9, 1.30443, -1.69347
20.925, 1.30443, -1.69347
20.95, 1.30443, -1.69347
20.975, 1.30443, -1.69347
21, 1.30443, -1.69347
21.025, 1.31039, -1.69332
21.05, 1.31039, -1.69332
21.075, 1.31611, -1.69317
21.1, 1.32163, -1.69302
21.125, 1.32163, -1.69302
21.15, 1.32163, -1.69302
21.175, 1.3269, -1.69292
21.2, 1.3269, -1.69292
21.225, 1.3269, -1.69292
21.25, 1.3269, -1.69292
21.275, 1.33171, -1.69283
21.3, 1.33171, -1.69283
21.325, 1.33635, -1.69275
21.35, 1.33635, -1.69275
21.375, 1.34083, -1.69266
21.4, 1.34083, -1.69266
21.425, 1.34083, -1.69266
21.45, 1.34083, -1.69266
21.475, 1.34083, -1.69266
21.5, 1.34509, -1.69259
21.525, 1.34909, -1.69254
21.55, 1.34909, -1.69254
21.575, 1.34909, -1.69254
21.6, 1.35281, -1.6925
21.625, 1.35281, -1.6925
21.65, 1.35626, -1.69247
21.675, 1.35626, -1.69247
21.7, 1.35626, -1.69247
21.725, 1.35946, -1.69246
21.75, 1.36242, -1.69246
21.775, 1.36242, -1.69246
21.8, 1.36515, -1.69247
21.825, 1.36515, -1.69247
21.85, 1.36515, -1.69247
21.875, 1.36515, -1.69247
21.9, 1.36515, -1.69247
21.925, 1.36515, -1.69247
21.95, 1.36515, -1.69247
21.975, 1.36807, -1.69246
22, 1.36807, -1.69246
22.025, 1.36807, -1.69246
22.05, 1.36807, -1.69246
22.075, 1.37039, -1.69248
22.1, 1.37203, -1.69254
22.125, 1.37203, -1.69254
22.15, 1.37293, -1.69262
22.175, 1.37293, -1.69262
22.2, 1.37293, -1.69262
22.225, 1.37434, -1.69267
22.25, 1.37434, -1.69267
22.275, 1.37434, -1.69267
22.3, 1.37434, -1.69267
22.325, 1.37434, -1.69267
22.35, 1.37541, -1.69274
22.375, 1.37611, -1.69283
22.4, 1.37611, -1.69283
22.425, 1.37611, -1.69283
22.45, 1.37611, -1.69283
22.475, 1.37711, -1.6929
22.5, 1.37711, -1.6929
22.525, 1.37711, -1.6929
22.55, 1.37711, -1.6929
22.575, 1.37805, -1.69297
22.6, 1.37888, -1.69304
22.625, 1.37957, -1.69311
22.65, 1.37957, -1.69311
22.675, 1.37957, -1.69311
22.7, 1.38047, -1.69317
22.725, 1.38047, -1.69317
22.75, 1.38047, -1.69317
22.775, 1.38047, -1.69317
22.8, 1.38137, -1.69323
22.825, 1.38137, -1.69323
22.85, 1.38234, -1.69328
22.875, 1.38347, -1.69331
22.9, 1.38491, -1.69333
22.925, 1.38491, -1.69333
22.95, 1.38491, -1.69333
22.975, 1.38491, -1.69333
23, 1.38625, -1.69335
23.025, 1.38625, -1.69335
23.05, 1.38625, -1.69335
23.075, 1.38783, -1.69335
23.1, 1.38783, -1.69335
23.125, 1.38945, -1.69334
23.15, 1.38945, -1.69334
23.175, 1.39103, -1.69333
23.2, 1.39103, -1.69333
23.225, 1.39103, -1.69333
23.25, 1.39131, -1.69339
23.275, 1.39131, -1.69339
23.3, 1.37312, -1.694
23.325, 1.37312, -1.694
23.35, 1.37312, -1.694
23.375, 1.37312, -1.694
23.4, 1.37312, -1.694
23.425, 1.37312, -1.694
23.45, 1.37312, -1.694
23.475, 1.37312, -1.694
23.5, 1.37312, -1.694
23.525, 1.37312, -1.694
23.55, 1.37757, -1.69405
23.575, 1.38572, -1.69402
23.6, 1.38572, -1.69402
23.625, 1.38572, -1.69402
23.65, 1.38572, -1.69402
23.675, 1.38572, -1.69402
23.7, 1.38572, -1.69402
23.725, 1.39558, -1.69392
23.75, 1.39558, -1.69392
23.775, 1.39558, -1.69392
23.8, 1.39558, -1.69392
23.825, 1.39558, -1.69392
23.85, 1.39558, -1.69392
23.875, 1.40523, -1.69381
23.9, 1.40523, -1.69381
23.925, 1.40523, -1.69381
23.95, 1.41419, -1.69365
23.975, 1.41419, -1.69365
24, 1.41419, -1.69365
24.025, 1.41419, -1.69365
24.05, 1.42228, -1.69348
24.075, 1.42228, -1.69348
24.1, 1.42228, -1.69348
24.125, 1.42228, -1.69348
24.15, 1.42228, -1.69348
24.175, 1.42228, -1.69348
24.2, 1.42228, -1.69348
24.225, 1.42952, -1.6933
24.25, 1.42952, -1.6933
24.275, 1.42952, -1.6933
24.3, 1.42952, -1.6933
24.325, 1.42952, -1.6933
24.35, 1.42952, -1.6933
24.375, 1.42952, -1.6933
24.4, 1.42952, -1.6933
24.425, 1.42952, -1.6933
24.45, 1.42952, -1.6933
24.475, 1.42952, -1.6933
24.5, 1.42952, -1.6933
24.525, 1.42952, -1.6933
24.55, 1.42952, -1.6933
24.575, 1.42952, -1.6933
24.6, 1.43516, -1.69308
24.625, 1.43516, -1.69308
24.65, 1.4411, -1.69289
24.675, 1.4411, -1.69289
24.7, 1.4411, -1.69289
24.725, 1.4411, -1.69289
24.75, 1.4411, -1.69289
24.775, 1.44649, -1.69267
24.8, 1.44649, -1.69267
24.825, 1.44649, -1.69267
24.85, 1.44649, -1.69267
24.875, 1.45163, -1.69244
24.9, 1.45678, -1.69224
24.925, 1.46193, -1.69207
24.95, 1.4671, -1.69193
24.975, 1.4671, -1.69193
25, 1.47209, -1.69179
25.025, 1.47209, -1.69179
25.05, 1.47209, -1.69179
25.075, 1.47209, -1.69179
25.1, 1.47209, -1.69179
25.125, 1.47695, -1.69166
25.15, 1.47695, -1.69166
25.175, 1.48152, -1.69155
25.2, 1.48152, -1.69155
25.225, 1.48573, -1.69147
25.25, 1.48573, -1.69147
25.275, 1.48573, -1.69147
25.3, 1.48976, -1.69139
25.325, 1.48976, -1.69139
25.35, 1.48976, -1.69139
25.375, 1.48976, -1.69139
25.4, 1.49395, -1.6913
25.425, 1.49395, -1.6913
25.45, 1.49395, -1.6913
25.475, 1.49395, -1.6913
25.5, 1.49395, -1.6913
25.525, 1.49395, -1.6913
25.55, 1.49395, -1.6913
25.575, 1.49395, -1.6913
25.6, 1.49658, -1.69126
25.625, 1.49658, -1.69126
25.65, 1.49658, -1.69126
25.675, 1.49772, -1.69127
25.7, 1.49772, -1.69127
25.725, 1.49772, -1.69127
25.75, 1.49772, -1.69127
25.775, 1.49471, -1.69138
25.8, 1.48725, -1.69159
25.825, 1.48725, -1.69159
25.85, 1.48725, -1.69159
25.875, 1.48725, -1.69159
25.9, 1.48725, -1.69159
25.925, 1.48725, -1.69159
25.95, 1.48725, -1.69159
25.975, 1.48725, -1.69159
26, 1.48725, -1.69159
26.025, 1.48263, -1.69174
26.05, 1.48263, -1.69174
26.075, 1.48263, -1.69174
26.1, 1.48263, -1.69174
26.125, 1.48263, -1.69174
26.15, 1.48263, -1.69174
26.175, 1.48263, -1.69174
26.2, 1.48263, -1.69174
26.225, 1.48263, -1.69174
26.25, 1.47906, -1.69186
26.275, 1.47906, -1.69186
26.3, 1.47906, -1.69186
26.325, 1.47906, -1.69186
26.35, 1.47561, -1.69198
26.375, 1.47232, -1.69209
26.4, 1.47232, -1.69209
26.425, 1.47232, -1.69209
26.45, 1.47232, -1.69209
26.475, 1.46915, -1.69217
26.5, 1.46915, -1.69217
26.525, 1.46599, -1.69224
26.55, 1.46599, -1.69224
26.575, 1.46599, -1.69224
26.6, 1.46599, -1.69224
26.625, 1.46283, -1.6923
26.65, 1.45959, -1.69234
26.675, 1.45959, -1.69234
26.7, 1.45959, -1.69234
26.725, 1.4564, -1.69238
26.75, 1.4564, -1.69238
26.775, 1.4564, -1.69238
26.8, 1.4564, -1.69238
26.825, 1.4564, -1.69238
26.85, 1.4564, -1.69238
26.875, 1.4564, -1.69238
26.9, 1.4564, -1.69238
26.925, 1.4564, -1.69238
26.95, 1.45315, -1.69241
26.975, 1.45315, -1.69241
27, 1.45, -1.69243
27.025, 1.45, -1.69243
27.05, 1.44688, -1.69246
27.075, 1.44376, -1.69247
27.1, 1.44376, -1.69247
27.125, 1.4406, -1.69247
27.15, 1.4406, -1.69247
27.175, 1.4406, -1.69247
27.2, 1.4406, -1.69247
27.225, 1.4406, -1.69247
27.25, 1.43741, -1.6925
27.275, 1.43741, -1.6925
27.3, 1.43402, -1.69254
27.325, 1.43063, -1.69259
27.35, 1.43063, -1.69259
27.375, 1.43063, -1.69259
27.4, 1.42787, -1.6926
27.425, 1.42538, -1.6926
27.45, 1.42299, -1.6926
27.475, 1.42067, -1.6926
27.5, 1.41842, -1.6926
27.525, 1.41842, -1.6926
27.55, 1.41842, -1.6926
27.575, 1.41842, -1.6926
27.6, 1.4163, -1.69259
27.625, 1.4163, -1.69259
27.65, 1.4163, -1.69259
27.675, 1.4163, -1.69259
27.7, 1.4142, -1.69257
27.725, 1.41214, -1.69255
27.75, 1.41014, -1.69252
27.775, 1.40821, -1.6925
27.8, 1.40636, -1.69249
27.825, 1.40636, -1.69249
27.85, 1.40636, -1.69249
27.875, 1.40636, -1.69249
27.9, 1.40458, -1.69247
27.925, 1.40458, -1.69247
27.95, 1.40284, -1.69245
27.975, 1.40284, -1.69245
28, 1.40107, -1.69244
28.025, 1.3992, -1.69245
28.05, 1.3992, -1.69245
28.075, 1.3992, -1.69245
28.1, 1.39727, -1.69246
28.125, 1.39517, -1.69247
28.15, 1.39517, -1.69247
28.175, 1.39517, -1.69247
28.2, 1.39517, -1.69247
28.225, 1.39517, -1.69247
28.25, 1.39517, -1.69247
28.275, 1.39517, -1.69247
28.3, 1.39517, -1.69247
28.325, 1.39517, -1.69247
28.35, 1.39517, -1.69247
28.375, 1.39287, -1.6925
28.4, 1.39014, -1.69254
28.425, 1.39014, -1.69254
28.45, 1.38737, -1.69258
28.475, 1.3847, -1.69262
28.5, 1.3847, -1.69262
28.525, 1.38237, -1.69266
28.55, 1.38066, -1.69267
28.575, 1.38066, -1.69267
28.6, 1.38066, -1.69267
28.625, 1.38066, -1.69267
28.65, 1.38066, -1.69267
28.675, 1.38066, -1.69267
28.7, 1.38066, -1.69267
28.725, 1.38066, -1.69267
28.75, 1.38066, -1.69267
28.775, 1.37984, -1.69267
28.8, 1.37984, -1.69267
28.825, 1.37962, -1.69265
28.85, 1.37962, -1.69265
28.875, 1.37954, -1.69262
28.9, 1.37954, -1.69262
28.925, 1.37944, -1.6926
28.95, 1.37941, -1.69258
28.975, 1.37941, -1.69258
29, 1.37933, -1.69256
29.025, 1.37955, -1.69253
29.05, 1.37955, -1.69253
29.075, 1.37955, -1.69253
29.1, 1.37955, -1.69253
29.125, 1.37955, -1.69253
29.15, 1.37955, -1.69253
29.175, 1.37981, -1.6925
29.2, 1.38011, -1.69247
29.225, 1.38036, -1.69245
29.25, 1.38036, -1.69245
29.275, 1.38036, -1.69245
29.3, 1.38058, -1.69242
29.325, 1.38068, -1.69239
29.35, 1.38057, -1.69234
29.375, 1.38057, -1.69234
29.4, 1.38057, -1.69234
29.425, 1.38057, -1.69234
29.45, 1.38057, -1.69234
29.475, 1.38057, -1.69234
29.5, 1.38057, -1.69234
29.525, 1.38057, -1.69234
29.55, 1.38057, -1.69234
29.575, 1.38074, -1.69229
29.6, 1.38074, -1.69229
29.625, 1.38074, -1.69229
29.65, 1.38074, -1.69229
29.675, 1.38074, -1.69229
29.7, 1.38074, -1.69229
29.725, 1.38074, -1.69229
29.75, 1.38101, -1.69223
29.775, 1.38101, -1.69223
29.8, 1.38101, -1.69223
29.825, 1.38075, -1.6922
29.85, 1.38075, -1.6922
29.875, 1.38033, -1.69216
29.9, 1.38033, -1.69216
29.925, 1.38033, -1.69216
29.95, 1.38033, -1.69216
29.975, 1.38033, -1.69216
30, 1.38033, -1.69216
30, 1.37987, -1.69213
30.025, 1.37874, -1.69209
30.05, 1.37721, -1.69205
30.075, 1.37494, -1.69201
30.1, 1.37494, -1.69201
30.125, 1.37494, -1.69201
30.15, 1.37494, -1.69201
30.175, 1.37494, -1.69201
30.2, 1.37494, -1.69201
30.225, 1.37494, -1.69201
30.25, 1.37494, -1.69201
30.275, 1.36847, -1.69199
30.3, 1.36847, -1.69199
30.325, 1.36847, -1.69199
30.35, 1.36847, -1.69199
30.375, 1.36296, -1.69197
30.4, 1.36392, -1.69192
30.425, 1.36392, -1.69192
30.45, 1.36392, -1.69192
30.475, 1.36421, -1.69188
30.5, 1.36421, -1.69188
30.525, 1.36421, -1.69188
30.55, 1.36421, -1.69188
30.575, 1.36428, -1.69184
30.6, 1.36428, -1.69184
30.625, 1.36428, -1.69184
30.65, 1.36655, -1.6918
30.675, 1.36655, -1.6918
30.7, 1.37207, -1.69178
30.725, 1.38244, -1.69173
30.75, 1.38244, -1.69173
30.775, 1.38244, -1.69173
30.8, 1.38244, -1.69173
30.825, 1.39173, -1.69166
30.85, 1.40347, -1.69158
30.875, 1.40347, -1.69158
30.9, 1.40347, -1.69158
30.925, 1.40347, -1.69158
30.95, 1.40347, -1.69158
30.975, 1.41477, -1.69149
31, 1.42867, -1.6914
31.025, 1.42867, -1.6914
31.05, 1.44271, -1.69132
31.075, 1.45723, -1.69125
31.1, 1.47159, -1.69118
31.125, 1.48573, -1.69111
31.15, 1.4996, -1.69104
31.175, 1.4996, -1.69104
31.2, 1.4996, -1.69104
31.225, 1.51303, -1.69103
31.25, 1.52703, -1.69105
31.275, 1.54087, -1.69112
31.3, 1.55434, -1.69122
31.325, 1.55434, -1.69122
31.35, 1.56752, -1.6913
31.375, 1.56752, -1.6913
31.4, 1.58029, -1.69137
31.425, 1.58029, -1.69137
31.45, 1.58029, -1.69137
31.475, 1.59243, -1.69145
31.5, 1.60381, -1.69156
31.525, 1.61405, -1.69172
31.55, 1.61405, -1.69172
31.575, 1.62322, -1.69189
31.6, 1.62322, -1.69189
31.625, 1.62322, -1.69189
31.65, 1.62322, -1.69189
31.675, 1.63288, -1.69204
31.7, 1.6421, -1.69218
31.725, 1.6421, -1.69218
31.75, 1.65031, -1.69235
31.775, 1.65031, -1.69235
31.8, 1.65031, -1.69235
31.825, 1.65031, -1.69235
31.85, 1.65031, -1.69235
31.875, 1.65031, -1.69235
31.9, 1.65937, -1.69247
31.925, 1.65937, -1.69247
31.95, 1.65937, -1.69247
31.975, 1.65937, -1.69247
32, 1.65937, -1.69247
32.025, 1.65937, -1.69247
32.05, 1.65937, -1.69247
32.075, 1.66849, -1.69259
32.1, 1.66849, -1.69259
32.125, 1.67625, -1.69272
32.15, 1.67625, -1.69272
32.175, 1.68309, -1.69287
32.2, 1.68309, -1.69287
32.225, 1.68944, -1.69302
32.25, 1.68944, -1.69302
32.275, 1.69604, -1.69315
32.3, 1.69604, -1.69315
32.325, 1.69604, -1.69315
32.35, 1.69604, -1.69315
32.375, 1.69604, -1.69315
32.4, 1.69987, -1.69334
32.425, 1.70109, -1.69358
32.45, 1.70036, -1.69384
32.475, 1.70036, -1.69384
32.5, 1.70231, -1.69405
32.525, 1.70231, -1.69405
32.55, 1.70231, -1.69405
32.575, 1.70231, -1.69405
32.6, 1.70231, -1.69405
32.625, 1.70231, -1.69405
32.65, 1.70231, -1.69405
32.675, 1.70359, -1.69425
32.7, 1.70359, -1.69425
32.725, 1.70359, -1.69425
32.75, 1.70359, -1.69425
32.775, 1.70663, -1.69441
32.8, 1.70663, -1.69441
32.825, 1.71023, -1.69454
32.85, 1.71442, -1.69465
32.875, 1.71442, -1.69465
32.9, 1.71442, -1.69465
32.925, 1.71857, -1.69475
32.95, 1.71857, -1.69475
32.975, 1.72284, -1.69485
33, 1.72284, -1.69485
33.025, 1.72284, -1.69485
33.05, 1.72284, -1.69485
33.075, 1.72284, -1.69485
33.1, 1.72284, -1.69485
33.125, 1.72719, -1.69493
33.15, 1.72719, -1.69493
33.175, 1.72719, -1.69493
33.2, 1.73165, -1.695
33.225, 1.73624, -1.69506
33.25, 1.74087, -1.69511
33.275, 1.74087, -1.69511
33.3, 1.74087, -1.69511
33.325, 1.74533, -1.69516
33.35, 1.74533, -1.69516
33.375, 1.74533, -1.69516
33.4, 1.74533, -1.69516
33.425, 1.75002, -1.6952
33.45, 1.75002, -1.6952
33.475, 1.75468, -1.69522
33.5, 1.7593, -1.69524
33.525, 1.7593, -1.69524
33.55, 1.7593, -1.69524
33.575, 1.7593, -1.69524
33.6, 1.7593, -1.69524
33.625, 1.7593, -1.69524
33.65, 1.7593, -1.69524
33.675, 1.7593, -1.69524
33.7, 1.76498, -1.69521
33.725, 1.77062, -1.69517
33.75, 1.77612, -1.69513
33.775, 1.77612, -1.69513
33.8, 1.78134, -1.69509
33.825, 1.78134, -1.69509
33.85, 1.78134, -1.69509
33.875, 1.78134, -1.69509
33.9, 1.78688, -1.69504
33.925, 1.78688, -1.69504
33.95, 1.79256, -1.69499
33.975, 1.79256, -1.69499
34, 1.79817, -1.69492
34.025, 1.79817, -1.69492
34.05, 1.79817, -1.69492
34.075, 1.79817, -1.69492
34.1, 1.8032, -1.69488
34.125, 1.80745, -1.69485
34.15, 1.80745, -1.69485
34.175, 1.80745, -1.69485
34.2, 1.80745, -1.69485
34.225, 1.80745, -1.69485
34.25, 1.80745, -1.69485
34.275, 1.80745, -1.69485
34.3, 1.80745, -1.69485
34.325, 1.80745, -1.69485
34.35, 1.81582, -1.69471
34.375, 1.81582, -1.69471
34.4, 1.81582, -1.69471
34.425, 1.82427, -1.69458
34.45, 1.83131, -1.69446
34.475, 1.8374, -1.69435
34.5, 1.8374, -1.69435
34.525, 1.8374, -1.69435
34.55, 1.8374, -1.69435
34.575, 1.84321, -1.69425
34.6, 1.84934, -1.69415
34.625, 1.85566, -1.69404
34.65, 1.85566, -1.69404
34.675, 1.85566, -1.69404
34.7, 1.85566, -1.69404
34.725, 1.8612, -1.69394
34.75, 1.86654, -1.69385
34.775, 1.86654, -1.69385
34.8, 1.86654, -1.69385
34.825, 1.86654, -1.69385
34.85, 1.86654, -1.69385
34.875, 1.87218, -1.69376
34.9, 1.87218, -1.69376
34.925, 1.87798, -1.69366
34.95, 1.87798, -1.69366
34.975, 1.87798, -1.69366
35, 1.87798, -1.69366
35.025, 1.87798, -1.69366
35.05, 1.87798, -1.69366
35.075, 1.87798, -1.69366
35.1, 1.88377, -1.69358
35.125, 1.88377, -1.69358
35.15, 1.88377, -1.69358
35.175, 1.88891, -1.6935
35.2, 1.88891, -1.6935
35.225, 1.88891, -1.6935
35.25, 1.89398, -1.69342
35.275, 1.89398, -1.69342
35.3, 1.89887, -1.69335
35.325, 1.89887, -1.69335
35.35, 1.90355, -1.69328
35.375, 1.90797, -1.6932
35.4, 1.91212, -1.69312
35.425, 1.91596, -1.69304
35.45, 1.91596, -1.69304
35.475, 1.91941, -1.69296
35.5, 1.92249, -1.69288
35.525, 1.92249, -1.69288
35.55, 1.92522, -1.69279
35.575, 1.92749, -1.69271
35.6, 1.92932, -1.69262
35.625, 1.92932, -1.69262
35.65, 1.93073, -1.69253
35.675, 1.93166, -1.69245
35.7, 1.93166, -1.69245
35.725, 1.93272, -1.69236
35.75, 1.93272, -1.69236
35.775, 1.93362, -1.69228
35.8, 1.93362, -1.69228
35.825, 1.93457, -1.6922
35.85, 1.93457, -1.6922
35.875, 1.93457, -1.6922
35.9, 1.93457, -1.6922
35.925, 1.93457, -1.6922
35.95, 1.93457, -1.6922
35.975, 1.93457, -1.6922
36, 1.93532, -1.69212
36.025, 1.93603, -1.69204
36.05, 1.93603, -1.69204
36.075, 1.93603, -1.69204
36.1, 1.93693, -1.69197
36.125, 1.93693, -1.69197
36.15, 1.93693, -1.69197
36.175, 1.93782, -1.69191
36.2, 1.93874, -1.69187
36.225, 1.93962, -1.69182
36.25, 1.94035, -1.69177
36.275, 1.94062, -1.69172
36.3, 1.94062, -1.69172
36.325, 1.94062, -1.69172
36.35, 1.94062, -1.69172
36.375, 1.94062, -1.69172
36.4, 1.94062, -1.69172
36.425, 1.94062, -1.69172
36.45, 1.94117, -1.69168
36.475, 1.94117, -1.69168
36.5, 1.94117, -1.69168
36.525, 1.94117, -1.69168
36.55, 1.94167, -1.69162
36.575, 1.94186, -1.69156
36.6, 1.94186, -1.69156
36.625, 1.94223, -1.6915
36.65, 1.94223, -1.6915
36.675, 1.94223, -1.6915
36.7, 1.94254, -1.69146
36.725, 1.94254, -1.69146
36.75, 1.94283, -1.69141
36.775, 1.94283, -1.69141
36.8, 1.94312, -1.69137
36.825, 1.94337, -1.69132
36.85, 1.9436, -1.69128
36.875, 1.9436, -1.69128
36.9, 1.94384, -1.69124
36.925, 1.94384, -1.69124
36.95, 1.94409, -1.6912
36.975, 1.94409, -1.6912
37, 1.94432, -1.69116
37.025, 1.94432, -1.69116
37.05, 1.94432, -1.69116
37.075, 1.94432, -1.69116
37.1, 1.94432, -1.69116
37.125, 1.94455, -1.69113
37.15, 1.94455, -1.69113
37.175, 1.94455, -1.69113
37.2, 1.94455, -1.69113
37.225, 1.94473, -1.69109
37.25, 1.94473, -1.69109
37.275, 1.94473, -1.69109
37.3, 1.94473, -1.69109
37.325, 1.94473, -1.69109
37.35, 1.94473, -1.69109
37.375, 1.94501, -1.69106
37.4, 1.94501, -1.69106
37.425, 1.94501, -1.69106
37.45, 1.94539, -1.69102
37.475, 1.94585, -1.69099
37.5, 1.94615, -1.69095
37.525, 1.94615, -1.69095
37.55, 1.94619, -1.69093
37.575, 1.94506, -1.69093
37.6, 1.94308, -1.69095
37.625, 1.94308, -1.69095
37.65, 1.94308, -1.69095
37.675, 1.94308, -1.69095
37.7, 1.94308, -1.69095
37.725, 1.94308, -1.69095
37.75, 1.94182, -1.69096
37.775, 1.94182, -1.69096
37.8, 1.93941, -1.69099
37.825, 1.93941, -1.69099
37.85, 1.93483, -1.69105
37.875, 1.93483, -1.69105
37.9, 1.93483, -1.69105
37.925, 1.93115, -1.6911
37.95, 1.9275, -1.69115
37.975, 1.9275, -1.69115
38, 1.9275, -1.69115
38.025, 1.92334, -1.6912
38.05, 1.91772, -1.69127
38.075, 1.91772, -1.69127
38.1, 1.90857, -1.6914
38.125, 1.89729, -1.69156
38.15, 1.88382, -1.69175
38.175, 1.86835, -1.69196
38.2, 1.85116, -1.69219
38.225, 1.85116, -1.69219
38.25, 1.85116, -1.69219
38.275, 1.83398, -1.69242
38.3, 1.81724, -1.69264
38.325, 1.80183, -1.69284
38.35, 1.80183, -1.69284
38.375, 1.80183, -1.69284
38.4, 1.80183, -1.69284
38.425, 1.80183, -1.69284
38.45, 1.80183, -1.69284
38.475, 1.78646, -1.69305
38.5, 1.78646, -1.69305
38.525, 1.78646, -1.69305
38.55, 1.78646, -1.69305
38.575, 1.77147, -1.69324
38.6, 1.75743, -1.69343
38.625, 1.75743, -1.69343
38.65, 1.74384, -1.69361
38.675, 1.74384, -1.69361
38.7, 1.74384, -1.69361
38.725, 1.74384, -1.69361
38.75, 1.74384, -1.69361
38.775, 1.74384, -1.69361
38.8, 1.74384, -1.69361
38.825, 1.74384, -1.69361
38.85, 1.73195, -1.69378
38.875, 1.7221, -1.69395
38.9, 1.7133, -1.6941
38.925, 1.7133, -1.6941
38.95, 1.7133, -1.6941
38.975, 1.70348, -1.69425
39, 1.69277, -1.69442
39.025, 1.69277, -1.69442
39.05, 1.69277, -1.69442
39.075, 1.6841, -1.69455
39.1, 1.6767, -1.69467
39.125, 1.67039, -1.69479
39.15, 1.67039, -1.69479
39.175, 1.67039, -1.69479
39.2, 1.67039, -1.69479
39.225, 1.66439, -1.69488
39.25, 1.66439, -1.69488
39.275, 1.65854, -1.69496
39.3, 1.65299, -1.69505
39.325, 1.65299, -1.69505
39.35, 1.65299, -1.69505
39.375, 1.65299, -1.69505
39.4, 1.65299, -1.69505
39.425, 1.65299, -1.69505
39.45, 1.65299, -1.69505
39.475, 1.65299, -1.69505
39.5, 1.64789, -1.69512
39.525, 1.64265, -1.69519
39.55, 1.64265, -1.69519
39.575, 1.63747, -1.69525
39.6, 1.63231, -1.69532
39.625, 1.6272, -1.69537
39.65, 1.6272, -1.69537
39.675, 1.6272, -1.69537
39.7, 1.6272, -1.69537
39.725, 1.6272, -1.69537
39.75, 1.62221, -1.69543
39.775, 1.62221, -1.69543
39.8, 1.62221, -1.69543
39.825, 1.62221, -1.69543
39.85, 1.61744, -1.69549
39.875, 1.61744, -1.69549
39.9, 1.61744, -1.69549
39.925, 1.61744, -1.69549
39.95, 1.61744, -1.69549
39.975, 1.61744, -1.69549
40, 1.61744, -1.69549
40, 1.61191, -1.69553
40.025, 1.60362, -1.69559
40.05, 1.60362, -1.69559
40.075, 1.59431, -1.69565
40.1, 1.58635, -1.6957
40.125, 1.5768, -1.69576
40.15, 1.5768, -1.69576
40.175, 1.5768, -1.69576
40.2, 1.5768, -1.69576
40.225, 1.55351, -1.69588
40.25, 1.55351, -1.69588
40.275, 1.55351, -1.69588
40.3, 1.53029, -1.69599
40.325, 1.53029, -1.69599
40.35, 1.50798, -1.6961
40.375, 1.48943, -1.69621
40.4, 1.47563, -1.6963
40.425, 1.46349, -1.6964
40.45, 1.45186, -1.69649
40.475, 1.45186, -1.69649
40.5, 1.45186, -1.69649
40.525, 1.43903, -1.69656
40.55, 1.43903, -1.69656
40.575, 1.43903, -1.69656
40.6, 1.43903, -1.69656
40.625, 1.43903, -1.69656
40.65, 1.43903, -1.69656
40.675, 1.43903, -1.69656
40.7, 1.42384, -1.69642
40.725, 1.41385, -1.69627
40.75, 1.40759, -1.69611
40.775, 1.40759, -1.69611
40.8, 1.40759, -1.69611
40.825, 1.40759, -1.69611
40.85, 1.40759, -1.69611
40.875, 1.40142, -1.69594
40.9, 1.39859, -1.69577
40.925, 1.39859, -1.69577
40.95, 1.39859, -1.69577
40.975, 1.39859, -1.69577
41, 1.39598, -1.69562
41.025, 1.39598, -1.69562
41.05, 1.39598, -1.69562
41.075, 1.3937, -1.69549
41.1, 1.39298, -1.69536
41.125, 1.39298, -1.69536
41.15, 1.39284, -1.69524
41.175, 1.39284, -1.69524
41.2, 1.3933, -1.69514
41.225, 1.39497, -1.69504
41.25, 1.39497, -1.69504
41.275, 1.39497, -1.69504
41.3, 1.39497, -1.69504
41.325, 1.39651, -1.69496
41.35, 1.39651, -1.69496
41.375, 1.39804, -1.69488
41.4, 1.39804, -1.69488
41.425, 1.39955, -1.69481
41.45, 1.39955, -1.69481
41.475, 1.39955, -1.69481
41.5, 1.39955, -1.69481
41.525, 1.3998, -1.6948
41.55, 1.3998, -1.6948
41.575, 1.3998, -1.6948
41.6, 1.39946, -1.69481
41.625, 1.39946, -1.69481
41.65, 1.39946, -1.69481
41.675, 1.3992, -1.69482
41.7, 1.3992, -1.69482
41.725, 1.3992, -1.69482
41.75, 1.39801, -1.69487
41.775, 1.39801, -1.69487
41.8, 1.39801, -1.69487
41.825, 1.39801, -1.69487
41.85, 1.39479, -1.69497
41.875, 1.38811, -1.69516
41.9, 1.38811, -1.69516
41.925, 1.38811, -1.69516
41.95, 1.38644, -1.69521
41.975, 1.38515, -1.69526
42, 1.38366, -1.69532
42.025, 1.38366, -1.69532
42.05, 1.38223, -1.69537
42.075, 1.38089, -1.69542
42.1, 1.37974, -1.69546
42.125, 1.37868, -1.6955
42.15, 1.37764, -1.69554
42.175, 1.37764, -1.69554
42.2, 1.37764, -1.69554
42.225, 1.37764, -1.69554
42.25, 1.37668, -1.69558
42.275, 1.37578, -1.69561
42.3, 1.37578, -1.69561
42.325, 1.37578, -1.69561
42.35, 1.37578, -1.69561
42.375, 1.37497, -1.69564
42.4, 1.37432, -1.69567
42.425, 1.37432, -1.69567
42.45, 1.37385, -1.6957
42.475, 1.37356, -1.69571
42.5, 1.37356, -1.69571
42.525, 1.37354, -1.69572
42.55, 1.37394, -1.69572
42.575, 1.37458, -1.69571
42.6, 1.37535, -1.69569
42.625, 1.37611, -1.69567
42.65, 1.37662, -1.69566
42.675, 1.37678, -1.69566
42.7, 1.3767, -1.69568
42.725, 1.37653, -1.69569
42.75, 1.37646, -1.6957
42.775, 1.37657, -1.69571
42.8, 1.37657, -1.69571
42.825, 1.37617, -1.69571
42.85, 1.37617, -1.69571
42.875, 1.37546, -1.69572
42.9, 1.37546, -1.69572
42.925, 1.37546, -1.69572
42.95, 1.37546, -1.69572
42.975, 1.37546, -1.69572
43, 1.37546, -1.69572
43.025, 1.37411, -1.69574
43.05, 1.37411, -1.69574
43.075, 1.37411, -1.69574
43.1, 1.37411, -1.69574
43.125, 1.371, -1.69582
43.15, 1.371, -1.69582
43.175, 1.36639, -1.69592
43.2, 1.36639, -1.69592
43.225, 1.36099, -1.69603
43.25, 1.36099, -1.69603
43.275, 1.36099, -1.69603
43.3, 1.35538, -1.69615
43.325, 1.35024, -1.69626
43.35, 1.34578, -1.69635
43.375, 1.34195, -1.69644
43.4, 1.3387, -1.69652
43.425, 1.33592, -1.69659
43.45, 1.33592, -1.69659
43.475, 1.33592, -1.69659
43.5, 1.33592, -1.69659
43.525, 1.33592, -1.69659
43.55, 1.33592, -1.69659
43.575, 1.33323, -1.69666
43.6, 1.33323, -1.69666
43.625, 1.33323, -1.69666
43.65, 1.33323, -1.69666
43.675, 1.33323, -1.69666
43.7, 1.33071, -1.69672
43.725, 1.32834, -1.69678
43.75, 1.32602, -1.69683
43.775, 1.32602, -1.69683
43.8, 1.32602, -1.69683
43.825, 1.32602, -1.69683
43.85, 1.32375, -1.69687
43.875, 1.32154, -1.69692
43.9, 1.31939, -1.69696
43.925, 1.31722, -1.69699
43.95, 1.31722, -1.69699
43.975, 1.31487, -1.69703
44, 1.31487, -1.69703
44.025, 1.31487, -1.69703
44.05, 1.31487, -1.69703
44.075, 1.31296, -1.69706
44.1, 1.31125, -1.69709
44.125, 1.30972, -1.69713
44.15, 1.30972, -1.69713
44.175, 1.30972, -1.69713
44.2, 1.3082, -1.69715
44.225, 1.30656, -1.69717
44.25, 1.30656, -1.69717
44.275, 1.30656, -1.69717
44.3, 1.30656, -1.69717
44.325, 1.30656, -1.69717
44.35, 1.30656, -1.69717
44.375, 1.30656, -1.69717
44.4, 1.30656, -1.69717
44.425, 1.28981, -1.69755
44.45, 1.28981, -1.69755
44.475, 1.28981, -1.69755
44.5, 1.28981, -1.69755
44.525, 1.28981, -1.69755
44.55, 1.28981, -1.69755
44.575, 1.28981, -1.69755
44.6, 1.28981, -1.69755
44.625, 1.28981, -1.69755
44.65, 1.28981, -1.69755
44.675, 1.28981, -1.69755
44.7, 1.29949, -1.69739
44.725, 1.29949, -1.69739
44.75, 1.29949, -1.69739
44.775, 1.29949, -1.69739
44.8, 1.30948, -1.69724
44.825, 1.30948, -1.69724
44.85, 1.30948, -1.69724
44.875, 1.32075, -1.69709
44.9, 1.32075, -1.69709
44.925, 1.33358, -1.69694
44.95, 1.33358, -1.69694
44.975, 1.33358, -1.69694
45, 1.33358, -1.69694
45.025, 1.33358, -1.69694
45.05, 1.34596, -1.69679
45.075, 1.34596, -1.69679
45.1, 1.34596, -1.69679
45.125, 1.35752, -1.69664
45.15, 1.36753, -1.69649
45.175, 1.37634, -1.69633
45.2, 1.37634, -1.69633
45.225, 1.38458, -1.69617
45.25, 1.38458, -1.69617
45.275, 1.38458, -1.69617
45.3, 1.38458, -1.69617
45.325, 1.39195, -1.69602
45.35, 1.39723, -1.69585
45.375, 1.39723, -1.69585
45.4, 1.4, -1.69569
45.425, 1.40026, -1.69553
45.45, 1.39821, -1.69538
45.475, 1.39821, -1.69538
45.5, 1.39821, -1.69538
45.525, 1.39782, -1.69523
45.55, 1.39782, -1.69523
45.575, 1.39782, -1.69523
45.6, 1.39782, -1.69523
45.625, 1.39782, -1.69523
45.65, 1.39471, -1.69506
45.675, 1.39471, -1.69506
45.7, 1.39471, -1.69506
45.725, 1.39471, -1.69506
45.75, 1.39471, -1.69506
45.775, 1.39471, -1.69506
45.8, 1.39365, -1.6949
45.825, 1.39365, -1.6949
45.85, 1.39365, -1.6949
45.875, 1.39258, -1.69475
45.9, 1.39258, -1.69475
45.925, 1.39258, -1.69475
45.95, 1.39258, -1.69475
45.975, 1.39258, -1.69475
46, 1.39258, -1.69475
46.025, 1.39139, -1.6946
46.05, 1.39139, -1.6946
46.075, 1.39095, -1.69447
46.1, 1.39095, -1.69447
46.125, 1.39095, -1.69447
46.15, 1.39095, -1.69447
46.175, 1.39095, -1.69447
46.2, 1.39095, -1.69447
46.225, 1.39095, -1.69447
46.25, 1.39095, -1.69447
46.275, 1.39019, -1.69431
46.3, 1.39019, -1.69431
46.325, 1.38967, -1.69417
46.35, 1.38967, -1.69417
46.375, 1.38967, -1.69417
46.4, 1.3889, -1.69406
46.425, 1.38744, -1.69398
46.45, 1.38744, -1.69398
46.475, 1.38542, -1.69392
46.5, 1.38296, -1.69388
46.525, 1.3802, -1.69385
46.55, 1.37749, -1.69382
46.575, 1.37749, -1.69382
46.6, 1.37469, -1.69379
46.625, 1.37088, -1.69378
46.65, 1.37088, -1.69378
46.675, 1.37088, -1.69378
46.7, 1.37088, -1.69378
46.725, 1.3664, -1.69379
46.75, 1.3664, -1.69379
46.775, 1.36246, -1.69379
46.8, 1.36246, -1.69379
46.825, 1.36246, -1.69379
46.85, 1.3602, -1.69379
46.875, 1.35828, -1.69378
46.9, 1.35828, -1.69378
46.925, 1.35828, -1.69378
46.95, 1.35444, -1.69379
46.975, 1.34937, -1.69382
47, 1.34358, -1.69386
47.025, 1.34358, -1.69386
47.05, 1.34358, -1.69386
47.075, 1.33875, -1.69389
47.1, 1.33501, -1.6939
47.125, 1.33171, -1.69392
47.15, 1.3285, -1.69393
47.175, 1.32542, -1.69395
47.2, 1.3223, -1.69396
47.225, 1.31915, -1.69398
47.25, 1.31915, -1.69398
47.275, 1.31915, -1.69398
47.3, 1.31616, -1.69399
47.325, 1.31616, -1.69399
47.35, 1.31616, -1.69399
47.375, 1.31328, -1.69401
47.4, 1.31328, -1.69401
47.425, 1.31328, -1.69401
47.45, 1.31328, -1.69401
47.475, 1.31328, -1.69401
47.5, 1.31052, -1.69402
47.525, 1.30785, -1.69404
47.55, 1.30527, -1.69405
47.575, 1.30275, -1.69406
47.6, 1.30027, -1.69407
47.625, 1.29785, -1.69408
47.65, 1.29785, -1.69408
47.675, 1.29785, -1.69408
47.7, 1.29785, -1.69408
47.725, 1.29785, -1.69408
47.75, 1.29785, -1.69408
47.775, 1.29593, -1.69408
47.8, 1.29593, -1.69408
47.825, 1.29459, -1.69409
47.85, 1.29401, -1.69412
47.875, 1.29386, -1.69415
47.9, 1.29386, -1.69415
47.925, 1.29343, -1.69418
47.95, 1.29244, -1.6942
47.975, 1.29076, -1.69421
48, 1.28809, -1.69422
48.025, 1.28809, -1.69422
48.05, 1.28809, -1.69422
48.075, 1.28667, -1.69425
48.1, 1.28599, -1.69429
48.125, 1.28551, -1.69436
48.15, 1.28551, -1.69436
48.175, 1.28551, -1.69436
48.2, 1.28551, -1.69436
48.225, 1.28486, -1.69439
48.25, 1.28486, -1.69439
48.275, 1.28421, -1.69443
48.3, 1.28421, -1.69443
48.325, 1.28421, -1.69443
48.35, 1.28421, -1.69443
48.375, 1.28351, -1.69448
48.4, 1.28262, -1.69454
48.425, 1.2816, -1.69461
48.45, 1.28053, -1.69467
48.475, 1.28053, -1.69467
48.5, 1.28053, -1.69467
48.525, 1.2795, -1.69474
48.55, 1.2795, -1.69474
48.575, 1.2795, -1.69474
48.6, 1.27835, -1.6948
48.625, 1.27702, -1.69486
48.65, 1.27702, -1.69486
48.675, 1.27702, -1.69486
48.7, 1.27531, -1.69493
48.725, 1.27531, -1.69493
48.75, 1.27531, -1.69493
48.775, 1.27277, -1.69501
48.8, 1.27277, -1.69501
48.825, 1.27277, -1.69501
48.85, 1.27277, -1.69501
48.875, 1.26941, -1.6951
48.9, 1.26542, -1.6952
48.925, 1.26542, -1.6952
48.95, 1.26542, -1.6952
48.975, 1.26098, -1.69529
49, 1.25619, -1.69539
49.025, 1.2515, -1.69549
49.05, 1.2515, -1.69549
49.075, 1.2515, -1.69549
49.1, 1.2515, -1.69549
49.125, 1.24741, -1.69558
49.15, 1.24741, -1.69558
49.175, 1.24355, -1.69567
49.2, 1.23975, -1.69576
49.225, 1.23975, -1.69576
49.25, 1.23975, -1.69576
49.275, 1.23975, -1.69576
49.3, 1.23586, -1.69585
49.325, 1.23586, -1.69585
49.35, 1.23586, -1.69585
49.375, 1.23199, -1.69593
49.4, 1.2274, -1.69602
49.425, 1.2274, -1.69602
49.45, 1.2274, -1.69602
49.475, 1.2274, -1.69602
49.5, 1.22431, -1.69608
49.525, 1.22195, -1.69615
49.55, 1.22195, -1.69615
49.575, 1.22195, -1.69615
49.6, 1.22195, -1.69615
49.625, 1.21979, -1.69622
49.65, 1.21979, -1.69622
49.675, 1.21979, -1.69622
49.7, 1.21609, -1.69627
49.725, 1.21609, -1.69627
49.75, 1.21609, -1.69627
49.775, 1.21609, -1.69627
49.8, 1.21428, -1.69633
49.825, 1.21287, -1.69646
49.85, 1.20735, -1.69675
49.875, 1.19965, -1.6971
49.9, 1.19145, -1.69746
49.925, 1.18174, -1.69782
49.95, 1.18174, -1.69782
49.975, 1.18174, -1.69782
50, 1.18174, -1.69782
50, 1.1734, -1.69816
50.025, 1.16549, -1.69848
50.05, 1.1577, -1.6988
50.075, 1.1577, -1.6988
50.1, 1.14798, -1.6991
50.125, 1.14798, -1.6991
50.15, 1.14798, -1.6991
50.175, 1.14798, -1.6991
50.2, 1.13236, -1.69942
50.225, 1.13236, -1.69942
50.25, 1.13236, -1.69942
50.275, 1.13236, -1.69942
50.3, 1.13236, -1.69942
50.325, 1.13236, -1.69942
50.35, 1.12103, -1.69972
50.375, 1.11095, -1.70001
50.4, 1.10271, -1.7003
50.425, 1.09641, -1.70057
50.45, 1.08884, -1.70084
50.475, 1.07906, -1.7011
50.5, 1.07906, -1.7011
50.525, 1.07906, -1.7011
50.55, 1.06688, -1.70135
50.575, 1.06688, -1.70135
50.6, 1.05721, -1.70159
50.625, 1.05721, -1.70159
50.65, 1.05083, -1.70188
50.675, 1.05083, -1.70188
50.7, 1.04435, -1.70214
50.725, 1.04435, -1.70214
50.75, 1.03589, -1.70237
50.775, 1.03589, -1.70237
50.8, 1.03589, -1.70237
50.825, 1.02531, -1.70259
50.85, 1.01632, -1.70279
50.875, 1.01632, -1.70279
50.9, 1.00872, -1.70299
50.925, 1.00872, -1.70299
50.95, 1.00872, -1.70299
50.975, 1.00872, -1.70299
51, 1.00872, -1.70299
51.025, 0.999536, -1.7029
51.05, 0.991412, -1.7028
51.075, 0.984209, -1.7027
51.1, 0.978273, -1.70259
51.125, 0.978273, -1.70259
51.15, 0.978273, -1.70259
51.175, 0.97265, -1.70249
51.2, 0.968303, -1.70239
51.225, 0.968303, -1.70239
51.25, 0.968303, -1.70239
51.275, 0.968303, -1.70239
51.3, 0.968303, -1.70239
51.325, 0.968303, -1.70239
51.35, 0.963955, -1.70217
51.375, 0.963955, -1.70217
51.4, 0.96014, -1.70196
51.425, 0.96014, -1.70196
51.45, 0.96014, -1.70196
51.475, 0.96014, -1.70196
51.5, 0.956367, -1.70172
51.525, 0.956367, -1.70172
51.55, 0.953089, -1.7015
51.575, 0.953089, -1.7015
51.6, 0.950075, -1.7013
51.625, 0.950075, -1.7013
51.65, 0.947347, -1.70114
51.675, 0.947347, -1.70114
51.7, 0.947347, -1.70114
51.725, 0.944721, -1.701
51.75, 0.942418, -1.70086
51.775, 0.940271, -1.70075
51.8, 0.940271, -1.70075
51.825, 0.940271, -1.70075
51.85, 0.940271, -1.70075
51.875, 0.940271, -1.70075
51.9, 0.940271, -1.70075
51.925, 0.940271, -1.70075
51.95, 0.940309, -1.7005
51.975, 0.940405, -1.70026
52, 0.940405, -1.70026
52.025, 0.940405, -1.70026
52.05, 0.940027, -1.70005
52.075, 0.940027, -1.70005
52.1, 0.940027, -1.70005
52.125, 0.939018, -1.69988
52.15, 0.939018, -1.69988
52.175, 0.938527, -1.69969
52.2, 0.938407, -1.69951
52.225, 0.938407, -1.69951
52.25, 0.938444, -1.69932
52.275, 0.938517, -1.69915
52.3, 0.938517, -1.69915
52.325, 0.938517, -1.69915
52.35, 0.938517, -1.69915
52.375, 0.938517, -1.69915
52.4, 0.940287, -1.6989
52.425, 0.940287, -1.6989
52.45, 0.941565, -1.6987
52.475, 0.941565, -1.6987
52.5, 0.941565, -1.6987
52.525, 0.941565, -1.6987
52.55, 0.941565, -1.6987
52.575, 0.942876, -1.6985
52.6, 0.944216, -1.6983
52.625, 0.944216, -1.6983
52.65, 0.944216, -1.6983
52.675, 0.945469, -1.69811
52.7, 0.945469, -1.69811
52.725, 0.946836, -1.69792
52.75, 0.946836, -1.69792
52.775, 0.948092, -1.69774
52.8, 0.948092, -1.69774
52.825, 0.948092, -1.69774
52.85, 0.948092, -1.69774
52.875, 0.948092, -1.69774
52.9, 0.948092, -1.69774
52.925, 0.949252, -1.69757
52.95, 0.950375, -1.6974
52.975, 0.950375, -1.6974
53, 0.950375, -1.6974
53.025, 0.951716, -1.69723
53.05, 0.952955, -1.69706
53.075, 0.952955, -1.69706
53.1, 0.952955, -1.69706
53.125, 0.952955, -1.69706
53.15, 0.952955, -1.69706
53.175, 0.952955, -1.69706
53.2, 0.952955, -1.69706
53.225, 0.954636, -1.69688
53.25, 0.954636, -1.69688
53.275, 0.954636, -1.69688
53.3, 0.955249, -1.69676
53.325, 0.955249, -1.69676
53.35, 0.956339, -1.69662
53.375, 0.956339, -1.69662
53.4, 0.95714, -1.69649
53.425, 0.957127, -1.69639
53.45, 0.957127, -1.69639
53.475, 0.956208, -1.69633
53.5, 0.956208, -1.69633
53.525, 0.956208, -1.69633
53.55, 0.956208, -1.69633
53.575, 0.956051, -1.69624
53.6, 0.956051, -1.69624
53.625, 0.955126, -1.69617
53.65, 0.955126, -1.69617
53.675, 0.955126, -1.69617
53.7, 0.953655, -1.69612
53.725, 0.951261, -1.69609
53.75, 0.951261, -1.69609
53.775, 0.951261, -1.69609
53.8, 0.948102, -1.69609
53.825, 0.944316, -1.69611
53.85, 0.944316, -1.69611
53.875, 0.944316, -1.69611
53.9, 0.944316, -1.69611
53.925, 0.941008, -1.69611
53.95, 0.937853, -1.69612
53.975, 0.935039, -1.69612
54, 0.935039, -1.69612
54.025, 0.935039, -1.69612
54.05, 0.935039, -1.69612
54.075, 0.935039, -1.69612
54.1, 0.931844, -1.69613
54.125, 0.928509, -1.69614
54.15, 0.928509, -1.69614
54.175, 0.928509, -1.69614
54.2, 0.928509, -1.69614
54.225, 0.928509, -1.69614
54.25, 0.928509, -1.69614
54.275, 0.928509, -1.69614
54.3, 0.925183, -1.69615
54.325, 0.925183, -1.69615
54.35, 0.925183, -1.69615
54.375, 0.921459, -1.69617
54.4, 0.921459, -1.69617
54.425, 0.921459, -1.69617
54.45, 0.918737, -1.69617
54.475, 0.917237, -1.69616
54.5, 0.917153, -1.69613
54.525, 0.917153, -1.69613
54.55, 0.917218, -1.69611
54.575, 0.917218, -1.69611
54.6, 0.917218, -1.69611
54.625, 0.917218, -1.69611
54.65, 0.917218, -1.69611
54.675, 0.917218, -1.69611
54.7, 0.917748, -1.69608
54.725, 0.919306, -1.69604
54.75, 0.921489, -1.696
54.775, 0.921489, -1.696
54.8, 0.921489, -1.696
54.825, 0.921489, -1.696
54.85, 0.923885, -1.69593
54.875, 0.923885, -1.69593
54.9, 0.923885, -1.69593
54.925, 0.923885, -1.69593
54.95, 0.923885, -1.69593
54.975, 0.926316, -1.69586
55, 0.926316, -1.69586
55.025, 0.926316, -1.69586
55.05, 0.928643, -1.6958
55.075, 0.928643, -1.6958
55.1, 0.930894, -1.69574
55.125, 0.933021, -1.69568
55.15, 0.933021, -1.69568
55.175, 0.934924, -1.69563
55.2, 0.936554, -1.69559
55.225, 0.936554, -1.69559
55.25, 0.93809, -1.69556
55.275, 0.93809, -1.69556
55.3, 0.93809, -1.69556
55.325, 0.939775, -1.69552
55.35, 0.941634, -1.69547
55.375, 0.943593, -1.69543
55.4, 0.94522, -1.69539
55.425, 0.94522, -1.69539
55.45, 0.94522, -1.69539
55.475, 0.941336, -1.69555
55.5, 0.941336, -1.69555
55.525, 0.932281, -1.6959
55.55, 0.921586, -1.69629
55.575, 0.921586, -1.69629
55.6, 0.913616, -1.69662
55.625, 0.90561, -1.69695
55.65, 0.90561, -1.69695
55.675, 0.90561, -1.69695
55.7, 0.897243, -1.69726
55.725, 0.897243, -1.69726
55.75, 0.887514, -1.69761
55.775, 0.887514, -1.69761
55.8, 0.87704, -1.69796
55.825, 0.87704, -1.69796
55.85, 0.87704, -1.69796
55.875, 0.87704, -1.69796
55.9, 0.869468, -1.6983
55.925, 0.869468, -1.6983
55.95, 0.869468, -1.6983
55.975, 0.869468, -1.6983
56, 0.862663, -1.69853
56.025, 0.862663, -1.69853
56.05, 0.862663, -1.69853
56.075, 0.862663, -1.69853
56.1, 0.862663, -1.69853
56.125, 0.862663, -1.69853
56.15, 0.862663, -1.69853
56.175, 0.855659, -1.69878
56.2, 0.855659, -1.69878
56.225, 0.855659, -1.69878
56.25, 0.849298, -1.699
56.275, 0.849298, -1.699
56.3, 0.849298, -1.699
56.325, 0.849298, -1.699
56.35, 0.849298, -1.699
56.375, 0.843326, -1.69922
56.4, 0.843326, -1.69922
56.425, 0.843326, -1.69922
56.45, 0.837509, -1.69943
56.475, 0.831951, -1.69963
56.5, 0.831951, -1.69963
56.525, 0.831951, -1.69963
56.55, 0.831951, -1.69963
56.575, 0.831951, -1.69963
56.6, 0.831951, -1.69963
56.625, 0.826588, -1.69983
56.65, 0.8214, -1.70002
56.675, 0.8214, -1.70002
56.7, 0.8214, -1.70002
56.725, 0.816231, -1.70022
56.75, 0.816231, -1.70022
56.775, 0.811531, -1.7004
56.8, 0.811531, -1.7004
56.825, 0.806998, -1.70057
56.85, 0.806998, -1.70057
56.875, 0.806998, -1.70057
56.9, 0.806998, -1.70057
56.925, 0.806998, -1.70057
56.95, 0.806998, -1.70057
56.975, 0.806998, -1.70057
57, 0.804881, -1.70064
57.025, 0.804881, -1.70064
57.05, 0.804881, -1.70064
57.075, 0.804881, -1.70064
57.1, 0.804881, -1.70064
57.125, 0.802769, -1.7007
57.15, 0.802769, -1.7007
57.175, 0.800023, -1.70077
57.2, 0.800023, -1.70077
57.225, 0.79644, -1.70086
57.25, 0.79201, -1.70097
57.275, 0.79201, -1.70097
57.3, 0.788985, -1.70105
57.325, 0.788985, -1.70105
57.35, 0.786294, -1.70113
57.375, 0.783964, -1.7012
57.4, 0.781779, -1.70127
57.425, 0.779666, -1.70133
57.45, 0.779666, -1.70133
57.475, 0.779666, -1.70133
57.5, 0.779666, -1.70133
57.525, 0.777669, -1.70139
57.55, 0.775686, -1.70145
57.575, 0.775686, -1.70145
57.6, 0.775686, -1.70145
57.625, 0.775686, -1.70145
57.65, 0.775686, -1.70145
57.675, 0.775686, -1.70145
57.7, 0.775686, -1.70145
57.725, 0.773773, -1.70151
57.75, 0.773773, -1.70151
57.775, 0.771809, -1.70157
57.8, 0.769746, -1.70164
57.825, 0.767475, -1.70171
57.85, 0.767475, -1.70171
57.875, 0.764819, -1.70179
57.9, 0.764819, -1.70179
57.925, 0.764819, -1.70179
57.95, 0.764819, -1.70179
57.975, 0.764819, -1.70179
58, 0.762344, -1.70187
58.025, 0.762344, -1.70187
58.05, 0.759616, -1.70195
58.075, 0.759616, -1.70195
58.1, 0.759616, -1.70195
58.125, 0.75584, -1.70205
58.15, 0.751088, -1.70216
58.175, 0.751088, -1.70216
58.2, 0.747816, -1.70225
58.225, 0.747816, -1.70225
58.25, 0.747816, -1.70225
58.275, 0.747816, -1.70225
58.3, 0.744456, -1.70231
58.325, 0.744456, -1.70231
58.35, 0.740903, -1.70237
58.375, 0.736618, -1.70245
58.4, 0.731371, -1.70255
58.425, 0.731371, -1.70255
58.45, 0.731371, -1.70255
58.475, 0.731371, -1.70255
58.5, 0.731371, -1.70255
58.525, 0.731371, -1.70255
58.55, 0.731371, -1.70255
58.575, 0.731371, -1.70255
58.6, 0.731371, -1.70255
58.625, 0.727326, -1.70258
58.65, 0.723358, -1.7026
58.675, 0.723358, -1.7026
58.7, 0.723358, -1.7026
58.725, 0.723358, -1.7026
58.75, 0.723358, -1.7026
58.775, 0.723358, -1.7026
58.8, 0.723358, -1.7026
58.825, 0.723358, -1.7026
58.85, 0.723358, -1.7026
58.875, 0.719286, -1.70262
58.9, 0.715016, -1.70263
58.925, 0.710652, -1.70264
58.95, 0.706352, -1.70265
58.975, 0.706352, -1.70265
59, 0.701939, -1.70266
59.025, 0.701939, -1.70266
59.05, 0.697616, -1.70267
59.075, 0.693193, -1.70267
59.1, 0.693193, -1.70267
59.125, 0.693193, -1.70267
59.15, 0.688836, -1.70268
59.175, 0.688836, -1.70268
59.2, 0.688836, -1.70268
59.225, 0.684753, -1.70269
59.25, 0.681054, -1.7027
59.275, 0.681054, -1.7027
59.3, 0.677236, -1.70274
59.325, 0.673252, -1.70279
59.35, 0.673252, -1.70279
59.375, 0.673252, -1.70279
59.4, 0.673252, -1.70279
59.425, 0.670101, -1.70282
59.45, 0.667396, -1.70285
59.475, 0.667396, -1.70285
59.5, 0.667396, -1.70285
59.525, 0.667396, -1.70285
59.55, 0.667396, -1.70285
59.575, 0.663647, -1.7029
59.6, 0.663647, -1.7029
59.625, 0.663647, -1.7029
59.65, 0.663647, -1.7029
59.675, 0.663924, -1.70291
59.7, 0.666879, -1.70291
59.725, 0.666879, -1.70291
59.75, 0.666879, -1.70291
59.775, 0.666879, -1.70291
59.8, 0.666879, -1.70291
59.825, 0.666879, -1.70291
59.85, 0.669403, -1.7029
59.875, 0.672411, -1.70289
59.9, 0.672411, -1.70289
59.925, 0.672411, -1.70289
59.95, 0.675239, -1.70288
59.975, 0.675239, -1.70288
60, 0.676894, -1.70289
60, 0.676894, -1.70289
60.025, 0.676894, -1.70289
60.05, 0.678291, -1.7029
60.075, 0.680058, -1.7029
60.1, 0.68219, -1.7029
60.125, 0.68219, -1.7029
60.15, 0.68219, -1.7029
60.175, 0.673993, -1.70296
60.2, 0.661395, -1.70304
60.225, 0.661395, -1.70304
60.25, 0.661395, -1.70304
60.275, 0.661395, -1.70304
60.3, 0.647471, -1.70313
60.325, 0.631263, -1.70324
60.35, 0.617288, -1.70333
60.375, 0.617288, -1.70333
60.4, 0.617288, -1.70333
60.425, 0.604248, -1.70342
60.45, 0.604248, -1.70342
60.475, 0.604248, -1.70342
60.5, 0.597515, -1.70367
60.525, 0.597515, -1.70367
60.55, 0.594142, -1.70409
60.575, 0.594142, -1.70409
60.6, 0.594142, -1.70409
60.625, 0.590916, -1.70453
60.65, 0.591306, -1.70501
60.675, 0.591306, -1.70501
60.7, 0.591661, -1.70554
60.725, 0.59343, -1.7061
60.75, 0.59343, -1.7061
60.775, 0.59343, -1.7061
60.8, 0.595866, -1.7066
60.825, 0.59529, -1.70717
60.85, 0.59529, -1.70717
60.875, 0.59402, -1.70774
60.9, 0.589638, -1.70834
60.925, 0.582549, -1.70893
60.95, 0.582549, -1.70893
60.975, 0.577213, -1.70949
61, 0.577213, -1.70949
61.025, 0.577213, -1.70949
61.05, 0.577213, -1.70949
61.075, 0.575452, -1.71
61.1, 0.575452, -1.71
61.125, 0.574172, -1.7105
61.15, 0.573624, -1.71101
61.175, 0.57375, -1.71154
61.2, 0.57375, -1.71154
61.225, 0.57375, -1.71214
61.25, 0.573348, -1.71277
61.275, 0.572595, -1.71343
61.3, 0.572595, -1.71343
61.325, 0.572595, -1.71343
61.35, 0.572595, -1.71343
61.375, 0.572595, -1.71343
61.4, 0.572595, -1.71343
61.425, 0.577172, -1.71384
61.45, 0.577172, -1.71384
61.475, 0.577172, -1.71384
61.5, 0.581408, -1.71425
61.525, 0.586802, -1.71463
61.55, 0.586802, -1.71463
61.575, 0.586802, -1.71463
61.6, 0.586802, -1.71463
61.625, 0.586802, -1.71463
61.65, 0.586802, -1.71463
61.675, 0.586802, -1.71463
61.7, 0.586802, -1.71463
61.725, 0.586802, -1.71463
61.75, 0.586802, -1.71463
61.775, 0.586802, -1.71463
61.8, 0.590411, -1.71406
61.825, 0.590411, -1.71406
61.85, 0.590411, -1.71406
61.875, 0.590411, -1.71406
61.9, 0.590411, -1.71406
61.925, 0.590411, -1.71406
61.95, 0.590411, -1.71406
61.975, 0.590411, -1.71406
62, 0.590411, -1.71406
62.025, 0.590411, -1.71406
62.05, 0.590411, -1.71406
62.075, 0.605103, -1.7132
62.1, 0.617752, -1.71235
62.125, 0.617752, -1.71235
62.15, 0.617752, -1.71235
62.175, 0.630708, -1.71157
62.2, 0.630708, -1.71157
62.225, 0.630708, -1.71157
62.25, 0.64225, -1.7108
62.275, 0.654572, -1.7101
62.3, 0.667817, -1.70949
62.325, 0.667817, -1.70949
62.35, 0.667817, -1.70949
62.375, 0.681072, -1.70896
62.4, 0.681072, -1.70896
62.425, 0.693919, -1.70852
62.45, 0.706089, -1.70815
62.475, 0.706089, -1.70815
62.5, 0.706089, -1.70815
62.525, 0.706089, -1.70815
62.55, 0.706089, -1.70815
62.575, 0.706089, -1.70815
62.6, 0.706089, -1.70815
62.625, 0.717973, -1.70778
62.65, 0.728145, -1.70746
62.675, 0.736083, -1.70719
62.7, 0.736083, -1.70719
62.725, 0.736083, -1.70719
62.75, 0.736083, -1.70719
62.775, 0.744392, -1.70692
62.8, 0.752424, -1.70666
62.825, 0.759801, -1.70641
62.85, 0.759801, -1.70641
62.875, 0.759801, -1.70641
62.9, 0.767411, -1.70617
62.925, 0.767411, -1.70617
62.95, 0.774948, -1.70593
62.975, 0.774948, -1.70593
63, 0.782351, -1.70569
63.025, 0.782351, -1.70569
63.05, 0.789775, -1.70545
63.075, 0.797296, -1.70519
63.1, 0.797296, -1.70519
63.125, 0.804729, -1.70492
63.15, 0.811725, -1.70463
63.175, 0.818154, -1.70433
63.2, 0.824124, -1.70403
63.225, 0.829854, -1.70374
63.25, 0.835396, -1.70346
63.275, 0.835396, -1.70346
63.3, 0.835396, -1.70346
63.325, 0.835396, -1.70346
63.35, 0.835396, -1.70346
63.375, 0.838967, -1.70318
63.4, 0.838967, -1.70318
63.425, 0.838967, -1.70318
63.45, 0.838967, -1.70318
63.475, 0.842718, -1.7029
63.5, 0.845728, -1.70262
63.525, 0.848852, -1.70236
63.55, 0.85168, -1.70211
63.575, 0.8537, -1.70185
63.6, 0.854971, -1.7016
63.625, 0.855811, -1.70134
63.65, 0.8566, -1.7011
63.675, 0.8566, -1.7011
63.7, 0.8566, -1.7011
63.725, 0.858104, -1.70088
63.75, 0.860571, -1.70069
63.775, 0.864101, -1.70054
63.8, 0.864101, -1.70054
63.825, 0.868174, -1.70041
63.85, 0.868174, -1.70041
63.875, 0.868174, -1.70041
63.9, 0.868174, -1.70041
63.925, 0.87216, -1.70029
63.95, 0.876147, -1.70019
63.975, 0.879956, -1.70012
64, 0.8834, -1.70007
64.025, 0.886257, -1.70004
64.05, 0.888463, -1.70004
64.075, 0.888463, -1.70004
64.1, 0.888463, -1.70004
64.125, 0.888463, -1.70004
64.15, 0.888463, -1.70004
64.175, 0.890881, -1.70003
64.2, 0.890881, -1.70003
64.225, 0.89369, -1.70001
64.25, 0.89369, -1.70001
64.275, 0.896188, -1.69999
64.3, 0.89886, -1.69997
64.325, 0.901817, -1.69993
64.35, 0.901817, -1.69993
64.375, 0.901817, -1.69993
64.4, 0.901817, -1.69993
64.425, 0.904194, -1.69991
64.45, 0.904194, -1.69991
64.475, 0.906905, -1.69988
64.5, 0.906905, -1.69988
64.525, 0.906905, -1.69988
64.55, 0.906905, -1.69988
64.575, 0.906905, -1.69988
64.6, 0.906905, -1.69988
64.625, 0.906905, -1.69988
64.65, 0.906905, -1.69988
64.675, 0.909897, -1.6998
64.7, 0.909897, -1.6998
64.725, 0.909897, -1.6998
64.75, 0.912223, -1.69972
64.775, 0.913951, -1.69962
64.8, 0.913951, -1.69962
64.825, 0.913951, -1.69962
64.85, 0.915029, -1.69953
64.875, 0.915029, -1.69953
64.9, 0.915029, -1.69953
64.925, 0.916605, -1.69945
64.95, 0.916605, -1.69945
64.975, 0.916605, -1.69945
65, 0.916605, -1.69945
65.025, 0.917271, -1.69935
65.05, 0.917271, -1.69935
65.075, 0.915628, -1.69925
65.1, 0.913062, -1.69913
65.125, 0.910704, -1.69903
65.15, 0.910704, -1.69903
65.175, 0.90877, -1.69893
65.2, 0.907601, -1.69884
65.225, 0.90733, -1.69878
65.25, 0.90733, -1.69878
65.275, 0.90733, -1.69878
65.3, 0.90733, -1.69878
65.325, 0.90733, -1.69878
65.35, 0.90733, -1.69878
65.375, 0.90733, -1.69878
65.4, 0.907026, -1.69871
65.425, 0.906766, -1.69866
65.45, 0.906481, -1.69863
65.475, 0.906481, -1.69863
65.5, 0.906481, -1.69863
65.525, 0.906166, -1.6986
65.55, 0.906166, -1.6986
65.575, 0.905685, -1.69858
65.6, 0.905685, -1.69858
65.625, 0.905284, -1.69856
65.65, 0.904952, -1.69854
65.675, 0.904952, -1.69854
65.7, 0.904952, -1.69854
65.725, 0.904715, -1.69851
65.75, 0.904715, -1.69851
65.775, 0.904715, -1.69851
65.8, 0.904715, -1.69851
65.825, 0.904206, -1.6985
65.85, 0.904206, -1.6985
65.875, 0.903757, -1.69849
65.9, 0.903566, -1.69846
65.925, 0.903566, -1.69846
65.95, 0.90355, -1.69844
65.975, 0.903298, -1.6984
66, 0.903298, -1.6984
66.025, 0.903043, -1.69837
66.05, 0.902677, -1.69835
66.075, 0.902677, -1.69835
66.1, 0.902677, -1.69835
66.125, 0.901697, -1.69837
66.15, 0.90032, -1.69839
66.175, 0.90032, -1.69839
66.2, 0.900072, -1.69839
66.225, 0.900908, -1.69839
66.25, 0.900908, -1.69839
66.275, 0.900908, -1.69839
66.3, 0.900908, -1.69839
66.325, 0.900908, -1.69839
66.35, 0.901665, -1.69838
66.375, 0.901665, -1.69838
66.4, 0.902332, -1.69836
66.425, 0.902332, -1.69836
66.45, 0.902472, -1.69834
66.475, 0.902472, -1.69834
66.5, 0.901925, -1.69831
66.525, 0.900665, -1.69829
66.55, 0.899092, -1.69826
66.575, 0.897413, -1.69823
66.6, 0.895553, -1.6982
66.625, 0.893679, -1.69817
66.65, 0.891952, -1.69814
66.675, 0.891952, -1.69814
66.7, 0.890191, -1.69812
66.725, 0.890191, -1.69812
66.75, 0.890191, -1.69812
66.775, 0.890191, -1.69812
66.8, 0.890191, -1.69812
66.825, 0.888234, -1.69809
66.85, 0.888234, -1.69809
66.875, 0.88637, -1.69806
66.9, 0.88637, -1.69806
66.925, 0.88637, -1.69806
66.95, 0.88637, -1.69806
66.975, 0.88637, -1.69806
67, 0.884616, -1.69803
67.025, 0.884616, -1.69803
67.05, 0.882959, -1.69801
67.075, 0.881372, -1.69799
67.1, 0.879837, -1.69797
67.125, 0.878354, -1.69795
67.15, 0.876836, -1.69794
67.175, 0.874886, -1.69795
67.2, 0.874886, -1.69795
67.225, 0.871803, -1.698
67.25, 0.871803, -1.698
67.275, 0.871803, -1.698
67.3, 0.871803, -1.698
67.325, 0.871803, -1.698
67.35, 0.87102, -1.69799
67.375, 0.87102, -1.69799
67.4, 0.87102, -1.69799
67.425, 0.869163, -1.69798
67.45, 0.866994, -1.69797
67.475, 0.866994, -1.69797
67.5, 0.866994, -1.69797
67.525, 0.866994, -1.69797
67.55, 0.866994, -1.69797
67.575, 0.866994, -1.69797
67.6, 0.866994, -1.69797
67.625, 0.866994, -1.69797
67.65, 0.865612, -1.69798
67.675, 0.864688, -1.698
67.7, 0.863894, -1.69801
67.725, 0.863175, -1.69802
67.75, 0.863175, -1.69802
67.775, 0.863175, -1.69802
67.8, 0.862383, -1.69803
67.825, 0.861201, -1.69803
67.85, 0.859322, -1.69804
67.875, 0.856507, -1.69803
67.9, 0.856507, -1.69803
67.925, 0.856507, -1.69803
67.95, 0.856507, -1.69803
67.975, 0.85377, -1.69803
68, 0.850662, -1.69803
68.025, 0.847293, -1.69802
68.05, 0.847293, -1.69802
68.075, 0.847293, -1.69802
68.1, 0.847293, -1.69802
68.125, 0.847293, -1.69802
68.15, 0.847293, -1.69802
68.175, 0.847293, -1.69802
68.2, 0.847293, -1.69802
68.225, 0.84388, -1.69801
68.25, 0.840958, -1.69801
68.275, 0.840958, -1.69801
68.3, 0.838648, -1.69801
68.325, 0.838648, -1.69801
68.35, 0.838648, -1.69801
68.375, 0.83678, -1.69804
68.4, 0.83678, -1.69804
68.425, 0.83678, -1.69804
68.45, 0.83678, -1.69804
68.475, 0.835333, -1.69805
68.5, 0.833929, -1.69806
68.525, 0.833929, -1.69806
68.55, 0.833123, -1.69806
68.575, 0.833123, -1.69806
68.6, 0.83138, -1.69807
68.625, 0.83138, -1.69807
68.65, 0.83138, -1.69807
68.675, 0.828748, -1.69809
68.7, 0.825316, -1.69812
68.725, 0.822923, -1.69814
68.75, 0.822923, -1.69814
68.775, 0.822923, -1.69814
68.8, 0.821694, -1.69818
68.825, 0.820887, -1.69822
68.85, 0.820134, -1.69827
68.875, 0.820134, -1.69827
68.9, 0.819414, -1.69832
68.925, 0.819414, -1.69832
68.95, 0.819414, -1.69832
68.975, 0.818657, -1.69836
69, 0.817951, -1.6984
69.025, 0.81731, -1.69844
69.05, 0.816666, -1.69847
69.075, 0.815962, -1.6985
69.1, 0.815184, -1.69853
69.125, 0.815184, -1.69853
69.15, 0.814352, -1.69856
69.175, 0.814352, -1.69856
69.2, 0.814352, -1.69856
69.225, 0.813548, -1.69858
69.25, 0.812623, -1.69861
69.275, 0.812623, -1.69861
69.3, 0.812623, -1.69861
69.325, 0.812623, -1.69861
69.35, 0.812623, -1.69861
69.375, 0.811718, -1.69863
69.4, 0.811718, -1.69863
69.425, 0.810313, -1.69865
69.45, 0.808313, -1.69867
69.475, 0.80642, -1.69868
69.5, 0.80642, -1.69868
69.525, 0.80642, -1.69868
69.55, 0.804588, -1.6987
69.575, 0.804588, -1.6987
69.6, 0.803097, -1.69872
69.625, 0.803097, -1.69872
69.65, 0.801621, -1.69874
69.675, 0.800213, -1.69876
69.7, 0.798871, -1.69878
69.725, 0.798871, -1.69878
69.75, 0.798871, -1.69878
69.775, 0.798871, -1.69878
69.8, 0.798871, -1.69878
69.825, 0.798871, -1.69878
69.85, 0.796939, -1.69882
69.875, 0.796939, -1.69882
69.9, 0.796939, -1.69882
69.925, 0.796939, -1.69882
69.95, 0.796939, -1.69882
69.975, 0.796939, -1.69882
70, 0.795164, -1.69886
70.025, 0.79219, -1.6989
70.05, 0.79219, -1.6989
70.075, 0.783829, -1.69895
70.1, 0.770593, -1.69902
70.125, 0.757481, -1.69909
70.15, 0.746434, -1.69915
70.175, 0.736603, -1.69921
70.2, 0.728338, -1.69927
70.225, 0.724279, -1.69933
70.25, 0.724279, -1.69933
70.275, 0.724279, -1.69933
70.3, 0.724279, -1.69933
70.325, 0.718139, -1.69935
70.35, 0.718139, -1.69935
70.375, 0.715873, -1.69939
70.4, 0.718705, -1.69944
70.425, 0.718705, -1.69944
70.45, 0.718705, -1.69944
70.475, 0.721862, -1.6995
70.5, 0.721862, -1.6995
70.525, 0.721862, -1.6995
70.55, 0.721862, -1.6995
70.575, 0.724816, -1.69953
70.6, 0.724816, -1.69953
70.625, 0.729624, -1.69962
70.65, 0.729624, -1.69962
70.675, 0.729624, -1.69962
70.7, 0.734076, -1.69976
70.725, 0.734076, -1.69976
70.75, 0.734076, -1.69976
70.775, 0.734076, -1.69976
70.8, 0.738557, -1.69988
70.825, 0.738557, -1.69988
70.85, 0.741739, -1.70003
70.875, 0.743806, -1.70018
70.9, 0.743806, -1.70018
70.925, 0.744548, -1.70035
70.95, 0.744548, -1.70035
70.975, 0.744548, -1.70035
71, 0.744548, -1.70035
71.025, 0.744548, -1.70035
71.05, 0.744548, -1.70035
71.075, 0.744548, -1.70035
71.1, 0.749477, -1.7004
71.125, 0.749477, -1.7004
71.15, 0.749477, -1.7004
71.175, 0.749477, -1.7004
71.2, 0.749477, -1.7004
71.225, 0.755385, -1.70048
71.25, 0.755385, -1.70048
71.275, 0.76057, -1.70059
71.3, 0.76057, -1.70059
71.325, 0.765163, -1.70071
71.35, 0.765163, -1.70071
71.375, 0.765163, -1.70071
71.4, 0.769921, -1.70082
71.425, 0.769921, -1.70082
71.45, 0.769921, -1.70082
71.475, 0.769921, -1.70082
71.5, 0.773409, -1.70094
71.525, 0.776137, -1.70107
71.55, 0.778851, -1.70119
71.575, 0.778851, -1.70119
71.6, 0.778851, -1.70119
71.625, 0.782181, -1.70131
71.65, 0.786664, -1.70142
71.675, 0.791966, -1.70151
71.7, 0.791966, -1.70151
71.725, 0.797287, -1.7016
71.75, 0.802703, -1.70168
71.775, 0.802703, -1.70168
71.8, 0.802703, -1.70168
71.825, 0.802703, -1.70168
71.85, 0.802703, -1.70168
71.875, 0.802703, -1.70168
71.9, 0.802703, -1.70168
71.925, 0.802703, -1.70168
71.95, 0.802703, -1.70168
71.975, 0.815242, -1.70153
72, 0.815242, -1.70153
72.025, 0.815242, -1.70153
72.05, 0.825431, -1.70138
72.075, 0.825431, -1.70138
72.1, 0.825431, -1.70138
72.125, 0.825431, -1.70138
72.15, 0.835607, -1.70124
72.175, 0.844982, -1.7011
72.2, 0.853808, -1.70096
72.225, 0.862274, -1.70082
72.25, 0.862274, -1.70082
72.275, 0.862274, -1.70082
72.3, 0.870352, -1.70069
72.325, 0.870352, -1.70069
72.35, 0.87895, -1.70058
72.375, 0.888139, -1.7005
72.4, 0.888139, -1.7005
72.425, 0.888139, -1.7005
72.45, 0.888139, -1.7005
72.475, 0.888139, -1.7005
72.5, 0.896914, -1.7004
72.525, 0.896914, -1.7004
72.55, 0.905449, -1.70031
72.575, 0.913686, -1.70025
72.6, 0.913686, -1.70025
72.625, 0.913686, -1.70025
72.65, 0.913686, -1.70025
72.675, 0.913686, -1.70025
72.7, 0.921473, -1.70019
72.725, 0.928905, -1.70014
72.75, 0.928905, -1.70014
72.775, 0.928905, -1.70014
72.8, 0.928905, -1.70014
72.825, 0.928905, -1.70014
72.85, 0.928905, -1.70014
72.875, 0.935554, -1.7001
72.9, 0.935554, -1.7001
72.925, 0.935554, -1.7001
72.95, 0.941945, -1.70005
72.975, 0.941945, -1.70005
73, 0.941945, -1.70005
73.025, 0.948387, -1.7
73.05, 0.948387, -1.7
73.075, 0.948387, -1.7
73.1, 0.954361, -1.69995
73.125, 0.954361, -1.69995
73.15, 0.954361, -1.69995
73.175, 0.954361, -1.69995
73.2, 0.954361, -1.69995
73.225, 0.960384, -1.69991
73.25, 0.960384, -1.69991
73.275, 0.966255, -1.69986
73.3, 0.972176, -1.69982
73.325, 0.972176, -1.69982
73.35, 0.972176, -1.69982
73.375, 0.972176, -1.69982
73.4, 0.972176, -1.69982
73.425, 0.978716, -1.6998
73.45, 0.978716, -1.6998
73.475, 0.978716, -1.6998
73.5, 0.978716, -1.6998
73.525, 0.985072, -1.69978
73.55, 0.991718, -1.69978
73.575, 0.991718, -1.69978
73.6, 0.991718, -1.69978
73.625, 0.991718, -1.69978
73.65, 0.991718, -1.69978
73.675, 0.991718, -1.69978
73.7, 0.991718, -1.69978
73.725, 0.998158, -1.69979
73.75, 0.998158, -1.69979
73.775, 1.00379, -1.69985
73.8, 1.00551, -1.70004
73.825, 1.00551, -1.70004
73.85, 1.00193, -1.7004
73.875, 1.00193, -1.7004
73.9, 0.997241, -1.70077
73.925, 0.98966, -1.70115
73.95, 0.979985, -1.70153
73.975, 0.979985, -1.70153
74, 0.979985, -1.70153
74.025, 0.979985, -1.70153
74.05, 0.979985, -1.70153
74.075, 0.979985, -1.70153
74.1, 0.979985, -1.70153
74.125, 0.979985, -1.70153
74.15, 0.974074, -1.70193
74.175, 0.974074, -1.70193
74.2, 0.974074, -1.70193
74.225, 0.974074, -1.70193
74.25, 0.974074, -1.70193
74.275, 0.967334, -1.70224
74.3, 0.967334, -1.70224
74.325, 0.967334, -1.70224
74.35, 0.967334, -1.70224
74.375, 0.967334, -1.70224
74.4, 0.961334, -1.70252
74.425, 0.95211, -1.70276
74.45, 0.939467, -1.70295
74.475, 0.939467, -1.70295
74.5, 0.939467, -1.70295
74.525, 0.939467, -1.70295
74.55, 0.927918, -1.70314
74.575, 0.927918, -1.70314
74.6, 0.927918, -1.70314
74.625, 0.927918, -1.70314
74.65, 0.927918, -1.70314
74.675, 0.927918, -1.70314
74.7, 0.927918, -1.70314
74.725, 0.927918, -1.70314
74.75, 0.927918, -1.70314
74.775, 0.917569, -1.70333
74.8, 0.917569, -1.70333
74.825, 0.908414, -1.70353
74.85, 0.908414, -1.70353
74.875, 0.900124, -1.70373
74.9, 0.900124, -1.70373
74.925, 0.900124, -1.70373
74.95, 0.891752, -1.70392
74.975, 0.891752, -1.70392
75, 0.891752, -1.70392
75.025, 0.891752, -1.70392
75.05, 0.891752, -1.70392
75.075, 0.882895, -1.70407
75.1, 0.882895, -1.70407
75.125, 0.882895, -1.70407
75.15, 0.882895, -1.70407
75.175, 0.882895, -1.70407
75.2, 0.874377, -1.70423
75.225, 0.866694, -1.70441
75.25, 0.85961, -1.70461
75.275, 0.852822, -1.70482
75.3, 0.846249, -1.70502
75.325, 0.846249, -1.70502
75.35, 0.839888, -1.70521
75.375, 0.833727, -1.7054
75.4, 0.833727, -1.7054
75.425, 0.833727, -1.7054
75.45, 0.827669, -1.70558
75.475, 0.821695, -1.70576
75.5, 0.815821, -1.70595
75.525, 0.815821, -1.70595
75.55, 0.810542, -1.70611
75.575, 0.810542, -1.70611
75.6, 0.810542, -1.70611
75.625, 0.810542, -1.70611
75.65, 0.810542, -1.70611
75.675, 0.810542, -1.70611
75.7, 0.805723, -1.70626
75.725, 0.805723, -1.70626
75.75, 0.805723, -1.70626
75.775, 0.805723, -1.70626
75.8, 0.805723, -1.70626
75.825, 0.805723, -1.70626
75.85, 0.805723, -1.70626
75.875, 0.805723, -1.70626
75.9, 0.805723, -1.70626
75.925, 0.802144, -1.7064
75.95, 0.798582, -1.70655
75.975, 0.794869, -1.70668
76, 0.790851, -1.7068
76.025, 0.790851, -1.7068
76.05, 0.787898, -1.70694
76.075, 0.786181, -1.70713
76.1, 0.786181, -1.70713
76.125, 0.786181, -1.70713
76.15, 0.786181, -1.70713
76.175, 0.786181, -1.70713
76.2, 0.786189, -1.70721
76.225, 0.786189, -1.70721
76.25, 0.78323, -1.70732
76.275, 0.779559, -1.70745
76.3, 0.779559, -1.70745
76.325, 0.776246, -1.70756
76.35, 0.771916, -1.70768
76.375, 0.768168, -1.7078
76.4, 0.768168, -1.7078
76.425, 0.768168, -1.7078
76.45, 0.766888, -1.7079
76.475, 0.766888, -1.7079
76.5, 0.76633, -1.70799
76.525, 0.766651, -1.70806
76.55, 0.766651, -1.70806
76.575, 0.766651, -1.70806
76.6, 0.766651, -1.70806
76.625, 0.766651, -1.70806
76.65, 0.766651, -1.70806
76.675, 0.766651, -1.70806
76.7, 0.767159, -1.70811
76.725, 0.765054, -1.70813
76.75, 0.759664, -1.7081
76.775, 0.750587, -1.70803
76.8, 0.750587, -1.70803
76.825, 0.750587, -1.70803
76.85, 0.743475, -1.70797
76.875, 0.736159, -1.70791
76.9, 0.736159, -1.70791
76.925, 0.736159, -1.70791
76.95, 0.736159, -1.70791
76.975, 0.728198, -1.70784
77, 0.728198, -1.70784
77.025, 0.719104, -1.70776
77.05, 0.719104, -1.70776
77.075, 0.719104, -1.70776
77.1, 0.710366, -1.70768
77.125, 0.710366, -1.70768
77.15, 0.704012, -1.70762
77.175, 0.704012, -1.70762
77.2, 0.704012, -1.70762
77.225, 0.704012, -1.70762
77.25, 0.698076, -1.70758
77.275, 0.698076, -1.70758
77.3, 0.698076, -1.70758
77.325, 0.698076, -1.70758
77.35, 0.691847, -1.7075
77.375, 0.686482, -1.70746
77.4, 0.681702, -1.70747
77.425, 0.67716, -1.70752
77.45, 0.67716, -1.70752
77.475, 0.67716, -1.70752
77.5, 0.67716, -1.70752
77.525, 0.673011, -1.70755
77.55, 0.673011, -1.70755
77.575, 0.668804, -1.70758
77.6, 0.668804, -1.70758
77.625, 0.668804, -1.70758
77.65, 0.668804, -1.70758
77.675, 0.668804, -1.70758
77.7, 0.668804, -1.70758
77.725, 0.668804, -1.70758
77.75, 0.665164, -1.7076
77.775, 0.661592, -1.70761
77.8, 0.658114, -1.70763
77.825, 0.655067, -1.70764
77.85, 0.652566, -1.70763
77.875, 0.652566, -1.70763
77.9, 0.650339, -1.70762
77.925, 0.647822, -1.70759
77.95, 0.644618, -1.70755
77.975, 0.644618, -1.70755
78, 0.641649, -1.70751
78.025, 0.638278, -1.70747
78.05, 0.638278, -1.70747
78.075, 0.638278, -1.70747
78.1, 0.635919, -1.70744
78.125, 0.63305, -1.7074
78.15, 0.628691, -1.70735
78.175, 0.623271, -1.70729
78.2, 0.623271, -1.70729
78.225, 0.623271, -1.70729
78.25, 0.619708, -1.70724
78.275, 0.617329, -1.7072
78.3, 0.617329, -1.7072
78.325, 0.615806, -1.70717
78.35, 0.615806, -1.70717
78.375, 0.615806, -1.70717
78.4, 0.615806, -1.70717
78.425, 0.615806, -1.70717
78.45, 0.6142, -1.70709
78.475, 0.6142, -1.70709
78.5, 0.6142, -1.70709
78.525, 0.6142, -1.70709
78.55, 0.6142, -1.70709
78.575, 0.612487, -1.70702
78.6, 0.608686, -1.70699
78.625, 0.60366, -1.70698
78.65, 0.60366, -1.70698
78.675, 0.598422, -1.70698
78.7, 0.598422, -1.70698
78.725, 0.592657, -1.70698
78.75, 0.592657, -1.70698
78.775, 0.592657, -1.70698
78.8, 0.592657, -1.70698
78.825, 0.587891, -1.70698
78.85, 0.587891, -1.70698
78.875, 0.587891, -1.70698
78.9, 0.582474, -1.70698
78.925, 0.582474, -1.70698
78.95, 0.582474, -1.70698
78.975, 0.577644, -1.70698
79, 0.573525, -1.70697
79.025, 0.570952, -1.70695
79.05, 0.570952, -1.70695
79.075, 0.570952, -1.70695
79.1, 0.568741, -1.70695
79.125, 0.568741, -1.70695
79.15, 0.566661, -1.70695
79.175, 0.566661, -1.70695
79.2, 0.563926, -1.70695
79.225, 0.563926, -1.70695
79.25, 0.561877, -1.70695
79.275, 0.558723, -1.70693
79.3, 0.558723, -1.70693
79.325, 0.558723, -1.70693
79.35, 0.558723, -1.70693
79.375, 0.555304, -1.70692
79.4, 0.555304, -1.70692
79.425, 0.555304, -1.70692
79.45, 0.554576, -1.70691
79.475, 0.554576, -1.70691
79.5, 0.554576, -1.70691
79.525, 0.55328, -1.70689
79.55, 0.55328, -1.70689
79.575, 0.55328, -1.70689
79.6, 0.551552, -1.70687
79.625, 0.551552, -1.70687
79.65, 0.551552, -1.70687
79.675, 0.550233, -1.70685
79.7, 0.54937, -1.70684
79.725, 0.549593, -1.70684
79.75, 0.551222, -1.70687
79.775, 0.551222, -1.70687
79.8, 0.551222, -1.70687
79.825, 0.551222, -1.70687
79.85, 0.551222, -1.70687
79.875, 0.551222, -1.70687
79.9, 0.551222, -1.70687
79.925, 0.553729, -1.70684
79.95, 0.553859, -1.70685
79.975, 0.553859, -1.70685
80, 0.551292, -1.70687
80.025, 0.54543, -1.70692
80.05, 0.54543, -1.70692
80.075, 0.54543, -1.70692
80.1, 0.540173, -1.70696
80.125, 0.533731, -1.707
80.15, 0.533731, -1.707
80.175, 0.533731, -1.707
80.2, 0.533731, -1.707
80.225, 0.533731, -1.707
80.25, 0.533731, -1.707
80.275, 0.533731, -1.707
80.3, 0.538443, -1.70711
80.325, 0.538443, -1.70711
80.35, 0.538443, -1.70711
80.375, 0.542448, -1.70721
80.4, 0.542448, -1.70721
80.425, 0.542448, -1.70721
80.45, 0.544872, -1.70725
80.475, 0.544872, -1.70725
80.5, 0.544872, -1.70725
80.525, 0.544872, -1.70725
80.55, 0.544872, -1.70725
80.575, 0.545062, -1.70713
80.6, 0.548289, -1.70699
80.625, 0.554328, -1.70681
80.65, 0.554328, -1.70681
80.675, 0.554328, -1.70681
80.7, 0.554328, -1.70681
80.725, 0.554328, -1.70681
80.75, 0.554328, -1.70681
80.775, 0.561306, -1.70656
80.8, 0.561306, -1.70656
80.825, 0.561306, -1.70656
80.85, 0.567971, -1.70632
80.875, 0.567971, -1.70632
80.9, 0.574373, -1.70609
80.925, 0.574373, -1.70609
80.95, 0.580227, -1.70586
80.975, 0.580227, -1.70586
81, 0.580227, -1.70586
81.025, 0.580227, -1.70586
81.05, 0.584514, -1.70566
81.075, 0.584514, -1.70566
81.1, 0.584514, -1.70566
81.125, 0.586547, -1.70549
81.15, 0.584713, -1.70529
81.175, 0.579453, -1.70508
81.2, 0.579453, -1.70508
81.225, 0.579453, -1.70508
81.25, 0.579453, -1.70508
81.275, 0.579453, -1.70508
81.3, 0.579453, -1.70508
81.325, 0.579453, -1.70508
81.35, 0.579453, -1.70508
81.375, 0.579502, -1.70479
81.4, 0.579502, -1.70479
81.425, 0.579502, -1.70479
81.45, 0.579502, -1.70479
81.475, 0.579502, -1.70479
81.5, 0.580214, -1.70454
81.525, 0.581547, -1.70433
81.55, 0.583443, -1.70416
81.575, 0.58562, -1.70403
81.6, 0.5879, -1.70391
81.625, 0.59023, -1.70383
81.65, 0.59023, -1.70383
81.675, 0.592381, -1.70377
81.7, 0.592381, -1.70377
81.725, 0.594196, -1.70373
81.75, 0.594196, -1.70373
81.775, 0.595097, -1.70373
81.8, 0.595097, -1.70373
81.825, 0.595097, -1.70373
81.85, 0.597578, -1.70366
81.875, 0.597578, -1.70366
81.9, 0.597578, -1.70366
81.925, 0.597578, -1.70366
81.95, 0.599844, -1.7036
81.975, 0.599844, -1.7036
82, 0.599844, -1.7036
82.025, 0.599844, -1.7036
82.05, 0.599844, -1.7036
82.075, 0.599844, -1.7036
82.1, 0.603533, -1.70349
82.125, 0.603533, -1.70349
82.15, 0.603533, -1.70349
82.175, 0.603533, -1.70349
82.2, 0.6052, -1.7034
82.225, 0.604389, -1.70328
82.25, 0.60236, -1.70314
82.275, 0.60236, -1.70314
82.3, 0.599775, -1.70301
82.325, 0.599775, -1.70301
82.35, 0.596711, -1.70287
82.375, 0.596711, -1.70287
82.4, 0.596711, -1.70287
82.425, 0.596711, -1.70287
82.45, 0.593964, -1.70274
82.475, 0.593964, -1.70274
82.5, 0.591776, -1.70265
82.525, 0.591776, -1.70265
82.55, 0.591776, -1.70265
82.575, 0.589411, -1.70263
82.6, 0.589411, -1.70263
82.625, 0.586536, -1.70265
82.65, 0.586536, -1.70265
82.675, 0.586536, -1.70265
82.7, 0.586536, -1.70265
82.725, 0.584788, -1.70261
82.75, 0.584788, -1.70261
82.775, 0.584788, -1.70261
82.8, 0.584788, -1.70261
82.825, 0.583532, -1.70257
82.85, 0.583532, -1.70257
82.875, 0.583532, -1.70257
82.9, 0.583532, -1.70257
82.925, 0.583532, -1.70257
82.95, 0.583532, -1.70257
82.975, 0.583532, -1.70257
83, 0.582445, -1.70252
83.025, 0.582445, -1.70252
83.05, 0.582445, -1.70252
83.075, 0.582445, -1.70252
83.1, 0.582445, -1.70252
83.125, 0.582445, -1.70252
83.15, 0.583043, -1.70243
83.175, 0.583043, -1.70243
83.2, 0.583043, -1.70243
83.225, 0.583448, -1.70234
83.25, 0.583448, -1.70234
83.275, 0.583448, -1.70234
83.3, 0.583448, -1.70234
83.325, 0.583448, -1.70234
83.35, 0.583448, -1.70234
83.375, 0.583448, -1.70234
83.4, 0.583448, -1.70234
83.425, 0.585285, -1.70227
83.45, 0.585285, -1.70227
83.475, 0.587371, -1.70222
83.5, 0.587371, -1.70222
83.525, 0.587371, -1.70222
83.55, 0.590663, -1.70225
83.575, 0.590663, -1.70225
83.6, 0.590663, -1.70225
83.625, 0.593895, -1.7023
83.65, 0.596905, -1.70243
83.675, 0.598882, -1.70267
83.7, 0.599131, -1.70302
83.725, 0.598125, -1.70342
83.75, 0.598125, -1.70342
83.775, 0.598125, -1.70342
83.8, 0.598125, -1.70342
83.825, 0.597505, -1.7038
83.85, 0.596442, -1.70417
83.875, 0.596442, -1.70417
83.9, 0.596442, -1.70417
83.925, 0.596541, -1.70451
83.95, 0.597507, -1.70482
83.975, 0.597507, -1.70482
84, 0.597507, -1.70482
84.025, 0.597507, -1.70482
84.05, 0.598886, -1.70512
84.075, 0.598886, -1.70512
84.1, 0.598886, -1.70512
84.125, 0.599955, -1.70541
84.15, 0.599955, -1.70541
84.175, 0.599955, -1.70541
84.2, 0.599955, -1.70541
84.225, 0.600038, -1.70569
84.25, 0.600038, -1.70569
84.275, 0.600038, -1.70569
84.3, 0.600038, -1.70569
84.325, 0.600038, -1.70569
84.35, 0.600038, -1.70569
84.375, 0.600038, -1.70569
84.4, 0.600038, -1.70569
84.425, 0.600038, -1.70569
84.45, 0.600038, -1.70569
84.475, 0.602006, -1.70599
84.5, 0.602006, -1.70599
84.525, 0.602006, -1.70599
84.55, 0.602006, -1.70599
84.575, 0.604219, -1.7063
84.6, 0.604219, -1.7063
84.625, 0.604219, -1.7063
84.65, 0.606388, -1.70661
84.675, 0.606388, -1.70661
84.7, 0.606388, -1.70661
84.725, 0.608645, -1.70689
84.75, 0.608645, -1.70689
84.775, 0.61027, -1.70719
84.8, 0.61027, -1.70719
84.825, 0.61343, -1.70741
84.85, 0.61343, -1.70741
84.875, 0.61343, -1.70741
84.9, 0.61343, -1.70741
84.925, 0.61343, -1.70741
84.95, 0.61343, -1.70741
84.975, 0.61703, -1.70762
85, 0.61703, -1.70762
85.025, 0.61703, -1.70762
85.05, 0.620126, -1.70783
85.075, 0.620126, -1.70783
85.1, 0.620126, -1.70783
85.125, 0.620126, -1.70783
85.15, 0.620126, -1.70783
85.175, 0.620126, -1.70783
85.2, 0.623045, -1.70803
85.225, 0.623045, -1.70803
85.25, 0.623045, -1.70803
85.275, 0.623045, -1.70803
85.3, 0.623045, -1.70803
85.325, 0.625874, -1.70823
85.35, 0.627643, -1.70838
85.375, 0.62805, -1.70849
85.4, 0.627804, -1.70857
85.425, 0.627471, -1.70865
85.45, 0.626844, -1.70871
85.475, 0.626018, -1.70877
85.5, 0.625165, -1.70882
85.525, 0.624398, -1.70887
85.55, 0.623186, -1.70891
85.575, 0.620982, -1.70892
85.6, 0.620982, -1.70892
85.625, 0.620982, -1.70892
85.65, 0.620982, -1.70892
85.675, 0.620982, -1.70892
85.7, 0.620002, -1.70892
85.725, 0.620046, -1.70896
85.75, 0.620046, -1.70896
85.775, 0.620046, -1.70896
85.8, 0.620046, -1.70896
85.825, 0.620046, -1.70896
85.85, 0.620046, -1.70896
85.875, 0.620046, -1.70896
85.9, 0.620046, -1.70896
85.925, 0.620046, -1.70896
85.95, 0.620046, -1.70896
85.975, 0.619381, -1.70888
86, 0.619381, -1.70888
86.025, 0.618755, -1.70881
86.05, 0.618274, -1.70875
86.075, 0.617846, -1.7087
86.1, 0.617425, -1.70866
86.125, 0.617425, -1.70866
86.15, 0.617425, -1.70866
86.175, 0.617425, -1.70866
86.2, 0.617425, -1.70866
86.225, 0.617425, -1.70866
86.25, 0.617425, -1.70866
86.275, 0.616669, -1.70859
86.3, 0.616669, -1.70859
86.325, 0.616669, -1.70859
86.35, 0.616669, -1.70859
86.375, 0.616669, -1.70859
86.4, 0.616669, -1.70859
86.425, 0.616081, -1.70854
86.45, 0.616081, -1.70854
86.475, 0.615492, -1.70848
86.5, 0.615492, -1.70848
86.525, 0.614901, -1.70844
86.55, 0.614198, -1.7084
86.575, 0.614198, -1.7084
86.6, 0.614198, -1.7084
86.625, 0.614198, -1.7084
86.65, 0.614198, -1.7084
86.675, 0.614198, -1.7084
86.7, 0.614198, -1.7084
86.725, 0.614198, -1.7084
86.75, 0.614198, -1.7084
86.775, 0.614198, -1.7084
86.8, 0.614198, -1.7084
86.825, 0.615651, -1.70828
86.85, 0.615651, -1.70828
86.875, 0.615651, -1.70828
86.9, 0.617032, -1.70817
86.925, 0.618567, -1.70805
86.95, 0.618567, -1.70805
86.975, 0.620509, -1.70792
87, 0.622383, -1.70776
87.025, 0.623531, -1.70759
87.05, 0.623461, -1.70742
87.075, 0.622063, -1.70724
87.1, 0.622063, -1.70724
87.125, 0.620175, -1.70706
87.15, 0.617907, -1.70688
87.175, 0.617907, -1.70688
87.2, 0.616183, -1.70672
87.225, 0.61515, -1.70657
87.25, 0.61515, -1.70657
87.275, 0.614468, -1.70643
87.3, 0.614468, -1.70643
87.325, 0.613903, -1.7063
87.35, 0.613903, -1.7063
87.375, 0.614696, -1.70621
87.4, 0.616456, -1.70615
87.425, 0.616456, -1.70615
87.45, 0.616456, -1.70615
87.475, 0.618169, -1.70612
87.5, 0.618169, -1.70612
87.525, 0.61917, -1.70612
87.55, 0.61917, -1.70612
87.575, 0.61917, -1.70612
87.6, 0.620855, -1.7061
87.625, 0.621716, -1.7061
87.65, 0.621235, -1.70611
87.675, 0.619559, -1.70613
87.7, 0.619559, -1.70613
87.725, 0.619559, -1.70613
87.75, 0.617981, -1.70616
87.775, 0.617981, -1.70616
87.8, 0.617231, -1.70618
87.825, 0.617231, -1.70618
87.85, 0.617505, -1.70618
87.875, 0.617505, -1.70618
87.9, 0.617505, -1.70618
87.925, 0.617505, -1.70618
87.95, 0.617505, -1.70618
87.975, 0.617505, -1.70618
88, 0.61746, -1.70618
88.025, 0.61746, -1.70618
88.05, 0.61746, -1.70618
88.075, 0.61746, -1.70618
88.1, 0.61741, -1.70618
88.125, 0.61741, -1.70618
88.15, 0.617103, -1.70617
88.175, 0.617103, -1.70617
88.2, 0.615561, -1.70616
88.225, 0.615561, -1.70616
88.25, 0.613472, -1.70615
88.275, 0.613472, -1.70615
88.3, 0.611242, -1.70613
88.325, 0.60946, -1.70612
88.35, 0.60946, -1.70612
88.375, 0.608623, -1.70613
88.4, 0.608623, -1.70613
88.425, 0.608623, -1.70613
88.45, 0.608623, -1.70613
88.475, 0.60666, -1.70611
88.5, 0.604755, -1.7061
88.525, 0.604755, -1.7061
88.55, 0.603511, -1.70609
88.575, 0.603511, -1.70609
88.6, 0.603511, -1.70609
88.625, 0.603511, -1.70609
88.65, 0.603511, -1.70609
88.675, 0.602183, -1.70608
88.7, 0.602183, -1.70608
88.725, 0.601011, -1.70609
88.75, 0.599811, -1.70612
88.775, 0.599811, -1.70612
88.8, 0.599811, -1.70612
88.825, 0.598216, -1.70617
88.85, 0.598216, -1.70617
88.875, 0.598216, -1.70617
88.9, 0.596644, -1.70623
88.925, 0.596644, -1.70623
88.95, 0.595262, -1.70627
88.975, 0.595262, -1.70627
89, 0.595262, -1.70627
89.025, 0.594317, -1.70632
89.05, 0.594317, -1.70632
89.075, 0.594317, -1.70632
89.1, 0.594317, -1.70632
89.125, 0.594317, -1.70632
89.15, 0.593206, -1.70635
89.175, 0.593206, -1.70635
89.2, 0.593206, -1.70635
89.225, 0.592132, -1.70638
89.25, 0.591049, -1.70641
89.275, 0.591049, -1.70641
89.3, 0.591049, -1.70641
89.325, 0.589601, -1.70643
89.35, 0.587499, -1.70644
89.375, 0.587499, -1.70644
89.4, 0.585771, -1.70645
89.425, 0.585771, -1.70645
89.45, 0.585771, -1.70645
89.475, 0.585771, -1.70645
89.5, 0.585771, -1.70645
89.525, 0.585771, -1.70645
89.55, 0.585771, -1.70645
89.575, 0.584195, -1.70645
89.6, 0.584195, -1.70645
89.625, 0.58295, -1.70645
89.65, 0.58295, -1.70645
89.675, 0.58295, -1.70645
89.7, 0.58295, -1.70645
89.725, 0.58295, -1.70645
89.75, 0.58295, -1.70645
89.775, 0.58295, -1.70645
89.8, 0.58295, -1.70645
89.825, 0.582278, -1.70643
89.85, 0.582278, -1.70643
89.875, 0.582278, -1.70643
89.9, 0.582278, -1.70643
89.925, 0.582278, -1.70643
89.95, 0.582278, -1.70643
89.975, 0.582278, -1.70643
