0, 1, 2.31236
0.025, 1, 2.31236
0.05, 1, 2.31236
0.075, 1, 1.45272
0.1, 1, 1.45272
0.125, 1, 1.45272
0.15, 1, 2.4445
0.175, 1, 2.4445
0.2, 1, 2.4445
0.225, 1, -3.09655
0.25, 1, -3.09655
0.275, 1, -3.09655
0.3, 1, -0.438525
0.325, 1, -0.438525
0.35, 1, -0.438525
0.375, 1, -0.438525
0.4, 1, 0.0979124
0.425, 1, 0.315616
0.45, 1, 0.315616
0.475, 1, 0.315616
0.5, 1, 0.525017
0.525, 1, 0.525017
0.55, 1, 0.525017
0.575, 1, 0.740149
0.6, 1, 0.89969
0.625, 1, 0.89969
0.65, 1, 0.89969
0.675, 1, 1.09566
0.7, 1, 1.09566
0.725, 1, 1.09566
0.75, 1, 1.31773
0.775, 1, 1.31773
0.8, 1, 1.31773
0.825, 1, 1.31773
0.85, 1, 1.31773
0.875, 1, 1.6034
0.9, 1, 2.73276
0.925, 1, 2.73276
0.95, 1, 2.73276
0.975, 1, 2.73276
1, 1, 3.78133
1.025, 1, 3.71556
1.05, 1, 3.71556
1.075, 1, 3.71556
1.1, 1, 3.71556
1.125, 1, 3.71556
1.15, 1, 0.433739
1.175, 1, 0.433739
1.2, 1, 0.77088
1.225, 1, 0.77088
1.25, 1, 0.77088
1.275, 1, 0.283679
1.3, 1, 0.375024
1.325, 1, 0.419255
1.35, 1, 0.455875
1.375, 1, 0.455875
1.4, 1, 0.420541
1.425, 1, 0.420541
1.45, 1, 0.389605
1.475, 1, 0.37605
1.5, 1, 0.37605
1.525, 1, 0.307118
1.55, 1, 0.290066
1.575, 1, 0.290066
1.6, 1, 0.290066
1.625, 1, 0.290066
1.65, 1, 0.260077
1.675, 1, 0.277181
1.7, 1, 0.287055
1.725, 1, 0.287055
1.75, 1, 0.287055
1.775, 1, 0.287055
1.8, 1, 0.29054
1.825, 1, 0.294414
1.85, 1, 0.294414
1.875, 1, 0.290973
1.9, 1, 0.290973
1.925, 1, 0.290973
1.95, 1, 0.290973
1.975, 1, 0.290973
2, 1, 0.295297
2.025, 1, 0.295297
2.05, 1, 0.295297
2.075, 1, 0.299347
2.1, 1, 0.299347
2.125, 1, 0.302904
2.15, 1, 0.30591
2.175, 1, 0.30591
2.2, 1, 0.307728
2.225, 1, 0.307728
2.25, 1, 0.30925
2.275, 1, 0.310783
2.3, 1, 0.310783
2.325, 1, 0.312351
2.35, 1, 0.312351
2.375, 1, 0.310441
2.4, 1, 0.310441
2.425, 1, 0.310441
2.45, 1, 0.310441
2.475, 1, 0.310441
2.5, 1, 0.310441
2.525, 1, 0.31106
2.55, 1, 0.297587
2.575, 1, 0.297587
2.6, 1, 0.297587
2.625, 1, 0.297587
2.65, 1, 0.297587
2.675, 1, 0.297587
2.7, 1, 0.297587
2.725, 1, 0.297587
2.75, 1, 0.29153
2.775, 1, 0.258342
2.8, 1, 0.218553
2.825, 1, 0.188703
2.85, 1, 0.169893
2.875, 1, 0.169893
2.9, 1, 0.169893
2.925, 1, 0.169893
2.95, 1, 0.168139
2.975, 1, 0.171582
3, 1, 0.171582
3.025, 1, 0.171433
3.05, 1, 0.171433
3.075, 1, 0.171048
3.1, 1, 0.171048
3.125, 1, 0.171048
3.15, 1, 0.171048
3.175, 1, 0.161573
3.2, 1, 0.161573
3.225, 1, 0.161573
3.25, 1, 0.161573
3.275, 1, 0.154267
3.3, 1, 0.150347
3.325, 1, 0.150347
3.35, 1, 0.137263
3.375, 1, 0.137263
3.4, 1, 0.130286
3.425, 1, 0.127892
3.45, 1, 0.126445
3.475, 1, 0.126445
3.5, 1, 0.126445
3.525, 1, 0.126445
3.55, 1, 0.126445
3.575, 1, 0.120198
3.6, 1, 0.120198
3.625, 1, 0.120198
3.65, 1, 0.120198
3.675, 1, 0.120198
3.7, 1, 0.120198
3.725, 1, 0.120198
3.75, 1, 0.120198
3.775, 1, 0.120198
3.8, 1, 0.120198
3.825, 1, 0.120198
3.85, 1, 0.124742
3.875, 1, 0.132013
3.9, 1, 0.138029
3.925, 1, 0.138029
3.95, 1, 0.138029
3.975, 1, 0.138029
4, 1, 0.138029
4.025, 1, 0.138029
4.05, 1, 0.138258
4.075, 1, 0.141958
4.1, 1, 0.141958
4.125, 1, 0.141958
4.15, 1, 0.143444
4.175, 1, 0.148731
4.2, 1, 0.148731
4.225, 1, 0.148731
4.25, 1, 0.148731
4.275, 1, 0.148731
4.3, 1, 0.148731
4.325, 1, 0.148731
4.35, 1, 0.148731
4.375, 1, 0.148731
4.4, 1, 0.148731
4.425, 1, 0.148731
4.45, 1, 0.148731
4.475, 1, 0.148731
4.5, 1, 0.148731
4.525, 1, 0.148731
4.55, 1, 0.148731
4.575, 1, 0.148731
4.6, 1, 0.1551
4.625, 1, 0.1551
4.65, 1, 0.1551
4.675, 1, 0.1551
4.7, 1, 0.1551
4.725, 1, 0.1551
4.75, 1, 0.1551
4.775, 1, 0.1551
4.8, 1, 0.153951
4.825, 1, 0.152639
4.85, 1, 0.152639
4.875, 1, 0.152639
4.9, 1, 0.150426
4.925, 1, 0.149897
4.95, 1, 0.149897
4.975, 1, 0.15081
5, 1, 0.15081
5.025, 1, 0.15081
5.05, 1, 0.150815
5.075, 1, 0.150815
5.1, 1, 0.150371
5.125, 1, 0.150371
5.15, 1, 0.150371
5.175, 1, 0.150371
5.2, 1, 0.150371
5.225, 1, 0.149005
5.25, 1, 0.149005
5.275, 1, 0.149005
5.3, 1, 0.149005
5.325, 1, 0.149005
5.35, 1, 0.150456
5.375, 1, 0.150514
5.4, 1, 0.150514
5.425, 1, 0.150514
5.45, 1, 0.150514
5.475, 1, 0.147155
5.5, 1, 0.147155
5.525, 1, 0.147155
5.55, 1, 0.144262
5.575, 1, 0.144262
5.6, 1, 0.138428
5.625, 1, 0.134714
5.65, 1, 0.134714
5.675, 1, 0.134714
5.7, 1, 0.134714
5.725, 1, 0.135643
5.75, 1, 0.135643
5.775, 1, 0.13714
5.8, 1, 0.13714
5.825, 1, 0.135013
5.85, 1, 0.135013
5.875, 1, 0.135013
5.9, 1, 0.135013
5.925, 1, 0.135013
5.95, 1, 0.135013
5.975, 1, 0.135013
6, 1, 0.135013
6.025, 1, 0.135161
6.05, 1, 0.135161
6.075, 1, 0.135161
6.1, 1, 0.135161
6.125, 1, 0.135161
6.15, 1, 0.135161
6.175, 1, 0.134833
6.2, 1, 0.134833
6.225, 1, 0.134833
6.25, 1, 0.134833
6.275, 1, 0.134833
6.3, 1, 0.134833
6.325, 1, 0.134833
6.35, 1, 0.129462
6.375, 1, 0.129462
6.4, 1, 0.129462
6.425, 1, 0.129462
6.45, 1, 0.12894
6.475, 1, 0.12894
6.5, 1, 0.12894
6.525, 1, 0.128825
6.55, 1, 0.128825
6.575, 1, 0.128825
6.6, 1, 0.128825
6.625, 1, 0.126061
6.65, 1, 0.126061
6.675, 1, 0.126061
6.7, 1, 0.126061
6.725, 1, 0.124129
6.75, 1, 0.119572
6.775, 1, 0.119572
6.8, 1, 0.119572
6.825, 1, 0.119572
6.85, 1, 0.119572
6.875, 1, 0.119572
6.9, 1, 0.119572
6.925, 1, 0.119572
6.95, 1, 0.119572
6.975, 1, 0.117904
7, 1, 0.114532
7.025, 1, 0.111676
7.05, 1, 0.109547
7.075, 1, 0.109935
7.1, 1, 0.11171
7.125, 1, 0.112817
7.15, 1, 0.112817
7.175, 1, 0.112642
7.2, 1, 0.112776
7.225, 1, 0.113346
7.25, 1, 0.113346
7.275, 1, 0.113346
7.3, 1, 0.113633
7.325, 1, 0.114985
7.35, 1, 0.116166
7.375, 1, 0.116166
7.4, 1, 0.116523
7.425, 1, 0.117397
7.45, 1, 0.117397
7.475, 1, 0.116297
7.5, 1, 0.114489
7.525, 1, 0.111053
7.55, 1, 0.111053
7.575, 1, 0.108143
7.6, 1, 0.108143
7.625, 1, 0.108143
7.65, 1, 0.108143
7.675, 1, 0.108143
7.7, 1, 0.106907
7.725, 1, 0.102518
7.75, 1, 0.102518
7.775, 1, 0.0997964
7.8, 1, 0.0997964
7.825, 1, 0.0997964
7.85, 1, 0.0997964
7.875, 1, 0.0997964
7.9, 1, 0.0997964
7.925, 1, 0.100861
7.95, 1, 0.100861
7.975, 1, 0.100861
8, 1, 0.105093
8.025, 1, 0.105093
8.05, 1, 0.105093
8.075, 1, 0.105523
8.1, 1, 0.105523
8.125, 1, 0.106411
8.15, 1, 0.107952
8.175, 1, 0.11209
8.2, 1, 0.117902
8.225, 1, 0.117902
8.25, 1, 0.117902
8.275, 1, 0.118207
8.3, 1, 0.118207
8.325, 1, 0.118207
8.35, 1, 0.118207
8.375, 1, 0.118207
8.4, 1, 0.118207
8.425, 1, 0.118164
8.45, 1, 0.118164
8.475, 1, 0.118164
8.5, 1, 0.118164
8.525, 1, 0.115482
8.55, 1, 0.115482
8.575, 1, 0.114245
8.6, 1, 0.114245
8.625, 1, 0.114245
8.65, 1, 0.112633
8.675, 1, 0.112633
8.7, 1, 0.112633
8.725, 1, 0.111225
8.75, 1, 0.111225
8.775, 1, 0.111225
8.8, 1, 0.111372
8.825, 1, 0.111372
8.85, 1, 0.111372
8.875, 1, 0.111372
8.9, 1, 0.110302
8.925, 1, 0.109338
8.95, 1, 0.107558
8.975, 1, 0.105566
9, 1, 0.105566
9.025, 1, 0.105566
9.05, 1, 0.105245
9.075, 1, 0.105245
9.1, 1, 0.103708
9.125, 1, 0.102148
9.15, 1, 0.101291
9.175, 1, 0.101291
9.2, 1, 0.101291
9.225, 1, 0.101773
9.25, 1, 0.101773
9.275, 1, 0.102572
9.3, 1, 0.102572
9.325, 1, 0.102554
9.35, 1, 0.102554
9.375, 1, 0.10204
9.4, 1, 0.10204
9.425, 1, 0.100887
9.45, 1, 0.100887
9.475, 1, 0.101153
9.5, 1, 0.101153
9.525, 1, 0.101639
9.55, 1, 0.102432
9.575, 1, 0.102432
9.6, 1, 0.102332
9.625, 1, 0.102396
9.65, 1, 0.102321
9.675, 1, 0.102321
9.7, 1, 0.102321
9.725, 1, 0.102321
9.75, 1, 0.102321
9.775, 1, 0.102645
9.8, 1, 0.0991664
9.825, 1, 0.0991664
9.85, 1, 0.0991664
9.875, 1, 0.0986184
9.9, 1, 0.0975845
9.925, 1, 0.0977346
9.95, 1, 0.0977346
9.975, 1, 0.0977346
10, 1, 0.0977346
10.025, 1, 0.0977346
10.05, 1, 0.0977346
10.075, 1, 0.0977346
10.1, 1, 0.0977346
10.125, 1, 0.0976417
10.15, 1, 0.0989656
10.175, 1, 0.0989656
10.2, 1, 0.0994468
10.225, 1, 0.0994468
10.25, 1, 0.0994468
10.275, 1, 0.0994468
10.3, 1, 0.0994468
10.325, 1, 0.0994468
10.35, 1, 0.0994695
10.375, 1, 0.0994695
10.4, 1, 0.0994695
10.425, 1, 0.0994695
10.45, 1, 0.0994133
10.475, 1, 0.101317
10.5, 1, 0.101317
10.525, 1, 0.101317
10.55, 1, 0.101279
10.575, 1, 0.101279
10.6, 1, 0.100738
10.625, 1, 0.100738
10.65, 1, 0.100738
10.675, 1, 0.100738
10.7, 1, 0.100738
10.725, 1, 0.101872
10.75, 1, 0.101872
10.775, 1, 0.101872
10.8, 1, 0.101872
10.825, 1, 0.101872
10.85, 1, 0.101872
10.875, 1, 0.099373
10.9, 1, 0.099373
10.925, 1, 0.0963273
10.95, 1, 0.0940159
10.975, 1, 0.0940159
11, 1, 0.0907867
11.025, 1, 0.0874906
11.05, 1, 0.0874906
11.075, 1, 0.0864062
11.1, 1, 0.0864062
11.125, 1, 0.0865858
11.15, 1, 0.0865858
11.175, 1, 0.0844599
11.2, 1, 0.0840442
11.225, 1, 0.0840442
11.25, 1, 0.0840442
11.275, 1, 0.0847289
11.3, 1, 0.0872048
11.325, 1, 0.0872048
11.35, 1, 0.0872048
11.375, 1, 0.0870926
11.4, 1, 0.0887362
11.425, 1, 0.0900516
11.45, 1, 0.0900516
11.475, 1, 0.0903858
11.5, 1, 0.0913603
11.525, 1, 0.0913603
11.55, 1, 0.0913603
11.575, 1, 0.0913603
11.6, 1, 0.0911311
11.625, 1, 0.0916626
11.65, 1, 0.0916626
11.675, 1, 0.0916626
11.7, 1, 0.0916626
11.725, 1, 0.0916626
11.75, 1, 0.0916626
11.775, 1, 0.094485
11.8, 1, 0.0913956
11.825, 1, 0.0913956
11.85, 1, 0.087751
11.875, 1, 0.087751
11.9, 1, 0.087751
11.925, 1, 0.0884365
11.95, 1, 0.0884365
11.975, 1, 0.0884365
12, 1, 0.0884365
12.025, 1, 0.0884365
12.05, 1, 0.0884365
12.075, 1, 0.0884365
12.1, 1, 0.0860713
12.125, 1, 0.0860713
12.15, 1, 0.0844502
12.175, 1, 0.083839
12.2, 1, 0.083839
12.225, 1, 0.083839
12.25, 1, 0.083839
12.275, 1, 0.083839
12.3, 1, 0.083839
12.325, 1, 0.0833873
12.35, 1, 0.0862523
12.375, 1, 0.0862523
12.4, 1, 0.0862523
12.425, 1, 0.0862523
12.45, 1, 0.0862523
12.475, 1, 0.0862523
12.5, 1, 0.0862523
12.525, 1, 0.0862523
12.55, 1, 0.0877275
12.575, 1, 0.0906544
12.6, 1, 0.0931984
12.625, 1, 0.0931984
12.65, 1, 0.0939096
12.675, 1, 0.095188
12.7, 1, 0.095188
12.725, 1, 0.0943663
12.75, 1, 0.0945924
12.775, 1, 0.0945924
12.8, 1, 0.0946071
12.825, 1, 0.0946071
12.85, 1, 0.0941433
12.875, 1, 0.0941433
12.9, 1, 0.0927648
12.925, 1, 0.0927648
12.95, 1, 0.0923757
12.975, 1, 0.0921589
13, 1, 0.0921589
13.025, 1, 0.0928952
13.05, 1, 0.0928952
13.075, 1, 0.0909648
13.1, 1, 0.0909648
13.125, 1, 0.0909648
13.15, 1, 0.0871347
13.175, 1, 0.0844456
13.2, 1, 0.0844456
13.225, 1, 0.0844456
13.25, 1, 0.0858945
13.275, 1, 0.0880474
13.3, 1, 0.0882342
13.325, 1, 0.086492
13.35, 1, 0.086492
13.375, 1, 0.0848167
13.4, 1, 0.0829862
13.425, 1, 0.0829862
13.45, 1, 0.0829862
13.475, 1, 0.0829862
13.5, 1, 0.0829862
13.525, 1, 0.0835682
13.55, 1, 0.0835682
13.575, 1, 0.0843407
13.6, 1, 0.0857127
13.625, 1, 0.0857127
13.65, 1, 0.0857127
13.675, 1, 0.0857127
13.7, 1, 0.085891
13.725, 1, 0.085891
13.75, 1, 0.085891
13.775, 1, 0.085891
13.8, 1, 0.085891
13.825, 1, 0.0860249
13.85, 1, 0.0860249
13.875, 1, 0.0860249
13.9, 1, 0.0836907
13.925, 1, 0.0815015
13.95, 1, 0.0793043
13.975, 1, 0.0793043
14, 1, 0.0793043
14.025, 1, 0.0793043
14.05, 1, 0.0793043
14.075, 1, 0.0793043
14.1, 1, 0.0806238
14.125, 1, 0.0779854
14.15, 1, 0.0779854
14.175, 1, 0.0766731
14.2, 1, 0.0757609
14.225, 1, 0.0748068
14.25, 1, 0.0750466
14.275, 1, 0.0764302
14.3, 1, 0.0764302
14.325, 1, 0.0784711
14.35, 1, 0.0784711
14.375, 1, 0.0783438
14.4, 1, 0.0782232
14.425, 1, 0.0769754
14.45, 1, 0.0763668
14.475, 1, 0.0763668
14.5, 1, 0.0763668
14.525, 1, 0.0763668
14.55, 1, 0.0763668
14.575, 1, 0.0763668
14.6, 1, 0.0763668
14.625, 1, 0.080733
14.65, 1, 0.0822143
14.675, 1, 0.0822143
14.7, 1, 0.0827358
14.725, 1, 0.0827358
14.75, 1, 0.0827358
14.775, 1, 0.0827358
14.8, 1, 0.0820579
14.825, 1, 0.0820579
14.85, 1, 0.0820579
14.875, 1, 0.0820579
14.9, 1, 0.081843
14.925, 1, 0.0813619
14.95, 1, 0.0813619
14.975, 1, 0.0813619
15, 1, 0.0813619
15.025, 1, 0.0813619
15.05, 1, 0.0813619
15.075, 1, 0.0813619
15.1, 1, 0.0813619
15.125, 1, 0.0813619
15.15, 1, 0.0813619
15.175, 1, 0.0813619
15.2, 1, 0.0805664
15.225, 1, 0.0805664
15.25, 1, 0.0805664
15.275, 1, 0.0805664
15.3, 1, 0.0805664
15.325, 1, 0.0806246
15.35, 1, 0.0806246
15.375, 1, 0.0804299
15.4, 1, 0.0804299
15.425, 1, 0.0804299
15.45, 1, 0.0791498
15.475, 1, 0.0791498
15.5, 1, 0.0798408
15.525, 1, 0.0798408
15.55, 1, 0.0798408
15.575, 1, 0.0798408
15.6, 1, 0.0798408
15.625, 1, 0.0798408
15.65, 1, 0.0806089
15.675, 1, 0.0805571
15.7, 1, 0.0805056
15.725, 1, 0.0803761
15.75, 1, 0.0810555
15.775, 1, 0.0810555
15.8, 1, 0.0821156
15.825, 1, 0.0821156
15.85, 1, 0.0823396
15.875, 1, 0.0823396
15.9, 1, 0.0819699
15.925, 1, 0.0819699
15.95, 1, 0.0819699
15.975, 1, 0.0819699
16, 1, 0.0819699
16.025, 1, 0.0819699
16.05, 1, 0.0819699
16.075, 1, 0.0819699
16.1, 1, 0.0819699
16.125, 1, 0.0819699
16.15, 1, 0.0800657
16.175, 1, 0.0772118
16.2, 1, 0.0765493
16.225, 1, 0.0765493
16.25, 1, 0.0765493
16.275, 1, 0.0765493
16.3, 1, 0.0751915
16.325, 1, 0.0742777
16.35, 1, 0.0742777
16.375, 1, 0.0742777
16.4, 1, 0.0742777
16.425, 1, 0.0742777
16.45, 1, 0.0737288
16.475, 1, 0.0737288
16.5, 1, 0.0737288
16.525, 1, 0.0737288
16.55, 1, 0.0737288
16.575, 1, 0.0737288
16.6, 1, 0.0737288
16.625, 1, 0.0737834
16.65, 1, 0.0764549
16.675, 1, 0.0764549
16.7, 1, 0.0764549
16.725, 1, 0.0767215
16.75, 1, 0.0767215
16.775, 1, 0.0778589
16.8, 1, 0.0800331
16.825, 1, 0.0800331
16.85, 1, 0.0800331
16.875, 1, 0.0800331
16.9, 1, 0.0800331
16.925, 1, 0.0819793
16.95, 1, 0.0819793
16.975, 1, 0.0819336
17, 1, 0.0819238
17.025, 1, 0.0818565
17.05, 1, 0.0818565
17.075, 1, 0.079126
17.1, 1, 0.0762714
17.125, 1, 0.0762714
17.15, 1, 0.0744441
17.175, 1, 0.0744441
17.2, 1, 0.0744441
17.225, 1, 0.0755354
17.25, 1, 0.0755354
17.275, 1, 0.0754818
17.3, 1, 0.0755179
17.325, 1, 0.0755179
17.35, 1, 0.0742252
17.375, 1, 0.0731119
17.4, 1, 0.0720768
17.425, 1, 0.0720768
17.45, 1, 0.0720768
17.475, 1, 0.0720768
17.5, 1, 0.0727119
17.525, 1, 0.0727119
17.55, 1, 0.0744415
17.575, 1, 0.0744415
17.6, 1, 0.0744415
17.625, 1, 0.0744415
17.65, 1, 0.0744415
17.675, 1, 0.0744415
17.7, 1, 0.0744415
17.725, 1, 0.076752
17.75, 1, 0.076752
17.775, 1, 0.0772527
17.8, 1, 0.0782387
17.825, 1, 0.0782387
17.85, 1, 0.0782653
17.875, 1, 0.0785318
17.9, 1, 0.0785318
17.925, 1, 0.0786807
17.95, 1, 0.0786807
17.975, 1, 0.0786807
18, 1, 0.0784636
18.025, 1, 0.0784636
18.05, 1, 0.0783952
18.075, 1, 0.0783952
18.1, 1, 0.0783952
18.125, 1, 0.0782125
18.15, 1, 0.0782125
18.175, 1, 0.0773573
18.2, 1, 0.0773573
18.225, 1, 0.0773573
18.25, 1, 0.0773573
18.275, 1, 0.0773573
18.3, 1, 0.0773573
18.325, 1, 0.0773573
18.35, 1, 0.0773573
18.375, 1, 0.0773573
18.4, 1, 0.0736716
18.425, 1, 0.0703922
18.45, 1, 0.070021
18.475, 1, 0.0721505
18.5, 1, 0.0721505
18.525, 1, 0.0749046
18.55, 1, 0.0749046
18.575, 1, 0.0749046
18.6, 1, 0.0751798
18.625, 1, 0.0751798
18.65, 1, 0.0754556
18.675, 1, 0.0764526
18.7, 1, 0.0764526
18.725, 1, 0.0781025
18.75, 1, 0.0781025
18.775, 1, 0.0781025
18.8, 1, 0.0782985
18.825, 1, 0.0782985
18.85, 1, 0.0792187
18.875, 1, 0.0808181
18.9, 1, 0.0808181
18.925, 1, 0.0808181
18.95, 1, 0.0808181
18.975, 1, 0.0808181
19, 1, 0.0808181
19.025, 1, 0.0830226
19.05, 1, 0.0834203
19.075, 1, 0.0834203
19.1, 1, 0.0834203
19.125, 1, 0.0834203
19.15, 1, 0.0804821
19.175, 1, 0.0804821
19.2, 1, 0.078439
19.225, 1, 0.077812
19.25, 1, 0.077812
19.275, 1, 0.0776128
19.3, 1, 0.0774627
19.325, 1, 0.077468
19.35, 1, 0.077468
19.375, 1, 0.077468
19.4, 1, 0.077468
19.425, 1, 0.077468
19.45, 1, 0.0769482
19.475, 1, 0.0781364
19.5, 1, 0.0795914
19.525, 1, 0.081055
19.55, 1, 0.081055
19.575, 1, 0.0818565
19.6, 1, 0.0824603
19.625, 1, 0.0820094
19.65, 1, 0.0820094
19.675, 1, 0.0820094
19.7, 1, 0.0804678
19.725, 1, 0.0790824
19.75, 1, 0.0790824
19.775, 1, 0.0790824
19.8, 1, 0.0790824
19.825, 1, 0.0790824
19.85, 1, 0.0790824
19.875, 1, 0.0790824
19.9, 1, 0.0790824
19.925, 1, 0.0790824
19.95, 1, 0.0829312
19.975, 1, 0.0825152
20, 1, 0.0825152
20, 1, 0.0790596
20.025, 1, 0.0790596
20.05, 1, 0.0791994
20.075, 1, 0.0791994
20.1, 1, 0.0793653
20.125, 1, 0.0793653
20.15, 1, 0.0795173
20.175, 1, 0.0795173
20.2, 1, 0.0796723
20.225, 1, 0.0796723
20.25, 1, 0.0797854
20.275, 1, 0.0797854
20.3, 1, 0.0799105
20.325, 1, 0.0799105
20.35, 1, 0.0799105
20.375, 1, 0.0800449
20.4, 1, 0.0800449
20.425, 1, 0.0800449
20.45, 1, 0.0800449
20.475, 1, 0.0800449
20.5, 1, 0.0801911
20.525, 1, 0.0804438
20.55, 1, 0.0807783
20.575, 1, 0.0807783
20.6, 1, 0.0811078
20.625, 1, 0.0811078
20.65, 1, 0.0811078
20.675, 1, 0.0811078
20.7, 1, 0.0814268
20.725, 1, 0.0814268
20.75, 1, 0.0814268
20.775, 1, 0.0817354
20.8, 1, 0.0817354
20.825, 1, 0.0820464
20.85, 1, 0.0820464
20.875, 1, 0.082381
20.9, 1, 0.0828003
20.925, 1, 0.0828003
20.95, 1, 0.0828003
20.975, 1, 0.0828003
21, 1, 0.0828003
21.025, 1, 0.0832936
21.05, 1, 0.0832936
21.075, 1, 0.083769
21.1, 1, 0.0842292
21.125, 1, 0.0842292
21.15, 1, 0.0842292
21.175, 1, 0.0846653
21.2, 1, 0.0846653
21.225, 1, 0.0846653
21.25, 1, 0.0846653
21.275, 1, 0.085062
21.3, 1, 0.085062
21.325, 1, 0.0854459
21.35, 1, 0.0854459
21.375, 1, 0.0858167
21.4, 1, 0.0858167
21.425, 1, 0.0858167
21.45, 1, 0.0858167
21.475, 1, 0.0858167
21.5, 1, 0.0861709
21.525, 1, 0.0865076
21.55, 1, 0.0865076
21.575, 1, 0.0865076
21.6, 1, 0.086822
21.625, 1, 0.086822
21.65, 1, 0.0871162
21.675, 1, 0.0871162
21.7, 1, 0.0871162
21.725, 1, 0.087392
21.75, 1, 0.0876506
21.775, 1, 0.0876506
21.8, 1, 0.0878922
21.825, 1, 0.0878922
21.85, 1, 0.0878922
21.875, 1, 0.0878922
21.9, 1, 0.0878922
21.925, 1, 0.0878922
21.95, 1, 0.0878922
21.975, 1, 0.088149
22, 1, 0.088149
22.025, 1, 0.088149
22.05, 1, 0.088149
22.075, 1, 0.0883606
22.1, 1, 0.0885257
22.125, 1, 0.0885257
22.15, 1, 0.0886368
22.175, 1, 0.0886368
22.2, 1, 0.0886368
22.225, 1, 0.0887816
22.25, 1, 0.0887816
22.275, 1, 0.0887816
22.3, 1, 0.0887816
22.325, 1, 0.0887816
22.35, 1, 0.0889071
22.375, 1, 0.0890069
22.4, 1, 0.0890069
22.425, 1, 0.0890069
22.45, 1, 0.0890069
22.475, 1, 0.0891265
22.5, 1, 0.0891265
22.525, 1, 0.0891265
22.55, 1, 0.0891265
22.575, 1, 0.0892405
22.6, 1, 0.0893462
22.625, 1, 0.0894415
22.65, 1, 0.0894415
22.675, 1, 0.0894415
22.7, 1, 0.0895496
22.725, 1, 0.0895496
22.75, 1, 0.0895496
22.775, 1, 0.0895496
22.8, 1, 0.0896564
22.825, 1, 0.0896564
22.85, 1, 0.0897659
22.875, 1, 0.0898834
22.9, 1, 0.0900161
22.925, 1, 0.0900161
22.95, 1, 0.0900161
22.975, 1, 0.0900161
23, 1, 0.0901412
23.025, 1, 0.0901412
23.05, 1, 0.0901412
23.075, 1, 0.0902817
23.1, 1, 0.0902817
23.125, 1, 0.0904204
23.15, 1, 0.0904204
23.175, 1, 0.0905552
23.2, 1, 0.0905552
23.225, 1, 0.0905552
23.25, 1, 0.090597
23.275, 1, 0.090597
23.3, 1, 0.0891409
23.325, 1, 0.0891409
23.35, 1, 0.0891409
23.375, 1, 0.0891409
23.4, 1, 0.0891409
23.425, 1, 0.0891409
23.45, 1, 0.0891409
23.475, 1, 0.0891409
23.5, 1, 0.0891409
23.525, 1, 0.0891409
23.55, 1, 0.0896592
23.575, 1, 0.0904006
23.6, 1, 0.0904006
23.625, 1, 0.0904006
23.65, 1, 0.0904006
23.675, 1, 0.0904006
23.7, 1, 0.0904006
23.725, 1, 0.0911874
23.75, 1, 0.0911874
23.775, 1, 0.0911874
23.8, 1, 0.0911874
23.825, 1, 0.0911874
23.85, 1, 0.0911874
23.875, 1, 0.0919314
23.9, 1, 0.0919314
23.925, 1, 0.0919314
23.95, 1, 0.0926062
23.975, 1, 0.0926062
24, 1, 0.0926062
24.025, 1, 0.0926062
24.05, 1, 0.093214
24.075, 1, 0.093214
24.1, 1, 0.093214
24.125, 1, 0.093214
24.15, 1, 0.093214
24.175, 1, 0.093214
24.2, 1, 0.093214
24.225, 1, 0.0937584
24.25, 1, 0.0937584
24.275, 1, 0.0937584
24.3, 1, 0.0937584
24.325, 1, 0.0937584
24.35, 1, 0.0937584
24.375, 1, 0.0937584
24.4, 1, 0.0937584
24.425, 1, 0.0937584
24.45, 1, 0.0937584
24.475, 1, 0.0937584
24.5, 1, 0.0937584
24.525, 1, 0.0937584
24.55, 1, 0.0937584
24.575, 1, 0.0937584
24.6, 1, 0.0941979
24.625, 1, 0.0941979
24.65, 1, 0.0946555
24.675, 1, 0.0946555
24.7, 1, 0.0946555
24.725, 1, 0.0946555
24.75, 1, 0.0946555
24.775, 1, 0.0950848
24.8, 1, 0.0950848
24.825, 1, 0.0950848
24.85, 1, 0.0950848
24.875, 1, 0.095495
24.9, 1, 0.0959043
24.925, 1, 0.096313
24.95, 1, 0.0967203
24.975, 1, 0.0967203
25, 1, 0.0971144
25.025, 1, 0.0971144
25.05, 1, 0.0971144
25.075, 1, 0.0971144
25.1, 1, 0.0971144
25.125, 1, 0.0974981
25.15, 1, 0.0974981
25.175, 1, 0.0978614
25.2, 1, 0.0978614
25.225, 1, 0.0981979
25.25, 1, 0.0981979
25.275, 1, 0.0981979
25.3, 1, 0.0985199
25.325, 1, 0.0985199
25.35, 1, 0.0985199
25.375, 1, 0.0985199
25.4, 1, 0.0988514
25.425, 1, 0.0988514
25.45, 1, 0.0988514
25.475, 1, 0.0988514
25.5, 1, 0.0988514
25.525, 1, 0.0988514
25.55, 1, 0.0988514
25.575, 1, 0.0988514
25.6, 1, 0.0990671
25.625, 1, 0.0990671
25.65, 1, 0.0990671
25.675, 1, 0.0991792
25.7, 1, 0.0991792
25.725, 1, 0.0991792
25.75, 1, 0.0991792
25.775, 1, 0.0989896
25.8, 1, 0.0984988
25.825, 1, 0.0984988
25.85, 1, 0.0984988
25.875, 1, 0.0984988
25.9, 1, 0.0984988
25.925, 1, 0.0984988
25.95, 1, 0.0984988
25.975, 1, 0.0984988
26, 1, 0.0984988
26.025, 1, 0.098191
26.05, 1, 0.098191
26.075, 1, 0.098191
26.1, 1, 0.098191
26.125, 1, 0.098191
26.15, 1, 0.098191
26.175, 1, 0.098191
26.2, 1, 0.098191
26.225, 1, 0.098191
26.25, 1, 0.0979124
26.275, 1, 0.0979124
26.3, 1, 0.0979124
26.325, 1, 0.0979124
26.35, 1, 0.0976435
26.375, 1, 0.0973855
26.4, 1, 0.0973855
26.425, 1, 0.0973855
26.45, 1, 0.0973855
26.475, 1, 0.0971352
26.5, 1, 0.0971352
26.525, 1, 0.0968848
26.55, 1, 0.0968848
26.575, 1, 0.0968848
26.6, 1, 0.0968848
26.625, 1, 0.0966346
26.65, 1, 0.0963796
26.675, 1, 0.0963796
26.7, 1, 0.0963796
26.725, 1, 0.0961293
26.75, 1, 0.0961293
26.775, 1, 0.0961293
26.8, 1, 0.0961293
26.825, 1, 0.0961293
26.85, 1, 0.0961293
26.875, 1, 0.0961293
26.9, 1, 0.0961293
26.925, 1, 0.0961293
26.95, 1, 0.0958775
26.975, 1, 0.0958775
27, 1, 0.0956334
27.025, 1, 0.0956334
27.05, 1, 0.0953932
27.075, 1, 0.0951532
27.1, 1, 0.0951532
27.125, 1, 0.094912
27.15, 1, 0.094912
27.175, 1, 0.094912
27.2, 1, 0.094912
27.225, 1, 0.094912
27.25, 1, 0.094667
27.275, 1, 0.094667
27.3, 1, 0.0944082
27.325, 1, 0.0941502
27.35, 1, 0.0941502
27.375, 1, 0.0941502
27.4, 1, 0.0939331
27.425, 1, 0.0937328
27.45, 1, 0.0935398
27.475, 1, 0.0933532
27.5, 1, 0.0931722
27.525, 1, 0.0931722
27.55, 1, 0.0931722
27.575, 1, 0.0931722
27.6, 1, 0.0930028
27.625, 1, 0.0930028
27.65, 1, 0.0930028
27.675, 1, 0.0930028
27.7, 1, 0.0928346
27.725, 1, 0.0926691
27.75, 1, 0.0925089
27.775, 1, 0.0923547
27.8, 1, 0.0922059
27.825, 1, 0.0922059
27.85, 1, 0.0922059
27.875, 1, 0.0922059
27.9, 1, 0.0920638
27.925, 1, 0.0920638
27.95, 1, 0.0919256
27.975, 1, 0.0919256
28, 1, 0.0917851
28.025, 1, 0.091639
28.05, 1, 0.091639
28.075, 1, 0.091639
28.1, 1, 0.0914886
28.125, 1, 0.0913276
28.15, 1, 0.0913276
28.175, 1, 0.0913276
28.2, 1, 0.0913276
28.225, 1, 0.0913276
28.25, 1, 0.0913276
28.275, 1, 0.0913276
28.3, 1, 0.0913276
28.325, 1, 0.0913276
28.35, 1, 0.0913276
28.375, 1, 0.0911545
28.4, 1, 0.090953
28.425, 1, 0.090953
28.45, 1, 0.0907496
28.475, 1, 0.0905535
28.5, 1, 0.0905535
28.525, 1, 0.0903799
28.55, 1, 0.0902467
28.575, 1, 0.0902467
28.6, 1, 0.0902467
28.625, 1, 0.0902467
28.65, 1, 0.0902467
28.675, 1, 0.0902467
28.7, 1, 0.0902467
28.725, 1, 0.0902467
28.75, 1, 0.0902467
28.775, 1, 0.0901737
28.8, 1, 0.0901737
28.825, 1, 0.090135
28.85, 1, 0.090135
28.875, 1, 0.0901033
28.9, 1, 0.0901033
28.925, 1, 0.0900716
28.95, 1, 0.0900446
28.975, 1, 0.0900446
29, 1, 0.0900157
29.025, 1, 0.0900075
29.05, 1, 0.0900075
29.075, 1, 0.0900075
29.1, 1, 0.0900075
29.125, 1, 0.0900075
29.15, 1, 0.0900075
29.175, 1, 0.0900064
29.2, 1, 0.0900083
29.225, 1, 0.0900085
29.25, 1, 0.0900085
29.275, 1, 0.0900085
29.3, 1, 0.0900057
29.325, 1, 0.0899955
29.35, 1, 0.0899695
29.375, 1, 0.0899695
29.4, 1, 0.0899695
29.425, 1, 0.0899695
29.45, 1, 0.0899695
29.475, 1, 0.0899695
29.5, 1, 0.0899695
29.525, 1, 0.0899695
29.55, 1, 0.0899695
29.575, 1, 0.0899681
29.6, 1, 0.0899681
29.625, 1, 0.0899681
29.65, 1, 0.0899681
29.675, 1, 0.0899681
29.7, 1, 0.0899681
29.725, 1, 0.0899681
29.75, 1, 0.0899732
29.775, 1, 0.0899732
29.8, 1, 0.0899732
29.825, 1, 0.089943
29.85, 1, 0.089943
29.875, 1, 0.0899025
29.9, 1, 0.0899025
29.925, 1, 0.0899025
29.95, 1, 0.0899025
29.975, 1, 0.0899025
30, 1, 0.0899025
30, 1, 0.0898455
30.025, 1, 0.0897416
30.05, 1, 0.0896117
30.075, 1, 0.089434
30.1, 1, 0.089434
30.125, 1, 0.089434
30.15, 1, 0.089434
30.175, 1, 0.089434
30.2, 1, 0.089434
30.225, 1, 0.089434
30.25, 1, 0.089434
30.275, 1, 0.0889836
30.3, 1, 0.0889836
30.325, 1, 0.0889836
30.35, 1, 0.0889836
30.375, 1, 0.0885944
30.4, 1, 0.0886281
30.425, 1, 0.0886281
30.45, 1, 0.0886281
30.475, 1, 0.0886221
30.5, 1, 0.0886221
30.525, 1, 0.0886221
30.55, 1, 0.0886221
30.575, 1, 0.0886041
30.6, 1, 0.0886041
30.625, 1, 0.0886041
30.65, 1, 0.0887141
30.675, 1, 0.0887141
30.7, 1, 0.0890247
30.725, 1, 0.0896621
30.75, 1, 0.0896621
30.775, 1, 0.0896621
30.8, 1, 0.0896621
30.825, 1, 0.0902562
30.85, 1, 0.0910202
30.875, 1, 0.0910202
30.9, 1, 0.0910202
30.925, 1, 0.0910202
30.95, 1, 0.0910202
30.975, 1, 0.0917646
31, 1, 0.0926882
31.025, 1, 0.0926882
31.05, 1, 0.0936166
31.075, 1, 0.094581
31.1, 1, 0.0955364
31.125, 1, 0.0964794
31.15, 1, 0.0974057
31.175, 1, 0.0974057
31.2, 1, 0.0974057
31.225, 1, 0.0982784
31.25, 1, 0.099186
31.275, 1, 0.100078
31.3, 1, 0.100943
31.325, 1, 0.100943
31.35, 1, 0.101794
31.375, 1, 0.101794
31.4, 1, 0.102618
31.425, 1, 0.102618
31.45, 1, 0.102618
31.475, 1, 0.103398
31.5, 1, 0.104133
31.525, 1, 0.104792
31.55, 1, 0.104792
31.575, 1, 0.105372
31.6, 1, 0.105372
31.625, 1, 0.105372
31.65, 1, 0.105372
31.675, 1, 0.105996
31.7, 1, 0.106592
31.725, 1, 0.106592
31.75, 1, 0.10712
31.775, 1, 0.10712
31.8, 1, 0.10712
31.825, 1, 0.10712
31.85, 1, 0.10712
31.875, 1, 0.10712
31.9, 1, 0.107722
31.925, 1, 0.107722
31.95, 1, 0.107722
31.975, 1, 0.107722
32, 1, 0.107722
32.025, 1, 0.107722
32.05, 1, 0.107722
32.075, 1, 0.108331
32.1, 1, 0.108331
32.125, 1, 0.108849
32.15, 1, 0.108849
32.175, 1, 0.109304
32.2, 1, 0.109304
32.225, 1, 0.109728
32.25, 1, 0.109728
32.275, 1, 0.110167
32.3, 1, 0.110167
32.325, 1, 0.110167
32.35, 1, 0.110167
32.375, 1, 0.110167
32.4, 1, 0.110405
32.425, 1, 0.110469
32.45, 1, 0.110403
32.475, 1, 0.110403
32.5, 1, 0.110513
32.525, 1, 0.110513
32.55, 1, 0.110513
32.575, 1, 0.110513
32.6, 1, 0.110513
32.625, 1, 0.110513
32.65, 1, 0.110513
32.675, 1, 0.110622
32.7, 1, 0.110622
32.725, 1, 0.110622
32.75, 1, 0.110622
32.775, 1, 0.110829
32.8, 1, 0.110829
32.825, 1, 0.111041
32.85, 1, 0.111277
32.875, 1, 0.111277
32.9, 1, 0.111277
32.925, 1, 0.111507
32.95, 1, 0.111507
32.975, 1, 0.111745
33, 1, 0.111745
33.025, 1, 0.111745
33.05, 1, 0.111745
33.075, 1, 0.111745
33.1, 1, 0.111745
33.125, 1, 0.111982
33.15, 1, 0.111982
33.175, 1, 0.111982
33.2, 1, 0.112221
33.225, 1, 0.112466
33.25, 1, 0.112712
33.275, 1, 0.112712
33.3, 1, 0.112712
33.325, 1, 0.112947
33.35, 1, 0.112947
33.375, 1, 0.112947
33.4, 1, 0.112947
33.425, 1, 0.113194
33.45, 1, 0.113194
33.475, 1, 0.113427
33.5, 1, 0.113654
33.525, 1, 0.113654
33.55, 1, 0.113654
33.575, 1, 0.113654
33.6, 1, 0.113654
33.625, 1, 0.113654
33.65, 1, 0.113654
33.675, 1, 0.113654
33.7, 1, 0.113963
33.725, 1, 0.114254
33.75, 1, 0.114528
33.775, 1, 0.114528
33.8, 1, 0.114791
33.825, 1, 0.114791
33.85, 1, 0.114791
33.875, 1, 0.114791
33.9, 1, 0.115085
33.925, 1, 0.115085
33.95, 1, 0.115388
33.975, 1, 0.115388
34, 1, 0.115683
34.025, 1, 0.115683
34.05, 1, 0.115683
34.075, 1, 0.115683
34.1, 1, 0.115943
34.125, 1, 0.116153
34.15, 1, 0.116153
34.175, 1, 0.116153
34.2, 1, 0.116153
34.225, 1, 0.116153
34.25, 1, 0.116153
34.275, 1, 0.116153
34.3, 1, 0.116153
34.325, 1, 0.116153
34.35, 1, 0.116746
34.375, 1, 0.116746
34.4, 1, 0.116746
34.425, 1, 0.117345
34.45, 1, 0.117852
34.475, 1, 0.118298
34.5, 1, 0.118298
34.525, 1, 0.118298
34.55, 1, 0.118298
34.575, 1, 0.118726
34.6, 1, 0.11917
34.625, 1, 0.119625
34.65, 1, 0.119625
34.675, 1, 0.119625
34.7, 1, 0.119625
34.725, 1, 0.120036
34.75, 1, 0.120433
34.775, 1, 0.120433
34.8, 1, 0.120433
34.825, 1, 0.120433
34.85, 1, 0.120433
34.875, 1, 0.120829
34.9, 1, 0.120829
34.925, 1, 0.121225
34.95, 1, 0.121225
34.975, 1, 0.121225
35, 1, 0.121225
35.025, 1, 0.121225
35.05, 1, 0.121225
35.075, 1, 0.121225
35.1, 1, 0.12159
35.125, 1, 0.12159
35.15, 1, 0.12159
35.175, 1, 0.121869
35.2, 1, 0.121869
35.225, 1, 0.121869
35.25, 1, 0.122152
35.275, 1, 0.122152
35.3, 1, 0.122425
35.325, 1, 0.122425
35.35, 1, 0.122683
35.375, 1, 0.122924
35.4, 1, 0.123145
35.425, 1, 0.123343
35.45, 1, 0.123343
35.475, 1, 0.123513
35.5, 1, 0.123657
35.525, 1, 0.123657
35.55, 1, 0.123775
35.575, 1, 0.123861
35.6, 1, 0.123916
35.625, 1, 0.123916
35.65, 1, 0.123941
35.675, 1, 0.123933
35.7, 1, 0.123933
35.725, 1, 0.123936
35.75, 1, 0.123936
35.775, 1, 0.123932
35.8, 1, 0.123932
35.825, 1, 0.123932
35.85, 1, 0.123932
35.875, 1, 0.123932
35.9, 1, 0.123932
35.925, 1, 0.123932
35.95, 1, 0.123932
35.975, 1, 0.123932
36, 1, 0.123926
36.025, 1, 0.123918
36.05, 1, 0.123918
36.075, 1, 0.123918
36.1, 1, 0.123925
36.125, 1, 0.123925
36.15, 1, 0.123925
36.175, 1, 0.123923
36.2, 1, 0.123923
36.225, 1, 0.123922
36.25, 1, 0.123911
36.275, 1, 0.123866
36.3, 1, 0.123866
36.325, 1, 0.123866
36.35, 1, 0.123866
36.375, 1, 0.123866
36.4, 1, 0.123866
36.425, 1, 0.123866
36.45, 1, 0.123844
36.475, 1, 0.123844
36.5, 1, 0.123844
36.525, 1, 0.123844
36.55, 1, 0.123832
36.575, 1, 0.123796
36.6, 1, 0.123796
36.625, 1, 0.123778
36.65, 1, 0.123778
36.675, 1, 0.123778
36.7, 1, 0.123752
36.725, 1, 0.123752
36.75, 1, 0.123726
36.775, 1, 0.123726
36.8, 1, 0.1237
36.825, 1, 0.123673
36.85, 1, 0.123645
36.875, 1, 0.123645
36.9, 1, 0.123619
36.925, 1, 0.123619
36.95, 1, 0.123596
36.975, 1, 0.123596
37, 1, 0.123572
37.025, 1, 0.123572
37.05, 1, 0.123572
37.075, 1, 0.123572
37.1, 1, 0.123572
37.125, 1, 0.12355
37.15, 1, 0.12355
37.175, 1, 0.12355
37.2, 1, 0.12355
37.225, 1, 0.123526
37.25, 1, 0.123526
37.275, 1, 0.123526
37.3, 1, 0.123526
37.325, 1, 0.123526
37.35, 1, 0.123526
37.375, 1, 0.123512
37.4, 1, 0.123512
37.425, 1, 0.123512
37.45, 1, 0.123504
37.475, 1, 0.123502
37.5, 1, 0.123493
37.525, 1, 0.123493
37.55, 1, 0.123468
37.575, 1, 0.123368
37.6, 1, 0.123205
37.625, 1, 0.123205
37.65, 1, 0.123205
37.675, 1, 0.123205
37.7, 1, 0.123205
37.725, 1, 0.123205
37.75, 1, 0.123093
37.775, 1, 0.123093
37.8, 1, 0.122912
37.825, 1, 0.122912
37.85, 1, 0.122573
37.875, 1, 0.122573
37.9, 1, 0.122573
37.925, 1, 0.122302
37.95, 1, 0.122035
37.975, 1, 0.122035
38, 1, 0.122035
38.025, 1, 0.12174
38.05, 1, 0.121353
38.075, 1, 0.121353
38.1, 1, 0.1207
38.125, 1, 0.119897
38.15, 1, 0.118948
38.175, 1, 0.117866
38.2, 1, 0.116672
38.225, 1, 0.116672
38.25, 1, 0.116672
38.275, 1, 0.11548
38.3, 1, 0.114321
38.325, 1, 0.113251
38.35, 1, 0.113251
38.375, 1, 0.113251
38.4, 1, 0.113251
38.425, 1, 0.113251
38.45, 1, 0.113251
38.475, 1, 0.112193
38.5, 1, 0.112193
38.525, 1, 0.112193
38.55, 1, 0.112193
38.575, 1, 0.111165
38.6, 1, 0.110199
38.625, 1, 0.110199
38.65, 1, 0.109266
38.675, 1, 0.109266
38.7, 1, 0.109266
38.725, 1, 0.109266
38.75, 1, 0.109266
38.775, 1, 0.109266
38.8, 1, 0.109266
38.825, 1, 0.109266
38.85, 1, 0.108424
38.875, 1, 0.107697
38.9, 1, 0.107032
38.925, 1, 0.107032
38.95, 1, 0.107032
38.975, 1, 0.106322
39, 1, 0.105555
39.025, 1, 0.105555
39.05, 1, 0.105555
39.075, 1, 0.104935
39.1, 1, 0.104389
39.125, 1, 0.1039
39.15, 1, 0.1039
39.175, 1, 0.1039
39.2, 1, 0.1039
39.225, 1, 0.103465
39.25, 1, 0.103465
39.275, 1, 0.103042
39.3, 1, 0.10264
39.325, 1, 0.10264
39.35, 1, 0.10264
39.375, 1, 0.10264
39.4, 1, 0.10264
39.425, 1, 0.10264
39.45, 1, 0.10264
39.475, 1, 0.10264
39.5, 1, 0.102281
39.525, 1, 0.10191
39.55, 1, 0.10191
39.575, 1, 0.101542
39.6, 1, 0.101177
39.625, 1, 0.100815
39.65, 1, 0.100815
39.675, 1, 0.100815
39.7, 1, 0.100815
39.725, 1, 0.100815
39.75, 1, 0.100463
39.775, 1, 0.100463
39.8, 1, 0.100463
39.825, 1, 0.100463
39.85, 1, 0.100126
39.875, 1, 0.100126
39.9, 1, 0.100126
39.925, 1, 0.100126
39.95, 1, 0.100126
39.975, 1, 0.100126
40, 1, 0.100126
40, 1, 0.0997413
40.025, 1, 0.0991672
40.05, 1, 0.0991672
40.075, 1, 0.0985212
40.1, 1, 0.0979655
40.125, 1, 0.0973112
40.15, 1, 0.0973112
40.175, 1, 0.0973112
40.2, 1, 0.0973112
40.225, 1, 0.0957673
40.25, 1, 0.0957673
40.275, 1, 0.0957673
40.3, 1, 0.0942298
40.325, 1, 0.0942298
40.35, 1, 0.0927556
40.375, 1, 0.0915187
40.4, 1, 0.090573
40.425, 1, 0.0897314
40.45, 1, 0.0889252
40.475, 1, 0.0889252
40.5, 1, 0.0889252
40.525, 1, 0.0880688
40.55, 1, 0.0880688
40.575, 1, 0.0880688
40.6, 1, 0.0880688
40.625, 1, 0.0880688
40.65, 1, 0.0880688
40.675, 1, 0.0880688
40.7, 1, 0.0872765
40.725, 1, 0.086803
40.75, 1, 0.0865572
40.775, 1, 0.0865572
40.8, 1, 0.0865572
40.825, 1, 0.0865572
40.85, 1, 0.0865572
40.875, 1, 0.0863262
40.9, 1, 0.086301
40.925, 1, 0.086301
40.95, 1, 0.086301
40.975, 1, 0.086301
41, 1, 0.0862727
41.025, 1, 0.0862727
41.05, 1, 0.0862727
41.075, 1, 0.0862508
41.1, 1, 0.0863279
41.125, 1, 0.0863279
41.15, 1, 0.0864333
41.175, 1, 0.0864333
41.2, 1, 0.0865671
41.225, 1, 0.0867785
41.25, 1, 0.0867785
41.275, 1, 0.0867785
41.3, 1, 0.0867785
41.325, 1, 0.0869751
41.35, 1, 0.0869751
41.375, 1, 0.0871653
41.4, 1, 0.0871653
41.425, 1, 0.0873511
41.45, 1, 0.0873511
41.475, 1, 0.0873511
41.5, 1, 0.0873511
41.525, 1, 0.0874207
41.55, 1, 0.0874207
41.575, 1, 0.0874207
41.6, 1, 0.0874387
41.625, 1, 0.0874387
41.65, 1, 0.0874387
41.675, 1, 0.0874605
41.7, 1, 0.0874605
41.725, 1, 0.0874605
41.75, 1, 0.0874167
41.775, 1, 0.0874167
41.8, 1, 0.0874167
41.825, 1, 0.0874167
41.85, 1, 0.0872124
41.875, 1, 0.0867743
41.9, 1, 0.0867743
41.925, 1, 0.0867743
41.95, 1, 0.0867134
41.975, 1, 0.086673
42, 1, 0.0866198
42.025, 1, 0.0866198
42.05, 1, 0.0865691
42.075, 1, 0.0865222
42.1, 1, 0.0864853
42.125, 1, 0.0864525
42.15, 1, 0.0864205
42.175, 1, 0.0864205
42.2, 1, 0.0864205
42.225, 1, 0.0864205
42.25, 1, 0.0863914
42.275, 1, 0.0863645
42.3, 1, 0.0863645
42.325, 1, 0.0863645
42.35, 1, 0.0863645
42.375, 1, 0.0863429
42.4, 1, 0.0863288
42.425, 1, 0.0863288
42.45, 1, 0.0863241
42.475, 1, 0.0863285
42.5, 1, 0.0863285
42.525, 1, 0.0863458
42.55, 1, 0.0863814
42.575, 1, 0.0864236
42.6, 1, 0.0864652
42.625, 1, 0.0865053
42.65, 1, 0.0865346
42.675, 1, 0.0865431
42.7, 1, 0.0865363
42.725, 1, 0.0865242
42.75, 1, 0.0865178
42.775, 1, 0.0865165
42.8, 1, 0.0865165
42.825, 1, 0.0864604
42.85, 1, 0.0864604
42.875, 1, 0.0863754
42.9, 1, 0.0863754
42.925, 1, 0.0863754
42.95, 1, 0.0863754
42.975, 1, 0.0863754
43, 1, 0.0863754
43.025, 1, 0.08624
43.05, 1, 0.08624
43.075, 1, 0.08624
43.1, 1, 0.08624
43.125, 1, 0.0859634
43.15, 1, 0.0859634
43.175, 1, 0.0855839
43.2, 1, 0.0855839
43.225, 1, 0.0851531
43.25, 1, 0.0851531
43.275, 1, 0.0851531
43.3, 1, 0.084713
43.325, 1, 0.0843057
43.35, 1, 0.0839433
43.375, 1, 0.083622
43.4, 1, 0.0833378
43.425, 1, 0.0830843
43.45, 1, 0.0830843
43.475, 1, 0.0830843
43.5, 1, 0.0830843
43.525, 1, 0.0830843
43.55, 1, 0.0830843
43.575, 1, 0.0828407
43.6, 1, 0.0828407
43.625, 1, 0.0828407
43.65, 1, 0.0828407
43.675, 1, 0.0828407
43.7, 1, 0.0826178
43.725, 1, 0.0824006
43.75, 1, 0.0821832
43.775, 1, 0.0821832
43.8, 1, 0.0821832
43.825, 1, 0.0821832
43.85, 1, 0.0819694
43.875, 1, 0.081761
43.9, 1, 0.0815583
43.925, 1, 0.0813543
43.95, 1, 0.0813543
43.975, 1, 0.0811352
44, 1, 0.0811352
44.025, 1, 0.0811352
44.05, 1, 0.0811352
44.075, 1, 0.0809552
44.1, 1, 0.0807913
44.125, 1, 0.0806419
44.15, 1, 0.0806419
44.175, 1, 0.0806419
44.2, 1, 0.0804982
44.225, 1, 0.0803456
44.25, 1, 0.0803456
44.275, 1, 0.0803456
44.3, 1, 0.0803456
44.325, 1, 0.0803456
44.35, 1, 0.0803456
44.375, 1, 0.0803456
44.4, 1, 0.0803456
44.425, 1, 0.0790038
44.45, 1, 0.0790038
44.475, 1, 0.0790038
44.5, 1, 0.0790038
44.525, 1, 0.0790038
44.55, 1, 0.0790038
44.575, 1, 0.0790038
44.6, 1, 0.0790038
44.625, 1, 0.0790038
44.65, 1, 0.0790038
44.675, 1, 0.0790038
44.7, 1, 0.079694
44.725, 1, 0.079694
44.75, 1, 0.079694
44.775, 1, 0.079694
44.8, 1, 0.0803955
44.825, 1, 0.0803955
44.85, 1, 0.0803955
44.875, 1, 0.0811569
44.9, 1, 0.0811569
44.925, 1, 0.0819922
44.95, 1, 0.0819922
44.975, 1, 0.0819922
45, 1, 0.0819922
45.025, 1, 0.0819922
45.05, 1, 0.0828072
45.075, 1, 0.0828072
45.1, 1, 0.0828072
45.125, 1, 0.0835584
45.15, 1, 0.0842041
45.175, 1, 0.0847689
45.2, 1, 0.0847689
45.225, 1, 0.085297
45.25, 1, 0.085297
45.275, 1, 0.085297
45.3, 1, 0.085297
45.325, 1, 0.0857691
45.35, 1, 0.0861089
45.375, 1, 0.0861089
45.4, 1, 0.0862831
45.425, 1, 0.0862959
45.45, 1, 0.0861607
45.475, 1, 0.0861607
45.5, 1, 0.0861607
45.525, 1, 0.086131
45.55, 1, 0.086131
45.575, 1, 0.086131
45.6, 1, 0.086131
45.625, 1, 0.086131
45.65, 1, 0.0859434
45.675, 1, 0.0859434
45.7, 1, 0.0859434
45.725, 1, 0.0859434
45.75, 1, 0.0859434
45.775, 1, 0.0859434
45.8, 1, 0.085884
45.825, 1, 0.085884
45.85, 1, 0.085884
45.875, 1, 0.0858239
45.9, 1, 0.0858239
45.925, 1, 0.0858239
45.95, 1, 0.0858239
45.975, 1, 0.0858239
46, 1, 0.0858239
46.025, 1, 0.085757
46.05, 1, 0.085757
46.075, 1, 0.0857352
46.1, 1, 0.0857352
46.125, 1, 0.0857352
46.15, 1, 0.0857352
46.175, 1, 0.0857352
46.2, 1, 0.0857352
46.225, 1, 0.0857352
46.25, 1, 0.0857352
46.275, 1, 0.085711
46.3, 1, 0.085711
46.325, 1, 0.0856985
46.35, 1, 0.0856985
46.375, 1, 0.0856985
46.4, 1, 0.0856624
46.425, 1, 0.08558
46.45, 1, 0.08558
46.475, 1, 0.0854582
46.5, 1, 0.0853078
46.525, 1, 0.0851394
46.55, 1, 0.0849741
46.575, 1, 0.0849741
46.6, 1, 0.0848035
46.625, 1, 0.0845727
46.65, 1, 0.0845727
46.675, 1, 0.0845727
46.7, 1, 0.0845727
46.725, 1, 0.0842943
46.75, 1, 0.0842943
46.775, 1, 0.0840491
46.8, 1, 0.0840491
46.825, 1, 0.0840491
46.85, 1, 0.083897
46.875, 1, 0.0837655
46.9, 1, 0.0837655
46.925, 1, 0.0837655
46.95, 1, 0.0835195
46.975, 1, 0.0831964
47, 1, 0.0828292
47.025, 1, 0.0828292
47.05, 1, 0.0828292
47.075, 1, 0.0825184
47.1, 1, 0.0822711
47.125, 1, 0.0820504
47.15, 1, 0.0818362
47.175, 1, 0.0816303
47.2, 1, 0.0814229
47.225, 1, 0.0812148
47.25, 1, 0.0812148
47.275, 1, 0.0812148
47.3, 1, 0.0810165
47.325, 1, 0.0810165
47.35, 1, 0.0810165
47.375, 1, 0.080825
47.4, 1, 0.080825
47.425, 1, 0.080825
47.45, 1, 0.080825
47.475, 1, 0.080825
47.5, 1, 0.0806449
47.525, 1, 0.0804706
47.55, 1, 0.0803017
47.575, 1, 0.0801366
47.6, 1, 0.0799738
47.625, 1, 0.0798146
47.65, 1, 0.0798146
47.675, 1, 0.0798146
47.7, 1, 0.0798146
47.725, 1, 0.0798146
47.75, 1, 0.0798146
47.775, 1, 0.0796925
47.8, 1, 0.0796925
47.825, 1, 0.0796063
47.85, 1, 0.0795656
47.875, 1, 0.0795493
47.9, 1, 0.0795493
47.925, 1, 0.0795174
47.95, 1, 0.0794498
47.975, 1, 0.0793359
48, 1, 0.0791569
48.025, 1, 0.0791569
48.05, 1, 0.0791569
48.075, 1, 0.0790589
48.1, 1, 0.0790003
48.125, 1, 0.0789465
48.15, 1, 0.0789465
48.175, 1, 0.0789465
48.2, 1, 0.0789465
48.225, 1, 0.0788954
48.25, 1, 0.0788954
48.275, 1, 0.0788443
48.3, 1, 0.0788443
48.325, 1, 0.0788443
48.35, 1, 0.0788443
48.375, 1, 0.0787861
48.4, 1, 0.0787144
48.425, 1, 0.0786342
48.45, 1, 0.0785515
48.475, 1, 0.0785515
48.5, 1, 0.0785515
48.525, 1, 0.0784717
48.55, 1, 0.0784717
48.575, 1, 0.0784717
48.6, 1, 0.0783853
48.625, 1, 0.078289
48.65, 1, 0.078289
48.675, 1, 0.078289
48.7, 1, 0.0781683
48.725, 1, 0.0781683
48.75, 1, 0.0781683
48.775, 1, 0.0779953
48.8, 1, 0.0779953
48.825, 1, 0.0779953
48.85, 1, 0.0779953
48.875, 1, 0.0777659
48.9, 1, 0.0774983
48.925, 1, 0.0774983
48.95, 1, 0.0774983
48.975, 1, 0.0772027
49, 1, 0.0768858
49.025, 1, 0.0765766
49.05, 1, 0.0765766
49.075, 1, 0.0765766
49.1, 1, 0.0765766
49.125, 1, 0.0762996
49.15, 1, 0.0762996
49.175, 1, 0.0760357
49.2, 1, 0.0757774
49.225, 1, 0.0757774
49.25, 1, 0.0757774
49.275, 1, 0.0757774
49.3, 1, 0.0755138
49.325, 1, 0.0755138
49.35, 1, 0.0755138
49.375, 1, 0.0752424
49.4, 1, 0.0749132
49.425, 1, 0.0749132
49.45, 1, 0.0749132
49.475, 1, 0.0749132
49.5, 1, 0.0747024
49.525, 1, 0.0745358
49.55, 1, 0.0745358
49.575, 1, 0.0745358
49.6, 1, 0.0745358
49.625, 1, 0.0743812
49.65, 1, 0.0743812
49.675, 1, 0.0743812
49.7, 1, 0.0741406
49.725, 1, 0.0741406
49.75, 1, 0.0741406
49.775, 1, 0.0741406
49.8, 1, 0.0740219
49.825, 1, 0.0738961
49.85, 1, 0.0734356
49.875, 1, 0.0728073
49.9, 1, 0.0721515
49.925, 1, 0.0714084
49.95, 1, 0.0714084
49.975, 1, 0.0714084
50, 1, 0.0714084
50, 1, 0.0707591
50.025, 1, 0.0701417
50.05, 1, 0.0695364
50.075, 1, 0.0695364
50.1, 1, 0.0688178
50.125, 1, 0.0688178
50.15, 1, 0.0688178
50.175, 1, 0.0688178
50.2, 1, 0.0677371
50.225, 1, 0.0677371
50.25, 1, 0.0677371
50.275, 1, 0.0677371
50.3, 1, 0.0677371
50.325, 1, 0.0677371
50.35, 1, 0.0669234
50.375, 1, 0.0661911
50.4, 1, 0.065573
50.425, 1, 0.0650734
50.45, 1, 0.0645069
50.475, 1, 0.0638169
50.5, 1, 0.0638169
50.525, 1, 0.0638169
50.55, 1, 0.0629994
50.575, 1, 0.0629994
50.6, 1, 0.0623279
50.625, 1, 0.0623279
50.65, 1, 0.0618215
50.675, 1, 0.0618215
50.7, 1, 0.0613201
50.725, 1, 0.0613201
50.75, 1, 0.0607287
50.775, 1, 0.0607287
50.8, 1, 0.0607287
50.825, 1, 0.0600243
50.85, 1, 0.0594266
50.875, 1, 0.0594266
50.9, 1, 0.0589054
50.925, 1, 0.0589054
50.95, 1, 0.0589054
50.975, 1, 0.0589054
51, 1, 0.0589054
51.025, 1, 0.058478
51.05, 1, 0.058112
51.075, 1, 0.0577988
51.1, 1, 0.0575616
51.125, 1, 0.0575616
51.15, 1, 0.0575616
51.175, 1, 0.0573349
51.2, 1, 0.0571837
51.225, 1, 0.0571837
51.25, 1, 0.0571837
51.275, 1, 0.0571837
51.3, 1, 0.0571837
51.325, 1, 0.0571837
51.35, 1, 0.0571024
51.375, 1, 0.0571024
51.4, 1, 0.0570446
51.425, 1, 0.0570446
51.45, 1, 0.0570446
51.475, 1, 0.0570446
51.5, 1, 0.0569992
51.525, 1, 0.0569992
51.55, 1, 0.0569766
51.575, 1, 0.0569766
51.6, 1, 0.0569613
51.625, 1, 0.0569613
51.65, 1, 0.0569405
51.675, 1, 0.0569405
51.7, 1, 0.0569405
51.725, 1, 0.0569202
51.75, 1, 0.0569196
51.775, 1, 0.0569267
51.8, 1, 0.0569267
51.825, 1, 0.0569267
51.85, 1, 0.0569267
51.875, 1, 0.0569267
51.9, 1, 0.0569267
51.925, 1, 0.0569267
51.95, 1, 0.0571275
51.975, 1, 0.0573163
52, 1, 0.0573163
52.025, 1, 0.0573163
52.05, 1, 0.0574683
52.075, 1, 0.0574683
52.1, 1, 0.0574683
52.125, 1, 0.0575657
52.15, 1, 0.0575657
52.175, 1, 0.0576916
52.2, 1, 0.0578283
52.225, 1, 0.0578283
52.25, 1, 0.0579618
52.275, 1, 0.0580921
52.3, 1, 0.0580921
52.325, 1, 0.0580921
52.35, 1, 0.0580921
52.375, 1, 0.0580921
52.4, 1, 0.058346
52.425, 1, 0.058346
52.45, 1, 0.0585042
52.475, 1, 0.0585042
52.5, 1, 0.0585042
52.525, 1, 0.0585042
52.55, 1, 0.0585042
52.575, 1, 0.0586748
52.6, 1, 0.0588423
52.625, 1, 0.0588423
52.65, 1, 0.0588423
52.675, 1, 0.0590043
52.7, 1, 0.0590043
52.725, 1, 0.0591703
52.75, 1, 0.0591703
52.775, 1, 0.0593277
52.8, 1, 0.0593277
52.825, 1, 0.0593277
52.85, 1, 0.0593277
52.875, 1, 0.0593277
52.9, 1, 0.0593277
52.925, 1, 0.0594645
52.95, 1, 0.0595951
52.975, 1, 0.0595951
53, 1, 0.0595951
53.025, 1, 0.0597329
53.05, 1, 0.0598508
53.075, 1, 0.0598508
53.1, 1, 0.0598508
53.125, 1, 0.0598508
53.15, 1, 0.0598508
53.175, 1, 0.0598508
53.2, 1, 0.0598508
53.225, 1, 0.0600141
53.25, 1, 0.0600141
53.275, 1, 0.0600141
53.3, 1, 0.0600848
53.325, 1, 0.0600848
53.35, 1, 0.0601887
53.375, 1, 0.0601887
53.4, 1, 0.0602769
53.425, 1, 0.0603143
53.45, 1, 0.0603143
53.475, 1, 0.0602872
53.5, 1, 0.0602872
53.525, 1, 0.0602872
53.55, 1, 0.0602872
53.575, 1, 0.060313
53.6, 1, 0.060313
53.625, 1, 0.0602899
53.65, 1, 0.0602899
53.675, 1, 0.0602899
53.7, 1, 0.0602284
53.725, 1, 0.0601065
53.75, 1, 0.0601065
53.775, 1, 0.0601065
53.8, 1, 0.0599281
53.825, 1, 0.0597077
53.85, 1, 0.0597077
53.875, 1, 0.0597077
53.9, 1, 0.0597077
53.925, 1, 0.0595184
53.95, 1, 0.0593381
53.975, 1, 0.0591782
54, 1, 0.0591782
54.025, 1, 0.0591782
54.05, 1, 0.0591782
54.075, 1, 0.0591782
54.1, 1, 0.0589945
54.125, 1, 0.0588012
54.15, 1, 0.0588012
54.175, 1, 0.0588012
54.2, 1, 0.0588012
54.225, 1, 0.0588012
54.25, 1, 0.0588012
54.275, 1, 0.0588012
54.3, 1, 0.0586103
54.325, 1, 0.0586103
54.35, 1, 0.0586103
54.375, 1, 0.0583934
54.4, 1, 0.0583934
54.425, 1, 0.0583934
54.45, 1, 0.0582422
54.475, 1, 0.0581644
54.5, 1, 0.0581646
54.525, 1, 0.0581646
54.55, 1, 0.0581564
54.575, 1, 0.0581564
54.6, 1, 0.0581564
54.625, 1, 0.0581564
54.65, 1, 0.0581564
54.675, 1, 0.0581564
54.7, 1, 0.05818
54.725, 1, 0.0582625
54.75, 1, 0.0583662
54.775, 1, 0.0583662
54.8, 1, 0.0583662
54.825, 1, 0.0583662
54.85, 1, 0.0585079
54.875, 1, 0.0585079
54.9, 1, 0.0585079
54.925, 1, 0.0585079
54.95, 1, 0.0585079
54.975, 1, 0.0586488
55, 1, 0.0586488
55.025, 1, 0.0586488
55.05, 1, 0.0587786
55.075, 1, 0.0587786
55.1, 1, 0.058904
55.125, 1, 0.0590228
55.15, 1, 0.0590228
55.175, 1, 0.0591271
55.2, 1, 0.0592138
55.225, 1, 0.0592138
55.25, 1, 0.0592948
55.275, 1, 0.0592948
55.3, 1, 0.0592948
55.325, 1, 0.0593854
55.35, 1, 0.0594852
55.375, 1, 0.0595888
55.4, 1, 0.0596752
55.425, 1, 0.0596752
55.45, 1, 0.0596752
55.475, 1, 0.0593218
55.5, 1, 0.0593218
55.525, 1, 0.0585535
55.55, 1, 0.0576726
55.575, 1, 0.0576726
55.6, 1, 0.0569815
55.625, 1, 0.056299
55.65, 1, 0.056299
55.675, 1, 0.056299
55.7, 1, 0.0556092
55.725, 1, 0.0556092
55.75, 1, 0.0548352
55.775, 1, 0.0548352
55.8, 1, 0.0540171
55.825, 1, 0.0540171
55.85, 1, 0.0540171
55.875, 1, 0.0540171
55.9, 1, 0.0533674
55.925, 1, 0.0533674
55.95, 1, 0.0533674
55.975, 1, 0.0533674
56, 1, 0.0528425
56.025, 1, 0.0528425
56.05, 1, 0.0528425
56.075, 1, 0.0528425
56.1, 1, 0.0528425
56.125, 1, 0.0528425
56.15, 1, 0.0528425
56.175, 1, 0.0522954
56.2, 1, 0.0522954
56.225, 1, 0.0522954
56.25, 1, 0.0518027
56.275, 1, 0.0518027
56.3, 1, 0.0518027
56.325, 1, 0.0518027
56.35, 1, 0.0518027
56.375, 1, 0.0513402
56.4, 1, 0.0513402
56.425, 1, 0.0513402
56.45, 1, 0.0508919
56.475, 1, 0.0504638
56.5, 1, 0.0504638
56.525, 1, 0.0504638
56.55, 1, 0.0504638
56.575, 1, 0.0504638
56.6, 1, 0.0504638
56.625, 1, 0.0500542
56.65, 1, 0.0496575
56.675, 1, 0.0496575
56.7, 1, 0.0496575
56.725, 1, 0.0492628
56.75, 1, 0.0492628
56.775, 1, 0.0489041
56.8, 1, 0.0489041
56.825, 1, 0.0485585
56.85, 1, 0.0485585
56.875, 1, 0.0485585
56.9, 1, 0.0485585
56.925, 1, 0.0485585
56.95, 1, 0.0485585
56.975, 1, 0.0485585
57, 1, 0.0484007
57.025, 1, 0.0484007
57.05, 1, 0.0484007
57.075, 1, 0.0484007
57.1, 1, 0.0484007
57.125, 1, 0.0482463
57.15, 1, 0.0482463
57.175, 1, 0.0480547
57.2, 1, 0.0480547
57.225, 1, 0.0478089
57.25, 1, 0.0475102
57.275, 1, 0.0475102
57.3, 1, 0.0473006
57.325, 1, 0.0473006
57.35, 1, 0.047107
57.375, 1, 0.0469323
57.4, 1, 0.0467628
57.425, 1, 0.0465977
57.45, 1, 0.0465977
57.475, 1, 0.0465977
57.5, 1, 0.0465977
57.525, 1, 0.046441
57.55, 1, 0.0462867
57.575, 1, 0.0462867
57.6, 1, 0.0462867
57.625, 1, 0.0462867
57.65, 1, 0.0462867
57.675, 1, 0.0462867
57.7, 1, 0.0462867
57.725, 1, 0.0461405
57.75, 1, 0.0461405
57.775, 1, 0.0459923
57.8, 1, 0.0458387
57.825, 1, 0.045673
57.85, 1, 0.045673
57.875, 1, 0.0454826
57.9, 1, 0.0454826
57.925, 1, 0.0454826
57.95, 1, 0.0454826
57.975, 1, 0.0454826
58, 1, 0.0453046
58.025, 1, 0.0453046
58.05, 1, 0.0451126
58.075, 1, 0.0451126
58.1, 1, 0.0451126
58.125, 1, 0.0448543
58.15, 1, 0.0445362
58.175, 1, 0.0445362
58.2, 1, 0.0443127
58.225, 1, 0.0443127
58.25, 1, 0.0443127
58.275, 1, 0.0443127
58.3, 1, 0.0441
58.325, 1, 0.0441
58.35, 1, 0.0438789
58.375, 1, 0.0436121
58.4, 1, 0.0432826
58.425, 1, 0.0432826
58.45, 1, 0.0432826
58.475, 1, 0.0432826
58.5, 1, 0.0432826
58.525, 1, 0.0432826
58.55, 1, 0.0432826
58.575, 1, 0.0432826
58.6, 1, 0.0432826
58.625, 1, 0.0430641
58.65, 1, 0.042849
58.675, 1, 0.042849
58.7, 1, 0.042849
58.725, 1, 0.042849
58.75, 1, 0.042849
58.775, 1, 0.042849
58.8, 1, 0.042849
58.825, 1, 0.042849
58.85, 1, 0.042849
58.875, 1, 0.0426279
58.9, 1, 0.0423935
58.925, 1, 0.0421519
58.95, 1, 0.041913
58.975, 1, 0.041913
59, 1, 0.0416664
59.025, 1, 0.0416664
59.05, 1, 0.0414242
59.075, 1, 0.0411753
59.1, 1, 0.0411753
59.125, 1, 0.0411753
59.15, 1, 0.0409294
59.175, 1, 0.0409294
59.2, 1, 0.0409294
59.225, 1, 0.040699
59.25, 1, 0.0404902
59.275, 1, 0.0404902
59.3, 1, 0.0402661
59.325, 1, 0.0400284
59.35, 1, 0.0400284
59.375, 1, 0.0400284
59.4, 1, 0.0400284
59.425, 1, 0.0398453
59.45, 1, 0.0396884
59.475, 1, 0.0396884
59.5, 1, 0.0396884
59.525, 1, 0.0396884
59.55, 1, 0.0396884
59.575, 1, 0.0394606
59.6, 1, 0.0394606
59.625, 1, 0.0394606
59.65, 1, 0.0394606
59.675, 1, 0.0394805
59.7, 1, 0.0396515
59.725, 1, 0.0396515
59.75, 1, 0.0396515
59.775, 1, 0.0396515
59.8, 1, 0.0396515
59.825, 1, 0.0396515
59.85, 1, 0.0398042
59.875, 1, 0.0399841
59.9, 1, 0.0399841
59.925, 1, 0.0399841
59.95, 1, 0.040149
59.975, 1, 0.040149
60, 1, 0.0402336
60, 1, 0.0402336
60.025, 1, 0.0402336
60.05, 1, 0.0403051
60.075, 1, 0.0403989
60.1, 1, 0.0405148
60.125, 1, 0.0405148
60.15, 1, 0.0405148
60.175, 1, 0.0400135
60.2, 1, 0.0392432
60.225, 1, 0.0392432
60.25, 1, 0.0392432
60.275, 1, 0.0392432
60.3, 1, 0.0383937
60.325, 1, 0.0374088
60.35, 1, 0.0365597
60.375, 1, 0.0365597
60.4, 1, 0.0365597
60.425, 1, 0.0357652
60.45, 1, 0.0357652
60.475, 1, 0.0357652
60.5, 1, 0.035281
60.525, 1, 0.035281
60.55, 1, 0.0349344
60.575, 1, 0.0349344
60.6, 1, 0.0349344
60.625, 1, 0.0345911
60.65, 1, 0.0344408
60.675, 1, 0.0344408
60.7, 1, 0.0342713
60.725, 1, 0.0341676
60.75, 1, 0.0341676
60.775, 1, 0.0341676
60.8, 1, 0.034123
60.825, 1, 0.0338715
60.85, 1, 0.0338715
60.875, 1, 0.0335799
60.9, 1, 0.0331031
60.925, 1, 0.0324726
60.95, 1, 0.0324726
60.975, 1, 0.0319623
61, 1, 0.0319623
61.025, 1, 0.0319623
61.05, 1, 0.0319623
61.075, 1, 0.0316813
61.1, 1, 0.0316813
61.125, 1, 0.031434
61.15, 1, 0.0312314
61.175, 1, 0.0310672
61.2, 1, 0.0310672
61.225, 1, 0.03089
61.25, 1, 0.0306882
61.275, 1, 0.0304694
61.3, 1, 0.0304694
61.325, 1, 0.0304694
61.35, 1, 0.0304694
61.375, 1, 0.0304694
61.4, 1, 0.0304694
61.425, 1, 0.0305851
61.45, 1, 0.0305851
61.475, 1, 0.0305851
61.5, 1, 0.0306844
61.525, 1, 0.030849
61.55, 1, 0.030849
61.575, 1, 0.030849
61.6, 1, 0.030849
61.625, 1, 0.030849
61.65, 1, 0.030849
61.675, 1, 0.030849
61.7, 1, 0.030849
61.725, 1, 0.030849
61.75, 1, 0.030849
61.775, 1, 0.030849
61.8, 1, 0.0311739
61.825, 1, 0.0311739
61.85, 1, 0.0311739
61.875, 1, 0.0311739
61.9, 1, 0.0311739
61.925, 1, 0.0311739
61.95, 1, 0.0311739
61.975, 1, 0.0311739
62, 1, 0.0311739
62.025, 1, 0.0311739
62.05, 1, 0.0311739
62.075, 1, 0.0321862
62.1, 1, 0.033094
62.125, 1, 0.033094
62.15, 1, 0.033094
62.175, 1, 0.0340177
62.2, 1, 0.0340177
62.225, 1, 0.0340177
62.25, 1, 0.034868
62.275, 1, 0.0357588
62.3, 1, 0.0366967
62.325, 1, 0.0366967
62.35, 1, 0.0366967
62.375, 1, 0.0376288
62.4, 1, 0.0376288
62.425, 1, 0.0385311
62.45, 1, 0.0393915
62.475, 1, 0.0393915
62.5, 1, 0.0393915
62.525, 1, 0.0393915
62.55, 1, 0.0393915
62.575, 1, 0.0393915
62.6, 1, 0.0393915
62.625, 1, 0.0402377
62.65, 1, 0.0409856
62.675, 1, 0.0416041
62.7, 1, 0.0416041
62.725, 1, 0.0416041
62.75, 1, 0.0416041
62.775, 1, 0.042242
62.8, 1, 0.0428621
62.825, 1, 0.0434427
62.85, 1, 0.0434427
62.875, 1, 0.0434427
62.9, 1, 0.0440325
62.925, 1, 0.0440325
62.95, 1, 0.0446158
62.975, 1, 0.0446158
63, 1, 0.045189
63.025, 1, 0.045189
63.05, 1, 0.0457613
63.075, 1, 0.0463378
63.1, 1, 0.0463378
63.125, 1, 0.0469034
63.15, 1, 0.0474403
63.175, 1, 0.0479416
63.2, 1, 0.048414
63.225, 1, 0.0488698
63.25, 1, 0.0493122
63.275, 1, 0.0493122
63.3, 1, 0.0493122
63.325, 1, 0.0493122
63.35, 1, 0.0493122
63.375, 1, 0.0496317
63.4, 1, 0.0496317
63.425, 1, 0.0496317
63.45, 1, 0.0496317
63.475, 1, 0.0499605
63.5, 1, 0.0502436
63.525, 1, 0.0505302
63.55, 1, 0.050797
63.575, 1, 0.0510144
63.6, 1, 0.0511854
63.625, 1, 0.0513284
63.65, 1, 0.0514654
63.675, 1, 0.0514654
63.7, 1, 0.0514654
63.725, 1, 0.0516396
63.75, 1, 0.0518655
63.775, 1, 0.0521486
63.8, 1, 0.0521486
63.825, 1, 0.0524571
63.85, 1, 0.0524571
63.875, 1, 0.0524571
63.9, 1, 0.0524571
63.925, 1, 0.0527575
63.95, 1, 0.0530535
63.975, 1, 0.053334
64, 1, 0.0535878
64.025, 1, 0.0538011
64.05, 1, 0.0539704
64.075, 1, 0.0539704
64.1, 1, 0.0539704
64.125, 1, 0.0539704
64.15, 1, 0.0539704
64.175, 1, 0.0541546
64.2, 1, 0.0541546
64.225, 1, 0.0543617
64.25, 1, 0.0543617
64.275, 1, 0.0545492
64.3, 1, 0.0547467
64.325, 1, 0.0549606
64.35, 1, 0.0549606
64.375, 1, 0.0549606
64.4, 1, 0.0549606
64.425, 1, 0.0551384
64.45, 1, 0.0551384
64.475, 1, 0.0553367
64.5, 1, 0.0553367
64.525, 1, 0.0553367
64.55, 1, 0.0553367
64.575, 1, 0.0553367
64.6, 1, 0.0553367
64.625, 1, 0.0553367
64.65, 1, 0.0553367
64.675, 1, 0.0555883
64.7, 1, 0.0555883
64.725, 1, 0.0555883
64.75, 1, 0.0558001
64.775, 1, 0.0559738
64.8, 1, 0.0559738
64.825, 1, 0.0559738
64.85, 1, 0.0561017
64.875, 1, 0.0561017
64.9, 1, 0.0561017
64.925, 1, 0.0562573
64.95, 1, 0.0562573
64.975, 1, 0.0562573
65, 1, 0.0562573
65.025, 1, 0.0563591
65.05, 1, 0.0563591
65.075, 1, 0.0563176
65.1, 1, 0.0562165
65.125, 1, 0.0561259
65.15, 1, 0.0561259
65.175, 1, 0.0560583
65.2, 1, 0.0560339
65.225, 1, 0.0560599
65.25, 1, 0.0560599
65.275, 1, 0.0560599
65.3, 1, 0.0560599
65.325, 1, 0.0560599
65.35, 1, 0.0560599
65.375, 1, 0.0560599
65.4, 1, 0.0560841
65.425, 1, 0.0561062
65.45, 1, 0.0561227
65.475, 1, 0.0561227
65.5, 1, 0.0561227
65.525, 1, 0.0561353
65.55, 1, 0.0561353
65.575, 1, 0.0561351
65.6, 1, 0.0561351
65.625, 1, 0.0561392
65.65, 1, 0.0561469
65.675, 1, 0.0561469
65.7, 1, 0.0561469
65.725, 1, 0.0561591
65.75, 1, 0.0561591
65.775, 1, 0.0561591
65.8, 1, 0.0561591
65.825, 1, 0.0561524
65.85, 1, 0.0561524
65.875, 1, 0.0561491
65.9, 1, 0.0561615
65.925, 1, 0.0561615
65.95, 1, 0.0561778
65.975, 1, 0.0561728
66, 1, 0.0561728
66.025, 1, 0.056172
66.05, 1, 0.0561616
66.075, 1, 0.0561616
66.1, 1, 0.0561616
66.125, 1, 0.0561016
66.15, 1, 0.0560152
66.175, 1, 0.0560152
66.2, 1, 0.0559994
66.225, 1, 0.0560472
66.25, 1, 0.0560472
66.275, 1, 0.0560472
66.3, 1, 0.0560472
66.325, 1, 0.0560472
66.35, 1, 0.0561005
66.375, 1, 0.0561005
66.4, 1, 0.0561486
66.425, 1, 0.0561486
66.45, 1, 0.0561618
66.475, 1, 0.0561618
66.5, 1, 0.0561294
66.525, 1, 0.0560522
66.55, 1, 0.0559555
66.575, 1, 0.0558522
66.6, 1, 0.0557379
66.625, 1, 0.0556229
66.65, 1, 0.0555167
66.675, 1, 0.0555167
66.7, 1, 0.0554087
66.725, 1, 0.0554087
66.75, 1, 0.0554087
66.775, 1, 0.0554087
66.8, 1, 0.0554087
66.825, 1, 0.0552888
66.85, 1, 0.0552888
66.875, 1, 0.0551746
66.9, 1, 0.0551746
66.925, 1, 0.0551746
66.95, 1, 0.0551746
66.975, 1, 0.0551746
67, 1, 0.0550663
67.025, 1, 0.0550663
67.05, 1, 0.0549634
67.075, 1, 0.0548647
67.1, 1, 0.0547693
67.125, 1, 0.054677
67.15, 1, 0.0545821
67.175, 1, 0.0544558
67.2, 1, 0.0544558
67.225, 1, 0.0542455
67.25, 1, 0.0542455
67.275, 1, 0.0542455
67.3, 1, 0.0542455
67.325, 1, 0.0542455
67.35, 1, 0.0542043
67.375, 1, 0.0542043
67.4, 1, 0.0542043
67.425, 1, 0.0540991
67.45, 1, 0.0539742
67.475, 1, 0.0539742
67.5, 1, 0.0539742
67.525, 1, 0.0539742
67.55, 1, 0.0539742
67.575, 1, 0.0539742
67.6, 1, 0.0539742
67.625, 1, 0.0539742
67.65, 1, 0.0538805
67.675, 1, 0.0538093
67.7, 1, 0.053745
67.725, 1, 0.0536852
67.75, 1, 0.0536852
67.775, 1, 0.0536852
67.8, 1, 0.053619
67.825, 1, 0.0535282
67.85, 1, 0.0533932
67.875, 1, 0.0531986
67.9, 1, 0.0531986
67.925, 1, 0.0531986
67.95, 1, 0.0531986
67.975, 1, 0.0530097
68, 1, 0.0527987
68.025, 1, 0.0525726
68.05, 1, 0.0525726
68.075, 1, 0.0525726
68.1, 1, 0.0525726
68.125, 1, 0.0525726
68.15, 1, 0.0525726
68.175, 1, 0.0525726
68.2, 1, 0.0525726
68.225, 1, 0.0523455
68.25, 1, 0.0521485
68.275, 1, 0.0521485
68.3, 1, 0.051988
68.325, 1, 0.051988
68.35, 1, 0.051988
68.375, 1, 0.0518448
68.4, 1, 0.0518448
68.425, 1, 0.0518448
68.45, 1, 0.0518448
68.475, 1, 0.0517378
68.5, 1, 0.051634
68.525, 1, 0.051634
68.55, 1, 0.0515672
68.575, 1, 0.0515672
68.6, 1, 0.0514453
68.625, 1, 0.0514453
68.65, 1, 0.0514453
68.675, 1, 0.0512646
68.7, 1, 0.0510342
68.725, 1, 0.0508691
68.75, 1, 0.0508691
68.775, 1, 0.0508691
68.8, 1, 0.0507568
68.825, 1, 0.0506631
68.85, 1, 0.0505714
68.875, 1, 0.0505714
68.9, 1, 0.0504844
68.925, 1, 0.0504844
68.95, 1, 0.0504844
68.975, 1, 0.0503962
69, 1, 0.0503127
69.025, 1, 0.0502345
69.05, 1, 0.050156
69.075, 1, 0.0500735
69.1, 1, 0.0499871
69.125, 1, 0.0499871
69.15, 1, 0.0498982
69.175, 1, 0.0498982
69.2, 1, 0.0498982
69.225, 1, 0.0498124
69.25, 1, 0.0497206
69.275, 1, 0.0497206
69.3, 1, 0.0497206
69.325, 1, 0.0497206
69.35, 1, 0.0497206
69.375, 1, 0.0496312
69.4, 1, 0.0496312
69.425, 1, 0.0495125
69.45, 1, 0.0493586
69.475, 1, 0.0492125
69.5, 1, 0.0492125
69.525, 1, 0.0492125
69.55, 1, 0.0490712
69.575, 1, 0.0490712
69.6, 1, 0.0489507
69.625, 1, 0.0489507
69.65, 1, 0.0488326
69.675, 1, 0.0487196
69.7, 1, 0.0486115
69.725, 1, 0.0486115
69.75, 1, 0.0486115
69.775, 1, 0.0486115
69.8, 1, 0.0486115
69.825, 1, 0.0486115
69.85, 1, 0.0484591
69.875, 1, 0.0484591
69.9, 1, 0.0484591
69.925, 1, 0.0484591
69.95, 1, 0.0484591
69.975, 1, 0.0484591
70, 1, 0.0483171
70.025, 1, 0.0481052
70.05, 1, 0.0481052
70.075, 1, 0.047568
70.1, 1, 0.0467372
70.125, 1, 0.0459158
70.15, 1, 0.0452201
70.175, 1, 0.0445987
70.2, 1, 0.0440721
70.225, 1, 0.0437963
70.25, 1, 0.0437963
70.275, 1, 0.0437963
70.3, 1, 0.0437963
70.325, 1, 0.0434161
70.35, 1, 0.0434161
70.375, 1, 0.0432567
70.4, 1, 0.0434009
70.425, 1, 0.0434009
70.45, 1, 0.0434009
70.475, 1, 0.0435587
70.5, 1, 0.0435587
70.525, 1, 0.0435587
70.55, 1, 0.0435587
70.575, 1, 0.0437148
70.6, 1, 0.0437148
70.625, 1, 0.0439536
70.65, 1, 0.0439536
70.675, 1, 0.0439536
70.7, 1, 0.0441505
70.725, 1, 0.0441505
70.75, 1, 0.0441505
70.775, 1, 0.0441505
70.8, 1, 0.0443546
70.825, 1, 0.0443546
70.85, 1, 0.044462
70.875, 1, 0.0444934
70.9, 1, 0.0444934
70.925, 1, 0.0444347
70.95, 1, 0.0444347
70.975, 1, 0.0444347
71, 1, 0.0444347
71.025, 1, 0.0444347
71.05, 1, 0.0444347
71.075, 1, 0.0444347
71.1, 1, 0.0446814
71.125, 1, 0.0446814
71.15, 1, 0.0446814
71.175, 1, 0.0446814
71.2, 1, 0.0446814
71.225, 1, 0.0449907
71.25, 1, 0.0449907
71.275, 1, 0.0452476
71.3, 1, 0.0452476
71.325, 1, 0.0454659
71.35, 1, 0.0454659
71.375, 1, 0.0454659
71.4, 1, 0.0456973
71.425, 1, 0.0456973
71.45, 1, 0.0456973
71.475, 1, 0.0456973
71.5, 1, 0.0458503
71.525, 1, 0.0459573
71.55, 1, 0.0460651
71.575, 1, 0.0460651
71.6, 1, 0.0460651
71.625, 1, 0.0462081
71.65, 1, 0.0464202
71.675, 1, 0.0466808
71.7, 1, 0.0466808
71.725, 1, 0.0469386
71.75, 1, 0.0472008
71.775, 1, 0.0472008
71.8, 1, 0.0472008
71.825, 1, 0.0472008
71.85, 1, 0.0472008
71.875, 1, 0.0472008
71.9, 1, 0.0472008
71.925, 1, 0.0472008
71.95, 1, 0.0472008
71.975, 1, 0.0479977
72, 1, 0.0479977
72.025, 1, 0.0479977
72.05, 1, 0.0486508
72.075, 1, 0.0486508
72.1, 1, 0.0486508
72.125, 1, 0.0486508
72.15, 1, 0.0493033
72.175, 1, 0.0499084
72.2, 1, 0.0504806
72.225, 1, 0.0510308
72.25, 1, 0.0510308
72.275, 1, 0.0510308
72.3, 1, 0.0515577
72.325, 1, 0.0515577
72.35, 1, 0.0521114
72.375, 1, 0.0526961
72.4, 1, 0.0526961
72.425, 1, 0.0526961
72.45, 1, 0.0526961
72.475, 1, 0.0526961
72.5, 1, 0.0532611
72.525, 1, 0.0532611
72.55, 1, 0.0538092
72.575, 1, 0.0543358
72.6, 1, 0.0543358
72.625, 1, 0.0543358
72.65, 1, 0.0543358
72.675, 1, 0.0543358
72.7, 1, 0.0548323
72.725, 1, 0.0553066
72.75, 1, 0.0553066
72.775, 1, 0.0553066
72.8, 1, 0.0553066
72.825, 1, 0.0553066
72.85, 1, 0.0553066
72.875, 1, 0.055741
72.9, 1, 0.055741
72.925, 1, 0.055741
72.95, 1, 0.0561592
72.975, 1, 0.0561592
73, 1, 0.0561592
73.025, 1, 0.056577
73.05, 1, 0.056577
73.075, 1, 0.056577
73.1, 1, 0.05696
73.125, 1, 0.05696
73.15, 1, 0.05696
73.175, 1, 0.05696
73.2, 1, 0.05696
73.225, 1, 0.0573483
73.25, 1, 0.0573483
73.275, 1, 0.0577269
73.3, 1, 0.0581076
73.325, 1, 0.0581076
73.35, 1, 0.0581076
73.375, 1, 0.0581076
73.4, 1, 0.0581076
73.425, 1, 0.0585225
73.45, 1, 0.0585225
73.475, 1, 0.0585225
73.5, 1, 0.0585225
73.525, 1, 0.0589255
73.55, 1, 0.0593424
73.575, 1, 0.0593424
73.6, 1, 0.0593424
73.625, 1, 0.0593424
73.65, 1, 0.0593424
73.675, 1, 0.0593424
73.7, 1, 0.0593424
73.725, 1, 0.0597433
73.75, 1, 0.0597433
73.775, 1, 0.0600804
73.8, 1, 0.0601436
73.825, 1, 0.0601436
73.85, 1, 0.0598157
73.875, 1, 0.0598157
73.9, 1, 0.0594177
73.925, 1, 0.0588466
73.95, 1, 0.0581541
73.975, 1, 0.0581541
74, 1, 0.0581541
74.025, 1, 0.0581541
74.05, 1, 0.0581541
74.075, 1, 0.0581541
74.1, 1, 0.0581541
74.125, 1, 0.0581541
74.15, 1, 0.0576688
74.175, 1, 0.0576688
74.2, 1, 0.0576688
74.225, 1, 0.0576688
74.25, 1, 0.0576688
74.275, 1, 0.0571893
74.3, 1, 0.0571893
74.325, 1, 0.0571893
74.35, 1, 0.0571893
74.375, 1, 0.0571893
74.4, 1, 0.0567711
74.425, 1, 0.0561618
74.45, 1, 0.055351
74.475, 1, 0.055351
74.5, 1, 0.055351
74.525, 1, 0.055351
74.55, 1, 0.0546114
74.575, 1, 0.0546114
74.6, 1, 0.0546114
74.625, 1, 0.0546114
74.65, 1, 0.0546114
74.675, 1, 0.0546114
74.7, 1, 0.0546114
74.725, 1, 0.0546114
74.75, 1, 0.0546114
74.775, 1, 0.0539442
74.8, 1, 0.0539442
74.825, 1, 0.0533482
74.85, 1, 0.0533482
74.875, 1, 0.0528041
74.9, 1, 0.0528041
74.925, 1, 0.0528041
74.95, 1, 0.0522598
74.975, 1, 0.0522598
75, 1, 0.0522598
75.025, 1, 0.0522598
75.05, 1, 0.0522598
75.075, 1, 0.0516954
75.1, 1, 0.0516954
75.125, 1, 0.0516954
75.15, 1, 0.0516954
75.175, 1, 0.0516954
75.2, 1, 0.0511527
75.225, 1, 0.0506576
75.25, 1, 0.0501957
75.275, 1, 0.0497515
75.3, 1, 0.0493218
75.325, 1, 0.0493218
75.35, 1, 0.0489077
75.375, 1, 0.0485072
75.4, 1, 0.0485072
75.425, 1, 0.0485072
75.45, 1, 0.0481141
75.475, 1, 0.0477274
75.5, 1, 0.047348
75.525, 1, 0.047348
75.55, 1, 0.0470059
75.575, 1, 0.0470059
75.6, 1, 0.0470059
75.625, 1, 0.0470059
75.65, 1, 0.0470059
75.675, 1, 0.0470059
75.7, 1, 0.0466979
75.725, 1, 0.0466979
75.75, 1, 0.0466979
75.775, 1, 0.0466979
75.8, 1, 0.0466979
75.825, 1, 0.0466979
75.85, 1, 0.0466979
75.875, 1, 0.0466979
75.9, 1, 0.0466979
75.925, 1, 0.0464697
75.95, 1, 0.0462435
75.975, 1, 0.0460097
76, 1, 0.0457597
76.025, 1, 0.0457597
76.05, 1, 0.0455698
76.075, 1, 0.0454439
76.1, 1, 0.0454439
76.125, 1, 0.0454439
76.15, 1, 0.0454439
76.175, 1, 0.0454439
76.2, 1, 0.0454517
76.225, 1, 0.0454517
76.25, 1, 0.0452814
76.275, 1, 0.0450688
76.3, 1, 0.0450688
76.325, 1, 0.0448769
76.35, 1, 0.0446266
76.375, 1, 0.04441
76.4, 1, 0.04441
76.425, 1, 0.04441
76.45, 1, 0.0443285
76.475, 1, 0.0443285
76.5, 1, 0.0442838
76.525, 1, 0.0442858
76.55, 1, 0.0442858
76.575, 1, 0.0442858
76.6, 1, 0.0442858
76.625, 1, 0.0442858
76.65, 1, 0.0442858
76.675, 1, 0.0442858
76.7, 1, 0.0443057
76.725, 1, 0.0441721
76.75, 1, 0.043846
76.775, 1, 0.0433049
76.8, 1, 0.0433049
76.825, 1, 0.0433049
76.85, 1, 0.0428823
76.875, 1, 0.042449
76.9, 1, 0.042449
76.925, 1, 0.042449
76.95, 1, 0.042449
76.975, 1, 0.0419807
77, 1, 0.0419807
77.025, 1, 0.0414496
77.05, 1, 0.0414496
77.075, 1, 0.0414496
77.1, 1, 0.0409394
77.125, 1, 0.0409394
77.15, 1, 0.0405634
77.175, 1, 0.0405634
77.2, 1, 0.0405634
77.225, 1, 0.0405634
77.25, 1, 0.040211
77.275, 1, 0.040211
77.3, 1, 0.040211
77.325, 1, 0.040211
77.35, 1, 0.0398496
77.375, 1, 0.0395345
77.4, 1, 0.0392482
77.425, 1, 0.0389704
77.45, 1, 0.0389704
77.475, 1, 0.0389704
77.5, 1, 0.0389704
77.525, 1, 0.0387217
77.55, 1, 0.0387217
77.575, 1, 0.0384691
77.6, 1, 0.0384691
77.625, 1, 0.0384691
77.65, 1, 0.0384691
77.675, 1, 0.0384691
77.7, 1, 0.0384691
77.725, 1, 0.0384691
77.75, 1, 0.0382509
77.775, 1, 0.0380371
77.8, 1, 0.037829
77.825, 1, 0.0376461
77.85, 1, 0.0374944
77.875, 1, 0.0374944
77.9, 1, 0.0373534
77.925, 1, 0.0371914
77.95, 1, 0.0369863
77.975, 1, 0.0369863
78, 1, 0.0367962
78.025, 1, 0.0365838
78.05, 1, 0.0365838
78.075, 1, 0.0365838
78.1, 1, 0.0364305
78.125, 1, 0.0362496
78.15, 1, 0.0359845
78.175, 1, 0.0356588
78.2, 1, 0.0356588
78.225, 1, 0.0356588
78.25, 1, 0.0354413
78.275, 1, 0.035291
78.3, 1, 0.035291
78.325, 1, 0.0351883
78.35, 1, 0.0351883
78.375, 1, 0.0351883
78.4, 1, 0.0351883
78.425, 1, 0.0351883
78.45, 1, 0.0350944
78.475, 1, 0.0350944
78.5, 1, 0.0350944
78.525, 1, 0.0350944
78.55, 1, 0.0350944
78.575, 1, 0.0349933
78.6, 1, 0.0347708
78.625, 1, 0.0344768
78.65, 1, 0.0344768
78.675, 1, 0.0341705
78.7, 1, 0.0341705
78.725, 1, 0.0338345
78.75, 1, 0.0338345
78.775, 1, 0.0338345
78.8, 1, 0.0338345
78.825, 1, 0.033556
78.85, 1, 0.033556
78.875, 1, 0.033556
78.9, 1, 0.0332423
78.925, 1, 0.0332423
78.95, 1, 0.0332423
78.975, 1, 0.0329613
79, 1, 0.0327205
79.025, 1, 0.0325663
79.05, 1, 0.0325663
79.075, 1, 0.0325663
79.1, 1, 0.0324216
79.125, 1, 0.0324216
79.15, 1, 0.0322857
79.175, 1, 0.0322857
79.2, 1, 0.0321108
79.225, 1, 0.0321108
79.25, 1, 0.0319772
79.275, 1, 0.0317822
79.3, 1, 0.0317822
79.325, 1, 0.0317822
79.35, 1, 0.0317822
79.375, 1, 0.0315713
79.4, 1, 0.0315713
79.425, 1, 0.0315713
79.45, 1, 0.0315165
79.475, 1, 0.0315165
79.5, 1, 0.0315165
79.525, 1, 0.031432
79.55, 1, 0.031432
79.575, 1, 0.031432
79.6, 1, 0.0313237
79.625, 1, 0.0313237
79.65, 1, 0.0313237
79.675, 1, 0.0312389
79.7, 1, 0.0311798
79.725, 1, 0.0311815
79.75, 1, 0.0312595
79.775, 1, 0.0312595
79.8, 1, 0.0312595
79.825, 1, 0.0312595
79.85, 1, 0.0312595
79.875, 1, 0.0312595
79.9, 1, 0.0312595
79.925, 1, 0.0314003
79.95, 1, 0.0314046
79.975, 1, 0.0314046
80, 1, 0.031254
80.025, 1, 0.0309174
80.05, 1, 0.0309174
80.075, 1, 0.0309174
80.1, 1, 0.0306151
80.125, 1, 0.0302471
80.15, 1, 0.0302471
80.175, 1, 0.0302471
80.2, 1, 0.0302471
80.225, 1, 0.0302471
80.25, 1, 0.0302471
80.275, 1, 0.0302471
80.3, 1, 0.030482
80.325, 1, 0.030482
80.35, 1, 0.030482
80.375, 1, 0.0306825
80.4, 1, 0.0306825
80.425, 1, 0.0306825
80.45, 1, 0.0308099
80.475, 1, 0.0308099
80.5, 1, 0.0308099
80.525, 1, 0.0308099
80.55, 1, 0.0308099
80.575, 1, 0.030864
80.6, 1, 0.0310961
80.625, 1, 0.0314938
80.65, 1, 0.0314938
80.675, 1, 0.0314938
80.7, 1, 0.0314938
80.725, 1, 0.0314938
80.75, 1, 0.0314938
80.775, 1, 0.031972
80.8, 1, 0.031972
80.825, 1, 0.031972
80.85, 1, 0.0324302
80.875, 1, 0.0324302
80.9, 1, 0.0328687
80.925, 1, 0.0328687
80.95, 1, 0.0332686
80.975, 1, 0.0332686
81, 1, 0.0332686
81.025, 1, 0.0332686
81.05, 1, 0.0335648
81.075, 1, 0.0335648
81.1, 1, 0.0335648
81.125, 1, 0.0337165
81.15, 1, 0.0336337
81.175, 1, 0.033343
81.2, 1, 0.033343
81.225, 1, 0.033343
81.25, 1, 0.033343
81.275, 1, 0.033343
81.3, 1, 0.033343
81.325, 1, 0.033343
81.35, 1, 0.033343
81.375, 1, 0.0333902
81.4, 1, 0.0333902
81.425, 1, 0.0333902
81.45, 1, 0.0333902
81.475, 1, 0.0333902
81.5, 1, 0.0334725
81.525, 1, 0.0335879
81.55, 1, 0.0337324
81.575, 1, 0.0338901
81.6, 1, 0.0340515
81.625, 1, 0.0342127
81.65, 1, 0.0342127
81.675, 1, 0.034361
81.7, 1, 0.034361
81.725, 1, 0.0344873
81.75, 1, 0.0344873
81.775, 1, 0.0345548
81.8, 1, 0.0345548
81.825, 1, 0.0345548
81.85, 1, 0.0347248
81.875, 1, 0.0347248
81.9, 1, 0.0347248
81.925, 1, 0.0347248
81.95, 1, 0.0348759
81.975, 1, 0.0348759
82, 1, 0.0348759
82.025, 1, 0.0348759
82.05, 1, 0.0348759
82.075, 1, 0.0348759
82.1, 1, 0.0351263
82.125, 1, 0.0351263
82.15, 1, 0.0351263
82.175, 1, 0.0351263
82.2, 1, 0.0352503
82.225, 1, 0.0352267
82.25, 1, 0.0351306
82.275, 1, 0.0351306
82.3, 1, 0.0350009
82.325, 1, 0.0350009
82.35, 1, 0.0348424
82.375, 1, 0.0348424
82.4, 1, 0.0348424
82.425, 1, 0.0348424
82.45, 1, 0.0347002
82.475, 1, 0.0347002
82.5, 1, 0.0345862
82.525, 1, 0.0345862
82.55, 1, 0.0345862
82.575, 1, 0.0344527
82.6, 1, 0.0344527
82.625, 1, 0.0342831
82.65, 1, 0.0342831
82.675, 1, 0.0342831
82.7, 1, 0.0342831
82.725, 1, 0.0341875
82.75, 1, 0.0341875
82.775, 1, 0.0341875
82.8, 1, 0.0341875
82.825, 1, 0.0341205
82.85, 1, 0.0341205
82.875, 1, 0.0341205
82.9, 1, 0.0341205
82.925, 1, 0.0341205
82.95, 1, 0.0341205
82.975, 1, 0.0341205
83, 1, 0.0340698
83.025, 1, 0.0340698
83.05, 1, 0.0340698
83.075, 1, 0.0340698
83.1, 1, 0.0340698
83.125, 1, 0.0340698
83.15, 1, 0.0341353
83.175, 1, 0.0341353
83.2, 1, 0.0341353
83.225, 1, 0.0341882
83.25, 1, 0.0341882
83.275, 1, 0.0341882
83.3, 1, 0.0341882
83.325, 1, 0.0341882
83.35, 1, 0.0341882
83.375, 1, 0.0341882
83.4, 1, 0.0341882
83.425, 1, 0.034324
83.45, 1, 0.034324
83.475, 1, 0.0344729
83.5, 1, 0.0344729
83.525, 1, 0.0344729
83.55, 1, 0.0346805
83.575, 1, 0.0346805
83.6, 1, 0.0346805
83.625, 1, 0.0348815
83.65, 1, 0.0350607
83.675, 1, 0.0351673
83.7, 1, 0.0351598
83.725, 1, 0.0350725
83.75, 1, 0.0350725
83.775, 1, 0.0350725
83.8, 1, 0.0350725
83.825, 1, 0.0350107
83.85, 1, 0.0349232
83.875, 1, 0.0349232
83.9, 1, 0.0349232
83.925, 1, 0.0349039
83.95, 1, 0.0349359
83.975, 1, 0.0349359
84, 1, 0.0349359
84.025, 1, 0.0349359
84.05, 1, 0.0349882
84.075, 1, 0.0349882
84.1, 1, 0.0349882
84.125, 1, 0.0350143
84.15, 1, 0.0350143
84.175, 1, 0.0350143
84.2, 1, 0.0350143
84.225, 1, 0.0349755
84.25, 1, 0.0349755
84.275, 1, 0.0349755
84.3, 1, 0.0349755
84.325, 1, 0.0349755
84.35, 1, 0.0349755
84.375, 1, 0.0349755
84.4, 1, 0.0349755
84.425, 1, 0.0349755
84.45, 1, 0.0349755
84.475, 1, 0.0350505
84.5, 1, 0.0350505
84.525, 1, 0.0350505
84.55, 1, 0.0350505
84.575, 1, 0.0351381
84.6, 1, 0.0351381
84.625, 1, 0.0351381
84.65, 1, 0.0352223
84.675, 1, 0.0352223
84.7, 1, 0.0352223
84.725, 1, 0.0353153
84.75, 1, 0.0353153
84.775, 1, 0.0353704
84.8, 1, 0.0353704
84.825, 1, 0.0355195
84.85, 1, 0.0355195
84.875, 1, 0.0355195
84.9, 1, 0.0355195
84.925, 1, 0.0355195
84.95, 1, 0.0355195
84.975, 1, 0.0356933
85, 1, 0.0356933
85.025, 1, 0.0356933
85.05, 1, 0.0358402
85.075, 1, 0.0358402
85.1, 1, 0.0358402
85.125, 1, 0.0358402
85.15, 1, 0.0358402
85.175, 1, 0.0358402
85.2, 1, 0.0359795
85.225, 1, 0.0359795
85.25, 1, 0.0359795
85.275, 1, 0.0359795
85.3, 1, 0.0359795
85.325, 1, 0.0361144
85.35, 1, 0.0361885
85.375, 1, 0.0361841
85.4, 1, 0.0361423
85.425, 1, 0.0360966
85.45, 1, 0.0360354
85.475, 1, 0.0359641
85.5, 1, 0.0358921
85.525, 1, 0.0358258
85.55, 1, 0.0357357
85.575, 1, 0.0355907
85.6, 1, 0.0355907
85.625, 1, 0.0355907
85.65, 1, 0.0355907
85.675, 1, 0.0355907
85.7, 1, 0.0355223
85.725, 1, 0.0355116
85.75, 1, 0.0355116
85.775, 1, 0.0355116
85.8, 1, 0.0355116
85.825, 1, 0.0355116
85.85, 1, 0.0355116
85.875, 1, 0.0355116
85.9, 1, 0.0355116
85.925, 1, 0.0355116
85.95, 1, 0.0355116
85.975, 1, 0.0354817
86, 1, 0.0354817
86.025, 1, 0.0354535
86.05, 1, 0.0354327
86.075, 1, 0.0354142
86.1, 1, 0.0353961
86.125, 1, 0.0353961
86.15, 1, 0.0353961
86.175, 1, 0.0353961
86.2, 1, 0.0353961
86.225, 1, 0.0353961
86.25, 1, 0.0353961
86.275, 1, 0.03536
86.3, 1, 0.03536
86.325, 1, 0.03536
86.35, 1, 0.03536
86.375, 1, 0.03536
86.4, 1, 0.03536
86.425, 1, 0.0353328
86.45, 1, 0.0353328
86.475, 1, 0.0353055
86.5, 1, 0.0353055
86.525, 1, 0.0352776
86.55, 1, 0.0352424
86.575, 1, 0.0352424
86.6, 1, 0.0352424
86.625, 1, 0.0352424
86.65, 1, 0.0352424
86.675, 1, 0.0352424
86.7, 1, 0.0352424
86.725, 1, 0.0352424
86.75, 1, 0.0352424
86.775, 1, 0.0352424
86.8, 1, 0.0352424
86.825, 1, 0.0353451
86.85, 1, 0.0353451
86.875, 1, 0.0353451
86.9, 1, 0.0354432
86.925, 1, 0.0355494
86.95, 1, 0.0355494
86.975, 1, 0.035677
87, 1, 0.0357968
87.025, 1, 0.0358685
87.05, 1, 0.0358645
87.075, 1, 0.0357804
87.1, 1, 0.0357804
87.125, 1, 0.035666
87.15, 1, 0.0355298
87.175, 1, 0.0355298
87.2, 1, 0.0354251
87.225, 1, 0.0353596
87.25, 1, 0.0353596
87.275, 1, 0.0353138
87.3, 1, 0.0353138
87.325, 1, 0.0352746
87.35, 1, 0.0352746
87.375, 1, 0.0353086
87.4, 1, 0.0353932
87.425, 1, 0.0353932
87.45, 1, 0.0353932
87.475, 1, 0.0354717
87.5, 1, 0.0354717
87.525, 1, 0.0355047
87.55, 1, 0.0355047
87.575, 1, 0.0355047
87.6, 1, 0.0355815
87.625, 1, 0.0356114
87.65, 1, 0.0355647
87.675, 1, 0.0354498
87.7, 1, 0.0354498
87.725, 1, 0.0354498
87.75, 1, 0.0353411
87.775, 1, 0.0353411
87.8, 1, 0.0352802
87.825, 1, 0.0352802
87.85, 1, 0.0352749
87.875, 1, 0.0352749
87.9, 1, 0.0352749
87.925, 1, 0.0352749
87.95, 1, 0.0352749
87.975, 1, 0.0352749
88, 1, 0.0352596
88.025, 1, 0.0352596
88.05, 1, 0.0352596
88.075, 1, 0.0352596
88.1, 1, 0.0352441
88.125, 1, 0.0352441
88.15, 1, 0.0352125
88.175, 1, 0.0352125
88.2, 1, 0.0351072
88.225, 1, 0.0351072
88.25, 1, 0.0349696
88.275, 1, 0.0349696
88.3, 1, 0.0348246
88.325, 1, 0.0347056
88.35, 1, 0.0347056
88.375, 1, 0.034639
88.4, 1, 0.034639
88.425, 1, 0.034639
88.45, 1, 0.034639
88.475, 1, 0.0345121
88.5, 1, 0.0343891
88.525, 1, 0.0343891
88.55, 1, 0.0343034
88.575, 1, 0.0343034
88.6, 1, 0.0343034
88.625, 1, 0.0343034
88.65, 1, 0.0343034
88.675, 1, 0.0342151
88.7, 1, 0.0342151
88.725, 1, 0.034133
88.75, 1, 0.0340474
88.775, 1, 0.0340474
88.8, 1, 0.0340474
88.825, 1, 0.0339355
88.85, 1, 0.0339355
88.875, 1, 0.0339355
88.9, 1, 0.0338256
88.925, 1, 0.0338256
88.95, 1, 0.0337274
88.975, 1, 0.0337274
89, 1, 0.0337274
89.025, 1, 0.0336542
89.05, 1, 0.0336542
89.075, 1, 0.0336542
89.1, 1, 0.0336542
89.125, 1, 0.0336542
89.15, 1, 0.0335768
89.175, 1, 0.0335768
89.2, 1, 0.0335768
89.225, 1, 0.033502
89.25, 1, 0.0334271
89.275, 1, 0.0334271
89.3, 1, 0.0334271
89.325, 1, 0.0333304
89.35, 1, 0.033195
89.375, 1, 0.033195
89.4, 1, 0.0330837
89.425, 1, 0.0330837
89.45, 1, 0.0330837
89.475, 1, 0.0330837
89.5, 1, 0.0330837
89.525, 1, 0.0330837
89.55, 1, 0.0330837
89.575, 1, 0.0329828
89.6, 1, 0.0329828
89.625, 1, 0.0329016
89.65, 1, 0.0329016
89.675, 1, 0.0329016
89.7, 1, 0.0329016
89.725, 1, 0.0329016
89.75, 1, 0.0329016
89.775, 1, 0.0329016
89.8, 1, 0.0329016
89.825, 1, 0.0328545
89.85, 1, 0.0328545
89.875, 1, 0.0328545
89.9, 1, 0.0328545
89.925, 1, 0.0328545
89.95, 1, 0.0328545
89.975, 1, 0.0328545
