0, 1, 2.31207
0.025, 1, 2.31207
0.05, 1, 1.45309
0.075, 1, 1.60821
0.1, 1, 2.38741
0.125, 1, 2.38741
0.15, 1, 2.38741
0.175, 1, 2.38741
0.2, 1, 2.38741
0.225, 1, 2.38741
0.25, 1, 2.38741
0.275, 1, 0.157291
0.3, 1, 0.157291
0.325, 1, 0.157291
0.35, 1, 0.439564
0.375, 1, 0.556982
0.4, 1, 0.660235
0.425, 1, 0.660235
0.45, 1, 0.805795
0.475, 1, 0.889807
0.5, 1, 0.889807
0.525, 1, 1.00892
0.55, 1, 1.11715
0.575, 1, 1.11715
0.6, 1, 1.11715
0.625, 1, 1.46374
0.65, 1, 1.46374
0.675, 1, 1.46374
0.7, 1, 1.46374
0.725, 1, 1.83441
0.75, 1, 1.86418
0.775, 1, 1.73618
0.8, 1, 1.30961
0.825, 1, 1.30961
0.85, 1, 1.30961
0.875, 1, 1.30961
0.9, 1, -0.018257
0.925, 1, 0.344882
0.95, 1, 0.388601
0.975, 1, 0.388601
1, 1, 0.282117
1.025, 1, 0.282109
1.05, 1, 0.282109
1.075, 1, 0.237088
1.1, 1, 0.253363
1.125, 1, 0.25899
1.15, 1, 0.25899
1.175, 1, 0.25899
1.2, 1, 0.25899
1.225, 1, 0.25899
1.25, 1, 0.25899
1.275, 1, 0.25899
1.3, 1, 0.152038
1.325, 1, 0.152038
1.35, 1, 0.152038
1.375, 1, 0.152038
1.4, 1, 0.136609
1.425, 1, 0.136609
1.45, 1, 0.136609
1.475, 1, 0.152308
1.5, 1, 0.152308
1.525, 1, 0.152308
1.55, 1, 0.152308
1.575, 1, 0.152308
1.6, 1, 0.168708
1.625, 1, 0.168708
1.65, 1, 0.168708
1.675, 1, 0.168708
1.7, 1, 0.167851
1.725, 1, 0.169959
1.75, 1, 0.169959
1.775, 1, 0.169959
1.8, 1, 0.169959
1.825, 1, 0.169959
1.85, 1, 0.169959
1.875, 1, 0.169959
1.9, 1, 0.169959
1.925, 1, 0.181389
1.95, 1, 0.181389
1.975, 1, 0.181389
2, 1, 0.18747
2.025, 1, 0.190798
2.05, 1, 0.190798
2.075, 1, 0.190798
2.1, 1, 0.190798
2.125, 1, 0.190798
2.15, 1, 0.190798
2.175, 1, 0.190798
2.2, 1, 0.19419
2.225, 1, 0.195999
2.25, 1, 0.196794
2.275, 1, 0.196954
2.3, 1, 0.196954
2.325, 1, 0.196954
2.35, 1, 0.197482
2.375, 1, 0.197482
2.4, 1, 0.195246
2.425, 1, 0.195246
2.45, 1, 0.192636
2.475, 1, 0.191627
2.5, 1, 0.191627
2.525, 1, 0.191627
2.55, 1, 0.191564
2.575, 1, 0.190701
2.6, 1, 0.190701
2.625, 1, 0.190701
2.65, 1, 0.188025
2.675, 1, 0.188025
2.7, 1, 0.185548
2.725, 1, 0.183161
2.75, 1, 0.183161
2.775, 1, 0.181292
2.8, 1, 0.18029
2.825, 1, 0.180101
2.85, 1, 0.180101
2.875, 1, 0.180101
2.9, 1, 0.180101
2.925, 1, 0.180101
2.95, 1, 0.180101
2.975, 1, 0.180101
3, 1, 0.182143
3.025, 1, 0.182143
3.05, 1, 0.182143
3.075, 1, 0.182143
3.1, 1, 0.182143
3.125, 1, 0.177825
3.15, 1, 0.177825
3.175, 1, 0.177825
3.2, 1, 0.177825
3.225, 1, 0.177825
3.25, 1, 0.177825
3.275, 1, 0.177825
3.3, 1, 0.177825
3.325, 1, 0.16534
3.35, 1, 0.16534
3.375, 1, 0.16534
3.4, 1, 0.16534
3.425, 1, 0.162186
3.45, 1, 0.159291
3.475, 1, 0.155997
3.5, 1, 0.155997
3.525, 1, 0.155997
3.55, 1, 0.145217
3.575, 1, 0.145217
3.6, 1, 0.145217
3.625, 1, 0.145416
3.65, 1, 0.145908
3.675, 1, 0.145908
3.7, 1, 0.145908
3.725, 1, 0.145908
3.75, 1, 0.141344
3.775, 1, 0.141344
3.8, 1, 0.141344
3.825, 1, 0.141344
3.85, 1, 0.144236
3.875, 1, 0.144236
3.9, 1, 0.144236
3.925, 1, 0.144236
3.95, 1, 0.144236
3.975, 1, 0.144236
4, 1, 0.144177
4.025, 1, 0.147697
4.05, 1, 0.147697
4.075, 1, 0.147697
4.1, 1, 0.147697
4.125, 1, 0.147697
4.15, 1, 0.147697
4.175, 1, 0.147697
4.2, 1, 0.147697
4.225, 1, 0.147697
4.25, 1, 0.149834
4.275, 1, 0.150159
4.3, 1, 0.150858
4.325, 1, 0.150858
4.35, 1, 0.150858
4.375, 1, 0.150004
4.4, 1, 0.150004
4.425, 1, 0.14791
4.45, 1, 0.145622
4.475, 1, 0.14325
4.5, 1, 0.141412
4.525, 1, 0.141412
4.55, 1, 0.141412
4.575, 1, 0.141062
4.6, 1, 0.14092
4.625, 1, 0.14092
4.65, 1, 0.14092
4.675, 1, 0.14092
4.7, 1, 0.14092
4.725, 1, 0.136196
4.75, 1, 0.136196
4.775, 1, 0.136196
4.8, 1, 0.136196
4.825, 1, 0.136196
4.85, 1, 0.136196
4.875, 1, 0.136196
4.9, 1, 0.135228
4.925, 1, 0.133952
4.95, 1, 0.135194
4.975, 1, 0.135194
5, 1, 0.137061
5.025, 1, 0.139832
5.05, 1, 0.139832
5.075, 1, 0.139832
5.1, 1, 0.139832
5.125, 1, 0.139832
5.15, 1, 0.139832
5.175, 1, 0.139832
5.2, 1, 0.138748
5.225, 1, 0.138748
5.25, 1, 0.138748
5.275, 1, 0.138748
5.3, 1, 0.138748
5.325, 1, 0.138748
5.35, 1, 0.138359
5.375, 1, 0.137958
5.4, 1, 0.135718
5.425, 1, 0.135718
5.45, 1, 0.135718
5.475, 1, 0.130009
5.5, 1, 0.130009
5.525, 1, 0.129967
5.55, 1, 0.129727
5.575, 1, 0.1305
5.6, 1, 0.13165
5.625, 1, 0.13165
5.65, 1, 0.13165
5.675, 1, 0.121387
5.7, 1, 0.121387
5.725, 1, 0.121387
5.75, 1, 0.121387
5.775, 1, 0.124546
5.8, 1, 0.128741
5.825, 1, 0.128741
5.85, 1, 0.131211
5.875, 1, 0.131211
5.9, 1, 0.131211
5.925, 1, 0.131211
5.95, 1, 0.130858
5.975, 1, 0.130858
6, 1, 0.130858
6.025, 1, 0.130858
6.05, 1, 0.130858
6.075, 1, 0.129868
6.1, 1, 0.128787
6.125, 1, 0.128787
6.15, 1, 0.130475
6.175, 1, 0.130475
6.2, 1, 0.130475
6.225, 1, 0.131208
6.25, 1, 0.133743
6.275, 1, 0.133743
6.3, 1, 0.134133
6.325, 1, 0.134133
6.35, 1, 0.134584
6.375, 1, 0.134584
6.4, 1, 0.134421
6.425, 1, 0.134982
6.45, 1, 0.134982
6.475, 1, 0.134919
6.5, 1, 0.135083
6.525, 1, 0.135253
6.55, 1, 0.13501
6.575, 1, 0.13501
6.6, 1, 0.132442
6.625, 1, 0.132442
6.65, 1, 0.132442
6.675, 1, 0.132442
6.7, 1, 0.132442
6.725, 1, 0.132442
6.75, 1, 0.128951
6.775, 1, 0.128951
6.8, 1, 0.128951
6.825, 1, 0.128037
6.85, 1, 0.13016
6.875, 1, 0.13016
6.9, 1, 0.13016
6.925, 1, 0.128976
6.95, 1, 0.128976
6.975, 1, 0.124082
7, 1, 0.124082
7.025, 1, 0.124082
7.05, 1, 0.124082
7.075, 1, 0.124082
7.1, 1, 0.125975
7.125, 1, 0.125975
7.15, 1, 0.125975
7.175, 1, 0.125975
7.2, 1, 0.125975
7.225, 1, 0.125975
7.25, 1, 0.12521
7.275, 1, 0.12521
7.3, 1, 0.12521
7.325, 1, 0.12521
7.35, 1, 0.12521
7.375, 1, 0.12521
7.4, 1, 0.125409
7.425, 1, 0.125409
7.45, 1, 0.125409
7.475, 1, 0.125043
7.5, 1, 0.125043
7.525, 1, 0.123937
7.55, 1, 0.123937
7.575, 1, 0.121247
7.6, 1, 0.121247
7.625, 1, 0.121247
7.65, 1, 0.121247
7.675, 1, 0.121247
7.7, 1, 0.121247
7.725, 1, 0.115441
7.75, 1, 0.110064
7.775, 1, 0.107112
7.8, 1, 0.107798
7.825, 1, 0.107798
7.85, 1, 0.107798
7.875, 1, 0.107798
7.9, 1, 0.107798
7.925, 1, 0.105333
7.95, 1, 0.105333
7.975, 1, 0.105333
8, 1, 0.0999028
8.025, 1, 0.0971438
8.05, 1, 0.0971438
8.075, 1, 0.0974264
8.1, 1, 0.0974264
8.125, 1, 0.0974264
8.15, 1, 0.0982577
8.175, 1, 0.0984068
8.2, 1, 0.0984068
8.225, 1, 0.097932
8.25, 1, 0.0993082
8.275, 1, 0.100921
8.3, 1, 0.100921
8.325, 1, 0.102902
8.35, 1, 0.107161
8.375, 1, 0.109951
8.4, 1, 0.109951
8.425, 1, 0.108637
8.45, 1, 0.108637
8.475, 1, 0.108637
8.5, 1, 0.105323
8.525, 1, 0.105323
8.55, 1, 0.105184
8.575, 1, 0.104702
8.6, 1, 0.103736
8.625, 1, 0.103736
8.65, 1, 0.0973891
8.675, 1, 0.0908618
8.7, 1, 0.0908618
8.725, 1, 0.0908618
8.75, 1, 0.0908618
8.775, 1, 0.0908618
8.8, 1, 0.0933303
8.825, 1, 0.0929738
8.85, 1, 0.0923429
8.875, 1, 0.0919287
8.9, 1, 0.0919287
8.925, 1, 0.0919287
8.95, 1, 0.0919044
8.975, 1, 0.0931397
9, 1, 0.0952376
9.025, 1, 0.0952376
9.05, 1, 0.0952376
9.075, 1, 0.0951953
9.1, 1, 0.0951953
9.125, 1, 0.0951953
9.15, 1, 0.0965066
9.175, 1, 0.0997862
9.2, 1, 0.102852
9.225, 1, 0.102852
9.25, 1, 0.102852
9.275, 1, 0.102852
9.3, 1, 0.102852
9.325, 1, 0.102852
9.35, 1, 0.103455
9.375, 1, 0.103455
9.4, 1, 0.103455
9.425, 1, 0.103455
9.45, 1, 0.102901
9.475, 1, 0.104713
9.5, 1, 0.104713
9.525, 1, 0.104713
9.55, 1, 0.104713
9.575, 1, 0.104733
9.6, 1, 0.104733
9.625, 1, 0.104752
9.65, 1, 0.104752
9.675, 1, 0.104752
9.7, 1, 0.102663
9.725, 1, 0.102663
9.75, 1, 0.101144
9.775, 1, 0.101144
9.8, 1, 0.101754
9.825, 1, 0.101754
9.85, 1, 0.0993397
9.875, 1, 0.0968761
9.9, 1, 0.0968761
9.925, 1, 0.0948546
9.95, 1, 0.0941984
9.975, 1, 0.0941984
10, 1, 0.0941984
10.025, 1, 0.0933627
10.05, 1, 0.0926137
10.075, 1, 0.0926137
10.1, 1, 0.0926137
10.125, 1, 0.0926137
10.15, 1, 0.0925637
10.175, 1, 0.093932
10.2, 1, 0.093932
10.225, 1, 0.093932
10.25, 1, 0.093932
10.275, 1, 0.093932
10.3, 1, 0.0937841
10.325, 1, 0.0949465
10.35, 1, 0.0949465
10.375, 1, 0.0954186
10.4, 1, 0.0965617
10.425, 1, 0.0965617
10.45, 1, 0.0965617
10.475, 1, 0.0965617
10.5, 1, 0.0971027
10.525, 1, 0.0971027
10.55, 1, 0.0971519
10.575, 1, 0.0971519
10.6, 1, 0.0971519
10.625, 1, 0.0971519
10.65, 1, 0.09572
10.675, 1, 0.09572
10.7, 1, 0.0945444
10.725, 1, 0.0927989
10.75, 1, 0.0927989
10.775, 1, 0.0927989
10.8, 1, 0.0927989
10.825, 1, 0.0921931
10.85, 1, 0.0921931
10.875, 1, 0.0921931
10.9, 1, 0.0914294
10.925, 1, 0.0914294
10.95, 1, 0.0878623
10.975, 1, 0.0841217
11, 1, 0.0841217
11.025, 1, 0.0841217
11.05, 1, 0.0841217
11.075, 1, 0.0841217
11.1, 1, 0.0886297
11.125, 1, 0.0925367
11.15, 1, 0.0943698
11.175, 1, 0.0943698
11.2, 1, 0.0912712
11.225, 1, 0.0875877
11.25, 1, 0.0827489
11.275, 1, 0.0827489
11.3, 1, 0.0881069
11.325, 1, 0.0881069
11.35, 1, 0.0881069
11.375, 1, 0.0881069
11.4, 1, 0.0885181
11.425, 1, 0.0885181
11.45, 1, 0.0885181
11.475, 1, 0.0885181
11.5, 1, 0.0885181
11.525, 1, 0.0885181
11.55, 1, 0.0890132
11.575, 1, 0.0890132
11.6, 1, 0.0890132
11.625, 1, 0.089629
11.65, 1, 0.089629
11.675, 1, 0.089629
11.7, 1, 0.0880362
11.725, 1, 0.0880362
11.75, 1, 0.0880362
11.775, 1, 0.0880362
11.8, 1, 0.0880362
11.825, 1, 0.0880362
11.85, 1, 0.0983829
11.875, 1, 0.0983829
11.9, 1, 0.0983829
11.925, 1, 0.0983829
11.95, 1, 0.0983829
11.975, 1, 0.0983829
12, 1, 0.0983829
12.025, 1, 0.0983829
12.05, 1, 0.0983829
12.075, 1, 0.0983829
12.1, 1, 0.0933744
12.125, 1, 0.0913087
12.15, 1, 0.0913087
12.175, 1, 0.0901008
12.2, 1, 0.0901008
12.225, 1, 0.0907257
12.25, 1, 0.0907257
12.275, 1, 0.0907257
12.3, 1, 0.0907257
12.325, 1, 0.0902949
12.35, 1, 0.0930447
12.375, 1, 0.0930447
12.4, 1, 0.0930447
12.425, 1, 0.0930447
12.45, 1, 0.0930447
12.475, 1, 0.0939023
12.5, 1, 0.0939023
12.525, 1, 0.0937714
12.55, 1, 0.0937714
12.575, 1, 0.0944397
12.6, 1, 0.0966054
12.625, 1, 0.0966054
12.65, 1, 0.0955509
12.675, 1, 0.0955509
12.7, 1, 0.0955509
12.725, 1, 0.0941838
12.75, 1, 0.0937687
12.775, 1, 0.0937687
12.8, 1, 0.0937687
12.825, 1, 0.093698
12.85, 1, 0.0927723
12.875, 1, 0.0927723
12.9, 1, 0.0891821
12.925, 1, 0.0891821
12.95, 1, 0.0891821
12.975, 1, 0.0891821
13, 1, 0.0891821
13.025, 1, 0.0915042
13.05, 1, 0.0904663
13.075, 1, 0.089995
13.1, 1, 0.089995
13.125, 1, 0.089995
13.15, 1, 0.0916356
13.175, 1, 0.0916356
13.2, 1, 0.0917141
13.225, 1, 0.0935223
13.25, 1, 0.0935223
13.275, 1, 0.0935223
13.3, 1, 0.0921601
13.325, 1, 0.0921601
13.35, 1, 0.0921601
13.375, 1, 0.0921601
13.4, 1, 0.0921601
13.425, 1, 0.0920239
13.45, 1, 0.0920239
13.475, 1, 0.0920239
13.5, 1, 0.0920239
13.525, 1, 0.0920239
13.55, 1, 0.0920239
13.575, 1, 0.0920239
13.6, 1, 0.0921962
13.625, 1, 0.0921962
13.65, 1, 0.0921962
13.675, 1, 0.0921962
13.7, 1, 0.0923177
13.725, 1, 0.0923177
13.75, 1, 0.0932104
13.775, 1, 0.0932104
13.8, 1, 0.0932104
13.825, 1, 0.0924091
13.85, 1, 0.0924091
13.875, 1, 0.0912693
13.9, 1, 0.0912693
13.925, 1, 0.0912693
13.95, 1, 0.0912693
13.975, 1, 0.0912693
14, 1, 0.0912693
14.025, 1, 0.0942029
14.05, 1, 0.0942029
14.075, 1, 0.0941643
14.1, 1, 0.0940493
14.125, 1, 0.0933637
14.15, 1, 0.0933637
14.175, 1, 0.0933637
14.2, 1, 0.0905845
14.225, 1, 0.0905845
14.25, 1, 0.0887863
14.275, 1, 0.0887863
14.3, 1, 0.0897671
14.325, 1, 0.0913914
14.35, 1, 0.0932307
14.375, 1, 0.0932307
14.4, 1, 0.0932319
14.425, 1, 0.0935269
14.45, 1, 0.0933991
14.475, 1, 0.0933991
14.5, 1, 0.0926667
14.525, 1, 0.0926667
14.55, 1, 0.0926667
14.575, 1, 0.0929629
14.6, 1, 0.094613
14.625, 1, 0.094613
14.65, 1, 0.094613
14.675, 1, 0.094613
14.7, 1, 0.094613
14.725, 1, 0.094613
14.75, 1, 0.094613
14.775, 1, 0.094613
14.8, 1, 0.094613
14.825, 1, 0.094613
14.85, 1, 0.102715
14.875, 1, 0.102895
14.9, 1, 0.102895
14.925, 1, 0.102693
14.95, 1, 0.10213
14.975, 1, 0.10129
15, 1, 0.10129
15.025, 1, 0.10129
15.05, 1, 0.100916
15.075, 1, 0.100916
15.1, 1, 0.100916
15.125, 1, 0.100518
15.15, 1, 0.100518
15.175, 1, 0.0978528
15.2, 1, 0.0978528
15.225, 1, 0.0978528
15.25, 1, 0.0978528
15.275, 1, 0.0978528
15.3, 1, 0.103395
15.325, 1, 0.105958
15.35, 1, 0.105958
15.375, 1, 0.106513
15.4, 1, 0.104554
15.425, 1, 0.104554
15.45, 1, 0.103074
15.475, 1, 0.103074
15.5, 1, 0.103074
15.525, 1, 0.101796
15.55, 1, 0.101796
15.575, 1, 0.101796
15.6, 1, 0.101796
15.625, 1, 0.102987
15.65, 1, 0.105643
15.675, 1, 0.105643
15.7, 1, 0.106249
15.725, 1, 0.107261
15.75, 1, 0.107261
15.775, 1, 0.107261
15.8, 1, 0.107261
15.825, 1, 0.107261
15.85, 1, 0.10737
15.875, 1, 0.10737
15.9, 1, 0.10737
15.925, 1, 0.10737
15.95, 1, 0.10737
15.975, 1, 0.10737
16, 1, 0.109845
16.025, 1, 0.109489
16.05, 1, 0.109489
16.075, 1, 0.109489
16.1, 1, 0.109489
16.125, 1, 0.107914
16.15, 1, 0.107914
16.175, 1, 0.107914
16.2, 1, 0.107914
16.225, 1, 0.107746
16.25, 1, 0.107746
16.275, 1, 0.107165
16.3, 1, 0.107165
16.325, 1, 0.107165
16.35, 1, 0.103957
16.375, 1, 0.103957
16.4, 1, 0.105805
16.425, 1, 0.105805
16.45, 1, 0.105805
16.475, 1, 0.105805
16.5, 1, 0.104242
16.525, 1, 0.104242
16.55, 1, 0.104242
16.575, 1, 0.104456
16.6, 1, 0.107185
16.625, 1, 0.109441
16.65, 1, 0.109441
16.675, 1, 0.109906
16.7, 1, 0.109906
16.725, 1, 0.109906
16.75, 1, 0.109385
16.775, 1, 0.109293
16.8, 1, 0.10967
16.825, 1, 0.10967
16.85, 1, 0.10967
16.875, 1, 0.106538
16.9, 1, 0.106538
16.925, 1, 0.101692
16.95, 1, 0.101692
16.975, 1, 0.100661
17, 1, 0.100661
17.025, 1, 0.100498
17.05, 1, 0.100066
17.075, 1, 0.0976235
17.1, 1, 0.0976235
17.125, 1, 0.0944979
17.15, 1, 0.0944979
17.175, 1, 0.0926056
17.2, 1, 0.0926056
17.225, 1, 0.0926056
17.25, 1, 0.0926056
17.275, 1, 0.0926056
17.3, 1, 0.090405
17.325, 1, 0.090405
17.35, 1, 0.090405
17.375, 1, 0.0912374
17.4, 1, 0.0916916
17.425, 1, 0.0916916
17.45, 1, 0.0916916
17.475, 1, 0.0916916
17.5, 1, 0.0897883
17.525, 1, 0.0897883
17.55, 1, 0.0925652
17.575, 1, 0.0969782
17.6, 1, 0.0969782
17.625, 1, 0.0985549
17.65, 1, 0.0985549
17.675, 1, 0.0985549
17.7, 1, 0.0984627
17.725, 1, 0.0984627
17.75, 1, 0.0984627
17.775, 1, 0.0982513
17.8, 1, 0.0997489
17.825, 1, 0.101016
17.85, 1, 0.101016
17.875, 1, 0.101016
17.9, 1, 0.101571
17.925, 1, 0.101571
17.95, 1, 0.101571
17.975, 1, 0.101149
18, 1, 0.100816
18.025, 1, 0.100816
18.05, 1, 0.100816
18.075, 1, 0.10132
18.1, 1, 0.10132
18.125, 1, 0.101119
18.15, 1, 0.0984482
18.175, 1, 0.0922776
18.2, 1, 0.0922776
18.225, 1, 0.0852441
18.25, 1, 0.0852441
18.275, 1, 0.0902726
18.3, 1, 0.0902726
18.325, 1, 0.0902726
18.35, 1, 0.0902726
18.375, 1, 0.0902726
18.4, 1, 0.0902726
18.425, 1, 0.0927422
18.45, 1, 0.0927422
18.475, 1, 0.0927422
18.5, 1, 0.0927422
18.525, 1, 0.0927422
18.55, 1, 0.0927422
18.575, 1, 0.0927422
18.6, 1, 0.0927188
18.625, 1, 0.0980203
18.65, 1, 0.0980203
18.675, 1, 0.0980203
18.7, 1, 0.0990014
18.725, 1, 0.0990014
18.75, 1, 0.100393
18.775, 1, 0.103679
18.8, 1, 0.103679
18.825, 1, 0.103679
18.85, 1, 0.103679
18.875, 1, 0.103679
18.9, 1, 0.10417
18.925, 1, 0.10417
18.95, 1, 0.10417
18.975, 1, 0.10417
19, 1, 0.102092
19.025, 1, 0.102373
19.05, 1, 0.102373
19.075, 1, 0.102373
19.1, 1, 0.102373
19.125, 1, 0.0997173
19.15, 1, 0.0951672
19.175, 1, 0.0951672
19.2, 1, 0.086618
19.225, 1, 0.086618
19.25, 1, 0.086618
19.275, 1, 0.0876965
19.3, 1, 0.0890149
19.325, 1, 0.0890149
19.35, 1, 0.0890149
19.375, 1, 0.0852772
19.4, 1, 0.0852772
19.425, 1, 0.0852772
19.45, 1, 0.0852772
19.475, 1, 0.0852772
19.5, 1, 0.083946
19.525, 1, 0.0870194
19.55, 1, 0.0910201
19.575, 1, 0.0910201
19.6, 1, 0.0910201
19.625, 1, 0.0910201
19.65, 1, 0.0910286
19.675, 1, 0.0910286
19.7, 1, 0.0910286
19.725, 1, 0.088891
19.75, 1, 0.088891
19.775, 1, 0.088891
19.8, 1, 0.0897714
19.825, 1, 0.0897714
19.85, 1, 0.0939073
19.875, 1, 0.0939073
19.9, 1, 0.0943513
19.925, 1, 0.0943513
19.95, 1, 0.0943513
19.975, 1, 0.0943513
20, 1, 0.0954655
20, 1, 0.0957767
20.025, 1, 0.0958624
20.05, 1, 0.0960258
20.075, 1, 0.0960258
20.1, 1, 0.0962158
20.125, 1, 0.0962158
20.15, 1, 0.0964181
20.175, 1, 0.0964181
20.2, 1, 0.0964181
20.225, 1, 0.0964181
20.25, 1, 0.0964181
20.275, 1, 0.096618
20.3, 1, 0.096618
20.325, 1, 0.096618
20.35, 1, 0.096618
20.375, 1, 0.0967695
20.4, 1, 0.0967695
20.425, 1, 0.0967695
20.45, 1, 0.0969656
20.475, 1, 0.0974184
20.5, 1, 0.0980578
20.525, 1, 0.0988637
20.55, 1, 0.0988637
20.575, 1, 0.0996502
20.6, 1, 0.0996502
20.625, 1, 0.100413
20.65, 1, 0.101247
20.675, 1, 0.101247
20.7, 1, 0.102075
20.725, 1, 0.102978
20.75, 1, 0.102978
20.775, 1, 0.103855
20.8, 1, 0.103855
20.825, 1, 0.103855
20.85, 1, 0.104704
20.875, 1, 0.105511
20.9, 1, 0.106333
20.925, 1, 0.106333
20.95, 1, 0.106333
20.975, 1, 0.106982
21, 1, 0.106982
21.025, 1, 0.106982
21.05, 1, 0.106982
21.075, 1, 0.106982
21.1, 1, 0.108165
21.125, 1, 0.10927
21.15, 1, 0.110316
21.175, 1, 0.111329
21.2, 1, 0.112331
21.225, 1, 0.113319
21.25, 1, 0.113319
21.275, 1, 0.113319
21.3, 1, 0.113319
21.325, 1, 0.114293
21.35, 1, 0.114293
21.375, 1, 0.114293
21.4, 1, 0.114293
21.425, 1, 0.114293
21.45, 1, 0.114293
21.475, 1, 0.114293
21.5, 1, 0.114293
21.525, 1, 0.115154
21.55, 1, 0.115154
21.575, 1, 0.115154
21.6, 1, 0.115154
21.625, 1, 0.115154
21.65, 1, 0.115154
21.675, 1, 0.116091
21.7, 1, 0.116996
21.725, 1, 0.117869
21.75, 1, 0.117869
21.775, 1, 0.117869
21.8, 1, 0.117869
21.825, 1, 0.118694
21.85, 1, 0.119474
21.875, 1, 0.119474
21.9, 1, 0.119474
21.925, 1, 0.120183
21.95, 1, 0.120183
21.975, 1, 0.12083
22, 1, 0.12083
22.025, 1, 0.12083
22.05, 1, 0.121403
22.075, 1, 0.121403
22.1, 1, 0.121403
22.125, 1, 0.121403
22.15, 1, 0.121802
22.175, 1, 0.12203
22.2, 1, 0.122106
22.225, 1, 0.122106
22.25, 1, 0.122106
22.275, 1, 0.122106
22.3, 1, 0.12217
22.325, 1, 0.12217
22.35, 1, 0.12217
22.375, 1, 0.12217
22.4, 1, 0.122044
22.425, 1, 0.12177
22.45, 1, 0.12177
22.475, 1, 0.121598
22.5, 1, 0.121598
22.525, 1, 0.121598
22.55, 1, 0.121598
22.575, 1, 0.121598
22.6, 1, 0.121598
22.625, 1, 0.121598
22.65, 1, 0.121598
22.675, 1, 0.121431
22.7, 1, 0.121431
22.725, 1, 0.1213
22.75, 1, 0.121233
22.775, 1, 0.121233
22.8, 1, 0.121216
22.825, 1, 0.121216
22.85, 1, 0.121213
22.875, 1, 0.121213
22.9, 1, 0.121213
22.925, 1, 0.121213
22.95, 1, 0.121213
22.975, 1, 0.121214
23, 1, 0.121214
23.025, 1, 0.121236
23.05, 1, 0.121236
23.075, 1, 0.12127
23.1, 1, 0.12127
23.125, 1, 0.12127
23.15, 1, 0.12127
23.175, 1, 0.121302
23.2, 1, 0.121302
23.225, 1, 0.12134
23.25, 1, 0.121377
23.275, 1, 0.121413
23.3, 1, 0.121413
23.325, 1, 0.121452
23.35, 1, 0.12149
23.375, 1, 0.12149
23.4, 1, 0.121525
23.425, 1, 0.121525
23.45, 1, 0.121558
23.475, 1, 0.121558
23.5, 1, 0.121582
23.525, 1, 0.121582
23.55, 1, 0.121582
23.575, 1, 0.121582
23.6, 1, 0.121582
23.625, 1, 0.121614
23.65, 1, 0.121614
23.675, 1, 0.121614
23.7, 1, 0.121659
23.725, 1, 0.121659
23.75, 1, 0.121659
23.775, 1, 0.121659
23.8, 1, 0.121659
23.825, 1, 0.121659
23.85, 1, 0.121659
23.875, 1, 0.121659
23.9, 1, 0.121659
23.925, 1, 0.121659
23.95, 1, 0.121862
23.975, 1, 0.121862
24, 1, 0.121862
24.025, 1, 0.122062
24.05, 1, 0.122062
24.075, 1, 0.122062
24.1, 1, 0.122062
24.125, 1, 0.122062
24.15, 1, 0.122283
24.175, 1, 0.122283
24.2, 1, 0.122283
24.225, 1, 0.122283
24.25, 1, 0.122283
24.275, 1, 0.122478
24.3, 1, 0.122671
24.325, 1, 0.122671
24.35, 1, 0.122671
24.375, 1, 0.122833
24.4, 1, 0.122833
24.425, 1, 0.122833
24.45, 1, 0.12301
24.475, 1, 0.123195
24.5, 1, 0.123383
24.525, 1, 0.123383
24.55, 1, 0.123567
24.575, 1, 0.123567
24.6, 1, 0.123567
24.625, 1, 0.123567
24.65, 1, 0.123735
24.675, 1, 0.123735
24.7, 1, 0.123735
24.725, 1, 0.123892
24.75, 1, 0.124034
24.775, 1, 0.124162
24.8, 1, 0.124162
24.825, 1, 0.124162
24.85, 1, 0.124282
24.875, 1, 0.124282
24.9, 1, 0.124282
24.925, 1, 0.124282
24.95, 1, 0.124282
24.975, 1, 0.124282
25, 1, 0.124282
25.025, 1, 0.124282
25.05, 1, 0.124366
25.075, 1, 0.124366
25.1, 1, 0.124415
25.125, 1, 0.124415
25.15, 1, 0.124407
25.175, 1, 0.124307
25.2, 1, 0.124307
25.225, 1, 0.124307
25.25, 1, 0.124019
25.275, 1, 0.12356
25.3, 1, 0.123065
25.325, 1, 0.122632
25.35, 1, 0.122632
25.375, 1, 0.122275
25.4, 1, 0.122275
25.425, 1, 0.122275
25.45, 1, 0.122275
25.475, 1, 0.121963
25.5, 1, 0.121963
25.525, 1, 0.121963
25.55, 1, 0.121963
25.575, 1, 0.121714
25.6, 1, 0.121517
25.625, 1, 0.121368
25.65, 1, 0.121368
25.675, 1, 0.121209
25.7, 1, 0.121209
25.725, 1, 0.121209
25.75, 1, 0.121061
25.775, 1, 0.121061
25.8, 1, 0.120915
25.825, 1, 0.120915
25.85, 1, 0.120915
25.875, 1, 0.12078
25.9, 1, 0.12078
25.925, 1, 0.12078
25.95, 1, 0.120649
25.975, 1, 0.120649
26, 1, 0.120649
26.025, 1, 0.120522
26.05, 1, 0.120401
26.075, 1, 0.120401
26.1, 1, 0.120401
26.125, 1, 0.120283
26.15, 1, 0.120283
26.175, 1, 0.120169
26.2, 1, 0.120169
26.225, 1, 0.120061
26.25, 1, 0.120061
26.275, 1, 0.119949
26.3, 1, 0.119949
26.325, 1, 0.119839
26.35, 1, 0.119732
26.375, 1, 0.119628
26.4, 1, 0.119628
26.425, 1, 0.119628
26.45, 1, 0.119527
26.475, 1, 0.119527
26.5, 1, 0.11943
26.525, 1, 0.11943
26.55, 1, 0.119335
26.575, 1, 0.119241
26.6, 1, 0.119141
26.625, 1, 0.119141
26.65, 1, 0.118997
26.675, 1, 0.118997
26.7, 1, 0.118997
26.725, 1, 0.118849
26.75, 1, 0.118706
26.775, 1, 0.118706
26.8, 1, 0.118706
26.825, 1, 0.118706
26.85, 1, 0.118571
26.875, 1, 0.118426
26.9, 1, 0.118426
26.925, 1, 0.118426
26.95, 1, 0.118426
26.975, 1, 0.118426
27, 1, 0.118388
27.025, 1, 0.118376
27.05, 1, 0.118376
27.075, 1, 0.118376
27.1, 1, 0.118324
27.125, 1, 0.118324
27.15, 1, 0.118324
27.175, 1, 0.118324
27.2, 1, 0.118324
27.225, 1, 0.118324
27.25, 1, 0.118266
27.275, 1, 0.118266
27.3, 1, 0.118216
27.325, 1, 0.118176
27.35, 1, 0.118176
27.375, 1, 0.118176
27.4, 1, 0.118176
27.425, 1, 0.11813
27.45, 1, 0.118078
27.475, 1, 0.118021
27.5, 1, 0.118021
27.525, 1, 0.118021
27.55, 1, 0.118021
27.575, 1, 0.118021
27.6, 1, 0.118021
27.625, 1, 0.118021
27.65, 1, 0.117965
27.675, 1, 0.117965
27.7, 1, 0.11791
27.725, 1, 0.117853
27.75, 1, 0.117792
27.775, 1, 0.117719
27.8, 1, 0.117628
27.825, 1, 0.117628
27.85, 1, 0.117523
27.875, 1, 0.117523
27.9, 1, 0.117523
27.925, 1, 0.117523
27.95, 1, 0.117523
27.975, 1, 0.117523
28, 1, 0.117523
28.025, 1, 0.117523
28.05, 1, 0.117523
28.075, 1, 0.117419
28.1, 1, 0.117419
28.125, 1, 0.117323
28.15, 1, 0.117239
28.175, 1, 0.117239
28.2, 1, 0.117239
28.225, 1, 0.117112
28.25, 1, 0.116982
28.275, 1, 0.116859
28.3, 1, 0.116724
28.325, 1, 0.116548
28.35, 1, 0.116307
28.375, 1, 0.116307
28.4, 1, 0.116307
28.425, 1, 0.116307
28.45, 1, 0.116307
28.475, 1, 0.116307
28.5, 1, 0.115956
28.525, 1, 0.115956
28.55, 1, 0.115956
28.575, 1, 0.115956
28.6, 1, 0.115687
28.625, 1, 0.115687
28.65, 1, 0.115687
28.675, 1, 0.115687
28.7, 1, 0.115453
28.725, 1, 0.115183
28.75, 1, 0.115183
28.775, 1, 0.114841
28.8, 1, 0.114841
28.825, 1, 0.114462
28.85, 1, 0.114462
28.875, 1, 0.11408
28.9, 1, 0.113696
28.925, 1, 0.113696
28.95, 1, 0.113696
28.975, 1, 0.113696
29, 1, 0.113696
29.025, 1, 0.113696
29.05, 1, 0.113696
29.075, 1, 0.113325
29.1, 1, 0.112964
29.125, 1, 0.112964
29.15, 1, 0.112964
29.175, 1, 0.112618
29.2, 1, 0.112618
29.225, 1, 0.112282
29.25, 1, 0.111957
29.275, 1, 0.111957
29.3, 1, 0.111957
29.325, 1, 0.111646
29.35, 1, 0.111646
29.375, 1, 0.111339
29.4, 1, 0.111339
29.425, 1, 0.111339
29.45, 1, 0.111339
29.475, 1, 0.111339
29.5, 1, 0.111339
29.525, 1, 0.111339
29.55, 1, 0.111144
29.575, 1, 0.111144
29.6, 1, 0.111144
29.625, 1, 0.110943
29.65, 1, 0.110943
29.675, 1, 0.110943
29.7, 1, 0.110943
29.725, 1, 0.110732
29.75, 1, 0.110732
29.775, 1, 0.110503
29.8, 1, 0.110503
29.825, 1, 0.110332
29.85, 1, 0.110332
29.875, 1, 0.110332
29.9, 1, 0.110332
29.925, 1, 0.110235
29.95, 1, 0.110135
29.975, 1, 0.110135
30, 1, 0.11004
30, 1, 0.109947
30.025, 1, 0.109842
30.05, 1, 0.109542
30.075, 1, 0.109542
30.1, 1, 0.108736
30.125, 1, 0.107462
30.15, 1, 0.107462
30.175, 1, 0.107462
30.2, 1, 0.107462
30.225, 1, 0.107462
30.25, 1, 0.106258
30.275, 1, 0.106258
30.3, 1, 0.106258
30.325, 1, 0.104945
30.35, 1, 0.104945
30.375, 1, 0.104945
30.4, 1, 0.104945
30.425, 1, 0.104945
30.45, 1, 0.103529
30.475, 1, 0.102513
30.5, 1, 0.102513
30.525, 1, 0.10166
30.55, 1, 0.10166
30.575, 1, 0.10108
30.6, 1, 0.10108
30.625, 1, 0.10108
30.65, 1, 0.100527
30.675, 1, 0.100527
30.7, 1, 0.100527
30.725, 1, 0.100527
30.75, 1, 0.100527
30.775, 1, 0.100091
30.8, 1, 0.100159
30.825, 1, 0.100547
30.85, 1, 0.101226
30.875, 1, 0.101226
30.9, 1, 0.101226
30.925, 1, 0.101881
30.95, 1, 0.101881
30.975, 1, 0.102503
31, 1, 0.10309
31.025, 1, 0.103588
31.05, 1, 0.103588
31.075, 1, 0.103588
31.1, 1, 0.103588
31.125, 1, 0.103588
31.15, 1, 0.103588
31.175, 1, 0.104207
31.2, 1, 0.104899
31.225, 1, 0.104899
31.25, 1, 0.104899
31.275, 1, 0.105509
31.3, 1, 0.105509
31.325, 1, 0.105509
31.35, 1, 0.105509
31.375, 1, 0.10604
31.4, 1, 0.10604
31.425, 1, 0.106477
31.45, 1, 0.106923
31.475, 1, 0.106923
31.5, 1, 0.107343
31.525, 1, 0.107718
31.55, 1, 0.108045
31.575, 1, 0.108045
31.6, 1, 0.108045
31.625, 1, 0.108045
31.65, 1, 0.108045
31.675, 1, 0.108346
31.7, 1, 0.108346
31.725, 1, 0.108346
31.75, 1, 0.108346
31.775, 1, 0.108662
31.8, 1, 0.108973
31.825, 1, 0.109279
31.85, 1, 0.109279
31.875, 1, 0.109279
31.9, 1, 0.109279
31.925, 1, 0.109279
31.95, 1, 0.109544
31.975, 1, 0.109544
32, 1, 0.109746
32.025, 1, 0.109902
32.05, 1, 0.109902
32.075, 1, 0.110012
32.1, 1, 0.110012
32.125, 1, 0.110082
32.15, 1, 0.110082
32.175, 1, 0.110082
32.2, 1, 0.110127
32.225, 1, 0.110127
32.25, 1, 0.110115
32.275, 1, 0.110052
32.3, 1, 0.110052
32.325, 1, 0.109946
32.35, 1, 0.109946
32.375, 1, 0.109903
32.4, 1, 0.109903
32.425, 1, 0.109879
32.45, 1, 0.109866
32.475, 1, 0.109866
32.5, 1, 0.109772
32.525, 1, 0.109772
32.55, 1, 0.109432
32.575, 1, 0.109432
32.6, 1, 0.109089
32.625, 1, 0.10875
32.65, 1, 0.10875
32.675, 1, 0.108516
32.7, 1, 0.108333
32.725, 1, 0.108333
32.75, 1, 0.10815
32.775, 1, 0.10815
32.8, 1, 0.10815
32.825, 1, 0.107904
32.85, 1, 0.107904
32.875, 1, 0.107681
32.9, 1, 0.107506
32.925, 1, 0.107393
32.95, 1, 0.107327
32.975, 1, 0.107299
33, 1, 0.107283
33.025, 1, 0.107272
33.05, 1, 0.107253
33.075, 1, 0.107253
33.1, 1, 0.107253
33.125, 1, 0.107216
33.15, 1, 0.107175
33.175, 1, 0.107175
33.2, 1, 0.107175
33.225, 1, 0.107175
33.25, 1, 0.107133
33.275, 1, 0.107133
33.3, 1, 0.107133
33.325, 1, 0.107133
33.35, 1, 0.107083
33.375, 1, 0.107026
33.4, 1, 0.106963
33.425, 1, 0.106963
33.45, 1, 0.106963
33.475, 1, 0.106963
33.5, 1, 0.106963
33.525, 1, 0.106963
33.55, 1, 0.106895
33.575, 1, 0.106825
33.6, 1, 0.106825
33.625, 1, 0.106825
33.65, 1, 0.106741
33.675, 1, 0.10663
33.7, 1, 0.106488
33.725, 1, 0.10631
33.75, 1, 0.106108
33.775, 1, 0.106108
33.8, 1, 0.106108
33.825, 1, 0.106108
33.85, 1, 0.106108
33.875, 1, 0.105914
33.9, 1, 0.105914
33.925, 1, 0.105914
33.95, 1, 0.105914
33.975, 1, 0.105621
34, 1, 0.105621
34.025, 1, 0.105246
34.05, 1, 0.104897
34.075, 1, 0.104897
34.1, 1, 0.104897
34.125, 1, 0.104897
34.15, 1, 0.104513
34.175, 1, 0.104146
34.2, 1, 0.104146
34.225, 1, 0.103769
34.25, 1, 0.103362
34.275, 1, 0.102925
34.3, 1, 0.102925
34.325, 1, 0.102925
34.35, 1, 0.102535
34.375, 1, 0.102163
34.4, 1, 0.102163
34.425, 1, 0.101786
34.45, 1, 0.101423
34.475, 1, 0.101073
34.5, 1, 0.101073
34.525, 1, 0.101073
34.55, 1, 0.100738
34.575, 1, 0.100418
34.6, 1, 0.100418
34.625, 1, 0.100418
34.65, 1, 0.100084
34.675, 1, 0.0997534
34.7, 1, 0.0994287
34.725, 1, 0.0991145
34.75, 1, 0.0991145
34.775, 1, 0.0991145
34.8, 1, 0.0988088
34.825, 1, 0.0988088
34.85, 1, 0.0988088
34.875, 1, 0.0988088
34.9, 1, 0.0988088
34.925, 1, 0.0988088
34.95, 1, 0.0988088
34.975, 1, 0.0985221
35, 1, 0.0985221
35.025, 1, 0.0985221
35.05, 1, 0.0982327
35.075, 1, 0.0982327
35.1, 1, 0.0982327
35.125, 1, 0.0982327
35.15, 1, 0.0979475
35.175, 1, 0.0979475
35.2, 1, 0.0976806
35.225, 1, 0.0976806
35.25, 1, 0.097431
35.275, 1, 0.097431
35.3, 1, 0.0971896
35.325, 1, 0.0971896
35.35, 1, 0.0971896
35.375, 1, 0.0968857
35.4, 1, 0.0968857
35.425, 1, 0.0964613
35.45, 1, 0.0964613
35.475, 1, 0.0964613
35.5, 1, 0.0964613
35.525, 1, 0.0964613
35.55, 1, 0.0964613
35.575, 1, 0.0960418
35.6, 1, 0.0960418
35.625, 1, 0.0960418
35.65, 1, 0.0960418
35.675, 1, 0.0960418
35.7, 1, 0.0956381
35.725, 1, 0.0952732
35.75, 1, 0.0949201
35.775, 1, 0.0945498
35.8, 1, 0.0941327
35.825, 1, 0.0941327
35.85, 1, 0.0941327
35.875, 1, 0.0938277
35.9, 1, 0.0935374
35.925, 1, 0.0935374
35.95, 1, 0.0932416
35.975, 1, 0.0932416
36, 1, 0.0929568
36.025, 1, 0.0929568
36.05, 1, 0.0926824
36.075, 1, 0.0926824
36.1, 1, 0.0926824
36.125, 1, 0.0926824
36.15, 1, 0.0926824
36.175, 1, 0.0926824
36.2, 1, 0.0924172
36.225, 1, 0.0921609
36.25, 1, 0.0921609
36.275, 1, 0.0919118
36.3, 1, 0.0919118
36.325, 1, 0.0916686
36.35, 1, 0.0914336
36.375, 1, 0.0912065
36.4, 1, 0.0909869
36.425, 1, 0.0909869
36.45, 1, 0.0907747
36.475, 1, 0.0907747
36.5, 1, 0.0907747
36.525, 1, 0.0907747
36.55, 1, 0.0905685
36.575, 1, 0.0905685
36.6, 1, 0.0903705
36.625, 1, 0.090178
36.65, 1, 0.090178
36.675, 1, 0.090178
36.7, 1, 0.0899773
36.725, 1, 0.0899773
36.75, 1, 0.0899773
36.775, 1, 0.0899773
36.8, 1, 0.0897608
36.825, 1, 0.0897608
36.85, 1, 0.0895269
36.875, 1, 0.0895269
36.9, 1, 0.0895269
36.925, 1, 0.0895269
36.95, 1, 0.0895269
36.975, 1, 0.0892408
37, 1, 0.0892408
37.025, 1, 0.0890248
37.05, 1, 0.0887963
37.075, 1, 0.0885211
37.1, 1, 0.0885211
37.125, 1, 0.0885211
37.15, 1, 0.0885211
37.175, 1, 0.0885211
37.2, 1, 0.0885211
37.225, 1, 0.0882286
37.25, 1, 0.0882286
37.275, 1, 0.0882286
37.3, 1, 0.0880349
37.325, 1, 0.0878486
37.35, 1, 0.087665
37.375, 1, 0.087665
37.4, 1, 0.087665
37.425, 1, 0.0875051
37.45, 1, 0.0873092
37.475, 1, 0.0873092
37.5, 1, 0.0870623
37.525, 1, 0.0870623
37.55, 1, 0.0870623
37.575, 1, 0.0870623
37.6, 1, 0.086859
37.625, 1, 0.086859
37.65, 1, 0.086859
37.675, 1, 0.086859
37.7, 1, 0.086859
37.725, 1, 0.086859
37.75, 1, 0.0866588
37.775, 1, 0.0866588
37.8, 1, 0.0866588
37.825, 1, 0.0864657
37.85, 1, 0.0864657
37.875, 1, 0.0864657
37.9, 1, 0.0862793
37.925, 1, 0.0861045
37.95, 1, 0.085939
37.975, 1, 0.085939
38, 1, 0.0857755
38.025, 1, 0.0856173
38.05, 1, 0.0854644
38.075, 1, 0.085315
38.1, 1, 0.085315
38.125, 1, 0.085315
38.15, 1, 0.0851768
38.175, 1, 0.0851768
38.2, 1, 0.0851768
38.225, 1, 0.0849128
38.25, 1, 0.0849128
38.275, 1, 0.0849128
38.3, 1, 0.0849128
38.325, 1, 0.0849128
38.35, 1, 0.0849128
38.375, 1, 0.0849128
38.4, 1, 0.0849128
38.425, 1, 0.0846706
38.45, 1, 0.0846706
38.475, 1, 0.0843499
38.5, 1, 0.0843499
38.525, 1, 0.0843499
38.55, 1, 0.0842173
38.575, 1, 0.0842173
38.6, 1, 0.0842173
38.625, 1, 0.0842173
38.65, 1, 0.0842173
38.675, 1, 0.0842173
38.7, 1, 0.0842171
38.725, 1, 0.0841804
38.75, 1, 0.0840827
38.775, 1, 0.0838985
38.8, 1, 0.0836882
38.825, 1, 0.0835028
38.85, 1, 0.0833407
38.875, 1, 0.0833407
38.9, 1, 0.0833407
38.925, 1, 0.0831862
38.95, 1, 0.0831862
38.975, 1, 0.0831862
39, 1, 0.0831862
39.025, 1, 0.0831862
39.05, 1, 0.0831862
39.075, 1, 0.0830219
39.1, 1, 0.0828465
39.125, 1, 0.0828465
39.15, 1, 0.0828465
39.175, 1, 0.0828465
39.2, 1, 0.0827027
39.225, 1, 0.0827027
39.25, 1, 0.0827027
39.275, 1, 0.0827027
39.3, 1, 0.0825611
39.325, 1, 0.082405
39.35, 1, 0.082405
39.375, 1, 0.082405
39.4, 1, 0.0822157
39.425, 1, 0.0822157
39.45, 1, 0.0822157
39.475, 1, 0.0822157
39.5, 1, 0.0820237
39.525, 1, 0.0820237
39.55, 1, 0.0820237
39.575, 1, 0.0820237
39.6, 1, 0.0820237
39.625, 1, 0.0817487
39.65, 1, 0.0817487
39.675, 1, 0.0813633
39.7, 1, 0.0810079
39.725, 1, 0.0807681
39.75, 1, 0.0807681
39.775, 1, 0.0807681
39.8, 1, 0.0807681
39.825, 1, 0.0807681
39.85, 1, 0.0807681
39.875, 1, 0.0808145
39.9, 1, 0.0808145
39.925, 1, 0.0808145
39.95, 1, 0.0808145
39.975, 1, 0.0810877
40, 1, 0.0810877
40, 1, 0.0810877
40.025, 1, 0.0810877
40.05, 1, 0.0810877
40.075, 1, 0.0810877
40.1, 1, 0.0810877
40.125, 1, 0.0810877
40.15, 1, 0.0820445
40.175, 1, 0.0828582
40.2, 1, 0.0834146
40.225, 1, 0.0834146
40.25, 1, 0.0834146
40.275, 1, 0.0834146
40.3, 1, 0.0834146
40.325, 1, 0.0833556
40.35, 1, 0.0830145
40.375, 1, 0.0830145
40.4, 1, 0.0830145
40.425, 1, 0.0830145
40.45, 1, 0.0824282
40.475, 1, 0.0818359
40.5, 1, 0.0818359
40.525, 1, 0.0818359
40.55, 1, 0.0811651
40.575, 1, 0.0806565
40.6, 1, 0.0803647
40.625, 1, 0.0803647
40.65, 1, 0.0803647
40.675, 1, 0.0801204
40.7, 1, 0.0801204
40.725, 1, 0.0799787
40.75, 1, 0.0800375
40.775, 1, 0.0802558
40.8, 1, 0.0802558
40.825, 1, 0.0802558
40.85, 1, 0.0802558
40.875, 1, 0.0804798
40.9, 1, 0.0808064
40.925, 1, 0.0812249
40.95, 1, 0.0817584
40.975, 1, 0.0823894
41, 1, 0.0823894
41.025, 1, 0.0830331
41.05, 1, 0.0837974
41.075, 1, 0.0837974
41.1, 1, 0.0845391
41.125, 1, 0.0845391
41.15, 1, 0.0845391
41.175, 1, 0.0852706
41.2, 1, 0.0852706
41.225, 1, 0.0852706
41.25, 1, 0.0852706
41.275, 1, 0.0852706
41.3, 1, 0.0852706
41.325, 1, 0.0852706
41.35, 1, 0.0861607
41.375, 1, 0.0861607
41.4, 1, 0.0861607
41.425, 1, 0.0870202
41.45, 1, 0.0870202
41.475, 1, 0.0878595
41.5, 1, 0.0878595
41.525, 1, 0.0886886
41.55, 1, 0.0895337
41.575, 1, 0.0903712
41.6, 1, 0.0903712
41.625, 1, 0.0911712
41.65, 1, 0.0919432
41.675, 1, 0.0926824
41.7, 1, 0.0926824
41.725, 1, 0.0926824
41.75, 1, 0.0933954
41.775, 1, 0.0940915
41.8, 1, 0.0940915
41.825, 1, 0.0940915
41.85, 1, 0.0946764
41.875, 1, 0.0952167
41.9, 1, 0.0952167
41.925, 1, 0.0952167
41.95, 1, 0.0957559
41.975, 1, 0.0957559
42, 1, 0.0957559
42.025, 1, 0.0962339
42.05, 1, 0.096651
42.075, 1, 0.097007
42.1, 1, 0.0973007
42.125, 1, 0.0973007
42.15, 1, 0.0975577
42.175, 1, 0.0975577
42.2, 1, 0.0977836
42.225, 1, 0.0977836
42.25, 1, 0.0980064
42.275, 1, 0.0982147
42.3, 1, 0.0984097
42.325, 1, 0.0985859
42.35, 1, 0.0987378
42.375, 1, 0.098862
42.4, 1, 0.0989489
42.425, 1, 0.0989489
42.45, 1, 0.0989489
42.475, 1, 0.0990122
42.5, 1, 0.0990453
42.525, 1, 0.0990453
42.55, 1, 0.0990453
42.575, 1, 0.0990453
42.6, 1, 0.0990453
42.625, 1, 0.0990453
42.65, 1, 0.0990453
42.675, 1, 0.0990384
42.7, 1, 0.0990384
42.725, 1, 0.0990384
42.75, 1, 0.0990384
42.775, 1, 0.0991431
42.8, 1, 0.0993394
42.825, 1, 0.0996091
42.85, 1, 0.0999452
42.875, 1, 0.0999452
42.9, 1, 0.100271
42.925, 1, 0.100271
42.95, 1, 0.100521
42.975, 1, 0.100521
43, 1, 0.100521
43.025, 1, 0.100521
43.05, 1, 0.100951
43.075, 1, 0.100951
43.1, 1, 0.100951
43.125, 1, 0.100951
43.15, 1, 0.100951
43.175, 1, 0.100951
43.2, 1, 0.100951
43.225, 1, 0.100951
43.25, 1, 0.100951
43.275, 1, 0.101382
43.3, 1, 0.101382
43.325, 1, 0.101858
43.35, 1, 0.101858
43.375, 1, 0.101858
43.4, 1, 0.102283
43.425, 1, 0.102709
43.45, 1, 0.102709
43.475, 1, 0.102709
43.5, 1, 0.102709
43.525, 1, 0.103117
43.55, 1, 0.103117
43.575, 1, 0.103519
43.6, 1, 0.103916
43.625, 1, 0.104308
43.65, 1, 0.104308
43.675, 1, 0.104692
43.7, 1, 0.104692
43.725, 1, 0.104692
43.75, 1, 0.105068
43.775, 1, 0.105068
43.8, 1, 0.105068
43.825, 1, 0.105437
43.85, 1, 0.105437
43.875, 1, 0.105437
43.9, 1, 0.105437
43.925, 1, 0.105802
43.95, 1, 0.106164
43.975, 1, 0.106164
44, 1, 0.106164
44.025, 1, 0.106164
44.05, 1, 0.106513
44.075, 1, 0.106513
44.1, 1, 0.106513
44.125, 1, 0.106825
44.15, 1, 0.107094
44.175, 1, 0.107363
44.2, 1, 0.107363
44.225, 1, 0.107363
44.25, 1, 0.107584
44.275, 1, 0.107771
44.3, 1, 0.107771
44.325, 1, 0.107771
44.35, 1, 0.107959
44.375, 1, 0.108009
44.4, 1, 0.107864
44.425, 1, 0.107864
44.45, 1, 0.107839
44.475, 1, 0.107882
44.5, 1, 0.107882
44.525, 1, 0.107882
44.55, 1, 0.107882
44.575, 1, 0.107882
44.6, 1, 0.107882
44.625, 1, 0.107882
44.65, 1, 0.107882
44.675, 1, 0.108034
44.7, 1, 0.108034
44.725, 1, 0.108211
44.75, 1, 0.108395
44.775, 1, 0.108572
44.8, 1, 0.108572
44.825, 1, 0.108725
44.85, 1, 0.108874
44.875, 1, 0.109015
44.9, 1, 0.109015
44.925, 1, 0.109015
44.95, 1, 0.10915
44.975, 1, 0.10915
45, 1, 0.109286
45.025, 1, 0.109286
45.05, 1, 0.109422
45.075, 1, 0.109558
45.1, 1, 0.109558
45.125, 1, 0.109558
45.15, 1, 0.109558
45.175, 1, 0.109558
45.2, 1, 0.109558
45.225, 1, 0.109558
45.25, 1, 0.1097
45.275, 1, 0.1097
45.3, 1, 0.1097
45.325, 1, 0.109832
45.35, 1, 0.109832
45.375, 1, 0.109936
45.4, 1, 0.110014
45.425, 1, 0.110014
45.45, 1, 0.110014
45.475, 1, 0.110099
45.5, 1, 0.110099
45.525, 1, 0.110099
45.55, 1, 0.110099
45.575, 1, 0.110099
45.6, 1, 0.110258
45.625, 1, 0.110258
45.65, 1, 0.110258
45.675, 1, 0.110258
45.7, 1, 0.110258
45.725, 1, 0.110258
45.75, 1, 0.110258
45.775, 1, 0.110436
45.8, 1, 0.110436
45.825, 1, 0.110436
45.85, 1, 0.110436
45.875, 1, 0.110803
45.9, 1, 0.110803
45.925, 1, 0.110803
45.95, 1, 0.110803
45.975, 1, 0.110803
46, 1, 0.110803
46.025, 1, 0.110803
46.05, 1, 0.111272
46.075, 1, 0.111272
46.1, 1, 0.111272
46.125, 1, 0.11176
46.15, 1, 0.112244
46.175, 1, 0.112244
46.2, 1, 0.112244
46.225, 1, 0.112244
46.25, 1, 0.112715
46.275, 1, 0.113166
46.3, 1, 0.113583
46.325, 1, 0.113948
46.35, 1, 0.114253
46.375, 1, 0.114253
46.4, 1, 0.114541
46.425, 1, 0.114541
46.45, 1, 0.114541
46.475, 1, 0.114541
46.5, 1, 0.114805
46.525, 1, 0.115025
46.55, 1, 0.115181
46.575, 1, 0.115181
46.6, 1, 0.115233
46.625, 1, 0.115233
46.65, 1, 0.115268
46.675, 1, 0.115294
46.7, 1, 0.115294
46.725, 1, 0.115294
46.75, 1, 0.115294
46.775, 1, 0.115294
46.8, 1, 0.115329
46.825, 1, 0.115365
46.85, 1, 0.115401
46.875, 1, 0.115401
46.9, 1, 0.115401
46.925, 1, 0.115401
46.95, 1, 0.115411
46.975, 1, 0.115393
47, 1, 0.115351
47.025, 1, 0.115351
47.05, 1, 0.115358
47.075, 1, 0.115422
47.1, 1, 0.115542
47.125, 1, 0.11568
47.15, 1, 0.115803
47.175, 1, 0.115885
47.2, 1, 0.115885
47.225, 1, 0.115876
47.25, 1, 0.115775
47.275, 1, 0.115775
47.3, 1, 0.115809
47.325, 1, 0.11588
47.35, 1, 0.115926
47.375, 1, 0.115926
47.4, 1, 0.115914
47.425, 1, 0.115901
47.45, 1, 0.11588
47.475, 1, 0.115831
47.5, 1, 0.115831
47.525, 1, 0.115802
47.55, 1, 0.115802
47.575, 1, 0.115802
47.6, 1, 0.115802
47.625, 1, 0.115583
47.65, 1, 0.11524
47.675, 1, 0.11524
47.7, 1, 0.114946
47.725, 1, 0.114671
47.75, 1, 0.114426
47.775, 1, 0.114184
47.8, 1, 0.113904
47.825, 1, 0.113904
47.85, 1, 0.113904
47.875, 1, 0.113499
47.9, 1, 0.113499
47.925, 1, 0.113499
47.95, 1, 0.113499
47.975, 1, 0.113499
48, 1, 0.113499
48.025, 1, 0.113499
48.05, 1, 0.113171
48.075, 1, 0.112851
48.1, 1, 0.112567
48.125, 1, 0.112299
48.15, 1, 0.112299
48.175, 1, 0.112017
48.2, 1, 0.112017
48.225, 1, 0.112017
48.25, 1, 0.111718
48.275, 1, 0.111421
48.3, 1, 0.111421
48.325, 1, 0.111421
48.35, 1, 0.111146
48.375, 1, 0.110906
48.4, 1, 0.110698
48.425, 1, 0.110698
48.45, 1, 0.110698
48.475, 1, 0.110478
48.5, 1, 0.110478
48.525, 1, 0.110227
48.55, 1, 0.109972
48.575, 1, 0.109972
48.6, 1, 0.109972
48.625, 1, 0.109972
48.65, 1, 0.109614
48.675, 1, 0.109239
48.7, 1, 0.109239
48.725, 1, 0.109239
48.75, 1, 0.108906
48.775, 1, 0.108906
48.8, 1, 0.108906
48.825, 1, 0.108906
48.85, 1, 0.108906
48.875, 1, 0.108732
48.9, 1, 0.108732
48.925, 1, 0.108451
48.95, 1, 0.108451
48.975, 1, 0.108255
49, 1, 0.108255
49.025, 1, 0.107971
49.05, 1, 0.107573
49.075, 1, 0.107141
49.1, 1, 0.107141
49.125, 1, 0.106755
49.15, 1, 0.106755
49.175, 1, 0.106356
49.2, 1, 0.106356
49.225, 1, 0.105969
49.25, 1, 0.105596
49.275, 1, 0.105235
49.3, 1, 0.104888
49.325, 1, 0.104888
49.35, 1, 0.104888
49.375, 1, 0.104888
49.4, 1, 0.104538
49.425, 1, 0.104538
49.45, 1, 0.10419
49.475, 1, 0.10419
49.5, 1, 0.10419
49.525, 1, 0.10419
49.55, 1, 0.10419
49.575, 1, 0.103873
49.6, 1, 0.103873
49.625, 1, 0.10357
49.65, 1, 0.103278
49.675, 1, 0.102997
49.7, 1, 0.102997
49.725, 1, 0.102723
49.75, 1, 0.102459
49.775, 1, 0.102459
49.8, 1, 0.102203
49.825, 1, 0.102203
49.85, 1, 0.102203
49.875, 1, 0.102203
49.9, 1, 0.101953
49.925, 1, 0.10171
49.95, 1, 0.101472
49.975, 1, 0.101472
50, 1, 0.101472
50, 1, 0.101191
50.025, 1, 0.100924
50.05, 1, 0.100924
50.075, 1, 0.100924
50.1, 1, 0.100924
50.125, 1, 0.100924
50.15, 1, 0.0997726
50.175, 1, 0.0977976
50.2, 1, 0.0956791
50.225, 1, 0.0956791
50.25, 1, 0.0956791
50.275, 1, 0.0956791
50.3, 1, 0.093923
50.325, 1, 0.0925403
50.35, 1, 0.0925403
50.375, 1, 0.090556
50.4, 1, 0.0881902
50.425, 1, 0.0854779
50.45, 1, 0.0854779
50.475, 1, 0.08329
50.5, 1, 0.08329
50.525, 1, 0.08329
50.55, 1, 0.0814611
50.575, 1, 0.0814611
50.6, 1, 0.0797619
50.625, 1, 0.0783112
50.65, 1, 0.0770288
50.675, 1, 0.0770288
50.7, 1, 0.0757913
50.725, 1, 0.0757913
50.75, 1, 0.0757913
50.775, 1, 0.0746048
50.8, 1, 0.0746048
50.825, 1, 0.0735243
50.85, 1, 0.0735243
50.875, 1, 0.0735243
50.9, 1, 0.0735243
50.925, 1, 0.0735243
50.95, 1, 0.0735243
50.975, 1, 0.0731043
51, 1, 0.0729022
51.025, 1, 0.0728819
51.05, 1, 0.0728819
51.075, 1, 0.0729182
51.1, 1, 0.0731054
51.125, 1, 0.0731054
51.15, 1, 0.0731054
51.175, 1, 0.0731054
51.2, 1, 0.0731054
51.225, 1, 0.0731054
51.25, 1, 0.0731054
51.275, 1, 0.0731054
51.3, 1, 0.0736809
51.325, 1, 0.0743347
51.35, 1, 0.0750713
51.375, 1, 0.0758919
51.4, 1, 0.0758919
51.425, 1, 0.0758919
51.45, 1, 0.0766693
51.475, 1, 0.0766693
51.5, 1, 0.0766693
51.525, 1, 0.0766693
51.55, 1, 0.0774762
51.575, 1, 0.0774762
51.6, 1, 0.0774762
51.625, 1, 0.0774762
51.65, 1, 0.0782216
51.675, 1, 0.0782216
51.7, 1, 0.0787995
51.725, 1, 0.079248
51.75, 1, 0.0796061
51.775, 1, 0.0796061
51.8, 1, 0.0796061
51.825, 1, 0.0796061
51.85, 1, 0.0796061
51.875, 1, 0.0796061
51.9, 1, 0.0796061
51.925, 1, 0.0796061
51.95, 1, 0.0796061
51.975, 1, 0.0796061
52, 1, 0.0800047
52.025, 1, 0.0802849
52.05, 1, 0.0802849
52.075, 1, 0.0802849
52.1, 1, 0.0802849
52.125, 1, 0.0802849
52.15, 1, 0.080602
52.175, 1, 0.080602
52.2, 1, 0.080602
52.225, 1, 0.080602
52.25, 1, 0.080602
52.275, 1, 0.0808923
52.3, 1, 0.0808923
52.325, 1, 0.0808923
52.35, 1, 0.0811433
52.375, 1, 0.0811433
52.4, 1, 0.0813467
52.425, 1, 0.0813467
52.45, 1, 0.0814975
52.475, 1, 0.0816064
52.5, 1, 0.0816918
52.525, 1, 0.0816918
52.55, 1, 0.0816918
52.575, 1, 0.0818067
52.6, 1, 0.0818067
52.625, 1, 0.0818067
52.65, 1, 0.0818067
52.675, 1, 0.0818944
52.7, 1, 0.081967
52.725, 1, 0.081967
52.75, 1, 0.081967
52.775, 1, 0.081967
52.8, 1, 0.081967
52.825, 1, 0.081967
52.85, 1, 0.081967
52.875, 1, 0.0820538
52.9, 1, 0.0820538
52.925, 1, 0.0820538
52.95, 1, 0.0822008
52.975, 1, 0.0824094
53, 1, 0.0824094
53.025, 1, 0.0826489
53.05, 1, 0.0828854
53.075, 1, 0.0830849
53.1, 1, 0.0830849
53.125, 1, 0.0832239
53.15, 1, 0.0833456
53.175, 1, 0.0834899
53.2, 1, 0.0836859
53.225, 1, 0.0839453
53.25, 1, 0.0839453
53.275, 1, 0.0839453
53.3, 1, 0.0839453
53.325, 1, 0.0842081
53.35, 1, 0.0842081
53.375, 1, 0.0842081
53.4, 1, 0.0842081
53.425, 1, 0.0845155
53.45, 1, 0.0848876
53.475, 1, 0.0853403
53.5, 1, 0.0853403
53.525, 1, 0.0857057
53.55, 1, 0.0857057
53.575, 1, 0.0857057
53.6, 1, 0.0857057
53.625, 1, 0.0861093
53.65, 1, 0.0861093
53.675, 1, 0.0864453
53.7, 1, 0.0867904
53.725, 1, 0.0867904
53.75, 1, 0.0867904
53.775, 1, 0.0867904
53.8, 1, 0.0870862
53.825, 1, 0.0870862
53.85, 1, 0.0870862
53.875, 1, 0.0873767
53.9, 1, 0.0876581
53.925, 1, 0.0879302
53.95, 1, 0.0879302
53.975, 1, 0.0879302
54, 1, 0.0879302
54.025, 1, 0.0881749
54.05, 1, 0.0881749
54.075, 1, 0.0881749
54.1, 1, 0.0883954
54.125, 1, 0.0883954
54.15, 1, 0.0883954
54.175, 1, 0.0883954
54.2, 1, 0.0883954
54.225, 1, 0.088594
54.25, 1, 0.0887779
54.275, 1, 0.0887779
54.3, 1, 0.0887779
54.325, 1, 0.088954
54.35, 1, 0.088954
54.375, 1, 0.088954
54.4, 1, 0.088954
54.425, 1, 0.0891242
54.45, 1, 0.0891242
54.475, 1, 0.0891242
54.5, 1, 0.0892835
54.525, 1, 0.089432
54.55, 1, 0.0895685
54.575, 1, 0.0895685
54.6, 1, 0.0895685
54.625, 1, 0.0895685
54.65, 1, 0.0895685
54.675, 1, 0.0896923
54.7, 1, 0.0896923
54.725, 1, 0.0898249
54.75, 1, 0.0898249
54.775, 1, 0.0898249
54.8, 1, 0.0898632
54.825, 1, 0.0898632
54.85, 1, 0.0899107
54.875, 1, 0.0899107
54.9, 1, 0.089977
54.925, 1, 0.089977
54.95, 1, 0.0900131
54.975, 1, 0.0900453
55, 1, 0.0900741
55.025, 1, 0.0900708
55.05, 1, 0.0900708
55.075, 1, 0.0899502
55.1, 1, 0.0898119
55.125, 1, 0.0898119
55.15, 1, 0.0897209
55.175, 1, 0.0897209
55.2, 1, 0.0897209
55.225, 1, 0.0897209
55.25, 1, 0.0896069
55.275, 1, 0.089496
55.3, 1, 0.089496
55.325, 1, 0.089496
55.35, 1, 0.089496
55.375, 1, 0.089496
55.4, 1, 0.089496
55.425, 1, 0.089496
55.45, 1, 0.089496
55.475, 1, 0.089496
55.5, 1, 0.089496
55.525, 1, 0.0893981
55.55, 1, 0.0892929
55.575, 1, 0.0892929
55.6, 1, 0.0892929
55.625, 1, 0.0892929
55.65, 1, 0.0892929
55.675, 1, 0.089217
55.7, 1, 0.0891502
55.725, 1, 0.0891502
55.75, 1, 0.0891502
55.775, 1, 0.0891502
55.8, 1, 0.0891502
55.825, 1, 0.0891502
55.85, 1, 0.0891502
55.875, 1, 0.0890771
55.9, 1, 0.0889989
55.925, 1, 0.0889989
55.95, 1, 0.0889026
55.975, 1, 0.0889026
56, 1, 0.0889026
56.025, 1, 0.0889026
56.05, 1, 0.0889026
56.075, 1, 0.0888627
56.1, 1, 0.0888549
56.125, 1, 0.0888549
56.15, 1, 0.0888473
56.175, 1, 0.0888473
56.2, 1, 0.0887981
56.225, 1, 0.0887981
56.25, 1, 0.0887981
56.275, 1, 0.0887981
56.3, 1, 0.0889043
56.325, 1, 0.0890335
56.35, 1, 0.0890335
56.375, 1, 0.0891077
56.4, 1, 0.0891539
56.425, 1, 0.0891539
56.45, 1, 0.0891539
56.475, 1, 0.0891539
56.5, 1, 0.0890789
56.525, 1, 0.08897
56.55, 1, 0.0888996
56.575, 1, 0.0888996
56.6, 1, 0.0887849
56.625, 1, 0.0885653
56.65, 1, 0.0885653
56.675, 1, 0.0883421
56.7, 1, 0.0883421
56.725, 1, 0.0883421
56.75, 1, 0.0883421
56.775, 1, 0.0883421
56.8, 1, 0.0881223
56.825, 1, 0.0879095
56.85, 1, 0.0876978
56.875, 1, 0.0876978
56.9, 1, 0.0876978
56.925, 1, 0.0876978
56.95, 1, 0.0876978
56.975, 1, 0.0876978
57, 1, 0.0876978
57.025, 1, 0.0876978
57.05, 1, 0.0875292
57.075, 1, 0.0875292
57.1, 1, 0.0875292
57.125, 1, 0.0875292
57.15, 1, 0.0875292
57.175, 1, 0.0873542
57.2, 1, 0.0871714
57.225, 1, 0.086983
57.25, 1, 0.086983
57.275, 1, 0.086983
57.3, 1, 0.0867936
57.325, 1, 0.0867936
57.35, 1, 0.0867936
57.375, 1, 0.0867936
57.4, 1, 0.0867936
57.425, 1, 0.0867936
57.45, 1, 0.0867936
57.475, 1, 0.0865737
57.5, 1, 0.0865737
57.525, 1, 0.0865737
57.55, 1, 0.0865737
57.575, 1, 0.086377
57.6, 1, 0.086377
57.625, 1, 0.0862418
57.65, 1, 0.0861508
57.675, 1, 0.0860937
57.7, 1, 0.0860937
57.725, 1, 0.0860383
57.75, 1, 0.0860383
57.775, 1, 0.0860383
57.8, 1, 0.0858782
57.825, 1, 0.0858782
57.85, 1, 0.0858782
57.875, 1, 0.0858782
57.9, 1, 0.0858782
57.925, 1, 0.0858782
57.95, 1, 0.0856774
57.975, 1, 0.0856774
58, 1, 0.0856774
58.025, 1, 0.0856774
58.05, 1, 0.0856774
58.075, 1, 0.0854386
58.1, 1, 0.0851964
58.125, 1, 0.084991
58.15, 1, 0.084991
58.175, 1, 0.0847218
58.2, 1, 0.0847218
58.225, 1, 0.0843743
58.25, 1, 0.0840037
58.275, 1, 0.0836524
58.3, 1, 0.0833213
58.325, 1, 0.0833213
58.35, 1, 0.0830016
58.375, 1, 0.0826915
58.4, 1, 0.0826915
58.425, 1, 0.0826915
58.45, 1, 0.0826915
58.475, 1, 0.0826915
58.5, 1, 0.0826915
58.525, 1, 0.0826915
58.55, 1, 0.0824144
58.575, 1, 0.0821231
58.6, 1, 0.0821231
58.625, 1, 0.0821231
58.65, 1, 0.0821231
58.675, 1, 0.0821231
58.7, 1, 0.0818073
58.725, 1, 0.0818073
58.75, 1, 0.0818073
58.775, 1, 0.0814894
58.8, 1, 0.0814894
58.825, 1, 0.0814894
58.85, 1, 0.0814894
58.875, 1, 0.0814894
58.9, 1, 0.0814894
58.925, 1, 0.0814894
58.95, 1, 0.0814894
58.975, 1, 0.0814894
59, 1, 0.0811825
59.025, 1, 0.0811825
59.05, 1, 0.0811825
59.075, 1, 0.0808453
59.1, 1, 0.0804867
59.125, 1, 0.0801154
59.15, 1, 0.0797737
59.175, 1, 0.0794806
59.2, 1, 0.0794806
59.225, 1, 0.0792074
59.25, 1, 0.0792074
59.275, 1, 0.0792074
59.3, 1, 0.0792074
59.325, 1, 0.0792074
59.35, 1, 0.0792074
59.375, 1, 0.0787915
59.4, 1, 0.078404
59.425, 1, 0.078404
59.45, 1, 0.078132
59.475, 1, 0.078132
59.5, 1, 0.078132
59.525, 1, 0.078132
59.55, 1, 0.078132
59.575, 1, 0.0778584
59.6, 1, 0.0778584
59.625, 1, 0.0778584
59.65, 1, 0.0778584
59.675, 1, 0.0778961
59.7, 1, 0.0778961
59.725, 1, 0.0778961
59.75, 1, 0.0778961
59.775, 1, 0.0778961
59.8, 1, 0.0778961
59.825, 1, 0.078204
59.85, 1, 0.078204
59.875, 1, 0.078204
59.9, 1, 0.0785013
59.925, 1, 0.0785013
59.95, 1, 0.0788082
59.975, 1, 0.0791041
60, 1, 0.0791041
60, 1, 0.0793806
60.025, 1, 0.0793806
60.05, 1, 0.0793806
60.075, 1, 0.0793806
60.1, 1, 0.0795169
60.125, 1, 0.0795203
60.15, 1, 0.0795203
60.175, 1, 0.0791942
60.2, 1, 0.0791942
60.225, 1, 0.0786338
60.25, 1, 0.0786338
60.275, 1, 0.0786338
60.3, 1, 0.077821
60.325, 1, 0.077821
60.35, 1, 0.077821
60.375, 1, 0.077821
60.4, 1, 0.077821
60.425, 1, 0.077821
60.45, 1, 0.0766564
60.475, 1, 0.0756772
60.5, 1, 0.0756772
60.525, 1, 0.0756772
60.55, 1, 0.0748824
60.575, 1, 0.0748824
60.6, 1, 0.0748824
60.625, 1, 0.0748824
60.65, 1, 0.0748824
60.675, 1, 0.0740507
60.7, 1, 0.0735306
60.725, 1, 0.0735306
60.75, 1, 0.0731409
60.775, 1, 0.0731409
60.8, 1, 0.0730612
60.825, 1, 0.0730612
60.85, 1, 0.0730612
60.875, 1, 0.0729897
60.9, 1, 0.0729897
60.925, 1, 0.072963
60.95, 1, 0.0730719
60.975, 1, 0.0730719
61, 1, 0.0730719
61.025, 1, 0.0731942
61.05, 1, 0.0731942
61.075, 1, 0.0731942
61.1, 1, 0.0732179
61.125, 1, 0.0732179
61.15, 1, 0.0732179
61.175, 1, 0.0732179
61.2, 1, 0.0732179
61.225, 1, 0.0739745
61.25, 1, 0.0739745
61.275, 1, 0.0739745
61.3, 1, 0.0747219
61.325, 1, 0.0747219
61.35, 1, 0.0747219
61.375, 1, 0.0747219
61.4, 1, 0.0753495
61.425, 1, 0.0753495
61.45, 1, 0.0759352
61.475, 1, 0.0759352
61.5, 1, 0.0759352
61.525, 1, 0.0759352
61.55, 1, 0.076501
61.575, 1, 0.076501
61.6, 1, 0.0770373
61.625, 1, 0.0775752
61.65, 1, 0.0780999
61.675, 1, 0.0780999
61.7, 1, 0.078574
61.725, 1, 0.079022
61.75, 1, 0.079022
61.775, 1, 0.079022
61.8, 1, 0.079022
61.825, 1, 0.079022
61.85, 1, 0.079022
61.875, 1, 0.079022
61.9, 1, 0.0795404
61.925, 1, 0.0795404
61.95, 1, 0.0799889
61.975, 1, 0.0799889
62, 1, 0.0804084
62.025, 1, 0.0804084
62.05, 1, 0.0804084
62.075, 1, 0.0804084
62.1, 1, 0.0804084
62.125, 1, 0.0808606
62.15, 1, 0.0808606
62.175, 1, 0.0808606
62.2, 1, 0.0808606
62.225, 1, 0.0812802
62.25, 1, 0.0812802
62.275, 1, 0.0816553
62.3, 1, 0.0816553
62.325, 1, 0.0820336
62.35, 1, 0.0820336
62.375, 1, 0.0820336
62.4, 1, 0.0820336
62.425, 1, 0.0823759
62.45, 1, 0.0823759
62.475, 1, 0.0827058
62.5, 1, 0.0827058
62.525, 1, 0.0829291
62.55, 1, 0.0830315
62.575, 1, 0.0830315
62.6, 1, 0.0830315
62.625, 1, 0.0830315
62.65, 1, 0.0830315
62.675, 1, 0.0832038
62.7, 1, 0.0833795
62.725, 1, 0.083548
62.75, 1, 0.083548
62.775, 1, 0.0836153
62.8, 1, 0.083537
62.825, 1, 0.0833595
62.85, 1, 0.0833595
62.875, 1, 0.0833595
62.9, 1, 0.0832568
62.925, 1, 0.0832568
62.95, 1, 0.0832568
62.975, 1, 0.0831581
63, 1, 0.0830441
63.025, 1, 0.0830441
63.05, 1, 0.0830441
63.075, 1, 0.0829323
63.1, 1, 0.0829323
63.125, 1, 0.0828322
63.15, 1, 0.0828322
63.175, 1, 0.0828322
63.2, 1, 0.0827467
63.225, 1, 0.0827467
63.25, 1, 0.0827467
63.275, 1, 0.0827467
63.3, 1, 0.0827467
63.325, 1, 0.0827467
63.35, 1, 0.0827467
63.375, 1, 0.0827467
63.4, 1, 0.0827467
63.425, 1, 0.0827467
63.45, 1, 0.0827467
63.475, 1, 0.0827467
63.5, 1, 0.0826704
63.525, 1, 0.0826232
63.55, 1, 0.0826232
63.575, 1, 0.0825909
63.6, 1, 0.0825794
63.625, 1, 0.0825794
63.65, 1, 0.0825529
63.675, 1, 0.0825529
63.7, 1, 0.0825095
63.725, 1, 0.0824841
63.75, 1, 0.082503
63.775, 1, 0.082503
63.8, 1, 0.082503
63.825, 1, 0.082503
63.85, 1, 0.082503
63.875, 1, 0.082503
63.9, 1, 0.082503
63.925, 1, 0.0828441
63.95, 1, 0.0828441
63.975, 1, 0.0828441
64, 1, 0.0828441
64.025, 1, 0.0828441
64.05, 1, 0.0828441
64.075, 1, 0.0832404
64.1, 1, 0.0832404
64.125, 1, 0.083551
64.15, 1, 0.083551
64.175, 1, 0.083551
64.2, 1, 0.0838583
64.225, 1, 0.0841465
64.25, 1, 0.0841465
64.275, 1, 0.0844375
64.3, 1, 0.0844375
64.325, 1, 0.0844375
64.35, 1, 0.0844375
64.375, 1, 0.0846921
64.4, 1, 0.0849327
64.425, 1, 0.0849327
64.45, 1, 0.0849327
64.475, 1, 0.0851539
64.5, 1, 0.0853533
64.525, 1, 0.0853533
64.55, 1, 0.0853533
64.575, 1, 0.0853533
64.6, 1, 0.0855676
64.625, 1, 0.0857806
64.65, 1, 0.0857806
64.675, 1, 0.0857806
64.7, 1, 0.0859855
64.725, 1, 0.0859855
64.75, 1, 0.0859855
64.775, 1, 0.0859855
64.8, 1, 0.0861848
64.825, 1, 0.0863777
64.85, 1, 0.0863777
64.875, 1, 0.0863777
64.9, 1, 0.0863777
64.925, 1, 0.0865642
64.95, 1, 0.0867412
64.975, 1, 0.0869089
65, 1, 0.0869089
65.025, 1, 0.0869089
65.05, 1, 0.0870499
65.075, 1, 0.0870499
65.1, 1, 0.0871527
65.125, 1, 0.0872344
65.15, 1, 0.0873166
65.175, 1, 0.0873166
65.2, 1, 0.0874308
65.225, 1, 0.087555
65.25, 1, 0.0876709
65.275, 1, 0.0876709
65.3, 1, 0.0876709
65.325, 1, 0.0876709
65.35, 1, 0.0877879
65.375, 1, 0.0877879
65.4, 1, 0.0877879
65.425, 1, 0.0877879
65.45, 1, 0.0877879
65.475, 1, 0.0881646
65.5, 1, 0.0881646
65.525, 1, 0.0884957
65.55, 1, 0.0884957
65.575, 1, 0.0888098
65.6, 1, 0.0890093
65.625, 1, 0.0890093
65.65, 1, 0.0890093
65.675, 1, 0.0890093
65.7, 1, 0.0890093
65.725, 1, 0.0894855
65.75, 1, 0.0894855
65.775, 1, 0.0894855
65.8, 1, 0.0899522
65.825, 1, 0.0899522
65.85, 1, 0.0899522
65.875, 1, 0.0899522
65.9, 1, 0.0903498
65.925, 1, 0.0903498
65.95, 1, 0.0903498
65.975, 1, 0.0907296
66, 1, 0.0911008
66.025, 1, 0.0911008
66.05, 1, 0.0911008
66.075, 1, 0.0914514
66.1, 1, 0.0917723
66.125, 1, 0.0917723
66.15, 1, 0.0920627
66.175, 1, 0.0920627
66.2, 1, 0.0923613
66.225, 1, 0.0923613
66.25, 1, 0.0923613
66.275, 1, 0.0926621
66.3, 1, 0.092976
66.325, 1, 0.0932985
66.35, 1, 0.0932985
66.375, 1, 0.0936174
66.4, 1, 0.0936174
66.425, 1, 0.0939285
66.45, 1, 0.0939285
66.475, 1, 0.0939285
66.5, 1, 0.0939285
66.525, 1, 0.0939285
66.55, 1, 0.0942003
66.575, 1, 0.094485
66.6, 1, 0.094485
66.625, 1, 0.094777
66.65, 1, 0.0950627
66.675, 1, 0.0950627
66.7, 1, 0.0950627
66.725, 1, 0.0953747
66.75, 1, 0.0956656
66.775, 1, 0.0959076
66.8, 1, 0.0959076
66.825, 1, 0.0959076
66.85, 1, 0.0959076
66.875, 1, 0.0959076
66.9, 1, 0.0961837
66.925, 1, 0.0961837
66.95, 1, 0.0961837
66.975, 1, 0.0961837
67, 1, 0.0961837
67.025, 1, 0.0966377
67.05, 1, 0.0970419
67.075, 1, 0.0970419
67.1, 1, 0.0974349
67.125, 1, 0.0974349
67.15, 1, 0.0974349
67.175, 1, 0.0977525
67.2, 1, 0.0977525
67.225, 1, 0.0977525
67.25, 1, 0.0977525
67.275, 1, 0.0980773
67.3, 1, 0.0980773
67.325, 1, 0.0980773
67.35, 1, 0.0980773
67.375, 1, 0.0983942
67.4, 1, 0.0983942
67.425, 1, 0.098682
67.45, 1, 0.098682
67.475, 1, 0.098682
67.5, 1, 0.098682
67.525, 1, 0.098963
67.55, 1, 0.098963
67.575, 1, 0.09923
67.6, 1, 0.09923
67.625, 1, 0.0994801
67.65, 1, 0.0994801
67.675, 1, 0.0994801
67.7, 1, 0.0997058
67.725, 1, 0.0997058
67.75, 1, 0.0999167
67.775, 1, 0.0999167
67.8, 1, 0.100116
67.825, 1, 0.100302
67.85, 1, 0.100302
67.875, 1, 0.100302
67.9, 1, 0.100483
67.925, 1, 0.100483
67.95, 1, 0.100647
67.975, 1, 0.100647
68, 1, 0.100647
68.025, 1, 0.100647
68.05, 1, 0.100682
68.075, 1, 0.100682
68.1, 1, 0.100682
68.125, 1, 0.100682
68.15, 1, 0.100682
68.175, 1, 0.100682
68.2, 1, 0.100605
68.225, 1, 0.100605
68.25, 1, 0.100519
68.275, 1, 0.100474
68.3, 1, 0.100474
68.325, 1, 0.100396
68.35, 1, 0.100396
68.375, 1, 0.100316
68.4, 1, 0.100248
68.425, 1, 0.100248
68.45, 1, 0.100248
68.475, 1, 0.100073
68.5, 1, 0.100073
68.525, 1, 0.0999224
68.55, 1, 0.0999224
68.575, 1, 0.0997865
68.6, 1, 0.0997865
68.625, 1, 0.0996588
68.65, 1, 0.0995179
68.675, 1, 0.0993294
68.7, 1, 0.0993294
68.725, 1, 0.0993294
68.75, 1, 0.0993294
68.775, 1, 0.099116
68.8, 1, 0.099116
68.825, 1, 0.0988876
68.85, 1, 0.0986477
68.875, 1, 0.0984023
68.9, 1, 0.0984023
68.925, 1, 0.0981457
68.95, 1, 0.0978755
68.975, 1, 0.0975955
69, 1, 0.0975955
69.025, 1, 0.0973158
69.05, 1, 0.0973158
69.075, 1, 0.0970448
69.1, 1, 0.0967836
69.125, 1, 0.0965273
69.15, 1, 0.0965273
69.175, 1, 0.0965273
69.2, 1, 0.0962786
69.225, 1, 0.0960366
69.25, 1, 0.0957948
69.275, 1, 0.0955464
69.3, 1, 0.0955464
69.325, 1, 0.0952494
69.35, 1, 0.0949091
69.375, 1, 0.0949091
69.4, 1, 0.0949091
69.425, 1, 0.0946087
69.45, 1, 0.0946087
69.475, 1, 0.0946087
69.5, 1, 0.0942934
69.525, 1, 0.0939882
69.55, 1, 0.0939882
69.575, 1, 0.0939882
69.6, 1, 0.0936495
69.625, 1, 0.0936495
69.65, 1, 0.0933147
69.675, 1, 0.0930244
69.7, 1, 0.0930244
69.725, 1, 0.0930244
69.75, 1, 0.0930244
69.775, 1, 0.0927686
69.8, 1, 0.0927686
69.825, 1, 0.0925857
69.85, 1, 0.0925857
69.875, 1, 0.0923746
69.9, 1, 0.0923746
69.925, 1, 0.0921783
69.95, 1, 0.0921783
69.975, 1, 0.0918041
70, 1, 0.0918041
70.025, 1, 0.0918041
70.05, 1, 0.0912751
70.075, 1, 0.0907477
70.1, 1, 0.0907477
70.125, 1, 0.0907477
70.15, 1, 0.0903154
70.175, 1, 0.0903154
70.2, 1, 0.0903154
70.225, 1, 0.0903154
70.25, 1, 0.0903154
70.275, 1, 0.0903154
70.3, 1, 0.0892977
70.325, 1, 0.0892977
70.35, 1, 0.0882642
70.375, 1, 0.0882642
70.4, 1, 0.0873181
70.425, 1, 0.0864843
70.45, 1, 0.0864843
70.475, 1, 0.0864843
70.5, 1, 0.0864843
70.525, 1, 0.0864843
70.55, 1, 0.0855883
70.575, 1, 0.0850279
70.6, 1, 0.0850279
70.625, 1, 0.0850279
70.65, 1, 0.0845149
70.675, 1, 0.0842877
70.7, 1, 0.0842877
70.725, 1, 0.0842877
70.75, 1, 0.0842877
70.775, 1, 0.0842877
70.8, 1, 0.0842877
70.825, 1, 0.0842877
70.85, 1, 0.0842877
70.875, 1, 0.0842877
70.9, 1, 0.0843689
70.925, 1, 0.0846984
70.95, 1, 0.0846984
70.975, 1, 0.0851865
71, 1, 0.0859104
71.025, 1, 0.0859104
71.05, 1, 0.0859104
71.075, 1, 0.086646
71.1, 1, 0.086646
71.125, 1, 0.086646
71.15, 1, 0.086646
71.175, 1, 0.086646
71.2, 1, 0.0873498
71.225, 1, 0.0882385
71.25, 1, 0.0882385
71.275, 1, 0.0882385
71.3, 1, 0.0882385
71.325, 1, 0.0882385
71.35, 1, 0.0891472
71.375, 1, 0.0900948
71.4, 1, 0.0900948
71.425, 1, 0.0910065
71.45, 1, 0.0910065
71.475, 1, 0.0919624
71.5, 1, 0.0919624
71.525, 1, 0.0919624
71.55, 1, 0.0919624
71.575, 1, 0.0919624
71.6, 1, 0.0927094
71.625, 1, 0.0934253
71.65, 1, 0.0934253
71.675, 1, 0.0934253
71.7, 1, 0.0934253
71.725, 1, 0.0940617
71.75, 1, 0.0940617
71.775, 1, 0.0946292
71.8, 1, 0.0946292
71.825, 1, 0.0950867
71.85, 1, 0.0954587
71.875, 1, 0.0957591
71.9, 1, 0.0959885
71.925, 1, 0.0961621
71.95, 1, 0.0961621
71.975, 1, 0.0963092
72, 1, 0.0963092
72.025, 1, 0.0964174
72.05, 1, 0.0964174
72.075, 1, 0.0964174
72.1, 1, 0.0965209
72.125, 1, 0.0966158
72.15, 1, 0.0966158
72.175, 1, 0.0966158
72.2, 1, 0.0966158
72.225, 1, 0.0966158
72.25, 1, 0.0966158
72.275, 1, 0.0966158
72.3, 1, 0.0966158
72.325, 1, 0.0966158
72.35, 1, 0.0967107
72.375, 1, 0.0967107
72.4, 1, 0.0967107
72.425, 1, 0.0968011
72.45, 1, 0.096891
72.475, 1, 0.096891
72.5, 1, 0.0969842
72.525, 1, 0.0969842
72.55, 1, 0.0969842
72.575, 1, 0.0969842
72.6, 1, 0.0969842
72.625, 1, 0.0969842
72.65, 1, 0.0969842
72.675, 1, 0.0969842
72.7, 1, 0.0970657
72.725, 1, 0.0971344
72.75, 1, 0.0972159
72.775, 1, 0.0972159
72.8, 1, 0.0973048
72.825, 1, 0.0973048
72.85, 1, 0.0973048
72.875, 1, 0.0973048
72.9, 1, 0.097407
72.925, 1, 0.0974721
72.95, 1, 0.0974797
72.975, 1, 0.0974554
73, 1, 0.0974357
73.025, 1, 0.0974357
73.05, 1, 0.0974487
73.075, 1, 0.0974487
73.1, 1, 0.0974558
73.125, 1, 0.0974558
73.15, 1, 0.0974638
73.175, 1, 0.0974638
73.2, 1, 0.0974638
73.225, 1, 0.0974638
73.25, 1, 0.0974292
73.275, 1, 0.0974292
73.3, 1, 0.0974292
73.325, 1, 0.0974292
73.35, 1, 0.0974369
73.375, 1, 0.0974755
73.4, 1, 0.0975347
73.425, 1, 0.0975347
73.45, 1, 0.0975933
73.475, 1, 0.0975933
73.5, 1, 0.0975933
73.525, 1, 0.0975933
73.55, 1, 0.0975933
73.575, 1, 0.0975933
73.6, 1, 0.0976595
73.625, 1, 0.0977324
73.65, 1, 0.0977324
73.675, 1, 0.0977324
73.7, 1, 0.0977324
73.725, 1, 0.0977324
73.75, 1, 0.0978035
73.775, 1, 0.0978035
73.8, 1, 0.0978762
73.825, 1, 0.0979511
73.85, 1, 0.0979511
73.875, 1, 0.0979511
73.9, 1, 0.0979511
73.925, 1, 0.0979511
73.95, 1, 0.0979511
73.975, 1, 0.0979511
74, 1, 0.0979996
74.025, 1, 0.0979996
74.05, 1, 0.0979996
74.075, 1, 0.098044
74.1, 1, 0.0980752
74.125, 1, 0.0980834
74.15, 1, 0.0980663
74.175, 1, 0.0980798
74.2, 1, 0.0980798
74.225, 1, 0.0980605
74.25, 1, 0.0980105
74.275, 1, 0.0979452
74.3, 1, 0.0978741
74.325, 1, 0.0978098
74.35, 1, 0.0977179
74.375, 1, 0.0975729
74.4, 1, 0.0975729
74.425, 1, 0.0975729
74.45, 1, 0.0975729
74.475, 1, 0.0975008
74.5, 1, 0.0974229
74.525, 1, 0.0974229
74.55, 1, 0.097341
74.575, 1, 0.097265
74.6, 1, 0.0971834
74.625, 1, 0.0971834
74.65, 1, 0.0971834
74.675, 1, 0.0970825
74.7, 1, 0.0969882
74.725, 1, 0.0969882
74.75, 1, 0.096903
74.775, 1, 0.096903
74.8, 1, 0.0968159
74.825, 1, 0.0968159
74.85, 1, 0.0967301
74.875, 1, 0.0967301
74.9, 1, 0.0967301
74.925, 1, 0.096647
74.95, 1, 0.0965671
74.975, 1, 0.0964898
75, 1, 0.0964898
75.025, 1, 0.0964898
75.05, 1, 0.0964898
75.075, 1, 0.0964898
75.1, 1, 0.0964156
75.125, 1, 0.0964156
75.15, 1, 0.0964156
75.175, 1, 0.0963472
75.2, 1, 0.0963472
75.225, 1, 0.0963472
75.25, 1, 0.0963472
75.275, 1, 0.0962806
75.3, 1, 0.096215
75.325, 1, 0.096215
75.35, 1, 0.096215
75.375, 1, 0.096215
75.4, 1, 0.096215
75.425, 1, 0.096215
75.45, 1, 0.0961546
75.475, 1, 0.0960994
75.5, 1, 0.0960994
75.525, 1, 0.0960994
75.55, 1, 0.0960445
75.575, 1, 0.0960445
75.6, 1, 0.0959992
75.625, 1, 0.0959088
75.65, 1, 0.0959088
75.675, 1, 0.0959088
75.7, 1, 0.0958208
75.725, 1, 0.0958208
75.75, 1, 0.0958208
75.775, 1, 0.0957347
75.8, 1, 0.0955918
75.825, 1, 0.0955918
75.85, 1, 0.0955918
75.875, 1, 0.0954919
75.9, 1, 0.0954919
75.925, 1, 0.0953739
75.95, 1, 0.0952233
75.975, 1, 0.0952233
76, 1, 0.0952233
76.025, 1, 0.0952233
76.05, 1, 0.0952233
76.075, 1, 0.0950492
76.1, 1, 0.0950492
76.125, 1, 0.0950492
76.15, 1, 0.0950492
76.175, 1, 0.0949118
76.2, 1, 0.0947805
76.225, 1, 0.0947805
76.25, 1, 0.0946522
76.275, 1, 0.0945236
76.3, 1, 0.0945236
76.325, 1, 0.0945236
76.35, 1, 0.0943959
76.375, 1, 0.0943959
76.4, 1, 0.0942706
76.425, 1, 0.0942706
76.45, 1, 0.0942706
76.475, 1, 0.0942706
76.5, 1, 0.0942706
76.525, 1, 0.0941622
76.55, 1, 0.0941622
76.575, 1, 0.09406
76.6, 1, 0.09406
76.625, 1, 0.0939609
76.65, 1, 0.0938603
76.675, 1, 0.0937541
76.7, 1, 0.0937541
76.725, 1, 0.0937541
76.75, 1, 0.0936659
76.775, 1, 0.0935837
76.8, 1, 0.0935081
76.825, 1, 0.0935081
76.85, 1, 0.0934311
76.875, 1, 0.0933557
76.9, 1, 0.0933557
76.925, 1, 0.0933557
76.95, 1, 0.0932378
76.975, 1, 0.0930882
77, 1, 0.0929275
77.025, 1, 0.09281
77.05, 1, 0.0927352
77.075, 1, 0.0926712
77.1, 1, 0.0926712
77.125, 1, 0.0926712
77.15, 1, 0.0925896
77.175, 1, 0.0925896
77.2, 1, 0.0925896
77.225, 1, 0.0921506
77.25, 1, 0.0921506
77.275, 1, 0.0918186
77.3, 1, 0.0918186
77.325, 1, 0.091561
77.35, 1, 0.0914172
77.375, 1, 0.0914172
77.4, 1, 0.0914172
77.425, 1, 0.091232
77.45, 1, 0.091232
77.475, 1, 0.0909119
77.5, 1, 0.0909119
77.525, 1, 0.0905386
77.55, 1, 0.0901645
77.575, 1, 0.0901645
77.6, 1, 0.089835
77.625, 1, 0.089835
77.65, 1, 0.089835
77.675, 1, 0.089835
77.7, 1, 0.089835
77.725, 1, 0.089835
77.75, 1, 0.089835
77.775, 1, 0.0894908
77.8, 1, 0.0891897
77.825, 1, 0.0891897
77.85, 1, 0.0891897
77.875, 1, 0.0891897
77.9, 1, 0.0891897
77.925, 1, 0.0891897
77.95, 1, 0.0891897
77.975, 1, 0.0888969
78, 1, 0.0886628
78.025, 1, 0.0886628
78.05, 1, 0.0884474
78.075, 1, 0.0882596
78.1, 1, 0.0880956
78.125, 1, 0.0879516
78.15, 1, 0.0878375
78.175, 1, 0.0877585
78.2, 1, 0.0877122
78.225, 1, 0.0877122
78.25, 1, 0.0876498
78.275, 1, 0.0875835
78.3, 1, 0.0875124
78.325, 1, 0.0875124
78.35, 1, 0.0875124
78.375, 1, 0.0875124
78.4, 1, 0.0875124
78.425, 1, 0.0874413
78.45, 1, 0.0873397
78.475, 1, 0.0871277
78.5, 1, 0.0867484
78.525, 1, 0.0867484
78.55, 1, 0.0867484
78.575, 1, 0.0867484
78.6, 1, 0.0866722
78.625, 1, 0.0866722
78.65, 1, 0.0866095
78.675, 1, 0.0865643
78.7, 1, 0.0865643
78.725, 1, 0.0864788
78.75, 1, 0.0864788
78.775, 1, 0.086282
78.8, 1, 0.086282
78.825, 1, 0.086282
78.85, 1, 0.086282
78.875, 1, 0.086282
78.9, 1, 0.0861336
78.925, 1, 0.0861336
78.95, 1, 0.0861336
78.975, 1, 0.0859901
79, 1, 0.0858597
79.025, 1, 0.0857358
79.05, 1, 0.085618
79.075, 1, 0.0855041
79.1, 1, 0.0855041
79.125, 1, 0.0853982
79.15, 1, 0.0853016
79.175, 1, 0.0853016
79.2, 1, 0.0852074
79.225, 1, 0.0852074
79.25, 1, 0.0851095
79.275, 1, 0.0851095
79.3, 1, 0.0851095
79.325, 1, 0.0851095
79.35, 1, 0.0850152
79.375, 1, 0.0849278
79.4, 1, 0.0848454
79.425, 1, 0.0848454
79.45, 1, 0.0848454
79.475, 1, 0.0848454
79.5, 1, 0.0848454
79.525, 1, 0.0847551
79.55, 1, 0.0847551
79.575, 1, 0.0847551
79.6, 1, 0.0846838
79.625, 1, 0.0846086
79.65, 1, 0.0845238
79.675, 1, 0.0845238
79.7, 1, 0.0845238
79.725, 1, 0.0844703
79.75, 1, 0.0844703
79.775, 1, 0.0844703
79.8, 1, 0.0844703
79.825, 1, 0.0844703
79.85, 1, 0.0844703
79.875, 1, 0.0844703
79.9, 1, 0.0844703
79.925, 1, 0.0844719
79.95, 1, 0.0844719
79.975, 1, 0.0844719
80, 1, 0.0844719
80.025, 1, 0.0844719
80.05, 1, 0.0844719
80.075, 1, 0.0844719
80.1, 1, 0.0844719
80.125, 1, 0.0840911
80.15, 1, 0.0832515
80.175, 1, 0.0832515
80.2, 1, 0.0820617
80.225, 1, 0.0820617
80.25, 1, 0.0820617
80.275, 1, 0.0820617
80.3, 1, 0.0814507
80.325, 1, 0.0814507
80.35, 1, 0.0814507
80.375, 1, 0.0808071
80.4, 1, 0.0808071
80.425, 1, 0.0808071
80.45, 1, 0.0808071
80.475, 1, 0.0808071
80.5, 1, 0.0801344
80.525, 1, 0.0800591
80.55, 1, 0.0800591
80.575, 1, 0.0800591
80.6, 1, 0.0800113
80.625, 1, 0.0800113
80.65, 1, 0.0801038
80.675, 1, 0.0805221
80.7, 1, 0.0811025
80.725, 1, 0.0811025
80.75, 1, 0.0817361
80.775, 1, 0.0817361
80.8, 1, 0.0817361
80.825, 1, 0.0817361
80.85, 1, 0.0823642
80.875, 1, 0.0823642
80.9, 1, 0.0823642
80.925, 1, 0.0823642
80.95, 1, 0.0823642
80.975, 1, 0.0823642
81, 1, 0.08313
81.025, 1, 0.0841248
81.05, 1, 0.085286
81.075, 1, 0.085286
81.1, 1, 0.0864769
81.125, 1, 0.0877958
81.15, 1, 0.0892453
81.175, 1, 0.0908251
81.2, 1, 0.0908251
81.225, 1, 0.0908251
81.25, 1, 0.0923398
81.275, 1, 0.0923398
81.3, 1, 0.0938068
81.325, 1, 0.0938068
81.35, 1, 0.095231
81.375, 1, 0.095231
81.4, 1, 0.095231
81.425, 1, 0.0965695
81.45, 1, 0.0979655
81.475, 1, 0.0993918
81.5, 1, 0.100805
81.525, 1, 0.100805
81.55, 1, 0.102164
81.575, 1, 0.102164
81.6, 1, 0.103474
81.625, 1, 0.103474
81.65, 1, 0.104766
81.675, 1, 0.106081
81.7, 1, 0.106081
81.725, 1, 0.107226
81.75, 1, 0.10829
81.775, 1, 0.10829
81.8, 1, 0.10829
81.825, 1, 0.10829
81.85, 1, 0.10829
81.875, 1, 0.10829
81.9, 1, 0.10829
81.925, 1, 0.10829
81.95, 1, 0.109513
81.975, 1, 0.110626
82, 1, 0.110626
82.025, 1, 0.110626
82.05, 1, 0.110626
82.075, 1, 0.11176
82.1, 1, 0.112839
82.125, 1, 0.113858
82.15, 1, 0.113858
82.175, 1, 0.113858
82.2, 1, 0.113858
82.225, 1, 0.113858
82.25, 1, 0.113858
82.275, 1, 0.114864
82.3, 1, 0.114864
82.325, 1, 0.114864
82.35, 1, 0.114864
82.375, 1, 0.115783
82.4, 1, 0.115783
82.425, 1, 0.116666
82.45, 1, 0.116666
82.475, 1, 0.117522
82.5, 1, 0.118363
82.525, 1, 0.119198
82.55, 1, 0.119198
82.575, 1, 0.119198
82.6, 1, 0.119982
82.625, 1, 0.119982
82.65, 1, 0.119982
82.675, 1, 0.119982
82.7, 1, 0.120786
82.725, 1, 0.120786
82.75, 1, 0.120786
82.775, 1, 0.120786
82.8, 1, 0.120786
82.825, 1, 0.121613
82.85, 1, 0.121613
82.875, 1, 0.122382
82.9, 1, 0.122382
82.925, 1, 0.123106
82.95, 1, 0.123106
82.975, 1, 0.123106
83, 1, 0.123829
83.025, 1, 0.124535
83.05, 1, 0.124535
83.075, 1, 0.124535
83.1, 1, 0.124535
83.125, 1, 0.125184
83.15, 1, 0.125753
83.175, 1, 0.125753
83.2, 1, 0.126261
83.225, 1, 0.126736
83.25, 1, 0.127195
83.275, 1, 0.127646
83.3, 1, 0.127646
83.325, 1, 0.127646
83.35, 1, 0.127646
83.375, 1, 0.127646
83.4, 1, 0.127646
83.425, 1, 0.127646
83.45, 1, 0.128077
83.475, 1, 0.128077
83.5, 1, 0.128477
83.525, 1, 0.128847
83.55, 1, 0.128847
83.575, 1, 0.129183
83.6, 1, 0.12949
83.625, 1, 0.12949
83.65, 1, 0.12949
83.675, 1, 0.12949
83.7, 1, 0.129794
83.725, 1, 0.130108
83.75, 1, 0.130108
83.775, 1, 0.130421
83.8, 1, 0.130421
83.825, 1, 0.130421
83.85, 1, 0.130421
83.875, 1, 0.130421
83.9, 1, 0.130715
83.925, 1, 0.130715
83.95, 1, 0.130715
83.975, 1, 0.130999
84, 1, 0.130999
84.025, 1, 0.131265
84.05, 1, 0.131265
84.075, 1, 0.131265
84.1, 1, 0.131559
84.125, 1, 0.131559
84.15, 1, 0.131831
84.175, 1, 0.131831
84.2, 1, 0.132067
84.225, 1, 0.132295
84.25, 1, 0.132295
84.275, 1, 0.132295
84.3, 1, 0.132295
84.325, 1, 0.132322
84.35, 1, 0.132322
84.375, 1, 0.132322
84.4, 1, 0.132322
84.425, 1, 0.132442
84.45, 1, 0.132442
84.475, 1, 0.132557
84.5, 1, 0.132557
84.525, 1, 0.132557
84.55, 1, 0.132557
84.575, 1, 0.132557
84.6, 1, 0.132585
84.625, 1, 0.132585
84.65, 1, 0.132585
84.675, 1, 0.13266
84.7, 1, 0.13266
84.725, 1, 0.132738
84.75, 1, 0.132822
84.775, 1, 0.132906
84.8, 1, 0.132906
84.825, 1, 0.13298
84.85, 1, 0.13298
84.875, 1, 0.13305
84.9, 1, 0.13305
84.925, 1, 0.133121
84.95, 1, 0.133121
84.975, 1, 0.133121
85, 1, 0.133121
85.025, 1, 0.133121
85.05, 1, 0.133121
85.075, 1, 0.133121
85.1, 1, 0.133185
85.125, 1, 0.133248
85.15, 1, 0.133309
85.175, 1, 0.133368
85.2, 1, 0.133368
85.225, 1, 0.133425
85.25, 1, 0.133425
85.275, 1, 0.133425
85.3, 1, 0.133456
85.325, 1, 0.133462
85.35, 1, 0.133462
85.375, 1, 0.133462
85.4, 1, 0.133462
85.425, 1, 0.133462
85.45, 1, 0.133462
85.475, 1, 0.133462
85.5, 1, 0.133462
85.525, 1, 0.133485
85.55, 1, 0.133485
85.575, 1, 0.1334
85.6, 1, 0.1334
85.625, 1, 0.1334
85.65, 1, 0.1334
85.675, 1, 0.1334
85.7, 1, 0.133422
85.725, 1, 0.133372
85.75, 1, 0.133372
85.775, 1, 0.133254
85.8, 1, 0.133254
85.825, 1, 0.133174
85.85, 1, 0.133174
85.875, 1, 0.133093
85.9, 1, 0.133093
85.925, 1, 0.133093
85.95, 1, 0.132939
85.975, 1, 0.132671
86, 1, 0.132671
86.025, 1, 0.132315
86.05, 1, 0.131915
86.075, 1, 0.13151
86.1, 1, 0.13151
86.125, 1, 0.13151
86.15, 1, 0.13151
86.175, 1, 0.131092
86.2, 1, 0.131092
86.225, 1, 0.131092
86.25, 1, 0.131092
86.275, 1, 0.131092
86.3, 1, 0.13066
86.325, 1, 0.13066
86.35, 1, 0.130206
86.375, 1, 0.130206
86.4, 1, 0.130206
86.425, 1, 0.130206
86.45, 1, 0.129781
86.475, 1, 0.129781
86.5, 1, 0.129781
86.525, 1, 0.129781
86.55, 1, 0.129781
86.575, 1, 0.129781
86.6, 1, 0.12938
86.625, 1, 0.12938
86.65, 1, 0.128987
86.675, 1, 0.128609
86.7, 1, 0.128609
86.725, 1, 0.128205
86.75, 1, 0.128205
86.775, 1, 0.128205
86.8, 1, 0.128205
86.825, 1, 0.127879
86.85, 1, 0.127879
86.875, 1, 0.127529
86.9, 1, 0.127529
86.925, 1, 0.127529
86.95, 1, 0.127529
86.975, 1, 0.127529
87, 1, 0.127147
87.025, 1, 0.127147
87.05, 1, 0.127147
87.075, 1, 0.126854
87.1, 1, 0.126575
87.125, 1, 0.126306
87.15, 1, 0.126306
87.175, 1, 0.126306
87.2, 1, 0.126306
87.225, 1, 0.126306
87.25, 1, 0.126306
87.275, 1, 0.125927
87.3, 1, 0.125492
87.325, 1, 0.125081
87.35, 1, 0.124696
87.375, 1, 0.124696
87.4, 1, 0.124696
87.425, 1, 0.124696
87.45, 1, 0.124696
87.475, 1, 0.124696
87.5, 1, 0.124696
87.525, 1, 0.124595
87.55, 1, 0.124595
87.575, 1, 0.124595
87.6, 1, 0.124595
87.625, 1, 0.124595
87.65, 1, 0.124489
87.675, 1, 0.124373
87.7, 1, 0.124248
87.725, 1, 0.124248
87.75, 1, 0.124248
87.775, 1, 0.124248
87.8, 1, 0.124248
87.825, 1, 0.124142
87.85, 1, 0.124142
87.875, 1, 0.124142
87.9, 1, 0.124142
87.925, 1, 0.124142
87.95, 1, 0.124142
87.975, 1, 0.124041
88, 1, 0.124041
88.025, 1, 0.123932
88.05, 1, 0.123813
88.075, 1, 0.123686
88.1, 1, 0.123686
88.125, 1, 0.123686
88.15, 1, 0.123567
88.175, 1, 0.123567
88.2, 1, 0.123567
88.225, 1, 0.123567
88.25, 1, 0.123567
88.275, 1, 0.123405
88.3, 1, 0.123202
88.325, 1, 0.122966
88.35, 1, 0.122966
88.375, 1, 0.122966
88.4, 1, 0.122776
88.425, 1, 0.122776
88.45, 1, 0.122776
88.475, 1, 0.12259
88.5, 1, 0.12259
88.525, 1, 0.12259
88.55, 1, 0.122318
88.575, 1, 0.122318
88.6, 1, 0.122318
88.625, 1, 0.122318
88.65, 1, 0.122318
88.675, 1, 0.122072
88.7, 1, 0.122072
88.725, 1, 0.122072
88.75, 1, 0.12194
88.775, 1, 0.12194
88.8, 1, 0.12194
88.825, 1, 0.12194
88.85, 1, 0.12194
88.875, 1, 0.12194
88.9, 1, 0.122223
88.925, 1, 0.122554
88.95, 1, 0.122554
88.975, 1, 0.122554
89, 1, 0.122554
89.025, 1, 0.122903
89.05, 1, 0.123149
89.075, 1, 0.123149
89.1, 1, 0.123149
89.125, 1, 0.123149
89.15, 1, 0.123149
89.175, 1, 0.123501
89.2, 1, 0.123501
89.225, 1, 0.123501
89.25, 1, 0.123501
89.275, 1, 0.123501
89.3, 1, 0.123501
89.325, 1, 0.123501
89.35, 1, 0.123849
89.375, 1, 0.123849
89.4, 1, 0.124189
89.425, 1, 0.124189
89.45, 1, 0.124509
89.475, 1, 0.124509
89.5, 1, 0.124509
89.525, 1, 0.124509
89.55, 1, 0.124509
89.575, 1, 0.124807
89.6, 1, 0.125079
89.625, 1, 0.125079
89.65, 1, 0.125327
89.675, 1, 0.125327
89.7, 1, 0.125553
89.725, 1, 0.125754
89.75, 1, 0.125754
89.775, 1, 0.125903
89.8, 1, 0.125991
89.825, 1, 0.125979
89.85, 1, 0.125979
89.875, 1, 0.125979
89.9, 1, 0.125913
89.925, 1, 0.125913
89.95, 1, 0.125913
89.975, 1, 0.125862
