0, 8.04108, -2.69184
0.025, 8.04108, -2.69184
0.05, 1.62888, -0.162821
0.075, 1.80184, -0.16275
0.1, 2.66791, -0.162393
0.125, 2.66791, -0.162393
0.15, 2.66791, -0.162393
0.175, 2.66791, -0.162393
0.2, 2.66791, -0.162393
0.225, 2.66791, -0.162393
0.25, 2.66791, -0.162393
0.275, 0.177084, -0.163419
0.3, 0.177084, -0.163419
0.325, 0.177084, -0.163419
0.35, 0.49443, -0.163293
0.375, 0.626302, -0.163248
0.4, 0.742241, -0.163216
0.425, 0.742241, -0.163216
0.45, 0.905818, -0.163199
0.475, 1.00049, -0.163226
0.5, 1.00049, -0.163226
0.525, 1.13533, -0.163318
0.55, 1.25937, -0.163543
0.575, 1.25937, -0.163543
0.6, 1.25937, -0.163543
0.625, 1.68145, -0.165781
0.65, 1.68145, -0.165781
0.675, 1.68145, -0.165781
0.7, 1.68145, -0.165781
0.725, 2.33462, -0.179065
0.75, 2.68471, -0.198753
0.775, 2.99473, -0.231263
0.8, 3.43275, -0.332996
0.825, 3.43275, -0.332996
0.85, 3.43275, -0.332996
0.875, 3.43275, -0.332996
0.9, 0.117836, 0.675083
0.925, 3.64992, -1.45047
0.95, 3.99722, -1.30674
0.975, 3.99722, -1.30674
1, 3.07414, -1.59856
1.025, 3.07405, -1.59858
1.05, 3.07405, -1.59858
1.075, 2.59463, -1.71062
1.1, 2.7907, -1.66493
1.125, 2.85634, -1.6499
1.15, 2.85634, -1.6499
1.175, 2.85634, -1.6499
1.2, 2.85634, -1.6499
1.225, 2.85634, -1.6499
1.25, 2.85634, -1.6499
1.275, 2.85634, -1.6499
1.3, 1.77767, -1.8414
1.325, 1.77767, -1.8414
1.35, 1.77767, -1.8414
1.375, 1.77767, -1.8414
1.4, 1.57564, -1.87813
1.425, 1.57564, -1.87813
1.45, 1.57564, -1.87813
1.475, 1.78251, -1.84179
1.5, 1.78251, -1.84179
1.525, 1.78251, -1.84179
1.55, 1.78251, -1.84179
1.575, 1.78251, -1.84179
1.6, 2.01053, -1.80157
1.625, 2.01053, -1.80157
1.65, 2.01053, -1.80157
1.675, 2.01053, -1.80157
1.7, 1.99855, -1.80356
1.725, 2.03385, -1.79694
1.75, 2.03385, -1.79694
1.775, 2.03385, -1.79694
1.8, 2.03385, -1.79694
1.825, 2.03385, -1.79694
1.85, 2.03385, -1.79694
1.875, 2.03385, -1.79694
1.9, 2.03385, -1.79694
1.925, 2.18442, -1.77446
1.95, 2.18442, -1.77446
1.975, 2.18442, -1.77446
2, 2.3148, -1.74763
2.025, 2.38848, -1.73244
2.05, 2.38848, -1.73244
2.075, 2.38848, -1.73244
2.1, 2.38848, -1.73244
2.125, 2.38848, -1.73244
2.15, 2.38848, -1.73244
2.175, 2.38848, -1.73244
2.2, 2.46645, -1.71528
2.225, 2.52365, -1.70143
2.25, 2.54862, -1.69547
2.275, 2.55247, -1.69464
2.3, 2.55247, -1.69464
2.325, 2.55247, -1.69464
2.35, 2.57162, -1.68897
2.375, 2.57162, -1.68897
2.4, 2.5724, -1.68085
2.425, 2.5724, -1.68085
2.45, 2.56317, -1.67512
2.475, 2.56046, -1.67221
2.5, 2.56046, -1.67221
2.525, 2.56046, -1.67221
2.55, 2.56075, -1.67137
2.575, 2.55564, -1.66958
2.6, 2.55564, -1.66958
2.625, 2.55564, -1.66958
2.65, 2.53126, -1.66622
2.675, 2.53126, -1.66622
2.7, 2.50941, -1.66389
2.725, 2.48857, -1.66205
2.75, 2.48857, -1.66205
2.775, 2.47003, -1.66071
2.8, 2.46031, -1.66021
2.825, 2.45843, -1.66011
2.85, 2.45843, -1.66011
2.875, 2.45843, -1.66011
2.9, 2.45843, -1.66011
2.925, 2.45843, -1.66011
2.95, 2.45843, -1.66011
2.975, 2.45843, -1.66011
3, 2.47017, -1.65853
3.025, 2.47017, -1.65853
3.05, 2.47017, -1.65853
3.075, 2.47017, -1.65853
3.1, 2.47017, -1.65853
3.125, 2.43276, -1.66238
3.15, 2.43276, -1.66238
3.175, 2.43276, -1.66238
3.2, 2.43276, -1.66238
3.225, 2.43276, -1.66238
3.25, 2.43276, -1.66238
3.275, 2.43276, -1.66238
3.3, 2.43276, -1.66238
3.325, 2.31022, -1.66897
3.35, 2.31022, -1.66897
3.375, 2.31022, -1.66897
3.4, 2.31022, -1.66897
3.425, 2.27093, -1.67139
3.45, 2.22575, -1.67475
3.475, 2.17536, -1.6783
3.5, 2.17536, -1.6783
3.525, 2.17536, -1.6783
3.55, 2.02824, -1.68595
3.575, 2.02824, -1.68595
3.6, 2.02824, -1.68595
3.625, 2.03093, -1.68583
3.65, 2.03823, -1.68544
3.675, 2.03823, -1.68544
3.7, 2.03823, -1.68544
3.725, 2.03823, -1.68544
3.75, 1.96559, -1.68909
3.775, 1.96559, -1.68909
3.8, 1.96559, -1.68909
3.825, 1.96559, -1.68909
3.85, 2.01684, -1.68625
3.875, 2.01684, -1.68625
3.9, 2.01684, -1.68625
3.925, 2.01684, -1.68625
3.95, 2.01684, -1.68625
3.975, 2.01684, -1.68625
4, 2.01789, -1.68611
4.025, 2.06675, -1.68381
4.05, 2.06675, -1.68381
4.075, 2.06675, -1.68381
4.1, 2.06675, -1.68381
4.125, 2.06675, -1.68381
4.15, 2.06675, -1.68381
4.175, 2.06675, -1.68381
4.2, 2.06675, -1.68381
4.225, 2.06675, -1.68381
4.25, 2.08215, -1.68406
4.275, 2.08704, -1.68345
4.3, 2.09781, -1.68174
4.325, 2.09781, -1.68174
4.35, 2.09781, -1.68174
4.375, 2.09274, -1.68058
4.4, 2.09274, -1.68058
4.425, 2.07328, -1.67839
4.45, 2.04907, -1.67648
4.475, 2.0223, -1.67499
4.5, 2.00082, -1.67398
4.525, 2.00082, -1.67398
4.55, 2.00082, -1.67398
4.575, 1.99649, -1.67377
4.6, 1.99472, -1.67368
4.625, 1.99472, -1.67368
4.65, 1.99472, -1.67368
4.675, 1.99472, -1.67368
4.7, 1.99472, -1.67368
4.725, 1.9324, -1.67274
4.75, 1.9324, -1.67274
4.775, 1.9324, -1.67274
4.8, 1.9324, -1.67274
4.825, 1.9324, -1.67274
4.85, 1.9324, -1.67274
4.875, 1.9324, -1.67274
4.9, 1.91378, -1.6719
4.925, 1.89753, -1.67173
4.95, 1.91331, -1.6719
4.975, 1.91331, -1.6719
5, 1.94069, -1.67293
5.025, 1.97784, -1.6743
5.05, 1.97784, -1.6743
5.075, 1.97784, -1.6743
5.1, 1.97784, -1.6743
5.125, 1.97784, -1.6743
5.15, 1.97784, -1.6743
5.175, 1.97784, -1.6743
5.2, 1.96905, -1.675
5.225, 1.96905, -1.675
5.25, 1.96905, -1.675
5.275, 1.96905, -1.675
5.3, 1.96905, -1.675
5.325, 1.96905, -1.675
5.35, 1.96539, -1.67543
5.375, 1.95902, -1.67699
5.4, 1.92899, -1.6798
5.425, 1.92899, -1.6798
5.45, 1.92899, -1.6798
5.475, 1.86154, -1.68295
5.5, 1.86154, -1.68295
5.525, 1.86099, -1.68298
5.55, 1.85758, -1.68317
5.575, 1.86843, -1.68264
5.6, 1.88463, -1.68194
5.625, 1.88463, -1.68194
5.65, 1.88463, -1.68194
5.675, 1.74574, -1.68636
5.7, 1.74574, -1.68636
5.725, 1.74574, -1.68636
5.75, 1.74574, -1.68636
5.775, 1.78895, -1.68509
5.8, 1.84723, -1.68342
5.825, 1.84723, -1.68342
5.85, 1.88424, -1.6824
5.875, 1.88424, -1.6824
5.9, 1.88424, -1.6824
5.925, 1.88424, -1.6824
5.95, 1.87748, -1.68262
5.975, 1.87748, -1.68262
6, 1.87748, -1.68262
6.025, 1.87748, -1.68262
6.05, 1.87748, -1.68262
6.075, 1.85581, -1.68328
6.1, 1.84157, -1.68367
6.125, 1.84157, -1.68367
6.15, 1.86524, -1.68296
6.175, 1.86524, -1.68296
6.2, 1.86524, -1.68296
6.225, 1.88101, -1.68232
6.25, 1.91583, -1.68112
6.275, 1.91583, -1.68112
6.3, 1.92244, -1.68082
6.325, 1.92244, -1.68082
6.35, 1.93096, -1.68021
6.375, 1.93096, -1.68021
6.4, 1.93633, -1.67893
6.425, 1.9467, -1.67779
6.45, 1.9467, -1.67779
6.475, 1.94769, -1.67747
6.5, 1.95005, -1.67722
6.525, 1.95249, -1.67682
6.55, 1.94999, -1.67623
6.575, 1.94999, -1.67623
6.6, 1.92067, -1.67539
6.625, 1.92067, -1.67539
6.65, 1.92067, -1.67539
6.675, 1.92067, -1.67539
6.7, 1.92067, -1.67539
6.725, 1.92067, -1.67539
6.75, 1.88018, -1.67524
6.775, 1.88018, -1.67524
6.8, 1.88018, -1.67524
6.825, 1.86841, -1.67513
6.85, 1.89647, -1.67546
6.875, 1.89647, -1.67546
6.9, 1.89647, -1.67546
6.925, 1.8773, -1.67486
6.95, 1.8773, -1.67486
6.975, 1.813, -1.67424
7, 1.813, -1.67424
7.025, 1.813, -1.67424
7.05, 1.813, -1.67424
7.075, 1.813, -1.67424
7.1, 1.83888, -1.67452
7.125, 1.83888, -1.67452
7.15, 1.83888, -1.67452
7.175, 1.83888, -1.67452
7.2, 1.83888, -1.67452
7.225, 1.83888, -1.67452
7.25, 1.79512, -1.67136
7.275, 1.79512, -1.67136
7.3, 1.79512, -1.67136
7.325, 1.79512, -1.67136
7.35, 1.79512, -1.67136
7.375, 1.79512, -1.67136
7.4, 1.80928, -1.67269
7.425, 1.80928, -1.67269
7.45, 1.80928, -1.67269
7.475, 1.81319, -1.67397
7.5, 1.81319, -1.67397
7.525, 1.80761, -1.67624
7.55, 1.80761, -1.67624
7.575, 1.7833, -1.67883
7.6, 1.7833, -1.67883
7.625, 1.7833, -1.67883
7.65, 1.7833, -1.67883
7.675, 1.7833, -1.67883
7.7, 1.7833, -1.67883
7.725, 1.71736, -1.68089
7.75, 1.64616, -1.68348
7.775, 1.60672, -1.68485
7.8, 1.61616, -1.68449
7.825, 1.61616, -1.68449
7.85, 1.61616, -1.68449
7.875, 1.61616, -1.68449
7.9, 1.61616, -1.68449
7.925, 1.57912, -1.68549
7.95, 1.57912, -1.68549
7.975, 1.57912, -1.68549
8, 1.50081, -1.68733
8.025, 1.46305, -1.68818
8.05, 1.46305, -1.68818
8.075, 1.46706, -1.6881
8.1, 1.46706, -1.6881
8.125, 1.46706, -1.6881
8.15, 1.4801, -1.68786
8.175, 1.48221, -1.68782
8.2, 1.48221, -1.68782
8.225, 1.47529, -1.68795
8.25, 1.49453, -1.68757
8.275, 1.51737, -1.6871
8.3, 1.51737, -1.6871
8.325, 1.54963, -1.6864
8.35, 1.61303, -1.68498
8.375, 1.65856, -1.68379
8.4, 1.65856, -1.68379
8.425, 1.65584, -1.68317
8.45, 1.65584, -1.68317
8.475, 1.65584, -1.68317
8.5, 1.62469, -1.68301
8.525, 1.62469, -1.68301
8.55, 1.62332, -1.68297
8.575, 1.61774, -1.6823
8.6, 1.60592, -1.68156
8.625, 1.60592, -1.68156
8.65, 1.52679, -1.68036
8.675, 1.44019, -1.67907
8.7, 1.44019, -1.67907
8.725, 1.44019, -1.67907
8.75, 1.44019, -1.67907
8.775, 1.44019, -1.67907
8.8, 1.47262, -1.67922
8.825, 1.46748, -1.67915
8.85, 1.4583, -1.67902
8.875, 1.45226, -1.67894
8.9, 1.45226, -1.67894
8.925, 1.45226, -1.67894
8.95, 1.45189, -1.67893
8.975, 1.4701, -1.67917
9, 1.50108, -1.6796
9.025, 1.50108, -1.6796
9.05, 1.50108, -1.6796
9.075, 1.50036, -1.67958
9.1, 1.50036, -1.67958
9.125, 1.50036, -1.67958
9.15, 1.52388, -1.68026
9.175, 1.57332, -1.68102
9.2, 1.61947, -1.68177
9.225, 1.61947, -1.68177
9.25, 1.61947, -1.68177
9.275, 1.61947, -1.68177
9.3, 1.61947, -1.68177
9.325, 1.61947, -1.68177
9.35, 1.61788, -1.68075
9.375, 1.61788, -1.68075
9.4, 1.61788, -1.68075
9.425, 1.61788, -1.68075
9.45, 1.61696, -1.68155
9.475, 1.64539, -1.68269
9.5, 1.64539, -1.68269
9.525, 1.64539, -1.68269
9.55, 1.64539, -1.68269
9.575, 1.64539, -1.68264
9.6, 1.64539, -1.68264
9.625, 1.64902, -1.68381
9.65, 1.64902, -1.68381
9.675, 1.64902, -1.68381
9.7, 1.62845, -1.68559
9.725, 1.62845, -1.68559
9.75, 1.61101, -1.68693
9.775, 1.61101, -1.68693
9.8, 1.61918, -1.68648
9.825, 1.61918, -1.68648
9.85, 1.58205, -1.68823
9.875, 1.54699, -1.68976
9.9, 1.54699, -1.68976
9.925, 1.51888, -1.69082
9.95, 1.50929, -1.69119
9.975, 1.50929, -1.69119
10, 1.50929, -1.69119
10.025, 1.49662, -1.69156
10.05, 1.48542, -1.69186
10.075, 1.48542, -1.69186
10.1, 1.48542, -1.69186
10.125, 1.48542, -1.69186
10.15, 1.4962, -1.69148
10.175, 1.51982, -1.69081
10.2, 1.51982, -1.69081
10.225, 1.51982, -1.69081
10.25, 1.51982, -1.69081
10.275, 1.51982, -1.69081
10.3, 1.50271, -1.69117
10.325, 1.52016, -1.69069
10.35, 1.52016, -1.69069
10.375, 1.53012, -1.69028
10.4, 1.54891, -1.68953
10.425, 1.54891, -1.68953
10.45, 1.54891, -1.68953
10.475, 1.54891, -1.68953
10.5, 1.5494, -1.68966
10.525, 1.5494, -1.68966
10.55, 1.55302, -1.68924
10.575, 1.55302, -1.68924
10.6, 1.55302, -1.68924
10.625, 1.55302, -1.68924
10.65, 1.53819, -1.68924
10.675, 1.53819, -1.68924
10.7, 1.52471, -1.68899
10.725, 1.50164, -1.68829
10.75, 1.50164, -1.68829
10.775, 1.50164, -1.68829
10.8, 1.50164, -1.68829
10.825, 1.49384, -1.68832
10.85, 1.49384, -1.68832
10.875, 1.49384, -1.68832
10.9, 1.4826, -1.68818
10.925, 1.4826, -1.68818
10.95, 1.42958, -1.68766
10.975, 1.37465, -1.68736
11, 1.37465, -1.68736
11.025, 1.37465, -1.68736
11.05, 1.37465, -1.68736
11.075, 1.37465, -1.68736
11.1, 1.44846, -1.68848
11.125, 1.51053, -1.68924
11.15, 1.53918, -1.68954
11.175, 1.53918, -1.68954
11.2, 1.48945, -1.68898
11.225, 1.4351, -1.68884
11.25, 1.36392, -1.68879
11.275, 1.36392, -1.68879
11.3, 1.44641, -1.68933
11.325, 1.44641, -1.68933
11.35, 1.44641, -1.68933
11.375, 1.44641, -1.68933
11.4, 1.43995, -1.68801
11.425, 1.43995, -1.68801
11.45, 1.43995, -1.68801
11.475, 1.43995, -1.68801
11.5, 1.43995, -1.68801
11.525, 1.43995, -1.68801
11.55, 1.43318, -1.6863
11.575, 1.43318, -1.6863
11.6, 1.43318, -1.6863
11.625, 1.44509, -1.68682
11.65, 1.44509, -1.68682
11.675, 1.44509, -1.68682
11.7, 1.4332, -1.68873
11.725, 1.4332, -1.68873
11.75, 1.4332, -1.68873
11.775, 1.4332, -1.68873
11.8, 1.4332, -1.68873
11.825, 1.4332, -1.68873
11.85, 1.54692, -1.68392
11.875, 1.54692, -1.68392
11.9, 1.54692, -1.68392
11.925, 1.54692, -1.68392
11.95, 1.54692, -1.68392
11.975, 1.54692, -1.68392
12, 1.54692, -1.68392
12.025, 1.54692, -1.68392
12.05, 1.54692, -1.68392
12.075, 1.54692, -1.68392
12.1, 1.47527, -1.68578
12.125, 1.44506, -1.68652
12.15, 1.44506, -1.68652
12.175, 1.426, -1.68697
12.2, 1.426, -1.68697
12.225, 1.43613, -1.68672
12.25, 1.43613, -1.68672
12.275, 1.43613, -1.68672
12.3, 1.43613, -1.68672
12.325, 1.42519, -1.68692
12.35, 1.46695, -1.68594
12.375, 1.46695, -1.68594
12.4, 1.46695, -1.68594
12.425, 1.46695, -1.68594
12.45, 1.46695, -1.68594
12.475, 1.46859, -1.68591
12.5, 1.46859, -1.68591
12.525, 1.46615, -1.68599
12.55, 1.46615, -1.68599
12.575, 1.47668, -1.68564
12.6, 1.50946, -1.68441
12.625, 1.50946, -1.68441
12.65, 1.50702, -1.68366
12.675, 1.50702, -1.68366
12.7, 1.50702, -1.68366
12.725, 1.49341, -1.68372
12.75, 1.48921, -1.68328
12.775, 1.48921, -1.68328
12.8, 1.48921, -1.68328
12.825, 1.48836, -1.68323
12.85, 1.47553, -1.68238
12.875, 1.47553, -1.68238
12.9, 1.42957, -1.68179
12.925, 1.42957, -1.68179
12.95, 1.42957, -1.68179
12.975, 1.42957, -1.68179
13, 1.42957, -1.68179
13.025, 1.4595, -1.68178
13.05, 1.44432, -1.68158
13.075, 1.43743, -1.68149
13.1, 1.43743, -1.68149
13.125, 1.43743, -1.68149
13.15, 1.46386, -1.68209
13.175, 1.46386, -1.68209
13.2, 1.46518, -1.68212
13.225, 1.49228, -1.68247
13.25, 1.49228, -1.68247
13.275, 1.49228, -1.68247
13.3, 1.46835, -1.68185
13.325, 1.46835, -1.68185
13.35, 1.46835, -1.68185
13.375, 1.46835, -1.68185
13.4, 1.46835, -1.68185
13.425, 1.46486, -1.68166
13.45, 1.46486, -1.68166
13.475, 1.46486, -1.68166
13.5, 1.46486, -1.68166
13.525, 1.46486, -1.68166
13.55, 1.46486, -1.68166
13.575, 1.46486, -1.68166
13.6, 1.46555, -1.68145
13.625, 1.46555, -1.68145
13.65, 1.46555, -1.68145
13.675, 1.46555, -1.68145
13.7, 1.46416, -1.68102
13.725, 1.46416, -1.68102
13.75, 1.48014, -1.68187
13.775, 1.48014, -1.68187
13.8, 1.48014, -1.68187
13.825, 1.47338, -1.68293
13.85, 1.47338, -1.68293
13.875, 1.46184, -1.68443
13.9, 1.46184, -1.68443
13.925, 1.46184, -1.68443
13.95, 1.46184, -1.68443
13.975, 1.46184, -1.68443
14, 1.46184, -1.68443
14.025, 1.49671, -1.68317
14.05, 1.49671, -1.68317
14.075, 1.49612, -1.68319
14.1, 1.49434, -1.68327
14.125, 1.48379, -1.68371
14.15, 1.48379, -1.68371
14.175, 1.48379, -1.68371
14.2, 1.44266, -1.68501
14.225, 1.44266, -1.68501
14.25, 1.41643, -1.68575
14.275, 1.41643, -1.68575
14.3, 1.43156, -1.68532
14.325, 1.45696, -1.68458
14.35, 1.48621, -1.68374
14.375, 1.48621, -1.68374
14.4, 1.48623, -1.68374
14.425, 1.49078, -1.68362
14.45, 1.48883, -1.68367
14.475, 1.48883, -1.68367
14.5, 1.47674, -1.68403
14.525, 1.47674, -1.68403
14.55, 1.47674, -1.68403
14.575, 1.48336, -1.68377
14.6, 1.51038, -1.68282
14.625, 1.51038, -1.68282
14.65, 1.51038, -1.68282
14.675, 1.51038, -1.68282
14.7, 1.51038, -1.68282
14.725, 1.51038, -1.68282
14.75, 1.51038, -1.68282
14.775, 1.51038, -1.68282
14.8, 1.51038, -1.68282
14.825, 1.51038, -1.68282
14.85, 1.57971, -1.68174
14.875, 1.58241, -1.68155
14.9, 1.58241, -1.68155
14.925, 1.58074, -1.68126
14.95, 1.57405, -1.68066
14.975, 1.56355, -1.68016
15, 1.56355, -1.68016
15.025, 1.56355, -1.68016
15.05, 1.5591, -1.68004
15.075, 1.5591, -1.68004
15.1, 1.5591, -1.68004
15.125, 1.55394, -1.67994
15.15, 1.55394, -1.67994
15.175, 1.51712, -1.6794
15.2, 1.51712, -1.6794
15.225, 1.51712, -1.6794
15.25, 1.51712, -1.6794
15.275, 1.51712, -1.6794
15.3, 1.58906, -1.67973
15.325, 1.6271, -1.68038
15.35, 1.6271, -1.68038
15.375, 1.63625, -1.68058
15.4, 1.60777, -1.68025
15.425, 1.60777, -1.68025
15.45, 1.58659, -1.68002
15.475, 1.58659, -1.68002
15.5, 1.58659, -1.68002
15.525, 1.56847, -1.67983
15.55, 1.56847, -1.67983
15.575, 1.56847, -1.67983
15.6, 1.56847, -1.67983
15.625, 1.59028, -1.68047
15.65, 1.63033, -1.68113
15.675, 1.63033, -1.68113
15.7, 1.64167, -1.68158
15.725, 1.6568, -1.68193
15.75, 1.6568, -1.68193
15.775, 1.6568, -1.68193
15.8, 1.6568, -1.68193
15.825, 1.6568, -1.68193
15.85, 1.66182, -1.68239
15.875, 1.66182, -1.68239
15.9, 1.66182, -1.68239
15.925, 1.66182, -1.68239
15.95, 1.66182, -1.68239
15.975, 1.66182, -1.68239
16, 1.68397, -1.68104
16.025, 1.67956, -1.68187
16.05, 1.67956, -1.68187
16.075, 1.67956, -1.68187
16.1, 1.67956, -1.68187
16.125, 1.6592, -1.68271
16.15, 1.6592, -1.68271
16.175, 1.6592, -1.68271
16.2, 1.6592, -1.68271
16.225, 1.65686, -1.68279
16.25, 1.65686, -1.68279
16.275, 1.64764, -1.68306
16.3, 1.64764, -1.68306
16.325, 1.64764, -1.68306
16.35, 1.59823, -1.68426
16.375, 1.59823, -1.68426
16.4, 1.6256, -1.68352
16.425, 1.6256, -1.68352
16.45, 1.6256, -1.68352
16.475, 1.6256, -1.68352
16.5, 1.59028, -1.68413
16.525, 1.59028, -1.68413
16.55, 1.59028, -1.68413
16.575, 1.59356, -1.68407
16.6, 1.63314, -1.68315
16.625, 1.66748, -1.6823
16.65, 1.66748, -1.6823
16.675, 1.67885, -1.68201
16.7, 1.67885, -1.68201
16.725, 1.67885, -1.68201
16.75, 1.66629, -1.68229
16.775, 1.665, -1.68233
16.8, 1.67036, -1.68215
16.825, 1.67036, -1.68215
16.85, 1.67036, -1.68215
16.875, 1.64637, -1.68179
16.9, 1.64637, -1.68179
16.925, 1.59787, -1.68186
16.95, 1.59787, -1.68186
16.975, 1.58637, -1.68177
17, 1.58637, -1.68177
17.025, 1.58424, -1.68174
17.05, 1.57808, -1.68163
17.075, 1.54273, -1.68108
17.1, 1.54273, -1.68108
17.125, 1.49992, -1.68082
17.15, 1.49992, -1.68082
17.175, 1.47327, -1.68063
17.2, 1.47327, -1.68063
17.225, 1.47327, -1.68063
17.25, 1.47327, -1.68063
17.275, 1.47327, -1.68063
17.3, 1.44103, -1.68049
17.325, 1.44103, -1.68049
17.35, 1.44103, -1.68049
17.375, 1.45476, -1.68069
17.4, 1.46167, -1.68074
17.425, 1.46167, -1.68074
17.45, 1.46167, -1.68074
17.475, 1.46167, -1.68074
17.5, 1.42921, -1.68025
17.525, 1.42921, -1.68025
17.55, 1.47341, -1.68076
17.575, 1.54166, -1.6815
17.6, 1.54166, -1.6815
17.625, 1.57712, -1.68293
17.65, 1.57712, -1.68293
17.675, 1.57712, -1.68293
17.7, 1.56978, -1.68232
17.725, 1.56978, -1.68232
17.75, 1.56978, -1.68232
17.775, 1.57396, -1.68325
17.8, 1.59966, -1.68444
17.825, 1.62217, -1.68569
17.85, 1.62217, -1.68569
17.875, 1.62217, -1.68569
17.9, 1.62294, -1.68467
17.925, 1.62294, -1.68467
17.95, 1.62294, -1.68467
17.975, 1.62022, -1.68542
18, 1.61689, -1.68646
18.025, 1.61689, -1.68646
18.05, 1.61689, -1.68646
18.075, 1.62233, -1.68602
18.1, 1.62233, -1.68602
18.125, 1.61753, -1.68682
18.15, 1.58038, -1.68906
18.175, 1.49755, -1.69257
18.2, 1.49755, -1.69257
18.225, 1.40484, -1.69565
18.25, 1.40484, -1.69565
18.275, 1.47784, -1.69342
18.3, 1.47784, -1.69342
18.325, 1.47784, -1.69342
18.35, 1.47784, -1.69342
18.375, 1.47784, -1.69342
18.4, 1.47784, -1.69342
18.425, 1.4359, -1.69258
18.45, 1.4359, -1.69258
18.475, 1.4359, -1.69258
18.5, 1.4359, -1.69258
18.525, 1.4359, -1.69258
18.55, 1.4359, -1.69258
18.575, 1.4359, -1.69258
18.6, 1.42849, -1.69254
18.625, 1.50475, -1.69089
18.65, 1.50475, -1.69089
18.675, 1.50475, -1.69089
18.7, 1.52341, -1.69056
18.725, 1.52341, -1.69056
18.75, 1.54685, -1.68999
18.775, 1.59361, -1.68879
18.8, 1.59361, -1.68879
18.825, 1.59361, -1.68879
18.85, 1.59361, -1.68879
18.875, 1.59361, -1.68879
18.9, 1.5956, -1.68873
18.925, 1.5956, -1.68873
18.95, 1.5956, -1.68873
18.975, 1.5956, -1.68873
19, 1.57674, -1.68885
19.025, 1.5824, -1.68811
19.05, 1.5824, -1.68811
19.075, 1.5824, -1.68811
19.1, 1.5824, -1.68811
19.125, 1.55048, -1.68804
19.15, 1.48847, -1.68701
19.175, 1.48847, -1.68701
19.2, 1.37486, -1.68719
19.225, 1.37486, -1.68719
19.25, 1.37486, -1.68719
19.275, 1.38974, -1.6872
19.3, 1.40929, -1.6874
19.325, 1.40929, -1.6874
19.35, 1.40929, -1.6874
19.375, 1.35266, -1.68698
19.4, 1.35266, -1.68698
19.425, 1.35266, -1.68698
19.45, 1.35266, -1.68698
19.475, 1.35266, -1.68698
19.5, 1.32899, -1.68636
19.525, 1.37437, -1.68652
19.55, 1.43375, -1.68674
19.575, 1.43375, -1.68674
19.6, 1.43375, -1.68674
19.625, 1.43375, -1.68674
19.65, 1.43983, -1.6875
19.675, 1.43983, -1.6875
19.7, 1.43983, -1.6875
19.725, 1.39945, -1.68622
19.75, 1.39945, -1.68622
19.775, 1.39945, -1.68622
19.8, 1.41261, -1.68629
19.825, 1.41261, -1.68629
19.85, 1.48003, -1.6875
19.875, 1.48003, -1.6875
19.9, 1.49736, -1.68913
19.925, 1.49736, -1.68913
19.95, 1.49736, -1.68913
19.975, 1.49736, -1.68913
20, 1.50394, -1.68776
20, 1.50678, -1.68591
20.025, 1.50807, -1.68599
20.05, 1.51047, -1.68608
20.075, 1.51047, -1.68608
20.1, 1.51331, -1.68617
20.125, 1.51331, -1.68617
20.15, 1.51635, -1.68626
20.175, 1.51635, -1.68626
20.2, 1.51635, -1.68626
20.225, 1.51635, -1.68626
20.25, 1.51635, -1.68626
20.275, 1.51879, -1.68629
20.3, 1.51879, -1.68629
20.325, 1.51879, -1.68629
20.35, 1.51879, -1.68629
20.375, 1.52027, -1.6863
20.4, 1.52027, -1.6863
20.425, 1.52027, -1.6863
20.45, 1.52253, -1.68631
20.475, 1.52839, -1.6863
20.5, 1.53688, -1.68628
20.525, 1.54769, -1.68625
20.55, 1.54769, -1.68625
20.575, 1.55824, -1.68622
20.6, 1.55824, -1.68622
20.625, 1.56845, -1.6862
20.65, 1.5796, -1.68616
20.675, 1.5796, -1.68616
20.7, 1.59071, -1.68613
20.725, 1.6028, -1.68609
20.75, 1.6028, -1.68609
20.775, 1.61454, -1.68606
20.8, 1.61454, -1.68606
20.825, 1.61454, -1.68606
20.85, 1.62567, -1.686
20.875, 1.63621, -1.68595
20.9, 1.64691, -1.68589
20.925, 1.64691, -1.68589
20.95, 1.64691, -1.68589
20.975, 1.65602, -1.68595
21, 1.65602, -1.68595
21.025, 1.65602, -1.68595
21.05, 1.65602, -1.68595
21.075, 1.65602, -1.68595
21.1, 1.67041, -1.68574
21.125, 1.68384, -1.68553
21.15, 1.69653, -1.68532
21.175, 1.70877, -1.68512
21.2, 1.72078, -1.68494
21.225, 1.73254, -1.6848
21.25, 1.73254, -1.6848
21.275, 1.73254, -1.6848
21.3, 1.73254, -1.6848
21.325, 1.74406, -1.68465
21.35, 1.74406, -1.68465
21.375, 1.74406, -1.68465
21.4, 1.74406, -1.68465
21.425, 1.74406, -1.68465
21.45, 1.74406, -1.68465
21.475, 1.74406, -1.68465
21.5, 1.74406, -1.68465
21.525, 1.75428, -1.68455
21.55, 1.75428, -1.68455
21.575, 1.75428, -1.68455
21.6, 1.75428, -1.68455
21.625, 1.75428, -1.68455
21.65, 1.75428, -1.68455
21.675, 1.76533, -1.68439
21.7, 1.77599, -1.68423
21.725, 1.78619, -1.68409
21.75, 1.78619, -1.68409
21.775, 1.78619, -1.68409
21.8, 1.78619, -1.68409
21.825, 1.79578, -1.68397
21.85, 1.80472, -1.68387
21.875, 1.80472, -1.68387
21.9, 1.80472, -1.68387
21.925, 1.81273, -1.6838
21.95, 1.81273, -1.6838
21.975, 1.81992, -1.68377
22, 1.81992, -1.68377
22.025, 1.81992, -1.68377
22.05, 1.82615, -1.68376
22.075, 1.82615, -1.68376
22.1, 1.82615, -1.68376
22.125, 1.82615, -1.68376
22.15, 1.8302, -1.68383
22.175, 1.83182, -1.68399
22.2, 1.8313, -1.68422
22.225, 1.8313, -1.68422
22.25, 1.8313, -1.68422
22.275, 1.8313, -1.68422
22.3, 1.83067, -1.68445
22.325, 1.83067, -1.68445
22.35, 1.83067, -1.68445
22.375, 1.83067, -1.68445
22.4, 1.82759, -1.68476
22.425, 1.82241, -1.68512
22.45, 1.82241, -1.68512
22.475, 1.81873, -1.68544
22.5, 1.81873, -1.68544
22.525, 1.81873, -1.68544
22.55, 1.81873, -1.68544
22.575, 1.81873, -1.68544
22.6, 1.81873, -1.68544
22.625, 1.81873, -1.68544
22.65, 1.81873, -1.68544
22.675, 1.81465, -1.68576
22.7, 1.81465, -1.68576
22.725, 1.81118, -1.68606
22.75, 1.80878, -1.68631
22.775, 1.80878, -1.68631
22.8, 1.8075, -1.68651
22.825, 1.8075, -1.68651
22.85, 1.80674, -1.68667
22.875, 1.80674, -1.68667
22.9, 1.80674, -1.68667
22.925, 1.80674, -1.68667
22.95, 1.80674, -1.68667
22.975, 1.80613, -1.68683
23, 1.80613, -1.68683
23.025, 1.80596, -1.68696
23.05, 1.80596, -1.68696
23.075, 1.80614, -1.68706
23.1, 1.80614, -1.68706
23.125, 1.80614, -1.68706
23.15, 1.80614, -1.68706
23.175, 1.80629, -1.68716
23.2, 1.80629, -1.68716
23.225, 1.80654, -1.68725
23.25, 1.80681, -1.68734
23.275, 1.80705, -1.68742
23.3, 1.80705, -1.68742
23.325, 1.80736, -1.6875
23.35, 1.80767, -1.68758
23.375, 1.80767, -1.68758
23.4, 1.80793, -1.68765
23.425, 1.80793, -1.68765
23.45, 1.80818, -1.68772
23.475, 1.80818, -1.68772
23.5, 1.80831, -1.6878
23.525, 1.80831, -1.6878
23.55, 1.80831, -1.6878
23.575, 1.80831, -1.6878
23.6, 1.80831, -1.6878
23.625, 1.80853, -1.68787
23.65, 1.80853, -1.68787
23.675, 1.80853, -1.68787
23.7, 1.80895, -1.68792
23.725, 1.80895, -1.68792
23.75, 1.80895, -1.68792
23.775, 1.80895, -1.68792
23.8, 1.80895, -1.68792
23.825, 1.80895, -1.68792
23.85, 1.80895, -1.68792
23.875, 1.80895, -1.68792
23.9, 1.80895, -1.68792
23.925, 1.80895, -1.68792
23.95, 1.81127, -1.68791
23.975, 1.81127, -1.68791
24, 1.81127, -1.68791
24.025, 1.81352, -1.6879
24.05, 1.81352, -1.6879
24.075, 1.81352, -1.6879
24.1, 1.81352, -1.6879
24.125, 1.81352, -1.6879
24.15, 1.81601, -1.68788
24.175, 1.81601, -1.68788
24.2, 1.81601, -1.68788
24.225, 1.81601, -1.68788
24.25, 1.81601, -1.68788
24.275, 1.81835, -1.68786
24.3, 1.82071, -1.68783
24.325, 1.82071, -1.68783
24.35, 1.82071, -1.68783
24.375, 1.82264, -1.68782
24.4, 1.82264, -1.68782
24.425, 1.82264, -1.68782
24.45, 1.8248, -1.6878
24.475, 1.82711, -1.68777
24.5, 1.82952, -1.68773
24.525, 1.82952, -1.68773
24.55, 1.83187, -1.68769
24.575, 1.83187, -1.68769
24.6, 1.83187, -1.68769
24.625, 1.83187, -1.68769
24.65, 1.83402, -1.68766
24.675, 1.83402, -1.68766
24.7, 1.83402, -1.68766
24.725, 1.83601, -1.68763
24.75, 1.8378, -1.68761
24.775, 1.8394, -1.68759
24.8, 1.8394, -1.68759
24.825, 1.8394, -1.68759
24.85, 1.84089, -1.68758
24.875, 1.84089, -1.68758
24.9, 1.84089, -1.68758
24.925, 1.84089, -1.68758
24.95, 1.84089, -1.68758
24.975, 1.84089, -1.68758
25, 1.84089, -1.68758
25.025, 1.84089, -1.68758
25.05, 1.84191, -1.68757
25.075, 1.84191, -1.68757
25.1, 1.84246, -1.68758
25.125, 1.84246, -1.68758
25.15, 1.84223, -1.68761
25.175, 1.84077, -1.68767
25.2, 1.84077, -1.68767
25.225, 1.84077, -1.68767
25.25, 1.83709, -1.68778
25.275, 1.83123, -1.68795
25.3, 1.8249, -1.68812
25.325, 1.81938, -1.68828
25.35, 1.81938, -1.68828
25.375, 1.81526, -1.6884
25.4, 1.81526, -1.6884
25.425, 1.81526, -1.6884
25.45, 1.81526, -1.6884
25.475, 1.81125, -1.68852
25.5, 1.81125, -1.68852
25.525, 1.81125, -1.68852
25.55, 1.81125, -1.68852
25.575, 1.80811, -1.68862
25.6, 1.80579, -1.68869
25.625, 1.80428, -1.68875
25.65, 1.80428, -1.68875
25.675, 1.80292, -1.68879
25.7, 1.80292, -1.68879
25.725, 1.80292, -1.68879
25.75, 1.8016, -1.68884
25.775, 1.8016, -1.68884
25.8, 1.80027, -1.68889
25.825, 1.80027, -1.68889
25.85, 1.80027, -1.68889
25.875, 1.79911, -1.68893
25.9, 1.79911, -1.68893
25.925, 1.79911, -1.68893
25.95, 1.798, -1.68897
25.975, 1.798, -1.68897
26, 1.798, -1.68897
26.025, 1.79694, -1.68901
26.05, 1.79595, -1.68904
26.075, 1.79595, -1.68904
26.1, 1.79595, -1.68904
26.125, 1.79498, -1.68907
26.15, 1.79498, -1.68907
26.175, 1.79404, -1.6891
26.2, 1.79404, -1.6891
26.225, 1.79318, -1.68913
26.25, 1.79318, -1.68913
26.275, 1.79231, -1.68915
26.3, 1.79231, -1.68915
26.325, 1.79145, -1.68917
26.35, 1.7906, -1.68918
26.375, 1.78979, -1.6892
26.4, 1.78979, -1.6892
26.425, 1.78979, -1.6892
26.45, 1.789, -1.68922
26.475, 1.789, -1.68922
26.5, 1.78823, -1.68923
26.525, 1.78823, -1.68923
26.55, 1.78748, -1.68925
26.575, 1.78671, -1.68927
26.6, 1.78585, -1.68929
26.625, 1.78585, -1.68929
26.65, 1.78447, -1.68934
26.675, 1.78447, -1.68934
26.7, 1.78447, -1.68934
26.725, 1.78305, -1.68939
26.75, 1.78168, -1.68944
26.775, 1.78168, -1.68944
26.8, 1.78168, -1.68944
26.825, 1.78168, -1.68944
26.85, 1.78036, -1.68949
26.875, 1.77887, -1.68955
26.9, 1.77887, -1.68955
26.925, 1.77887, -1.68955
26.95, 1.77887, -1.68955
26.975, 1.77887, -1.68955
27, 1.77852, -1.68957
27.025, 1.7786, -1.68957
27.05, 1.7786, -1.68957
27.075, 1.7786, -1.68957
27.1, 1.77836, -1.68959
27.125, 1.77836, -1.68959
27.15, 1.77836, -1.68959
27.175, 1.77836, -1.68959
27.2, 1.77836, -1.68959
27.225, 1.77836, -1.68959
27.25, 1.77804, -1.6896
27.275, 1.77804, -1.6896
27.3, 1.77781, -1.68962
27.325, 1.7777, -1.68963
27.35, 1.7777, -1.68963
27.375, 1.7777, -1.68963
27.4, 1.7777, -1.68963
27.425, 1.77747, -1.68964
27.45, 1.77715, -1.68966
27.475, 1.77674, -1.68967
27.5, 1.77674, -1.68967
27.525, 1.77674, -1.68967
27.55, 1.77674, -1.68967
27.575, 1.77674, -1.68967
27.6, 1.77674, -1.68967
27.625, 1.77674, -1.68967
27.65, 1.77634, -1.68969
27.675, 1.77634, -1.68969
27.7, 1.77591, -1.68971
27.725, 1.77547, -1.68973
27.75, 1.77494, -1.68975
27.775, 1.77423, -1.68978
27.8, 1.77328, -1.68982
27.825, 1.77328, -1.68982
27.85, 1.77213, -1.68986
27.875, 1.77213, -1.68986
27.9, 1.77213, -1.68986
27.925, 1.77213, -1.68986
27.95, 1.77213, -1.68986
27.975, 1.77213, -1.68986
28, 1.77213, -1.68986
28.025, 1.77213, -1.68986
28.05, 1.77213, -1.68986
28.075, 1.77097, -1.6899
28.1, 1.77097, -1.6899
28.125, 1.76993, -1.68993
28.15, 1.76908, -1.68996
28.175, 1.76908, -1.68996
28.2, 1.76908, -1.68996
28.225, 1.76787, -1.69
28.25, 1.76666, -1.69003
28.275, 1.76547, -1.69006
28.3, 1.76412, -1.69011
28.325, 1.76227, -1.69018
28.35, 1.75963, -1.69027
28.375, 1.75963, -1.69027
28.4, 1.75963, -1.69027
28.425, 1.75963, -1.69027
28.45, 1.75963, -1.69027
28.475, 1.75963, -1.69027
28.5, 1.75602, -1.69037
28.525, 1.75602, -1.69037
28.55, 1.75602, -1.69037
28.575, 1.75602, -1.69037
28.6, 1.75314, -1.69046
28.625, 1.75314, -1.69046
28.65, 1.75314, -1.69046
28.675, 1.75314, -1.69046
28.7, 1.75059, -1.69053
28.725, 1.74768, -1.69059
28.75, 1.74768, -1.69059
28.775, 1.744, -1.69066
28.8, 1.744, -1.69066
28.825, 1.73989, -1.69073
28.85, 1.73989, -1.69073
28.875, 1.73571, -1.69079
28.9, 1.73149, -1.69086
28.925, 1.73149, -1.69086
28.95, 1.73149, -1.69086
28.975, 1.73149, -1.69086
29, 1.73149, -1.69086
29.025, 1.73149, -1.69086
29.05, 1.73149, -1.69086
29.075, 1.72739, -1.69092
29.1, 1.7234, -1.69098
29.125, 1.7234, -1.69098
29.15, 1.7234, -1.69098
29.175, 1.71957, -1.69103
29.2, 1.71957, -1.69103
29.225, 1.71587, -1.6911
29.25, 1.71229, -1.69116
29.275, 1.71229, -1.69116
29.3, 1.71229, -1.69116
29.325, 1.70886, -1.69122
29.35, 1.70886, -1.69122
29.375, 1.70546, -1.69128
29.4, 1.70546, -1.69128
29.425, 1.70546, -1.69128
29.45, 1.70546, -1.69128
29.475, 1.70546, -1.69128
29.5, 1.70546, -1.69128
29.525, 1.70546, -1.69128
29.55, 1.7033, -1.69131
29.575, 1.7033, -1.69131
29.6, 1.7033, -1.69131
29.625, 1.70121, -1.69133
29.65, 1.70121, -1.69133
29.675, 1.70121, -1.69133
29.7, 1.70121, -1.69133
29.725, 1.69881, -1.69137
29.75, 1.69881, -1.69137
29.775, 1.6962, -1.69142
29.8, 1.6962, -1.69142
29.825, 1.69431, -1.69144
29.85, 1.69431, -1.69144
29.875, 1.69431, -1.69144
29.9, 1.69431, -1.69144
29.925, 1.69313, -1.69144
29.95, 1.69193, -1.69144
29.975, 1.69193, -1.69144
30, 1.69078, -1.69145
30, 1.68973, -1.69148
30.025, 1.68847, -1.6915
30.05, 1.68454, -1.69153
30.075, 1.68454, -1.69153
30.1, 1.67406, -1.69162
30.125, 1.65725, -1.69178
30.15, 1.65725, -1.69178
30.175, 1.65725, -1.69178
30.2, 1.65725, -1.69178
30.225, 1.65725, -1.69178
30.25, 1.64138, -1.69192
30.275, 1.64138, -1.69192
30.3, 1.64138, -1.69192
30.325, 1.62361, -1.69207
30.35, 1.62361, -1.69207
30.375, 1.62361, -1.69207
30.4, 1.62361, -1.69207
30.425, 1.62361, -1.69207
30.45, 1.60349, -1.69218
30.475, 1.58886, -1.69225
30.5, 1.58886, -1.69225
30.525, 1.57671, -1.6923
30.55, 1.57671, -1.6923
30.575, 1.56887, -1.69235
30.6, 1.56887, -1.69235
30.625, 1.56887, -1.69235
30.65, 1.56163, -1.69241
30.675, 1.56163, -1.69241
30.7, 1.56163, -1.69241
30.725, 1.56163, -1.69241
30.75, 1.56163, -1.69241
30.775, 1.55489, -1.69239
30.8, 1.55499, -1.6923
30.825, 1.55952, -1.69217
30.85, 1.56803, -1.69201
30.875, 1.56803, -1.69201
30.9, 1.56803, -1.69201
30.925, 1.57625, -1.69185
30.95, 1.57625, -1.69185
30.975, 1.58398, -1.69169
31, 1.59124, -1.69154
31.025, 1.59737, -1.69141
31.05, 1.59737, -1.69141
31.075, 1.59737, -1.69141
31.1, 1.59737, -1.69141
31.125, 1.59737, -1.69141
31.15, 1.59737, -1.69141
31.175, 1.60448, -1.69123
31.2, 1.6126, -1.69105
31.225, 1.6126, -1.69105
31.25, 1.6126, -1.69105
31.275, 1.6194, -1.69085
31.3, 1.6194, -1.69085
31.325, 1.6194, -1.69085
31.35, 1.6194, -1.69085
31.375, 1.62561, -1.69072
31.4, 1.62561, -1.69072
31.425, 1.63108, -1.69065
31.45, 1.6367, -1.69059
31.475, 1.6367, -1.69059
31.5, 1.64197, -1.69054
31.525, 1.64669, -1.69048
31.55, 1.65085, -1.69042
31.575, 1.65085, -1.69042
31.6, 1.65085, -1.69042
31.625, 1.65085, -1.69042
31.65, 1.65085, -1.69042
31.675, 1.65473, -1.69037
31.7, 1.65473, -1.69037
31.725, 1.65473, -1.69037
31.75, 1.65473, -1.69037
31.775, 1.65872, -1.69032
31.8, 1.66261, -1.69027
31.825, 1.66636, -1.69024
31.85, 1.66636, -1.69024
31.875, 1.66636, -1.69024
31.9, 1.66636, -1.69024
31.925, 1.66636, -1.69024
31.95, 1.66964, -1.69021
31.975, 1.66964, -1.69021
32, 1.67208, -1.69022
32.025, 1.67383, -1.69025
32.05, 1.67383, -1.69025
32.075, 1.67497, -1.6903
32.1, 1.67497, -1.6903
32.125, 1.67557, -1.69036
32.15, 1.67557, -1.69036
32.175, 1.67557, -1.69036
32.2, 1.67583, -1.69043
32.225, 1.67583, -1.69043
32.25, 1.67532, -1.69052
32.275, 1.67403, -1.69063
32.3, 1.67403, -1.69063
32.325, 1.67216, -1.69076
32.35, 1.67216, -1.69076
32.375, 1.67124, -1.69085
32.4, 1.67124, -1.69085
32.425, 1.67067, -1.69093
32.45, 1.67028, -1.69101
32.475, 1.67028, -1.69101
32.5, 1.66866, -1.69112
32.525, 1.66866, -1.69112
32.55, 1.66383, -1.6913
32.575, 1.66383, -1.6913
32.6, 1.65899, -1.69148
32.625, 1.6542, -1.69166
32.65, 1.6542, -1.69166
32.675, 1.6512, -1.69179
32.7, 1.64936, -1.69189
32.725, 1.64936, -1.69189
32.75, 1.64734, -1.692
32.775, 1.64734, -1.692
32.8, 1.64734, -1.692
32.825, 1.64439, -1.69212
32.85, 1.64439, -1.69212
32.875, 1.64174, -1.69224
32.9, 1.63981, -1.69234
32.925, 1.63893, -1.69241
32.95, 1.63896, -1.69246
32.975, 1.63979, -1.69249
33, 1.64093, -1.69251
33.025, 1.64209, -1.69253
33.05, 1.64311, -1.69255
33.075, 1.64311, -1.69255
33.1, 1.64311, -1.69255
33.125, 1.6438, -1.69258
33.15, 1.64439, -1.69261
33.175, 1.64439, -1.69261
33.2, 1.64439, -1.69261
33.225, 1.64439, -1.69261
33.25, 1.64493, -1.69264
33.275, 1.64493, -1.69264
33.3, 1.64493, -1.69264
33.325, 1.64493, -1.69264
33.35, 1.6453, -1.69267
33.375, 1.64551, -1.69271
33.4, 1.6456, -1.69274
33.425, 1.6456, -1.69274
33.45, 1.6456, -1.69274
33.475, 1.6456, -1.69274
33.5, 1.6456, -1.69274
33.525, 1.6456, -1.69274
33.55, 1.6456, -1.69278
33.575, 1.64551, -1.69282
33.6, 1.64551, -1.69282
33.625, 1.64551, -1.69282
33.65, 1.64517, -1.69286
33.675, 1.64441, -1.69291
33.7, 1.64317, -1.69297
33.725, 1.64139, -1.69304
33.75, 1.63923, -1.69312
33.775, 1.63923, -1.69312
33.8, 1.63923, -1.69312
33.825, 1.63923, -1.69312
33.85, 1.63923, -1.69312
33.875, 1.63729, -1.69319
33.9, 1.63729, -1.69319
33.925, 1.63729, -1.69319
33.95, 1.63729, -1.69319
33.975, 1.63395, -1.69329
34, 1.63395, -1.69329
34.025, 1.62956, -1.69342
34.05, 1.62549, -1.69353
34.075, 1.62549, -1.69353
34.1, 1.62549, -1.69353
34.125, 1.62549, -1.69353
34.15, 1.62122, -1.69366
34.175, 1.61723, -1.69378
34.2, 1.61723, -1.69378
34.225, 1.61296, -1.6939
34.25, 1.60822, -1.69403
34.275, 1.60304, -1.69417
34.3, 1.60304, -1.69417
34.325, 1.60304, -1.69417
34.35, 1.59861, -1.6943
34.375, 1.59465, -1.69441
34.4, 1.59465, -1.69441
34.425, 1.5907, -1.69453
34.45, 1.58695, -1.69463
34.475, 1.58335, -1.69474
34.5, 1.58335, -1.69474
34.525, 1.58335, -1.69474
34.55, 1.57993, -1.69484
34.575, 1.57673, -1.69493
34.6, 1.57673, -1.69493
34.625, 1.57673, -1.69493
34.65, 1.57341, -1.69502
34.675, 1.57013, -1.69511
34.7, 1.56692, -1.69519
34.725, 1.5638, -1.69527
34.75, 1.5638, -1.69527
34.775, 1.5638, -1.69527
34.8, 1.56074, -1.69536
34.825, 1.56074, -1.69536
34.85, 1.56074, -1.69536
34.875, 1.56074, -1.69536
34.9, 1.56074, -1.69536
34.925, 1.56074, -1.69536
34.95, 1.56074, -1.69536
34.975, 1.55788, -1.69543
35, 1.55788, -1.69543
35.025, 1.55788, -1.69543
35.05, 1.55495, -1.69551
35.075, 1.55495, -1.69551
35.1, 1.55495, -1.69551
35.125, 1.55495, -1.69551
35.15, 1.55204, -1.69559
35.175, 1.55204, -1.69559
35.2, 1.54935, -1.69566
35.225, 1.54935, -1.69566
35.25, 1.5469, -1.69573
35.275, 1.5469, -1.69573
35.3, 1.54452, -1.69579
35.325, 1.54452, -1.69579
35.35, 1.54452, -1.69579
35.375, 1.54123, -1.69588
35.4, 1.54123, -1.69588
35.425, 1.53637, -1.696
35.45, 1.53637, -1.696
35.475, 1.53637, -1.696
35.5, 1.53637, -1.696
35.525, 1.53637, -1.696
35.55, 1.53637, -1.696
35.575, 1.53159, -1.69612
35.6, 1.53159, -1.69612
35.625, 1.53159, -1.69612
35.65, 1.53159, -1.69612
35.675, 1.53159, -1.69612
35.7, 1.52697, -1.69623
35.725, 1.5229, -1.69633
35.75, 1.5191, -1.69643
35.775, 1.51523, -1.69652
35.8, 1.51091, -1.69662
35.825, 1.51091, -1.69662
35.85, 1.51091, -1.69662
35.875, 1.50781, -1.69669
35.9, 1.50484, -1.69677
35.925, 1.50484, -1.69677
35.95, 1.50178, -1.69685
35.975, 1.50178, -1.69685
36, 1.49883, -1.69693
36.025, 1.49883, -1.69693
36.05, 1.49599, -1.697
36.075, 1.49599, -1.697
36.1, 1.49599, -1.697
36.125, 1.49599, -1.697
36.15, 1.49599, -1.697
36.175, 1.49599, -1.697
36.2, 1.49324, -1.69707
36.225, 1.49056, -1.69714
36.25, 1.49056, -1.69714
36.275, 1.48796, -1.69721
36.3, 1.48796, -1.69721
36.325, 1.4854, -1.69728
36.35, 1.48292, -1.69735
36.375, 1.48052, -1.69742
36.4, 1.47819, -1.69748
36.425, 1.47819, -1.69748
36.45, 1.47594, -1.69755
36.475, 1.47594, -1.69755
36.5, 1.47594, -1.69755
36.525, 1.47594, -1.69755
36.55, 1.47375, -1.69761
36.575, 1.47375, -1.69761
36.6, 1.47165, -1.69767
36.625, 1.46961, -1.69772
36.65, 1.46961, -1.69772
36.675, 1.46961, -1.69772
36.7, 1.46747, -1.69778
36.725, 1.46747, -1.69778
36.75, 1.46747, -1.69778
36.775, 1.46747, -1.69778
36.8, 1.46511, -1.69784
36.825, 1.46511, -1.69784
36.85, 1.46252, -1.69792
36.875, 1.46252, -1.69792
36.9, 1.46252, -1.69792
36.925, 1.46252, -1.69792
36.95, 1.46252, -1.69792
36.975, 1.45932, -1.698
37, 1.45932, -1.698
37.025, 1.45691, -1.69807
37.05, 1.45433, -1.69816
37.075, 1.45115, -1.69826
37.1, 1.45115, -1.69826
37.125, 1.45115, -1.69826
37.15, 1.45115, -1.69826
37.175, 1.45115, -1.69826
37.2, 1.45115, -1.69826
37.225, 1.44777, -1.69836
37.25, 1.44777, -1.69836
37.275, 1.44777, -1.69836
37.3, 1.44552, -1.69843
37.325, 1.44335, -1.6985
37.35, 1.4412, -1.69858
37.375, 1.4412, -1.69858
37.4, 1.4412, -1.69858
37.425, 1.43933, -1.69863
37.45, 1.43703, -1.69869
37.475, 1.43703, -1.69869
37.5, 1.4341, -1.69876
37.525, 1.4341, -1.69876
37.55, 1.4341, -1.69876
37.575, 1.4341, -1.69876
37.6, 1.43171, -1.69882
37.625, 1.43171, -1.69882
37.65, 1.43171, -1.69882
37.675, 1.43171, -1.69882
37.7, 1.43171, -1.69882
37.725, 1.43171, -1.69882
37.75, 1.42935, -1.69888
37.775, 1.42935, -1.69888
37.8, 1.42935, -1.69888
37.825, 1.42707, -1.69894
37.85, 1.42707, -1.69894
37.875, 1.42707, -1.69894
37.9, 1.42487, -1.699
37.925, 1.42282, -1.69906
37.95, 1.42089, -1.69911
37.975, 1.42089, -1.69911
38, 1.41899, -1.69917
38.025, 1.41715, -1.69923
38.05, 1.41537, -1.69929
38.075, 1.41362, -1.69934
38.1, 1.41362, -1.69934
38.125, 1.41362, -1.69934
38.15, 1.41201, -1.6994
38.175, 1.41201, -1.6994
38.2, 1.41201, -1.6994
38.225, 1.40878, -1.69949
38.25, 1.40878, -1.69949
38.275, 1.40878, -1.69949
38.3, 1.40878, -1.69949
38.325, 1.40878, -1.69949
38.35, 1.40878, -1.69949
38.375, 1.40878, -1.69949
38.4, 1.40878, -1.69949
38.425, 1.4058, -1.69959
38.45, 1.4058, -1.69959
38.475, 1.40177, -1.69971
38.5, 1.40177, -1.69971
38.525, 1.40177, -1.69971
38.55, 1.40009, -1.69977
38.575, 1.40009, -1.69977
38.6, 1.40009, -1.69977
38.625, 1.40009, -1.69977
38.65, 1.40009, -1.69977
38.675, 1.40009, -1.69977
38.7, 1.39979, -1.69978
38.725, 1.39893, -1.69981
38.75, 1.39721, -1.69985
38.775, 1.39428, -1.69992
38.8, 1.39099, -1.69999
38.825, 1.38808, -1.70006
38.85, 1.38553, -1.70012
38.875, 1.38553, -1.70012
38.9, 1.38553, -1.70012
38.925, 1.38311, -1.70018
38.95, 1.38311, -1.70018
38.975, 1.38311, -1.70018
39, 1.38311, -1.70018
39.025, 1.38311, -1.70018
39.05, 1.38311, -1.70018
39.075, 1.38054, -1.70024
39.1, 1.3778, -1.7003
39.125, 1.3778, -1.7003
39.15, 1.3778, -1.7003
39.175, 1.3778, -1.7003
39.2, 1.37552, -1.70036
39.225, 1.37552, -1.70036
39.25, 1.37552, -1.70036
39.275, 1.37552, -1.70036
39.3, 1.37327, -1.70041
39.325, 1.37079, -1.70046
39.35, 1.37079, -1.70046
39.375, 1.37079, -1.70046
39.4, 1.36782, -1.70052
39.425, 1.36782, -1.70052
39.45, 1.36782, -1.70052
39.475, 1.36782, -1.70052
39.5, 1.36482, -1.70058
39.525, 1.36482, -1.70058
39.55, 1.36482, -1.70058
39.575, 1.36482, -1.70058
39.6, 1.36482, -1.70058
39.625, 1.36063, -1.70066
39.65, 1.36063, -1.70066
39.675, 1.35484, -1.70077
39.7, 1.34948, -1.70086
39.725, 1.34592, -1.70094
39.75, 1.34592, -1.70094
39.775, 1.34592, -1.70094
39.8, 1.34592, -1.70094
39.825, 1.34592, -1.70094
39.85, 1.34592, -1.70094
39.875, 1.34467, -1.70086
39.9, 1.34467, -1.70086
39.925, 1.34467, -1.70086
39.95, 1.34467, -1.70086
39.975, 1.34665, -1.70073
40, 1.34665, -1.70073
40, 1.34665, -1.70073
40.025, 1.34665, -1.70073
40.05, 1.34665, -1.70073
40.075, 1.34665, -1.70073
40.1, 1.34665, -1.70073
40.125, 1.34665, -1.70073
40.15, 1.35754, -1.70043
40.175, 1.36621, -1.70014
40.2, 1.37092, -1.69988
40.225, 1.37092, -1.69988
40.25, 1.37092, -1.69988
40.275, 1.37092, -1.69988
40.3, 1.37092, -1.69988
40.325, 1.36643, -1.69969
40.35, 1.35772, -1.69953
40.375, 1.35772, -1.69953
40.4, 1.35772, -1.69953
40.425, 1.35772, -1.69953
40.45, 1.34495, -1.69937
40.475, 1.33226, -1.69922
40.5, 1.33226, -1.69922
40.525, 1.33226, -1.69922
40.55, 1.31837, -1.69907
40.575, 1.30714, -1.69891
40.6, 1.29945, -1.69875
40.625, 1.29945, -1.69875
40.65, 1.29945, -1.69875
40.675, 1.2929, -1.6986
40.7, 1.2929, -1.6986
40.725, 1.28834, -1.69848
40.75, 1.28696, -1.69834
40.775, 1.28814, -1.6982
40.8, 1.28814, -1.6982
40.825, 1.28814, -1.6982
40.85, 1.28814, -1.6982
40.875, 1.28905, -1.69804
40.9, 1.29157, -1.69787
40.925, 1.29551, -1.69769
40.95, 1.3012, -1.69751
40.975, 1.30842, -1.69733
41, 1.30842, -1.69733
41.025, 1.31621, -1.69717
41.05, 1.32589, -1.69702
41.075, 1.32589, -1.69702
41.1, 1.33548, -1.69689
41.125, 1.33548, -1.69689
41.15, 1.33548, -1.69689
41.175, 1.34464, -1.69674
41.2, 1.34464, -1.69674
41.225, 1.34464, -1.69674
41.25, 1.34464, -1.69674
41.275, 1.34464, -1.69674
41.3, 1.34464, -1.69674
41.325, 1.34464, -1.69674
41.35, 1.35493, -1.69649
41.375, 1.35493, -1.69649
41.4, 1.35493, -1.69649
41.425, 1.36463, -1.69624
41.45, 1.36463, -1.69624
41.475, 1.37408, -1.696
41.5, 1.37408, -1.696
41.525, 1.38354, -1.69578
41.55, 1.39331, -1.6956
41.575, 1.40307, -1.69544
41.6, 1.40307, -1.69544
41.625, 1.41239, -1.6953
41.65, 1.42135, -1.69516
41.675, 1.4299, -1.69503
41.7, 1.4299, -1.69503
41.725, 1.4299, -1.69503
41.75, 1.43812, -1.6949
41.775, 1.44609, -1.6948
41.8, 1.44609, -1.6948
41.825, 1.44609, -1.6948
41.85, 1.45286, -1.69474
41.875, 1.45903, -1.6947
41.9, 1.45903, -1.6947
41.925, 1.45903, -1.6947
41.95, 1.46517, -1.69465
41.975, 1.46517, -1.69465
42, 1.46517, -1.69465
42.025, 1.47055, -1.69463
42.05, 1.47504, -1.69463
42.075, 1.47868, -1.69465
42.1, 1.48144, -1.6947
42.125, 1.48144, -1.6947
42.15, 1.48376, -1.69475
42.175, 1.48376, -1.69475
42.2, 1.48568, -1.69482
42.225, 1.48568, -1.69482
42.25, 1.4876, -1.69487
42.275, 1.48934, -1.69493
42.3, 1.49091, -1.69499
42.325, 1.49224, -1.69505
42.35, 1.49323, -1.69512
42.375, 1.49385, -1.69519
42.4, 1.49394, -1.69526
42.425, 1.49394, -1.69526
42.45, 1.49394, -1.69526
42.475, 1.49376, -1.69535
42.5, 1.49317, -1.69543
42.525, 1.49317, -1.69543
42.55, 1.49317, -1.69543
42.575, 1.49317, -1.69543
42.6, 1.49317, -1.69543
42.625, 1.49317, -1.69543
42.65, 1.49317, -1.69543
42.675, 1.49209, -1.69553
42.7, 1.49209, -1.69553
42.725, 1.49209, -1.69553
42.75, 1.49209, -1.69553
42.775, 1.49246, -1.69559
42.8, 1.49437, -1.69562
42.825, 1.49773, -1.69564
42.85, 1.50245, -1.69563
42.875, 1.50245, -1.69563
42.9, 1.50703, -1.69563
42.925, 1.50703, -1.69563
42.95, 1.51048, -1.69564
42.975, 1.51048, -1.69564
43, 1.51048, -1.69564
43.025, 1.51048, -1.69564
43.05, 1.51622, -1.6956
43.075, 1.51622, -1.6956
43.1, 1.51622, -1.6956
43.125, 1.51622, -1.6956
43.15, 1.51622, -1.6956
43.175, 1.51622, -1.6956
43.2, 1.51622, -1.6956
43.225, 1.51622, -1.6956
43.25, 1.51622, -1.6956
43.275, 1.52163, -1.69555
43.3, 1.52163, -1.69555
43.325, 1.52787, -1.69549
43.35, 1.52787, -1.69549
43.375, 1.52787, -1.69549
43.4, 1.534, -1.69544
43.425, 1.5404, -1.69539
43.45, 1.5404, -1.69539
43.475, 1.5404, -1.69539
43.5, 1.5404, -1.69539
43.525, 1.54661, -1.69534
43.55, 1.54661, -1.69534
43.575, 1.55278, -1.69529
43.6, 1.55891, -1.69524
43.625, 1.56499, -1.69518
43.65, 1.56499, -1.69518
43.675, 1.57098, -1.69512
43.7, 1.57098, -1.69512
43.725, 1.57098, -1.69512
43.75, 1.57685, -1.69507
43.775, 1.57685, -1.69507
43.8, 1.57685, -1.69507
43.825, 1.58263, -1.69501
43.85, 1.58263, -1.69501
43.875, 1.58263, -1.69501
43.9, 1.58263, -1.69501
43.925, 1.58837, -1.69495
43.95, 1.59412, -1.69488
43.975, 1.59412, -1.69488
44, 1.59412, -1.69488
44.025, 1.59412, -1.69488
44.05, 1.59968, -1.69482
44.075, 1.59968, -1.69482
44.1, 1.59968, -1.69482
44.125, 1.60473, -1.69477
44.15, 1.60917, -1.69474
44.175, 1.61357, -1.6947
44.2, 1.61357, -1.6947
44.225, 1.61357, -1.6947
44.25, 1.61781, -1.69467
44.275, 1.62191, -1.69465
44.3, 1.62191, -1.69465
44.325, 1.62191, -1.69465
44.35, 1.62555, -1.69463
44.375, 1.62745, -1.69465
44.4, 1.62694, -1.69473
44.425, 1.62694, -1.69473
44.45, 1.62777, -1.69478
44.475, 1.62962, -1.6948
44.5, 1.62962, -1.6948
44.525, 1.62962, -1.6948
44.55, 1.62962, -1.6948
44.575, 1.62962, -1.6948
44.6, 1.62962, -1.6948
44.625, 1.62962, -1.6948
44.65, 1.62962, -1.6948
44.675, 1.63206, -1.69479
44.7, 1.63206, -1.69479
44.725, 1.63484, -1.69477
44.75, 1.63784, -1.69473
44.775, 1.64094, -1.6947
44.8, 1.64094, -1.6947
44.825, 1.64386, -1.69467
44.85, 1.64668, -1.69464
44.875, 1.64937, -1.69461
44.9, 1.64937, -1.69461
44.925, 1.64937, -1.69461
44.95, 1.65197, -1.69459
44.975, 1.65197, -1.69459
45, 1.65454, -1.69456
45.025, 1.65454, -1.69456
45.05, 1.65712, -1.69453
45.075, 1.65966, -1.6945
45.1, 1.65966, -1.6945
45.125, 1.65966, -1.6945
45.15, 1.65966, -1.6945
45.175, 1.65966, -1.6945
45.2, 1.65966, -1.6945
45.225, 1.65966, -1.6945
45.25, 1.66229, -1.69447
45.275, 1.66229, -1.69447
45.3, 1.66229, -1.69447
45.325, 1.66486, -1.69443
45.35, 1.66486, -1.69443
45.375, 1.6672, -1.6944
45.4, 1.6693, -1.69438
45.425, 1.6693, -1.69438
45.45, 1.6693, -1.69438
45.475, 1.67142, -1.69435
45.5, 1.67142, -1.69435
45.525, 1.67142, -1.69435
45.55, 1.67142, -1.69435
45.575, 1.67142, -1.69435
45.6, 1.67419, -1.69429
45.625, 1.67419, -1.69429
45.65, 1.67419, -1.69429
45.675, 1.67419, -1.69429
45.7, 1.67419, -1.69429
45.725, 1.67419, -1.69429
45.75, 1.67419, -1.69429
45.775, 1.67686, -1.69423
45.8, 1.67686, -1.69423
45.825, 1.67686, -1.69423
45.85, 1.67686, -1.69423
45.875, 1.68136, -1.69411
45.9, 1.68136, -1.69411
45.925, 1.68136, -1.69411
45.95, 1.68136, -1.69411
45.975, 1.68136, -1.69411
46, 1.68136, -1.69411
46.025, 1.68136, -1.69411
46.05, 1.68641, -1.69396
46.075, 1.68641, -1.69396
46.1, 1.68641, -1.69396
46.125, 1.69163, -1.69379
46.15, 1.69689, -1.69363
46.175, 1.69689, -1.69363
46.2, 1.69689, -1.69363
46.225, 1.69689, -1.69363
46.25, 1.70198, -1.69347
46.275, 1.70682, -1.69332
46.3, 1.71121, -1.69318
46.325, 1.71497, -1.69306
46.35, 1.71798, -1.69296
46.375, 1.71798, -1.69296
46.4, 1.7208, -1.69287
46.425, 1.7208, -1.69287
46.45, 1.7208, -1.69287
46.475, 1.7208, -1.69287
46.5, 1.72333, -1.69278
46.525, 1.72527, -1.6927
46.55, 1.72636, -1.69264
46.575, 1.72636, -1.69264
46.6, 1.72615, -1.6926
46.625, 1.72615, -1.6926
46.65, 1.72576, -1.69257
46.675, 1.72526, -1.69254
46.7, 1.72526, -1.69254
46.725, 1.72526, -1.69254
46.75, 1.72526, -1.69254
46.775, 1.72526, -1.69254
46.8, 1.72493, -1.6925
46.825, 1.72465, -1.69247
46.85, 1.72439, -1.69244
46.875, 1.72439, -1.69244
46.9, 1.72439, -1.69244
46.925, 1.72439, -1.69244
46.95, 1.72379, -1.69242
46.975, 1.72282, -1.6924
47, 1.72154, -1.69238
47.025, 1.72154, -1.69238
47.05, 1.72101, -1.69236
47.075, 1.72138, -1.69233
47.1, 1.72266, -1.6923
47.125, 1.72428, -1.69227
47.15, 1.72569, -1.69224
47.175, 1.72653, -1.69221
47.2, 1.72653, -1.69221
47.225, 1.72621, -1.69221
47.25, 1.72471, -1.69222
47.275, 1.72471, -1.69222
47.3, 1.72508, -1.69221
47.325, 1.72656, -1.69221
47.35, 1.72852, -1.69223
47.375, 1.72852, -1.69223
47.4, 1.73009, -1.69227
47.425, 1.73162, -1.69231
47.45, 1.73294, -1.69235
47.475, 1.73389, -1.6924
47.5, 1.73389, -1.6924
47.525, 1.73499, -1.69245
47.55, 1.73499, -1.69245
47.575, 1.73499, -1.69245
47.6, 1.73499, -1.69245
47.625, 1.73453, -1.69255
47.65, 1.7328, -1.69266
47.675, 1.7328, -1.69266
47.7, 1.73151, -1.69277
47.725, 1.73039, -1.69288
47.75, 1.72961, -1.69298
47.775, 1.72876, -1.69308
47.8, 1.7273, -1.69318
47.825, 1.7273, -1.69318
47.85, 1.7273, -1.69318
47.875, 1.72431, -1.69329
47.9, 1.72431, -1.69329
47.925, 1.72431, -1.69329
47.95, 1.72431, -1.69329
47.975, 1.72431, -1.69329
48, 1.72431, -1.69329
48.025, 1.72431, -1.69329
48.05, 1.72217, -1.69338
48.075, 1.72007, -1.69348
48.1, 1.71841, -1.69357
48.125, 1.71688, -1.69366
48.15, 1.71688, -1.69366
48.175, 1.71503, -1.69375
48.2, 1.71503, -1.69375
48.225, 1.71503, -1.69375
48.25, 1.71284, -1.69383
48.275, 1.7106, -1.69391
48.3, 1.7106, -1.69391
48.325, 1.7106, -1.69391
48.35, 1.70866, -1.69399
48.375, 1.7072, -1.69407
48.4, 1.70618, -1.69415
48.425, 1.70618, -1.69415
48.45, 1.70618, -1.69415
48.475, 1.70474, -1.69422
48.5, 1.70474, -1.69422
48.525, 1.70287, -1.69428
48.55, 1.70089, -1.69435
48.575, 1.70089, -1.69435
48.6, 1.70089, -1.69435
48.625, 1.70089, -1.69435
48.65, 1.6982, -1.69447
48.675, 1.69533, -1.69461
48.7, 1.69533, -1.69461
48.725, 1.69533, -1.69461
48.75, 1.69302, -1.69472
48.775, 1.69302, -1.69472
48.8, 1.69302, -1.69472
48.825, 1.69302, -1.69472
48.85, 1.69302, -1.69472
48.875, 1.69151, -1.69478
48.9, 1.69151, -1.69478
48.925, 1.68907, -1.69488
48.95, 1.68907, -1.69488
48.975, 1.68745, -1.69494
49, 1.68745, -1.69494
49.025, 1.68526, -1.69503
49.05, 1.6821, -1.69515
49.075, 1.67862, -1.69528
49.1, 1.67862, -1.69528
49.125, 1.67559, -1.69541
49.15, 1.67559, -1.69541
49.175, 1.67251, -1.69555
49.2, 1.67251, -1.69555
49.225, 1.66952, -1.69569
49.25, 1.66662, -1.69582
49.275, 1.66381, -1.69595
49.3, 1.66112, -1.69607
49.325, 1.66112, -1.69607
49.35, 1.66112, -1.69607
49.375, 1.66112, -1.69607
49.4, 1.65837, -1.6962
49.425, 1.65837, -1.6962
49.45, 1.65559, -1.69633
49.475, 1.65559, -1.69633
49.5, 1.65559, -1.69633
49.525, 1.65559, -1.69633
49.55, 1.65559, -1.69633
49.575, 1.65312, -1.69645
49.6, 1.65312, -1.69645
49.625, 1.65078, -1.69656
49.65, 1.64856, -1.69667
49.675, 1.64641, -1.69677
49.7, 1.64641, -1.69677
49.725, 1.64433, -1.69687
49.75, 1.64231, -1.69697
49.775, 1.64231, -1.69697
49.8, 1.64035, -1.69707
49.825, 1.64035, -1.69707
49.85, 1.64035, -1.69707
49.875, 1.64035, -1.69707
49.9, 1.63841, -1.69716
49.925, 1.63651, -1.69724
49.95, 1.63464, -1.69733
49.975, 1.63464, -1.69733
50, 1.63464, -1.69733
50, 1.63241, -1.69744
50.025, 1.63065, -1.69758
50.05, 1.63065, -1.69758
50.075, 1.63065, -1.69758
50.1, 1.63065, -1.69758
50.125, 1.63065, -1.69758
50.15, 1.61451, -1.69773
50.175, 1.58657, -1.69798
50.2, 1.55639, -1.69825
50.225, 1.55639, -1.69825
50.25, 1.55639, -1.69825
50.275, 1.55639, -1.69825
50.3, 1.53226, -1.69853
50.325, 1.51394, -1.69879
50.35, 1.51394, -1.69879
50.375, 1.48543, -1.69907
50.4, 1.45116, -1.6994
50.425, 1.41165, -1.69979
50.45, 1.41165, -1.69979
50.475, 1.37948, -1.70009
50.5, 1.37948, -1.70009
50.525, 1.37948, -1.70009
50.55, 1.35476, -1.70049
50.575, 1.35476, -1.70049
50.6, 1.3324, -1.70092
50.625, 1.31385, -1.70134
50.65, 1.29769, -1.70173
50.675, 1.29769, -1.70173
50.7, 1.28198, -1.70211
50.725, 1.28198, -1.70211
50.75, 1.28198, -1.70211
50.775, 1.26696, -1.70249
50.8, 1.26696, -1.70249
50.825, 1.25411, -1.7029
50.85, 1.25411, -1.7029
50.875, 1.25411, -1.7029
50.9, 1.25411, -1.7029
50.925, 1.25411, -1.7029
50.95, 1.25411, -1.7029
50.975, 1.24486, -1.70273
51, 1.23915, -1.70254
51.025, 1.23641, -1.70233
51.05, 1.23641, -1.70233
51.075, 1.23484, -1.70214
51.1, 1.2357, -1.70194
51.125, 1.2357, -1.70194
51.15, 1.2357, -1.70194
51.175, 1.2357, -1.70194
51.2, 1.2357, -1.70194
51.225, 1.2357, -1.70194
51.25, 1.2357, -1.70194
51.275, 1.2357, -1.70194
51.3, 1.24005, -1.70149
51.325, 1.24575, -1.70106
51.35, 1.25284, -1.70064
51.375, 1.26133, -1.70023
51.4, 1.26133, -1.70023
51.425, 1.26133, -1.70023
51.45, 1.26958, -1.69988
51.475, 1.26958, -1.69988
51.5, 1.26958, -1.69988
51.525, 1.26958, -1.69988
51.55, 1.27799, -1.6995
51.575, 1.27799, -1.6995
51.6, 1.27799, -1.6995
51.625, 1.27799, -1.6995
51.65, 1.2858, -1.69918
51.675, 1.2858, -1.69918
51.7, 1.29163, -1.69895
51.725, 1.29572, -1.69881
51.75, 1.2986, -1.69872
51.775, 1.2986, -1.69872
51.8, 1.2986, -1.69872
51.825, 1.2986, -1.69872
51.85, 1.2986, -1.69872
51.875, 1.2986, -1.69872
51.9, 1.2986, -1.69872
51.925, 1.2986, -1.69872
51.95, 1.2986, -1.69872
51.975, 1.2986, -1.69872
52, 1.30203, -1.69861
52.025, 1.30365, -1.69854
52.05, 1.30365, -1.69854
52.075, 1.30365, -1.69854
52.1, 1.30365, -1.69854
52.125, 1.30365, -1.69854
52.15, 1.30592, -1.69846
52.175, 1.30592, -1.69846
52.2, 1.30592, -1.69846
52.225, 1.30592, -1.69846
52.25, 1.30592, -1.69846
52.275, 1.30786, -1.69838
52.3, 1.30786, -1.69838
52.325, 1.30786, -1.69838
52.35, 1.30927, -1.69832
52.375, 1.30927, -1.69832
52.4, 1.30998, -1.69827
52.425, 1.30998, -1.69827
52.45, 1.30994, -1.69823
52.475, 1.30929, -1.6982
52.5, 1.30833, -1.69818
52.525, 1.30833, -1.69818
52.55, 1.30833, -1.69818
52.575, 1.30794, -1.69815
52.6, 1.30794, -1.69815
52.625, 1.30794, -1.69815
52.65, 1.30794, -1.69815
52.675, 1.30717, -1.69813
52.7, 1.30623, -1.69811
52.725, 1.30623, -1.69811
52.75, 1.30623, -1.69811
52.775, 1.30623, -1.69811
52.8, 1.30623, -1.69811
52.825, 1.30623, -1.69811
52.85, 1.30623, -1.69811
52.875, 1.30558, -1.69809
52.9, 1.30558, -1.69809
52.925, 1.30558, -1.69809
52.95, 1.30604, -1.69806
52.975, 1.30763, -1.69801
53, 1.30763, -1.69801
53.025, 1.30986, -1.69796
53.05, 1.3121, -1.69791
53.075, 1.31378, -1.69787
53.1, 1.31378, -1.69787
53.125, 1.31456, -1.69784
53.15, 1.31511, -1.69782
53.175, 1.31607, -1.69779
53.2, 1.31794, -1.69775
53.225, 1.32098, -1.6977
53.25, 1.32098, -1.6977
53.275, 1.32098, -1.6977
53.3, 1.32098, -1.6977
53.325, 1.3236, -1.69764
53.35, 1.3236, -1.69764
53.375, 1.3236, -1.69764
53.4, 1.3236, -1.69764
53.425, 1.32687, -1.69757
53.45, 1.33124, -1.69748
53.475, 1.33722, -1.69738
53.5, 1.33722, -1.69738
53.525, 1.34297, -1.69731
53.55, 1.34297, -1.69731
53.575, 1.34297, -1.69731
53.6, 1.34297, -1.69731
53.625, 1.34853, -1.69722
53.65, 1.34853, -1.69722
53.675, 1.35314, -1.69715
53.7, 1.3579, -1.69708
53.725, 1.3579, -1.69708
53.75, 1.3579, -1.69708
53.775, 1.3579, -1.69708
53.8, 1.36226, -1.69702
53.825, 1.36226, -1.69702
53.85, 1.36226, -1.69702
53.875, 1.36649, -1.69697
53.9, 1.37059, -1.69691
53.925, 1.37455, -1.69686
53.95, 1.37455, -1.69686
53.975, 1.37455, -1.69686
54, 1.37455, -1.69686
54.025, 1.37825, -1.6968
54.05, 1.37825, -1.6968
54.075, 1.37825, -1.6968
54.1, 1.38168, -1.69675
54.125, 1.38168, -1.69675
54.15, 1.38168, -1.69675
54.175, 1.38168, -1.69675
54.2, 1.38168, -1.69675
54.225, 1.38485, -1.69671
54.25, 1.38782, -1.69666
54.275, 1.38782, -1.69666
54.3, 1.38782, -1.69666
54.325, 1.39067, -1.69662
54.35, 1.39067, -1.69662
54.375, 1.39067, -1.69662
54.4, 1.39067, -1.69662
54.425, 1.39343, -1.69657
54.45, 1.39343, -1.69657
54.475, 1.39343, -1.69657
54.5, 1.39603, -1.69653
54.525, 1.39845, -1.6965
54.55, 1.40069, -1.69648
54.575, 1.40069, -1.69648
54.6, 1.40069, -1.69648
54.625, 1.40069, -1.69648
54.65, 1.40069, -1.69648
54.675, 1.40278, -1.69645
54.7, 1.40278, -1.69645
54.725, 1.40492, -1.69642
54.75, 1.40492, -1.69642
54.775, 1.40492, -1.69642
54.8, 1.4059, -1.69642
54.825, 1.4059, -1.69642
54.85, 1.40697, -1.69642
54.875, 1.40697, -1.69642
54.9, 1.40844, -1.69641
54.925, 1.40844, -1.69641
54.95, 1.40966, -1.69641
54.975, 1.41085, -1.69641
55, 1.41192, -1.69641
55.025, 1.41248, -1.69642
55.05, 1.41248, -1.69642
55.075, 1.41154, -1.69648
55.1, 1.41034, -1.69653
55.125, 1.41034, -1.69653
55.15, 1.40989, -1.69658
55.175, 1.40989, -1.69658
55.2, 1.40989, -1.69658
55.225, 1.40989, -1.69658
55.25, 1.40924, -1.69663
55.275, 1.40863, -1.69668
55.3, 1.40863, -1.69668
55.325, 1.40863, -1.69668
55.35, 1.40863, -1.69668
55.375, 1.40863, -1.69668
55.4, 1.40863, -1.69668
55.425, 1.40863, -1.69668
55.45, 1.40863, -1.69668
55.475, 1.40863, -1.69668
55.5, 1.40863, -1.69668
55.525, 1.40817, -1.69672
55.55, 1.40756, -1.69677
55.575, 1.40756, -1.69677
55.6, 1.40756, -1.69677
55.625, 1.40756, -1.69677
55.65, 1.40756, -1.69677
55.675, 1.40731, -1.6968
55.7, 1.40717, -1.69684
55.725, 1.40717, -1.69684
55.75, 1.40717, -1.69684
55.775, 1.40717, -1.69684
55.8, 1.40717, -1.69684
55.825, 1.40717, -1.69684
55.85, 1.40717, -1.69684
55.875, 1.4069, -1.69687
55.9, 1.40651, -1.69691
55.925, 1.40651, -1.69691
55.95, 1.40583, -1.69695
55.975, 1.40583, -1.69695
56, 1.40583, -1.69695
56.025, 1.40583, -1.69695
56.05, 1.40583, -1.69695
56.075, 1.40598, -1.69697
56.1, 1.40669, -1.69699
56.125, 1.40669, -1.69699
56.15, 1.40738, -1.69701
56.175, 1.40738, -1.69701
56.2, 1.40739, -1.69704
56.225, 1.40739, -1.69704
56.25, 1.40739, -1.69704
56.275, 1.40739, -1.69704
56.3, 1.4093, -1.69703
56.325, 1.41167, -1.697
56.35, 1.41167, -1.697
56.375, 1.41358, -1.697
56.4, 1.41525, -1.697
56.425, 1.41525, -1.697
56.45, 1.41525, -1.697
56.475, 1.41525, -1.697
56.5, 1.41529, -1.69703
56.525, 1.41484, -1.69708
56.55, 1.41491, -1.69712
56.575, 1.41491, -1.69712
56.6, 1.41474, -1.69717
56.625, 1.41349, -1.69724
56.65, 1.41349, -1.69724
56.675, 1.41216, -1.69731
56.7, 1.41216, -1.69731
56.725, 1.41216, -1.69731
56.75, 1.41216, -1.69731
56.775, 1.41216, -1.69731
56.8, 1.41084, -1.69738
56.825, 1.40956, -1.69745
56.85, 1.40824, -1.69752
56.875, 1.40824, -1.69752
56.9, 1.40824, -1.69752
56.925, 1.40824, -1.69752
56.95, 1.40824, -1.69752
56.975, 1.40824, -1.69752
57, 1.40824, -1.69752
57.025, 1.40824, -1.69752
57.05, 1.40742, -1.69758
57.075, 1.40742, -1.69758
57.1, 1.40742, -1.69758
57.125, 1.40742, -1.69758
57.15, 1.40742, -1.69758
57.175, 1.40643, -1.69764
57.2, 1.40529, -1.69769
57.225, 1.40402, -1.69775
57.25, 1.40402, -1.69775
57.275, 1.40402, -1.69775
57.3, 1.40269, -1.6978
57.325, 1.40269, -1.6978
57.35, 1.40269, -1.6978
57.375, 1.40269, -1.6978
57.4, 1.40269, -1.6978
57.425, 1.40269, -1.6978
57.45, 1.40269, -1.6978
57.475, 1.40088, -1.69785
57.5, 1.40088, -1.69785
57.525, 1.40088, -1.69785
57.55, 1.40088, -1.69785
57.575, 1.39935, -1.6979
57.6, 1.39935, -1.6979
57.625, 1.39873, -1.69795
57.65, 1.39881, -1.69801
57.675, 1.39945, -1.69808
57.7, 1.39945, -1.69808
57.725, 1.40008, -1.69814
57.75, 1.40008, -1.69814
57.775, 1.40008, -1.69814
57.8, 1.39921, -1.69821
57.825, 1.39921, -1.69821
57.85, 1.39921, -1.69821
57.875, 1.39921, -1.69821
57.9, 1.39921, -1.69821
57.925, 1.39921, -1.69821
57.95, 1.39792, -1.69832
57.975, 1.39792, -1.69832
58, 1.39792, -1.69832
58.025, 1.39792, -1.69832
58.05, 1.39792, -1.69832
58.075, 1.39606, -1.69841
58.1, 1.39412, -1.6985
58.125, 1.3926, -1.69859
58.15, 1.3926, -1.69859
58.175, 1.39037, -1.69872
58.2, 1.39037, -1.69872
58.225, 1.38718, -1.69887
58.25, 1.38361, -1.69904
58.275, 1.38026, -1.6992
58.3, 1.37714, -1.69935
58.325, 1.37714, -1.69935
58.35, 1.37413, -1.69949
58.375, 1.37119, -1.69963
58.4, 1.37119, -1.69963
58.425, 1.37119, -1.69963
58.45, 1.37119, -1.69963
58.475, 1.37119, -1.69963
58.5, 1.37119, -1.69963
58.525, 1.37119, -1.69963
58.55, 1.36865, -1.69977
58.575, 1.36581, -1.6999
58.6, 1.36581, -1.6999
58.625, 1.36581, -1.6999
58.65, 1.36581, -1.6999
58.675, 1.36581, -1.6999
58.7, 1.36256, -1.70003
58.725, 1.36256, -1.70003
58.75, 1.36256, -1.70003
58.775, 1.35923, -1.70017
58.8, 1.35923, -1.70017
58.825, 1.35923, -1.70017
58.85, 1.35923, -1.70017
58.875, 1.35923, -1.70017
58.9, 1.35923, -1.70017
58.925, 1.35923, -1.70017
58.95, 1.35923, -1.70017
58.975, 1.35923, -1.70017
59, 1.35581, -1.70029
59.025, 1.35581, -1.70029
59.05, 1.35581, -1.70029
59.075, 1.35181, -1.70041
59.1, 1.34742, -1.70053
59.125, 1.34277, -1.70066
59.15, 1.33855, -1.70078
59.175, 1.33509, -1.70089
59.2, 1.33509, -1.70089
59.225, 1.33201, -1.701
59.25, 1.33201, -1.701
59.275, 1.33201, -1.701
59.3, 1.33201, -1.701
59.325, 1.33201, -1.701
59.35, 1.33201, -1.701
59.375, 1.32693, -1.70115
59.4, 1.32222, -1.70128
59.425, 1.32222, -1.70128
59.45, 1.31949, -1.70142
59.475, 1.31949, -1.70142
59.5, 1.31949, -1.70142
59.525, 1.31949, -1.70142
59.55, 1.31949, -1.70142
59.575, 1.31526, -1.70147
59.6, 1.31526, -1.70147
59.625, 1.31526, -1.70147
59.65, 1.31526, -1.70147
59.675, 1.31548, -1.70144
59.7, 1.31548, -1.70144
59.725, 1.31548, -1.70144
59.75, 1.31548, -1.70144
59.775, 1.31548, -1.70144
59.8, 1.31548, -1.70144
59.825, 1.31799, -1.70126
59.85, 1.31799, -1.70126
59.875, 1.31799, -1.70126
59.9, 1.32041, -1.70109
59.925, 1.32041, -1.70109
59.95, 1.32308, -1.70092
59.975, 1.32573, -1.70076
60, 1.32573, -1.70076
60, 1.32826, -1.70061
60.025, 1.32826, -1.70061
60.05, 1.32826, -1.70061
60.075, 1.32826, -1.70061
60.1, 1.32845, -1.70047
60.125, 1.32656, -1.70035
60.15, 1.32656, -1.70035
60.175, 1.31948, -1.70026
60.2, 1.31948, -1.70026
60.225, 1.30877, -1.70019
60.25, 1.30877, -1.70019
60.275, 1.30877, -1.70019
60.3, 1.29406, -1.70015
60.325, 1.29406, -1.70015
60.35, 1.29406, -1.70015
60.375, 1.29406, -1.70015
60.4, 1.29406, -1.70015
60.425, 1.29406, -1.70015
60.45, 1.27314, -1.70009
60.475, 1.25528, -1.70002
60.5, 1.25528, -1.70002
60.525, 1.25528, -1.70002
60.55, 1.24066, -1.69996
60.575, 1.24066, -1.69996
60.6, 1.24066, -1.69996
60.625, 1.24066, -1.69996
60.65, 1.24066, -1.69996
60.675, 1.22499, -1.69986
60.7, 1.21427, -1.69973
60.725, 1.21427, -1.69973
60.75, 1.20578, -1.69961
60.775, 1.20578, -1.69961
60.8, 1.20257, -1.69948
60.825, 1.20257, -1.69948
60.85, 1.20257, -1.69948
60.875, 1.20052, -1.69944
60.9, 1.20052, -1.69944
60.925, 1.19942, -1.6994
60.95, 1.2004, -1.69935
60.975, 1.2004, -1.69935
61, 1.2004, -1.69935
61.025, 1.20164, -1.69931
61.05, 1.20164, -1.69931
61.075, 1.20164, -1.69931
61.1, 1.20287, -1.69938
61.125, 1.20287, -1.69938
61.15, 1.20287, -1.69938
61.175, 1.20287, -1.69938
61.2, 1.20287, -1.69938
61.225, 1.21205, -1.69914
61.25, 1.21205, -1.69914
61.275, 1.21205, -1.69914
61.3, 1.22137, -1.69892
61.325, 1.22137, -1.69892
61.35, 1.22137, -1.69892
61.375, 1.22137, -1.69892
61.4, 1.22932, -1.69874
61.425, 1.22932, -1.69874
61.45, 1.23692, -1.69858
61.475, 1.23692, -1.69858
61.5, 1.23692, -1.69858
61.525, 1.23692, -1.69858
61.55, 1.24424, -1.69843
61.575, 1.24424, -1.69843
61.6, 1.25121, -1.69828
61.625, 1.25823, -1.69811
61.65, 1.26507, -1.69794
61.675, 1.26507, -1.69794
61.7, 1.27123, -1.69777
61.725, 1.277, -1.6976
61.75, 1.277, -1.6976
61.775, 1.277, -1.6976
61.8, 1.277, -1.6976
61.825, 1.277, -1.6976
61.85, 1.277, -1.6976
61.875, 1.277, -1.6976
61.9, 1.28368, -1.69742
61.925, 1.28368, -1.69742
61.95, 1.28935, -1.69723
61.975, 1.28935, -1.69723
62, 1.29461, -1.69706
62.025, 1.29461, -1.69706
62.05, 1.29461, -1.69706
62.075, 1.29461, -1.69706
62.1, 1.29461, -1.69706
62.125, 1.30034, -1.69689
62.15, 1.30034, -1.69689
62.175, 1.30034, -1.69689
62.2, 1.30034, -1.69689
62.225, 1.30559, -1.69672
62.25, 1.30559, -1.69672
62.275, 1.31018, -1.69655
62.3, 1.31018, -1.69655
62.325, 1.31485, -1.69639
62.35, 1.31485, -1.69639
62.375, 1.31485, -1.69639
62.4, 1.31485, -1.69639
62.425, 1.31921, -1.69627
62.45, 1.31921, -1.69627
62.475, 1.3233, -1.69613
62.5, 1.3233, -1.69613
62.525, 1.32583, -1.696
62.55, 1.32659, -1.69585
62.575, 1.32659, -1.69585
62.6, 1.32659, -1.69585
62.625, 1.32659, -1.69585
62.65, 1.32659, -1.69585
62.675, 1.32851, -1.69574
62.7, 1.33069, -1.69566
62.725, 1.33275, -1.69557
62.75, 1.33275, -1.69557
62.775, 1.33331, -1.69548
62.8, 1.33172, -1.69539
62.825, 1.3287, -1.6953
62.85, 1.3287, -1.6953
62.875, 1.3287, -1.6953
62.9, 1.32678, -1.69521
62.925, 1.32678, -1.69521
62.95, 1.32678, -1.69521
62.975, 1.32493, -1.69512
63, 1.32284, -1.69503
63.025, 1.32284, -1.69503
63.05, 1.32284, -1.69503
63.075, 1.3208, -1.69495
63.1, 1.3208, -1.69495
63.125, 1.31895, -1.69487
63.15, 1.31895, -1.69487
63.175, 1.31895, -1.69487
63.2, 1.31735, -1.69479
63.225, 1.31735, -1.69479
63.25, 1.31735, -1.69479
63.275, 1.31735, -1.69479
63.3, 1.31735, -1.69479
63.325, 1.31735, -1.69479
63.35, 1.31735, -1.69479
63.375, 1.31735, -1.69479
63.4, 1.31735, -1.69479
63.425, 1.31735, -1.69479
63.45, 1.31735, -1.69479
63.475, 1.31735, -1.69479
63.5, 1.31595, -1.69472
63.525, 1.31505, -1.69467
63.55, 1.31505, -1.69467
63.575, 1.31444, -1.69462
63.6, 1.31419, -1.69459
63.625, 1.31419, -1.69459
63.65, 1.31368, -1.69455
63.675, 1.31368, -1.69455
63.7, 1.31292, -1.69451
63.725, 1.31244, -1.69447
63.75, 1.31268, -1.69444
63.775, 1.31268, -1.69444
63.8, 1.31268, -1.69444
63.825, 1.31268, -1.69444
63.85, 1.31268, -1.69444
63.875, 1.31268, -1.69444
63.9, 1.31268, -1.69444
63.925, 1.31654, -1.69428
63.95, 1.31654, -1.69428
63.975, 1.31654, -1.69428
64, 1.31654, -1.69428
64.025, 1.31654, -1.69428
64.05, 1.31654, -1.69428
64.075, 1.32121, -1.69414
64.1, 1.32121, -1.69414
64.125, 1.32484, -1.69403
64.15, 1.32484, -1.69403
64.175, 1.32484, -1.69403
64.2, 1.3284, -1.69391
64.225, 1.3317, -1.69379
64.25, 1.3317, -1.69379
64.275, 1.33505, -1.69368
64.3, 1.33505, -1.69368
64.325, 1.33505, -1.69368
64.35, 1.33505, -1.69368
64.375, 1.33798, -1.69358
64.4, 1.34074, -1.69349
64.425, 1.34074, -1.69349
64.45, 1.34074, -1.69349
64.475, 1.34325, -1.6934
64.5, 1.34544, -1.69331
64.525, 1.34544, -1.69331
64.55, 1.34544, -1.69331
64.575, 1.34544, -1.69331
64.6, 1.34787, -1.69323
64.625, 1.35032, -1.69315
64.65, 1.35032, -1.69315
64.675, 1.35032, -1.69315
64.7, 1.35271, -1.69308
64.725, 1.35271, -1.69308
64.75, 1.35271, -1.69308
64.775, 1.35271, -1.69308
64.8, 1.35503, -1.69301
64.825, 1.35727, -1.69295
64.85, 1.35727, -1.69295
64.875, 1.35727, -1.69295
64.9, 1.35727, -1.69295
64.925, 1.35943, -1.69289
64.95, 1.36147, -1.69283
64.975, 1.36339, -1.69276
65, 1.36339, -1.69276
65.025, 1.36339, -1.69276
65.05, 1.36493, -1.69271
65.075, 1.36493, -1.69271
65.1, 1.36594, -1.69265
65.125, 1.36666, -1.69259
65.15, 1.3674, -1.69254
65.175, 1.3674, -1.69254
65.2, 1.36871, -1.6925
65.225, 1.37032, -1.69248
65.25, 1.372, -1.69248
65.275, 1.372, -1.69248
65.3, 1.372, -1.69248
65.325, 1.372, -1.69248
65.35, 1.37351, -1.69246
65.375, 1.37351, -1.69246
65.4, 1.37351, -1.69246
65.425, 1.37351, -1.69246
65.45, 1.37351, -1.69246
65.475, 1.37839, -1.69242
65.5, 1.37839, -1.69242
65.525, 1.3828, -1.69239
65.55, 1.3828, -1.69239
65.575, 1.38685, -1.69234
65.6, 1.38928, -1.6923
65.625, 1.38928, -1.6923
65.65, 1.38928, -1.6923
65.675, 1.38928, -1.6923
65.7, 1.38928, -1.6923
65.725, 1.39526, -1.69221
65.75, 1.39526, -1.69221
65.775, 1.39526, -1.69221
65.8, 1.40117, -1.69213
65.825, 1.40117, -1.69213
65.85, 1.40117, -1.69213
65.875, 1.40117, -1.69213
65.9, 1.40607, -1.69205
65.925, 1.40607, -1.69205
65.95, 1.40607, -1.69205
65.975, 1.41074, -1.69197
66, 1.4153, -1.6919
66.025, 1.4153, -1.6919
66.05, 1.4153, -1.6919
66.075, 1.41957, -1.69183
66.1, 1.42342, -1.69176
66.125, 1.42342, -1.69176
66.15, 1.42685, -1.69169
66.175, 1.42685, -1.69169
66.2, 1.43042, -1.69162
66.225, 1.43042, -1.69162
66.25, 1.43042, -1.69162
66.275, 1.4341, -1.69156
66.3, 1.43804, -1.69151
66.325, 1.44216, -1.69147
66.35, 1.44216, -1.69147
66.375, 1.44626, -1.69143
66.4, 1.44626, -1.69143
66.425, 1.45027, -1.69139
66.45, 1.45027, -1.69139
66.475, 1.45027, -1.69139
66.5, 1.45027, -1.69139
66.525, 1.45027, -1.69139
66.55, 1.45373, -1.69136
66.575, 1.45738, -1.69132
66.6, 1.45738, -1.69132
66.625, 1.46129, -1.69131
66.65, 1.4653, -1.69131
66.675, 1.4653, -1.69131
66.7, 1.4653, -1.69131
66.725, 1.46954, -1.6913
66.75, 1.47345, -1.69128
66.775, 1.47669, -1.69126
66.8, 1.47669, -1.69126
66.825, 1.47669, -1.69126
66.85, 1.47669, -1.69126
66.875, 1.47669, -1.69126
66.9, 1.48039, -1.69125
66.925, 1.48039, -1.69125
66.95, 1.48039, -1.69125
66.975, 1.48039, -1.69125
67, 1.48039, -1.69125
67.025, 1.48606, -1.69118
67.05, 1.4911, -1.69111
67.075, 1.4911, -1.69111
67.1, 1.496, -1.69104
67.125, 1.496, -1.69104
67.15, 1.496, -1.69104
67.175, 1.5, -1.69099
67.2, 1.5, -1.69099
67.225, 1.5, -1.69099
67.25, 1.5, -1.69099
67.275, 1.50408, -1.69095
67.3, 1.50408, -1.69095
67.325, 1.50408, -1.69095
67.35, 1.50408, -1.69095
67.375, 1.50801, -1.6909
67.4, 1.50801, -1.6909
67.425, 1.51158, -1.69087
67.45, 1.51158, -1.69087
67.475, 1.51158, -1.69087
67.5, 1.51158, -1.69087
67.525, 1.51506, -1.69083
67.55, 1.51506, -1.69083
67.575, 1.51836, -1.6908
67.6, 1.51836, -1.6908
67.625, 1.52144, -1.69077
67.65, 1.52144, -1.69077
67.675, 1.52144, -1.69077
67.7, 1.52419, -1.69075
67.725, 1.52419, -1.69075
67.75, 1.52675, -1.69072
67.775, 1.52675, -1.69072
67.8, 1.52916, -1.69071
67.825, 1.5314, -1.69069
67.85, 1.5314, -1.69069
67.875, 1.5314, -1.69069
67.9, 1.53357, -1.69067
67.925, 1.53357, -1.69067
67.95, 1.53551, -1.69066
67.975, 1.53551, -1.69066
68, 1.53551, -1.69066
68.025, 1.53551, -1.69066
68.05, 1.53588, -1.69067
68.075, 1.53588, -1.69067
68.1, 1.53588, -1.69067
68.125, 1.53588, -1.69067
68.15, 1.53588, -1.69067
68.175, 1.53588, -1.69067
68.2, 1.53495, -1.6907
68.225, 1.53495, -1.6907
68.25, 1.53393, -1.69073
68.275, 1.53347, -1.69077
68.3, 1.53347, -1.69077
68.325, 1.53268, -1.69082
68.35, 1.53268, -1.69082
68.375, 1.53188, -1.69087
68.4, 1.53117, -1.6909
68.425, 1.53117, -1.6909
68.45, 1.53117, -1.6909
68.475, 1.5292, -1.69096
68.5, 1.5292, -1.69096
68.525, 1.52753, -1.69101
68.55, 1.52753, -1.69101
68.575, 1.52619, -1.69107
68.6, 1.52619, -1.69107
68.625, 1.52492, -1.69114
68.65, 1.52338, -1.69119
68.675, 1.52118, -1.69123
68.7, 1.52118, -1.69123
68.725, 1.52118, -1.69123
68.75, 1.52118, -1.69123
68.775, 1.51867, -1.69129
68.8, 1.51867, -1.69129
68.825, 1.51592, -1.69133
68.85, 1.51298, -1.69138
68.875, 1.50993, -1.69143
68.9, 1.50993, -1.69143
68.925, 1.5067, -1.69147
68.95, 1.50324, -1.69151
68.975, 1.49961, -1.69155
69, 1.49961, -1.69155
69.025, 1.49598, -1.69159
69.05, 1.49598, -1.69159
69.075, 1.49245, -1.69163
69.1, 1.48904, -1.69166
69.125, 1.48569, -1.69169
69.15, 1.48569, -1.69169
69.175, 1.48569, -1.69169
69.2, 1.48244, -1.69173
69.225, 1.47926, -1.69176
69.25, 1.47607, -1.69179
69.275, 1.47277, -1.69182
69.3, 1.47277, -1.69182
69.325, 1.46875, -1.69185
69.35, 1.46408, -1.69187
69.375, 1.46408, -1.69187
69.4, 1.46408, -1.69187
69.425, 1.46, -1.6919
69.45, 1.46, -1.6919
69.475, 1.46, -1.6919
69.5, 1.45594, -1.69195
69.525, 1.45203, -1.69201
69.55, 1.45203, -1.69201
69.575, 1.45203, -1.69201
69.6, 1.44764, -1.69206
69.625, 1.44764, -1.69206
69.65, 1.44329, -1.69211
69.675, 1.43958, -1.69216
69.7, 1.43958, -1.69216
69.725, 1.43958, -1.69216
69.75, 1.43958, -1.69216
69.775, 1.43627, -1.6922
69.8, 1.43627, -1.6922
69.825, 1.43392, -1.69223
69.85, 1.43392, -1.69223
69.875, 1.43139, -1.69227
69.9, 1.43139, -1.69227
69.925, 1.42882, -1.6923
69.95, 1.42882, -1.6923
69.975, 1.424, -1.69237
70, 1.424, -1.69237
70.025, 1.424, -1.69237
70.05, 1.41712, -1.69248
70.075, 1.41022, -1.69258
70.1, 1.41022, -1.69258
70.125, 1.41022, -1.69258
70.15, 1.40473, -1.69267
70.175, 1.40473, -1.69267
70.2, 1.40473, -1.69267
70.225, 1.40473, -1.69267
70.25, 1.40473, -1.69267
70.275, 1.40473, -1.69267
70.3, 1.39004, -1.69278
70.325, 1.39004, -1.69278
70.35, 1.37507, -1.69289
70.375, 1.37507, -1.69289
70.4, 1.3614, -1.69299
70.425, 1.34936, -1.69308
70.45, 1.34936, -1.69308
70.475, 1.34936, -1.69308
70.5, 1.34936, -1.69308
70.525, 1.34936, -1.69308
70.55, 1.33592, -1.69314
70.575, 1.3274, -1.69318
70.6, 1.3274, -1.69318
70.625, 1.3274, -1.69318
70.65, 1.31969, -1.69322
70.675, 1.31613, -1.69324
70.7, 1.31613, -1.69324
70.725, 1.31613, -1.69324
70.75, 1.31613, -1.69324
70.775, 1.31613, -1.69324
70.8, 1.31613, -1.69324
70.825, 1.31613, -1.69324
70.85, 1.31613, -1.69324
70.875, 1.31613, -1.69324
70.9, 1.31415, -1.69304
70.925, 1.31591, -1.69282
70.95, 1.31591, -1.69282
70.975, 1.32025, -1.69261
71, 1.32808, -1.69238
71.025, 1.32808, -1.69238
71.05, 1.32808, -1.69238
71.075, 1.33634, -1.69217
71.1, 1.33634, -1.69217
71.125, 1.33634, -1.69217
71.15, 1.33634, -1.69217
71.175, 1.33634, -1.69217
71.2, 1.34452, -1.692
71.225, 1.35542, -1.69181
71.25, 1.35542, -1.69181
71.275, 1.35542, -1.69181
71.3, 1.35542, -1.69181
71.325, 1.35542, -1.69181
71.35, 1.36637, -1.6916
71.375, 1.3779, -1.6914
71.4, 1.3779, -1.6914
71.425, 1.38893, -1.6912
71.45, 1.38893, -1.6912
71.475, 1.40064, -1.691
71.5, 1.40064, -1.691
71.525, 1.40064, -1.691
71.55, 1.40064, -1.691
71.575, 1.40064, -1.691
71.6, 1.41, -1.69085
71.625, 1.41901, -1.6907
71.65, 1.41901, -1.6907
71.675, 1.41901, -1.6907
71.7, 1.41901, -1.6907
71.725, 1.42706, -1.69056
71.75, 1.42706, -1.69056
71.775, 1.43422, -1.69042
71.8, 1.43422, -1.69042
71.825, 1.43997, -1.69029
71.85, 1.44455, -1.69015
71.875, 1.44815, -1.69001
71.9, 1.45077, -1.68986
71.925, 1.45263, -1.68972
71.95, 1.45263, -1.68972
71.975, 1.45413, -1.68958
72, 1.45413, -1.68958
72.025, 1.4551, -1.68944
72.05, 1.4551, -1.68944
72.075, 1.4551, -1.68944
72.1, 1.45603, -1.6893
72.125, 1.45684, -1.68917
72.15, 1.45684, -1.68917
72.175, 1.45684, -1.68917
72.2, 1.45684, -1.68917
72.225, 1.45684, -1.68917
72.25, 1.45684, -1.68917
72.275, 1.45684, -1.68917
72.3, 1.45684, -1.68917
72.325, 1.45684, -1.68917
72.35, 1.45769, -1.68904
72.375, 1.45769, -1.68904
72.4, 1.45769, -1.68904
72.425, 1.45849, -1.68892
72.45, 1.4593, -1.6888
72.475, 1.4593, -1.6888
72.5, 1.46018, -1.68869
72.525, 1.46018, -1.68869
72.55, 1.46018, -1.68869
72.575, 1.46018, -1.68869
72.6, 1.46018, -1.68869
72.625, 1.46018, -1.68869
72.65, 1.46018, -1.68869
72.675, 1.46018, -1.68869
72.7, 1.46087, -1.68858
72.725, 1.46138, -1.68847
72.75, 1.4621, -1.68836
72.775, 1.4621, -1.68836
72.8, 1.46304, -1.68828
72.825, 1.46304, -1.68828
72.85, 1.46304, -1.68828
72.875, 1.46304, -1.68828
72.9, 1.46405, -1.68818
72.925, 1.46452, -1.68807
72.95, 1.46422, -1.68796
72.975, 1.4635, -1.68785
73, 1.46285, -1.68774
73.025, 1.46285, -1.68774
73.05, 1.46272, -1.68765
73.075, 1.46272, -1.68765
73.1, 1.46271, -1.68759
73.125, 1.46271, -1.68759
73.15, 1.46267, -1.68752
73.175, 1.46267, -1.68752
73.2, 1.46267, -1.68752
73.225, 1.46267, -1.68752
73.25, 1.46208, -1.68746
73.275, 1.46208, -1.68746
73.3, 1.46208, -1.68746
73.325, 1.46208, -1.68746
73.35, 1.46211, -1.6874
73.375, 1.46264, -1.68736
73.4, 1.46352, -1.68733
73.425, 1.46352, -1.68733
73.45, 1.4644, -1.6873
73.475, 1.4644, -1.6873
73.5, 1.4644, -1.6873
73.525, 1.4644, -1.6873
73.55, 1.4644, -1.6873
73.575, 1.4644, -1.6873
73.6, 1.46539, -1.68727
73.625, 1.46649, -1.68725
73.65, 1.46649, -1.68725
73.675, 1.46649, -1.68725
73.7, 1.46649, -1.68725
73.725, 1.46649, -1.68725
73.75, 1.46757, -1.68723
73.775, 1.46757, -1.68723
73.8, 1.46867, -1.68721
73.825, 1.4698, -1.6872
73.85, 1.4698, -1.6872
73.875, 1.4698, -1.6872
73.9, 1.4698, -1.6872
73.925, 1.4698, -1.6872
73.95, 1.4698, -1.6872
73.975, 1.4698, -1.6872
74, 1.47069, -1.6872
74.025, 1.47069, -1.6872
74.05, 1.47069, -1.6872
74.075, 1.4715, -1.6872
74.1, 1.47211, -1.68719
74.125, 1.47238, -1.68718
74.15, 1.47229, -1.68717
74.175, 1.47263, -1.68716
74.2, 1.47263, -1.68716
74.225, 1.47275, -1.68718
74.25, 1.47261, -1.68723
74.275, 1.47233, -1.68729
74.3, 1.47198, -1.68736
74.325, 1.47167, -1.68742
74.35, 1.47095, -1.68746
74.375, 1.46952, -1.6875
74.4, 1.46952, -1.6875
74.425, 1.46952, -1.6875
74.45, 1.46952, -1.6875
74.475, 1.46898, -1.68753
74.5, 1.46844, -1.68758
74.525, 1.46844, -1.68758
74.55, 1.46786, -1.68764
74.575, 1.4673, -1.68768
74.6, 1.46665, -1.68772
74.625, 1.46665, -1.68772
74.65, 1.46665, -1.68772
74.675, 1.46574, -1.68776
74.7, 1.46491, -1.6878
74.725, 1.46491, -1.6878
74.75, 1.46423, -1.68784
74.775, 1.46423, -1.68784
74.8, 1.46355, -1.68789
74.825, 1.46355, -1.68789
74.85, 1.46289, -1.68794
74.875, 1.46289, -1.68794
74.9, 1.46289, -1.68794
74.925, 1.46228, -1.688
74.95, 1.46172, -1.68806
74.975, 1.46119, -1.68812
75, 1.46119, -1.68812
75.025, 1.46119, -1.68812
75.05, 1.46119, -1.68812
75.075, 1.46119, -1.68812
75.1, 1.46069, -1.68818
75.125, 1.46069, -1.68818
75.15, 1.46069, -1.68818
75.175, 1.46025, -1.68823
75.2, 1.46025, -1.68823
75.225, 1.46025, -1.68823
75.25, 1.46025, -1.68823
75.275, 1.45985, -1.68829
75.3, 1.45948, -1.68836
75.325, 1.45948, -1.68836
75.35, 1.45948, -1.68836
75.375, 1.45948, -1.68836
75.4, 1.45948, -1.68836
75.425, 1.45948, -1.68836
75.45, 1.45915, -1.68842
75.475, 1.45886, -1.68848
75.5, 1.45886, -1.68848
75.525, 1.45886, -1.68848
75.55, 1.45858, -1.68853
75.575, 1.45858, -1.68853
75.6, 1.4584, -1.68859
75.625, 1.4577, -1.68868
75.65, 1.4577, -1.68868
75.675, 1.4577, -1.68868
75.7, 1.45702, -1.68876
75.725, 1.45702, -1.68876
75.75, 1.45702, -1.68876
75.775, 1.45633, -1.68882
75.8, 1.45494, -1.68888
75.825, 1.45494, -1.68888
75.85, 1.45494, -1.68888
75.875, 1.45404, -1.68894
75.9, 1.45404, -1.68894
75.925, 1.45293, -1.689
75.95, 1.45143, -1.68908
75.975, 1.45143, -1.68908
76, 1.45143, -1.68908
76.025, 1.45143, -1.68908
76.05, 1.45143, -1.68908
76.075, 1.44963, -1.68916
76.1, 1.44963, -1.68916
76.125, 1.44963, -1.68916
76.15, 1.44963, -1.68916
76.175, 1.44828, -1.68924
76.2, 1.447, -1.68932
76.225, 1.447, -1.68932
76.25, 1.44575, -1.68939
76.275, 1.44446, -1.68946
76.3, 1.44446, -1.68946
76.325, 1.44446, -1.68946
76.35, 1.44317, -1.68952
76.375, 1.44317, -1.68952
76.4, 1.44189, -1.68959
76.425, 1.44189, -1.68959
76.45, 1.44189, -1.68959
76.475, 1.44189, -1.68959
76.5, 1.44189, -1.68959
76.525, 1.44084, -1.68965
76.55, 1.44084, -1.68965
76.575, 1.43988, -1.68971
76.6, 1.43988, -1.68971
76.625, 1.43894, -1.68978
76.65, 1.43796, -1.68983
76.675, 1.43688, -1.68989
76.7, 1.43688, -1.68989
76.725, 1.43688, -1.68989
76.75, 1.43603, -1.68994
76.775, 1.43526, -1.69
76.8, 1.43459, -1.69005
76.825, 1.43459, -1.69005
76.85, 1.43392, -1.69011
76.875, 1.43326, -1.69017
76.9, 1.43326, -1.69017
76.925, 1.43326, -1.69017
76.95, 1.43201, -1.69023
76.975, 1.43031, -1.69028
77, 1.42843, -1.69033
77.025, 1.42716, -1.69039
77.05, 1.42659, -1.69045
77.075, 1.4263, -1.69053
77.1, 1.4263, -1.69053
77.125, 1.4263, -1.69053
77.15, 1.42562, -1.69059
77.175, 1.42562, -1.69059
77.2, 1.42562, -1.69059
77.225, 1.42028, -1.6907
77.25, 1.42028, -1.6907
77.275, 1.41635, -1.69079
77.3, 1.41635, -1.69079
77.325, 1.41349, -1.69089
77.35, 1.41235, -1.69099
77.375, 1.41235, -1.69099
77.4, 1.41235, -1.69099
77.425, 1.41028, -1.69106
77.45, 1.41028, -1.69106
77.475, 1.40627, -1.69113
77.5, 1.40627, -1.69113
77.525, 1.40149, -1.69121
77.55, 1.39668, -1.69128
77.575, 1.39668, -1.69128
77.6, 1.3925, -1.69135
77.625, 1.3925, -1.69135
77.65, 1.3925, -1.69135
77.675, 1.3925, -1.69135
77.7, 1.3925, -1.69135
77.725, 1.3925, -1.69135
77.75, 1.3925, -1.69135
77.775, 1.38803, -1.69142
77.8, 1.38417, -1.69148
77.825, 1.38417, -1.69148
77.85, 1.38417, -1.69148
77.875, 1.38417, -1.69148
77.9, 1.38417, -1.69148
77.925, 1.38417, -1.69148
77.95, 1.38417, -1.69148
77.975, 1.38044, -1.69155
78, 1.37761, -1.69162
78.025, 1.37761, -1.69162
78.05, 1.37509, -1.69169
78.075, 1.37299, -1.69176
78.1, 1.37123, -1.69184
78.125, 1.36976, -1.69191
78.15, 1.36873, -1.69199
78.175, 1.36823, -1.69207
78.2, 1.36827, -1.69215
78.225, 1.36827, -1.69215
78.25, 1.36825, -1.69226
78.275, 1.36828, -1.69238
78.3, 1.36828, -1.6925
78.325, 1.36828, -1.6925
78.35, 1.36828, -1.6925
78.375, 1.36828, -1.6925
78.4, 1.36828, -1.6925
78.425, 1.36826, -1.69263
78.45, 1.36785, -1.69277
78.475, 1.36602, -1.69294
78.5, 1.36201, -1.69317
78.525, 1.36201, -1.69317
78.55, 1.36201, -1.69317
78.575, 1.36201, -1.69317
78.6, 1.36175, -1.6933
78.625, 1.36175, -1.6933
78.65, 1.36172, -1.69343
78.675, 1.36196, -1.69355
78.7, 1.36196, -1.69355
78.725, 1.36152, -1.69368
78.75, 1.36152, -1.69368
78.775, 1.35958, -1.69383
78.8, 1.35958, -1.69383
78.825, 1.35958, -1.69383
78.85, 1.35958, -1.69383
78.875, 1.35958, -1.69383
78.9, 1.35842, -1.69398
78.925, 1.35842, -1.69398
78.95, 1.35842, -1.69398
78.975, 1.35729, -1.69411
79, 1.35633, -1.69424
79.025, 1.35544, -1.69437
79.05, 1.3546, -1.69449
79.075, 1.35379, -1.69461
79.1, 1.35379, -1.69461
79.125, 1.35307, -1.69472
79.15, 1.35246, -1.69483
79.175, 1.35246, -1.69483
79.2, 1.35185, -1.69493
79.225, 1.35185, -1.69493
79.25, 1.35116, -1.69503
79.275, 1.35116, -1.69503
79.3, 1.35116, -1.69503
79.325, 1.35116, -1.69503
79.35, 1.3505, -1.69513
79.375, 1.34991, -1.69523
79.4, 1.34938, -1.69532
79.425, 1.34938, -1.69532
79.45, 1.34938, -1.69532
79.475, 1.34938, -1.69532
79.5, 1.34938, -1.69532
79.525, 1.34881, -1.69541
79.55, 1.34881, -1.69541
79.575, 1.34881, -1.69541
79.6, 1.34843, -1.6955
79.625, 1.34798, -1.69558
79.65, 1.34737, -1.69567
79.675, 1.34737, -1.69567
79.7, 1.34737, -1.69567
79.725, 1.34717, -1.69574
79.75, 1.34717, -1.69574
79.775, 1.34717, -1.69574
79.8, 1.34717, -1.69574
79.825, 1.34717, -1.69574
79.85, 1.34717, -1.69574
79.875, 1.34717, -1.69574
79.9, 1.34717, -1.69574
79.925, 1.3472, -1.69579
79.95, 1.3472, -1.69579
79.975, 1.3472, -1.69579
80, 1.3472, -1.69579
80.025, 1.3472, -1.69579
80.05, 1.3472, -1.69579
80.075, 1.3472, -1.69579
80.1, 1.3472, -1.69579
80.125, 1.34096, -1.69584
80.15, 1.32802, -1.69595
80.175, 1.32802, -1.69595
80.2, 1.31, -1.6961
80.225, 1.31, -1.6961
80.25, 1.31, -1.6961
80.275, 1.31, -1.6961
80.3, 1.30085, -1.69621
80.325, 1.30085, -1.69621
80.35, 1.30085, -1.69621
80.375, 1.29108, -1.69631
80.4, 1.29108, -1.69631
80.425, 1.29108, -1.69631
80.45, 1.29108, -1.69631
80.475, 1.29108, -1.69631
80.5, 1.28076, -1.69641
80.525, 1.27932, -1.69644
80.55, 1.27932, -1.69644
80.575, 1.27932, -1.69644
80.6, 1.2784, -1.69649
80.625, 1.2784, -1.69649
80.65, 1.27971, -1.69652
80.675, 1.28579, -1.69652
80.7, 1.29424, -1.6965
80.725, 1.29424, -1.6965
80.75, 1.30357, -1.69648
80.775, 1.30357, -1.69648
80.8, 1.30357, -1.69648
80.825, 1.30357, -1.69648
80.85, 1.31253, -1.69644
80.875, 1.31253, -1.69644
80.9, 1.31253, -1.69644
80.925, 1.31253, -1.69644
80.95, 1.31253, -1.69644
80.975, 1.31253, -1.69644
81, 1.32251, -1.69632
81.025, 1.33585, -1.69618
81.05, 1.35161, -1.69602
81.075, 1.35161, -1.69602
81.1, 1.36796, -1.69587
81.125, 1.38613, -1.6957
81.15, 1.40614, -1.69552
81.175, 1.42799, -1.69533
81.2, 1.42799, -1.69533
81.225, 1.42799, -1.69533
81.25, 1.44897, -1.69515
81.275, 1.44897, -1.69515
81.3, 1.46923, -1.69498
81.325, 1.46923, -1.69498
81.35, 1.48883, -1.69482
81.375, 1.48883, -1.69482
81.4, 1.48883, -1.69482
81.425, 1.50768, -1.69469
81.45, 1.52749, -1.69455
81.475, 1.54793, -1.69441
81.5, 1.56837, -1.69427
81.525, 1.56837, -1.69427
81.55, 1.58805, -1.69414
81.575, 1.58805, -1.69414
81.6, 1.60695, -1.69402
81.625, 1.60695, -1.69402
81.65, 1.62555, -1.69389
81.675, 1.64436, -1.69374
81.7, 1.64436, -1.69374
81.725, 1.66132, -1.69363
81.75, 1.67733, -1.69351
81.775, 1.67733, -1.69351
81.8, 1.67733, -1.69351
81.825, 1.67733, -1.69351
81.85, 1.67733, -1.69351
81.875, 1.67733, -1.69351
81.9, 1.67733, -1.69351
81.925, 1.67733, -1.69351
81.95, 1.69488, -1.69335
81.975, 1.71083, -1.69318
82, 1.71083, -1.69318
82.025, 1.71083, -1.69318
82.05, 1.71083, -1.69318
82.075, 1.7269, -1.69302
82.1, 1.74215, -1.69285
82.125, 1.75649, -1.69268
82.15, 1.75649, -1.69268
82.175, 1.75649, -1.69268
82.2, 1.75649, -1.69268
82.225, 1.75649, -1.69268
82.25, 1.75649, -1.69268
82.275, 1.77061, -1.69251
82.3, 1.77061, -1.69251
82.325, 1.77061, -1.69251
82.35, 1.77061, -1.69251
82.375, 1.78353, -1.69235
82.4, 1.78353, -1.69235
82.425, 1.79591, -1.6922
82.45, 1.79591, -1.6922
82.475, 1.80792, -1.69205
82.5, 1.81973, -1.69191
82.525, 1.8315, -1.69179
82.55, 1.8315, -1.69179
82.575, 1.8315, -1.69179
82.6, 1.84249, -1.69166
82.625, 1.84249, -1.69166
82.65, 1.84249, -1.69166
82.675, 1.84249, -1.69166
82.7, 1.85378, -1.69154
82.725, 1.85378, -1.69154
82.75, 1.85378, -1.69154
82.775, 1.85378, -1.69154
82.8, 1.85378, -1.69154
82.825, 1.86503, -1.6914
82.85, 1.86503, -1.6914
82.875, 1.87542, -1.69126
82.9, 1.87542, -1.69126
82.925, 1.8852, -1.69111
82.95, 1.8852, -1.69111
82.975, 1.8852, -1.69111
83, 1.8951, -1.691
83.025, 1.90497, -1.69091
83.05, 1.90497, -1.69091
83.075, 1.90497, -1.69091
83.1, 1.90497, -1.69091
83.125, 1.9139, -1.6908
83.15, 1.92171, -1.69068
83.175, 1.92171, -1.69068
83.2, 1.92876, -1.69057
83.225, 1.93533, -1.69047
83.25, 1.94166, -1.69036
83.275, 1.94791, -1.69026
83.3, 1.94791, -1.69026
83.325, 1.94791, -1.69026
83.35, 1.94791, -1.69026
83.375, 1.94791, -1.69026
83.4, 1.94791, -1.69026
83.425, 1.94791, -1.69026
83.45, 1.95381, -1.69016
83.475, 1.95381, -1.69016
83.5, 1.95927, -1.69006
83.525, 1.9643, -1.68996
83.55, 1.9643, -1.68996
83.575, 1.96884, -1.68986
83.6, 1.97297, -1.68976
83.625, 1.97297, -1.68976
83.65, 1.97297, -1.68976
83.675, 1.97297, -1.68976
83.7, 1.97707, -1.68966
83.725, 1.98134, -1.68957
83.75, 1.98134, -1.68957
83.775, 1.98563, -1.68949
83.8, 1.98563, -1.68949
83.825, 1.98563, -1.68949
83.85, 1.98563, -1.68949
83.875, 1.98563, -1.68949
83.9, 1.98983, -1.68943
83.925, 1.98983, -1.68943
83.95, 1.98983, -1.68943
83.975, 1.99388, -1.68936
84, 1.99388, -1.68936
84.025, 1.99763, -1.6893
84.05, 1.99763, -1.6893
84.075, 1.99763, -1.6893
84.1, 2.00178, -1.68924
84.125, 2.00178, -1.68924
84.15, 2.00598, -1.68922
84.175, 2.00598, -1.68922
84.2, 2.0099, -1.68921
84.225, 2.0137, -1.68921
84.25, 2.0137, -1.68921
84.275, 2.0137, -1.68921
84.3, 2.0137, -1.68921
84.325, 2.0152, -1.68923
84.35, 2.0152, -1.68923
84.375, 2.0152, -1.68923
84.4, 2.0152, -1.68923
84.425, 2.01784, -1.68925
84.45, 2.01784, -1.68925
84.475, 2.02036, -1.68927
84.5, 2.02036, -1.68927
84.525, 2.02036, -1.68927
84.55, 2.02036, -1.68927
84.575, 2.02036, -1.68927
84.6, 2.02187, -1.68929
84.625, 2.02187, -1.68929
84.65, 2.02187, -1.68929
84.675, 2.02398, -1.68932
84.7, 2.02398, -1.68932
84.725, 2.02616, -1.68936
84.75, 2.02841, -1.68939
84.775, 2.03062, -1.68943
84.8, 2.03062, -1.68943
84.825, 2.03265, -1.68946
84.85, 2.03265, -1.68946
84.875, 2.03459, -1.68949
84.9, 2.03459, -1.68949
84.925, 2.03651, -1.68952
84.95, 2.03651, -1.68952
84.975, 2.03651, -1.68952
85, 2.03651, -1.68952
85.025, 2.03651, -1.68952
85.05, 2.03651, -1.68952
85.075, 2.03651, -1.68952
85.1, 2.03834, -1.68955
85.125, 2.04018, -1.68958
85.15, 2.042, -1.68962
85.175, 2.04377, -1.68966
85.2, 2.04377, -1.68966
85.225, 2.04551, -1.68971
85.25, 2.04551, -1.68971
85.275, 2.04551, -1.68971
85.3, 2.047, -1.68976
85.325, 2.04825, -1.68983
85.35, 2.04825, -1.68983
85.375, 2.04825, -1.68983
85.4, 2.04825, -1.68983
85.425, 2.04825, -1.68983
85.45, 2.04825, -1.68983
85.475, 2.04825, -1.68983
85.5, 2.04825, -1.68983
85.525, 2.04962, -1.6899
85.55, 2.04962, -1.6899
85.575, 2.04995, -1.69002
85.6, 2.04995, -1.69002
85.625, 2.04995, -1.69002
85.65, 2.04995, -1.69002
85.675, 2.04995, -1.69002
85.7, 2.05131, -1.69009
85.725, 2.05201, -1.69015
85.75, 2.05201, -1.69015
85.775, 2.05202, -1.69022
85.8, 2.05202, -1.69022
85.825, 2.0524, -1.69029
85.85, 2.0524, -1.69029
85.875, 2.05279, -1.69037
85.9, 2.05279, -1.69037
85.925, 2.05279, -1.69037
85.95, 2.05222, -1.69044
85.975, 2.05018, -1.69051
86, 2.05018, -1.69051
86.025, 2.04705, -1.69059
86.05, 2.04329, -1.69067
86.075, 2.03937, -1.69074
86.1, 2.03937, -1.69074
86.125, 2.03937, -1.69074
86.15, 2.03937, -1.69074
86.175, 2.03519, -1.69081
86.2, 2.03519, -1.69081
86.225, 2.03519, -1.69081
86.25, 2.03519, -1.69081
86.275, 2.03519, -1.69081
86.3, 2.03073, -1.69087
86.325, 2.03073, -1.69087
86.35, 2.02588, -1.69093
86.375, 2.02588, -1.69093
86.4, 2.02588, -1.69093
86.425, 2.02588, -1.69093
86.45, 2.02141, -1.69099
86.475, 2.02141, -1.69099
86.5, 2.02141, -1.69099
86.525, 2.02141, -1.69099
86.55, 2.02141, -1.69099
86.575, 2.02141, -1.69099
86.6, 2.01713, -1.69104
86.625, 2.01713, -1.69104
86.65, 2.01308, -1.69111
86.675, 2.00932, -1.69119
86.7, 2.00932, -1.69119
86.725, 2.00546, -1.69129
86.75, 2.00546, -1.69129
86.775, 2.00546, -1.69129
86.8, 2.00546, -1.69129
86.825, 2.00217, -1.69136
86.85, 2.00217, -1.69136
86.875, 1.99859, -1.69142
86.9, 1.99859, -1.69142
86.925, 1.99859, -1.69142
86.95, 1.99859, -1.69142
86.975, 1.99859, -1.69142
87, 1.99478, -1.69151
87.025, 1.99478, -1.69151
87.05, 1.99478, -1.69151
87.075, 1.9918, -1.69156
87.1, 1.98896, -1.69161
87.125, 1.98624, -1.69165
87.15, 1.98624, -1.69165
87.175, 1.98624, -1.69165
87.2, 1.98624, -1.69165
87.225, 1.98624, -1.69165
87.25, 1.98624, -1.69165
87.275, 1.98223, -1.69174
87.3, 1.97761, -1.69184
87.325, 1.97324, -1.69194
87.35, 1.96916, -1.69203
87.375, 1.96916, -1.69203
87.4, 1.96916, -1.69203
87.425, 1.96916, -1.69203
87.45, 1.96916, -1.69203
87.475, 1.96916, -1.69203
87.5, 1.96916, -1.69203
87.525, 1.96783, -1.69205
87.55, 1.96783, -1.69205
87.575, 1.96783, -1.69205
87.6, 1.96783, -1.69205
87.625, 1.96783, -1.69205
87.65, 1.9664, -1.69206
87.675, 1.96485, -1.69208
87.7, 1.96316, -1.69209
87.725, 1.96316, -1.69209
87.75, 1.96316, -1.69209
87.775, 1.96316, -1.69209
87.8, 1.96316, -1.69209
87.825, 1.96172, -1.69209
87.85, 1.96172, -1.69209
87.875, 1.96172, -1.69209
87.9, 1.96172, -1.69209
87.925, 1.96172, -1.69209
87.95, 1.96172, -1.69209
87.975, 1.9603, -1.6921
88, 1.9603, -1.6921
88.025, 1.95878, -1.6921
88.05, 1.95712, -1.6921
88.075, 1.95533, -1.6921
88.1, 1.95533, -1.6921
88.125, 1.95533, -1.6921
88.15, 1.95365, -1.69209
88.175, 1.95365, -1.69209
88.2, 1.95365, -1.69209
88.225, 1.95365, -1.69209
88.25, 1.95365, -1.69209
88.275, 1.95143, -1.69209
88.3, 1.94861, -1.69209
88.325, 1.94536, -1.69209
88.35, 1.94536, -1.69209
88.375, 1.94536, -1.69209
88.4, 1.94285, -1.6921
88.425, 1.94285, -1.6921
88.45, 1.94285, -1.6921
88.475, 1.94025, -1.69209
88.5, 1.94025, -1.69209
88.525, 1.94025, -1.69209
88.55, 1.93648, -1.69209
88.575, 1.93648, -1.69209
88.6, 1.93648, -1.69209
88.625, 1.93648, -1.69209
88.65, 1.93648, -1.69209
88.675, 1.93371, -1.69214
88.7, 1.93371, -1.69214
88.725, 1.93371, -1.69214
88.75, 1.93165, -1.69212
88.775, 1.93165, -1.69212
88.8, 1.93165, -1.69212
88.825, 1.93165, -1.69212
88.85, 1.93165, -1.69212
88.875, 1.93165, -1.69212
88.9, 1.93412, -1.69202
88.925, 1.93751, -1.69193
88.95, 1.93751, -1.69193
88.975, 1.93751, -1.69193
89, 1.93751, -1.69193
89.025, 1.9405, -1.69179
89.05, 1.94211, -1.69166
89.075, 1.94211, -1.69166
89.1, 1.94211, -1.69166
89.125, 1.94211, -1.69166
89.15, 1.94211, -1.69166
89.175, 1.94502, -1.69152
89.2, 1.94502, -1.69152
89.225, 1.94502, -1.69152
89.25, 1.94502, -1.69152
89.275, 1.94502, -1.69152
89.3, 1.94502, -1.69152
89.325, 1.94502, -1.69152
89.35, 1.94784, -1.69138
89.375, 1.94784, -1.69138
89.4, 1.95061, -1.69124
89.425, 1.95061, -1.69124
89.45, 1.9532, -1.69112
89.475, 1.9532, -1.69112
89.5, 1.9532, -1.69112
89.525, 1.9532, -1.69112
89.55, 1.9532, -1.69112
89.575, 1.95559, -1.69101
89.6, 1.95768, -1.6909
89.625, 1.95768, -1.6909
89.65, 1.95952, -1.69081
89.675, 1.95952, -1.69081
89.7, 1.96111, -1.69072
89.725, 1.96242, -1.69065
89.75, 1.96242, -1.69065
89.775, 1.96315, -1.69059
89.8, 1.96315, -1.69055
89.825, 1.96196, -1.69054
89.85, 1.96196, -1.69054
89.875, 1.96196, -1.69054
89.9, 1.96014, -1.69054
89.925, 1.96014, -1.69054
89.95, 1.96014, -1.69054
89.975, 1.95857, -1.69054
