0, 1, 2.31242
0.025, 1, 1.4528
0.05, 1, 1.53441
0.075, 1, 1.53441
0.1, 1, 2.01548
0.125, 1, 4.14847
0.15, 1, -5.89525
0.175, 1, -5.89525
0.2, 1, -1.26124
0.225, 1, -0.103506
0.25, 1, 0.0498929
0.275, 1, 0.0498929
0.3, 1, 0.0498929
0.325, 1, 0.0498929
0.35, 1, 0.0498929
0.375, 1, 0.0498929
0.4, 1, 0.1652
0.425, 1, 0.1652
0.45, 1, 0.1652
0.475, 1, 0.254979
0.5, 1, 0.309446
0.525, 1, 0.362269
0.55, 1, 0.362269
0.575, 1, 0.440902
0.6, 1, 0.440902
0.625, 1, 0.538703
0.65, 1, 0.538703
0.675, 1, 0.538703
0.7, 1, 0.538703
0.725, 1, 0.538703
0.75, 1, 0.725069
0.775, 1, 0.725069
0.8, 1, 0.725069
0.825, 1, 0.870034
0.85, 1, 0.952739
0.875, 1, 0.952739
0.9, 1, 0.952739
0.925, 1, 0.952739
0.95, 1, 0.996776
0.975, 1, 0.987794
1, 1, 0.987794
1.025, 1, 0.987794
1.05, 1, 0.987794
1.075, 1, 0.987794
1.1, 1, 0.828192
1.125, 1, 0.828192
1.15, 1, 0.828192
1.175, 1, 0.828192
1.2, 1, 0.549623
1.225, 1, 0.498475
1.25, 1, 0.498475
1.275, 1, 0.498475
1.3, 1, 0.498475
1.325, 1, 0.296964
1.35, 1, 0.296964
1.375, 1, 0.296964
1.4, 1, 0.296964
1.425, 1, 0.296964
1.45, 1, 0.296964
1.475, 1, 0.296964
1.5, 1, 0.102832
1.525, 1, 0.261607
1.55, 1, 0.261607
1.575, 1, 0.296113
1.6, 1, 0.296113
1.625, 1, 0.296113
1.65, 1, 0.293847
1.675, 1, 0.293847
1.7, 1, 0.293847
1.725, 1, 0.293847
1.75, 1, 0.293847
1.775, 1, 0.343097
1.8, 1, 0.343097
1.825, 1, 0.343097
1.85, 1, 0.343097
1.875, 1, 0.386682
1.9, 1, 0.374912
1.925, 1, 0.372006
1.95, 1, 0.372006
1.975, 1, 0.372006
2, 1, 0.372006
2.025, 1, 0.372006
2.05, 1, 0.368225
2.075, 1, 0.368356
2.1, 1, 0.368356
2.125, 1, 0.368356
2.15, 1, 0.368356
2.175, 1, 0.368356
2.2, 1, 0.368356
2.225, 1, 0.368356
2.25, 1, 0.368356
2.275, 1, 0.247548
2.3, 1, 0.25654
2.325, 1, 0.25654
2.35, 1, 0.250016
2.375, 1, 0.250016
2.4, 1, 0.224035
2.425, 1, 0.224035
2.45, 1, 0.224035
2.475, 1, 0.224035
2.5, 1, 0.173071
2.525, 1, 0.173071
2.55, 1, 0.136914
2.575, 1, 0.136914
2.6, 1, 0.109149
2.625, 1, 0.109149
2.65, 1, 0.109149
2.675, 1, 0.108954
2.7, 1, 0.108954
2.725, 1, 0.108954
2.75, 1, 0.108954
2.775, 1, 0.108954
2.8, 1, 0.108954
2.825, 1, 0.108954
2.85, 1, 0.108954
2.875, 1, 0.108954
2.9, 1, 0.108954
2.925, 1, 0.127632
2.95, 1, 0.127632
2.975, 1, 0.138621
3, 1, 0.145145
3.025, 1, 0.149694
3.05, 1, 0.149694
3.075, 1, 0.149694
3.1, 1, 0.153762
3.125, 1, 0.159333
3.15, 1, 0.159333
3.175, 1, 0.161775
3.2, 1, 0.165317
3.225, 1, 0.165317
3.25, 1, 0.166175
3.275, 1, 0.167671
3.3, 1, 0.167671
3.325, 1, 0.167323
3.35, 1, 0.167777
3.375, 1, 0.167777
3.4, 1, 0.167777
3.425, 1, 0.167777
3.45, 1, 0.167777
3.475, 1, 0.167777
3.5, 1, 0.140669
3.525, 1, 0.140669
3.55, 1, 0.140669
3.575, 1, 0.135684
3.6, 1, 0.135684
3.625, 1, 0.135684
3.65, 1, 0.134236
3.675, 1, 0.134236
3.7, 1, 0.134236
3.725, 1, 0.134236
3.75, 1, 0.123162
3.775, 1, 0.116548
3.8, 1, 0.116548
3.825, 1, 0.117419
3.85, 1, 0.120999
3.875, 1, 0.123459
3.9, 1, 0.12525
3.925, 1, 0.125624
3.95, 1, 0.125624
3.975, 1, 0.125624
4, 1, 0.125624
4.025, 1, 0.125938
4.05, 1, 0.128387
4.075, 1, 0.128387
4.1, 1, 0.128387
4.125, 1, 0.128387
4.15, 1, 0.128387
4.175, 1, 0.128291
4.2, 1, 0.131719
4.225, 1, 0.131719
4.25, 1, 0.131719
4.275, 1, 0.131719
4.3, 1, 0.131719
4.325, 1, 0.131719
4.35, 1, 0.131719
4.375, 1, 0.131719
4.4, 1, 0.131719
4.425, 1, 0.131719
4.45, 1, 0.135085
4.475, 1, 0.135085
4.5, 1, 0.135085
4.525, 1, 0.133308
4.55, 1, 0.132474
4.575, 1, 0.131839
4.6, 1, 0.131839
4.625, 1, 0.13119
4.65, 1, 0.13119
4.675, 1, 0.13119
4.7, 1, 0.13119
4.725, 1, 0.124399
4.75, 1, 0.117667
4.775, 1, 0.111957
4.8, 1, 0.111957
4.825, 1, 0.111957
4.85, 1, 0.111957
4.875, 1, 0.111957
4.9, 1, 0.111957
4.925, 1, 0.11237
4.95, 1, 0.11237
4.975, 1, 0.11237
5, 1, 0.11237
5.025, 1, 0.11121
5.05, 1, 0.11121
5.075, 1, 0.11121
5.1, 1, 0.11121
5.125, 1, 0.110581
5.15, 1, 0.110581
5.175, 1, 0.112601
5.2, 1, 0.115631
5.225, 1, 0.118604
5.25, 1, 0.118604
5.275, 1, 0.120026
5.3, 1, 0.122642
5.325, 1, 0.122642
5.35, 1, 0.123743
5.375, 1, 0.123743
5.4, 1, 0.123743
5.425, 1, 0.123743
5.45, 1, 0.121122
5.475, 1, 0.121535
5.5, 1, 0.121646
5.525, 1, 0.121519
5.55, 1, 0.121519
5.575, 1, 0.118932
5.6, 1, 0.118932
5.625, 1, 0.118932
5.65, 1, 0.111878
5.675, 1, 0.111878
5.7, 1, 0.111878
5.725, 1, 0.107561
5.75, 1, 0.102889
5.775, 1, 0.102889
5.8, 1, 0.102889
5.825, 1, 0.102889
5.85, 1, 0.102889
5.875, 1, 0.102889
5.9, 1, 0.107985
5.925, 1, 0.11301
5.95, 1, 0.11301
5.975, 1, 0.115615
6, 1, 0.115615
6.025, 1, 0.11486
6.05, 1, 0.114075
6.075, 1, 0.114075
6.1, 1, 0.114075
6.125, 1, 0.114075
6.15, 1, 0.114204
6.175, 1, 0.119319
6.2, 1, 0.119319
6.225, 1, 0.120633
6.25, 1, 0.120633
6.275, 1, 0.120633
6.3, 1, 0.12043
6.325, 1, 0.12043
6.35, 1, 0.12094
6.375, 1, 0.12094
6.4, 1, 0.12094
6.425, 1, 0.12094
6.45, 1, 0.121698
6.475, 1, 0.123676
6.5, 1, 0.125164
6.525, 1, 0.126014
6.55, 1, 0.125582
6.575, 1, 0.125582
6.6, 1, 0.125582
6.625, 1, 0.125582
6.65, 1, 0.125582
6.675, 1, 0.125178
6.7, 1, 0.125178
6.725, 1, 0.125178
6.75, 1, 0.120302
6.775, 1, 0.115297
6.8, 1, 0.115297
6.825, 1, 0.115297
6.85, 1, 0.108541
6.875, 1, 0.108541
6.9, 1, 0.108541
6.925, 1, 0.108541
6.95, 1, 0.108541
6.975, 1, 0.106152
7, 1, 0.106152
7.025, 1, 0.103959
7.05, 1, 0.103248
7.075, 1, 0.104093
7.1, 1, 0.104093
7.125, 1, 0.104093
7.15, 1, 0.103094
7.175, 1, 0.106547
7.2, 1, 0.106547
7.225, 1, 0.107599
7.25, 1, 0.107599
7.275, 1, 0.107599
7.3, 1, 0.107599
7.325, 1, 0.108645
7.35, 1, 0.110684
7.375, 1, 0.110684
7.4, 1, 0.110684
7.425, 1, 0.110684
7.45, 1, 0.109639
7.475, 1, 0.109639
7.5, 1, 0.109639
7.525, 1, 0.107061
7.55, 1, 0.107061
7.575, 1, 0.107061
7.6, 1, 0.107061
7.625, 1, 0.106418
7.65, 1, 0.106198
7.675, 1, 0.105397
7.7, 1, 0.104318
7.725, 1, 0.101827
7.75, 1, 0.0977486
7.775, 1, 0.0946618
7.8, 1, 0.0926597
7.825, 1, 0.0926597
7.85, 1, 0.0902248
7.875, 1, 0.0902248
7.9, 1, 0.0902248
7.925, 1, 0.0873112
7.95, 1, 0.0839679
7.975, 1, 0.0839679
8, 1, 0.0842928
8.025, 1, 0.0859739
8.05, 1, 0.0859739
8.075, 1, 0.0861417
8.1, 1, 0.0861417
8.125, 1, 0.0868534
8.15, 1, 0.0894088
8.175, 1, 0.0933858
8.2, 1, 0.0933858
8.225, 1, 0.0933858
8.25, 1, 0.0930756
8.275, 1, 0.0930756
8.3, 1, 0.0930756
8.325, 1, 0.0930756
8.35, 1, 0.0947592
8.375, 1, 0.0947592
8.4, 1, 0.0962144
8.425, 1, 0.101736
8.45, 1, 0.107174
8.475, 1, 0.110346
8.5, 1, 0.110346
8.525, 1, 0.108379
8.55, 1, 0.108379
8.575, 1, 0.106486
8.6, 1, 0.106742
8.625, 1, 0.106578
8.65, 1, 0.10639
8.675, 1, 0.105671
8.7, 1, 0.105671
8.725, 1, 0.10138
8.75, 1, 0.0964446
8.775, 1, 0.0923161
8.8, 1, 0.0923161
8.825, 1, 0.0923161
8.85, 1, 0.0928136
8.875, 1, 0.0903904
8.9, 1, 0.0876965
8.925, 1, 0.084553
8.95, 1, 0.084553
8.975, 1, 0.0842865
9, 1, 0.0842865
9.025, 1, 0.0842865
9.05, 1, 0.0842865
9.075, 1, 0.0817089
9.1, 1, 0.0817089
9.125, 1, 0.0817089
9.15, 1, 0.081511
9.175, 1, 0.084777
9.2, 1, 0.084777
9.225, 1, 0.084777
9.25, 1, 0.0848076
9.275, 1, 0.089047
9.3, 1, 0.0918353
9.325, 1, 0.094774
9.35, 1, 0.0974895
9.375, 1, 0.0994579
9.4, 1, 0.0994579
9.425, 1, 0.0994579
9.45, 1, 0.0994579
9.475, 1, 0.101798
9.5, 1, 0.104963
9.525, 1, 0.107705
9.55, 1, 0.107705
9.575, 1, 0.107678
9.6, 1, 0.107678
9.625, 1, 0.107629
9.65, 1, 0.107629
9.675, 1, 0.107629
9.7, 1, 0.107629
9.725, 1, 0.108616
9.75, 1, 0.108616
9.775, 1, 0.108616
9.8, 1, 0.108616
9.825, 1, 0.108616
9.85, 1, 0.108616
9.875, 1, 0.123768
9.9, 1, 0.123897
9.925, 1, 0.123897
9.95, 1, 0.12382
9.975, 1, 0.12382
10, 1, 0.123355
10.025, 1, 0.123355
10.05, 1, 0.120911
10.075, 1, 0.120911
10.1, 1, 0.120911
10.125, 1, 0.120568
10.15, 1, 0.120935
10.175, 1, 0.120935
10.2, 1, 0.120441
10.225, 1, 0.120441
10.25, 1, 0.120029
10.275, 1, 0.120029
10.3, 1, 0.120029
10.325, 1, 0.119523
10.35, 1, 0.119523
10.375, 1, 0.119523
10.4, 1, 0.119421
10.425, 1, 0.119262
10.45, 1, 0.119262
10.475, 1, 0.119262
10.5, 1, 0.119219
10.525, 1, 0.119219
10.55, 1, 0.119466
10.575, 1, 0.119466
10.6, 1, 0.119466
10.625, 1, 0.119317
10.65, 1, 0.119317
10.675, 1, 0.119317
10.7, 1, 0.118393
10.725, 1, 0.118393
10.75, 1, 0.118393
10.775, 1, 0.11606
10.8, 1, 0.114659
10.825, 1, 0.114659
10.85, 1, 0.114659
10.875, 1, 0.114659
10.9, 1, 0.114659
10.925, 1, 0.114659
10.95, 1, 0.1199
10.975, 1, 0.118417
11, 1, 0.115234
11.025, 1, 0.111959
11.05, 1, 0.108894
11.075, 1, 0.105544
11.1, 1, 0.105544
11.125, 1, 0.105544
11.15, 1, 0.105544
11.175, 1, 0.104897
11.2, 1, 0.104897
11.225, 1, 0.104897
11.25, 1, 0.104897
11.275, 1, 0.104897
11.3, 1, 0.10513
11.325, 1, 0.10513
11.35, 1, 0.10513
11.375, 1, 0.103867
11.4, 1, 0.107167
11.425, 1, 0.107167
11.45, 1, 0.107167
11.475, 1, 0.107167
11.5, 1, 0.107167
11.525, 1, 0.107167
11.55, 1, 0.110624
11.575, 1, 0.114592
11.6, 1, 0.118044
11.625, 1, 0.118044
11.65, 1, 0.118044
11.675, 1, 0.118044
11.7, 1, 0.118044
11.725, 1, 0.118044
11.75, 1, 0.118044
11.775, 1, 0.120987
11.8, 1, 0.120874
11.825, 1, 0.120874
11.85, 1, 0.120874
11.875, 1, 0.116859
11.9, 1, 0.116859
11.925, 1, 0.112344
11.95, 1, 0.108417
11.975, 1, 0.108417
12, 1, 0.105411
12.025, 1, 0.105411
12.05, 1, 0.105411
12.075, 1, 0.102855
12.1, 1, 0.100365
12.125, 1, 0.0981534
12.15, 1, 0.0964186
12.175, 1, 0.0971816
12.2, 1, 0.0971816
12.225, 1, 0.0971816
12.25, 1, 0.0971816
12.275, 1, 0.0967561
12.3, 1, 0.0977848
12.325, 1, 0.0977848
12.35, 1, 0.0985019
12.375, 1, 0.101316
12.4, 1, 0.101316
12.425, 1, 0.101316
12.45, 1, 0.101276
12.475, 1, 0.105372
12.5, 1, 0.105372
12.525, 1, 0.105719
12.55, 1, 0.108234
12.575, 1, 0.108234
12.6, 1, 0.108234
12.625, 1, 0.108234
12.65, 1, 0.10747
12.675, 1, 0.108635
12.7, 1, 0.108635
12.725, 1, 0.108635
12.75, 1, 0.108635
12.775, 1, 0.108566
12.8, 1, 0.107278
12.825, 1, 0.107278
12.85, 1, 0.107278
12.875, 1, 0.107278
12.9, 1, 0.107278
12.925, 1, 0.109559
12.95, 1, 0.109559
12.975, 1, 0.109559
13, 1, 0.109559
13.025, 1, 0.108252
13.05, 1, 0.108252
13.075, 1, 0.108252
13.1, 1, 0.106318
13.125, 1, 0.104999
13.15, 1, 0.104999
13.175, 1, 0.104782
13.2, 1, 0.104782
13.225, 1, 0.10331
13.25, 1, 0.10331
13.275, 1, 0.10331
13.3, 1, 0.10331
13.325, 1, 0.10331
13.35, 1, 0.101967
13.375, 1, 0.101967
13.4, 1, 0.101967
13.425, 1, 0.101967
13.45, 1, 0.101967
13.475, 1, 0.101967
13.5, 1, 0.101361
13.525, 1, 0.101361
13.55, 1, 0.101361
13.575, 1, 0.101642
13.6, 1, 0.105822
13.625, 1, 0.10929
13.65, 1, 0.112312
13.675, 1, 0.112312
13.7, 1, 0.11391
13.725, 1, 0.11391
13.75, 1, 0.11538
13.775, 1, 0.11538
13.8, 1, 0.115476
13.825, 1, 0.115476
13.85, 1, 0.115476
13.875, 1, 0.115541
13.9, 1, 0.116352
13.925, 1, 0.116902
13.95, 1, 0.11727
13.975, 1, 0.11727
14, 1, 0.115042
14.025, 1, 0.115042
14.05, 1, 0.110242
14.075, 1, 0.107061
14.1, 1, 0.107061
14.125, 1, 0.107061
14.15, 1, 0.107061
14.175, 1, 0.106609
14.2, 1, 0.105371
14.225, 1, 0.104161
14.25, 1, 0.104161
14.275, 1, 0.104161
14.3, 1, 0.104161
14.325, 1, 0.104161
14.35, 1, 0.104161
14.375, 1, 0.103361
14.4, 1, 0.103361
14.425, 1, 0.103347
14.45, 1, 0.103347
14.475, 1, 0.103347
14.5, 1, 0.103883
14.525, 1, 0.108067
14.55, 1, 0.108067
14.575, 1, 0.108067
14.6, 1, 0.10808
14.625, 1, 0.10808
14.65, 1, 0.10808
14.675, 1, 0.10808
14.7, 1, 0.10808
14.725, 1, 0.10808
14.75, 1, 0.10808
14.775, 1, 0.10808
14.8, 1, 0.117905
14.825, 1, 0.121433
14.85, 1, 0.124803
14.875, 1, 0.124803
14.9, 1, 0.124803
14.925, 1, 0.124803
14.95, 1, 0.124803
14.975, 1, 0.124803
15, 1, 0.120581
15.025, 1, 0.120581
15.05, 1, 0.120581
15.075, 1, 0.114694
15.1, 1, 0.114694
15.125, 1, 0.109406
15.15, 1, 0.109406
15.175, 1, 0.103775
15.2, 1, 0.0980762
15.225, 1, 0.095743
15.25, 1, 0.0955377
15.275, 1, 0.0955377
15.3, 1, 0.0919942
15.325, 1, 0.0885666
15.35, 1, 0.0848491
15.375, 1, 0.0848491
15.4, 1, 0.0850305
15.425, 1, 0.0850305
15.45, 1, 0.0850305
15.475, 1, 0.0850305
15.5, 1, 0.0850305
15.525, 1, 0.0850305
15.55, 1, 0.0850305
15.575, 1, 0.0850305
15.6, 1, 0.0850305
15.625, 1, 0.0896913
15.65, 1, 0.0896913
15.675, 1, 0.0896913
15.7, 1, 0.0910347
15.725, 1, 0.100448
15.75, 1, 0.100448
15.775, 1, 0.100448
15.8, 1, 0.101124
15.825, 1, 0.107357
15.85, 1, 0.107357
15.875, 1, 0.107357
15.9, 1, 0.106675
15.925, 1, 0.106675
15.95, 1, 0.106675
15.975, 1, 0.106675
16, 1, 0.105468
16.025, 1, 0.105392
16.05, 1, 0.105392
16.075, 1, 0.105392
16.1, 1, 0.0970441
16.125, 1, 0.0902632
16.15, 1, 0.0902632
16.175, 1, 0.0902632
16.2, 1, 0.0905139
16.225, 1, 0.0905139
16.25, 1, 0.0878524
16.275, 1, 0.0878524
16.3, 1, 0.0878524
16.325, 1, 0.0850182
16.35, 1, 0.0850182
16.375, 1, 0.0850182
16.4, 1, 0.0867554
16.425, 1, 0.0867554
16.45, 1, 0.0912508
16.475, 1, 0.09554
16.5, 1, 0.09554
16.525, 1, 0.09554
16.55, 1, 0.09554
16.575, 1, 0.09554
16.6, 1, 0.09554
16.625, 1, 0.09554
16.65, 1, 0.09554
16.675, 1, 0.09554
16.7, 1, 0.09554
16.725, 1, 0.09554
16.75, 1, 0.09554
16.775, 1, 0.108412
16.8, 1, 0.116675
16.825, 1, 0.124199
16.85, 1, 0.124199
16.875, 1, 0.126765
16.9, 1, 0.129866
16.925, 1, 0.129866
16.95, 1, 0.129866
16.975, 1, 0.130049
17, 1, 0.131194
17.025, 1, 0.131194
17.05, 1, 0.130828
17.075, 1, 0.130237
17.1, 1, 0.128909
17.125, 1, 0.128909
17.15, 1, 0.126283
17.175, 1, 0.124098
17.2, 1, 0.124098
17.225, 1, 0.124098
17.25, 1, 0.124098
17.275, 1, 0.120565
17.3, 1, 0.120565
17.325, 1, 0.118913
17.35, 1, 0.118224
17.375, 1, 0.11693
17.4, 1, 0.11693
17.425, 1, 0.115145
17.45, 1, 0.115145
17.475, 1, 0.115145
17.5, 1, 0.115145
17.525, 1, 0.115544
17.55, 1, 0.1189
17.575, 1, 0.119501
17.6, 1, 0.119501
17.625, 1, 0.117293
17.65, 1, 0.114555
17.675, 1, 0.113328
17.7, 1, 0.113553
17.725, 1, 0.116223
17.75, 1, 0.116223
17.775, 1, 0.116223
17.8, 1, 0.116223
17.825, 1, 0.11631
17.85, 1, 0.11631
17.875, 1, 0.11631
17.9, 1, 0.11631
17.925, 1, 0.116256
17.95, 1, 0.116256
17.975, 1, 0.117466
18, 1, 0.117466
18.025, 1, 0.117466
18.05, 1, 0.117466
18.075, 1, 0.117466
18.1, 1, 0.117466
18.125, 1, 0.117466
18.15, 1, 0.117466
18.175, 1, 0.117466
18.2, 1, 0.120128
18.225, 1, 0.116913
18.25, 1, 0.113499
18.275, 1, 0.113499
18.3, 1, 0.113499
18.325, 1, 0.113499
18.35, 1, 0.107952
18.375, 1, 0.107952
18.4, 1, 0.107952
18.425, 1, 0.104282
18.45, 1, 0.104282
18.475, 1, 0.104282
18.5, 1, 0.104282
18.525, 1, 0.103004
18.55, 1, 0.103004
18.575, 1, 0.103004
18.6, 1, 0.103004
18.625, 1, 0.103004
18.65, 1, 0.102369
18.675, 1, 0.102369
18.7, 1, 0.102369
18.725, 1, 0.102369
18.75, 1, 0.102369
18.775, 1, 0.10219
18.8, 1, 0.10219
18.825, 1, 0.10219
18.85, 1, 0.10282
18.875, 1, 0.107366
18.9, 1, 0.107366
18.925, 1, 0.107366
18.95, 1, 0.110314
18.975, 1, 0.110314
19, 1, 0.110314
19.025, 1, 0.110314
19.05, 1, 0.110314
19.075, 1, 0.110314
19.1, 1, 0.110245
19.125, 1, 0.110245
19.15, 1, 0.110245
19.175, 1, 0.108034
19.2, 1, 0.108034
19.225, 1, 0.107148
19.25, 1, 0.107148
19.275, 1, 0.1053
19.3, 1, 0.1053
19.325, 1, 0.1053
19.35, 1, 0.1053
19.375, 1, 0.1053
19.4, 1, 0.10204
19.425, 1, 0.10204
19.45, 1, 0.10204
19.475, 1, 0.10204
19.5, 1, 0.10204
19.525, 1, 0.10204
19.55, 1, 0.10204
19.575, 1, 0.10204
19.6, 1, 0.0981059
19.625, 1, 0.0981059
19.65, 1, 0.0981059
19.675, 1, 0.0989249
19.7, 1, 0.0989249
19.725, 1, 0.0994235
19.75, 1, 0.102506
19.775, 1, 0.105775
19.8, 1, 0.10837
19.825, 1, 0.110565
19.85, 1, 0.110565
19.875, 1, 0.111788
19.9, 1, 0.114824
19.925, 1, 0.114824
19.95, 1, 0.114824
19.975, 1, 0.114936
20, 1, 0.114936
20, 1, 0.109435
20.025, 1, 0.109435
20.05, 1, 0.109623
20.075, 1, 0.109872
20.1, 1, 0.109872
20.125, 1, 0.109872
20.15, 1, 0.109872
20.175, 1, 0.109872
20.2, 1, 0.110153
20.225, 1, 0.110153
20.25, 1, 0.110153
20.275, 1, 0.110153
20.3, 1, 0.110421
20.325, 1, 0.110746
20.35, 1, 0.11112
20.375, 1, 0.11112
20.4, 1, 0.11112
20.425, 1, 0.11112
20.45, 1, 0.111502
20.475, 1, 0.11189
20.5, 1, 0.11228
20.525, 1, 0.112682
20.55, 1, 0.112682
20.575, 1, 0.113063
20.6, 1, 0.113449
20.625, 1, 0.113827
20.65, 1, 0.113827
20.675, 1, 0.113827
20.7, 1, 0.114216
20.725, 1, 0.114216
20.75, 1, 0.114596
20.775, 1, 0.114962
20.8, 1, 0.115308
20.825, 1, 0.115623
20.85, 1, 0.115623
20.875, 1, 0.115623
20.9, 1, 0.115859
20.925, 1, 0.116047
20.95, 1, 0.116047
20.975, 1, 0.116047
21, 1, 0.116047
21.025, 1, 0.116238
21.05, 1, 0.116238
21.075, 1, 0.116411
21.1, 1, 0.116411
21.125, 1, 0.116411
21.15, 1, 0.116411
21.175, 1, 0.116411
21.2, 1, 0.116411
21.225, 1, 0.116411
21.25, 1, 0.116584
21.275, 1, 0.116747
21.3, 1, 0.116747
21.325, 1, 0.116747
21.35, 1, 0.116747
21.375, 1, 0.116747
21.4, 1, 0.11692
21.425, 1, 0.11692
21.45, 1, 0.11692
21.475, 1, 0.11692
21.5, 1, 0.117124
21.525, 1, 0.117358
21.55, 1, 0.117617
21.575, 1, 0.117617
21.6, 1, 0.117617
21.625, 1, 0.117617
21.65, 1, 0.117617
21.675, 1, 0.117617
21.7, 1, 0.117868
21.725, 1, 0.118126
21.75, 1, 0.118126
21.775, 1, 0.118385
21.8, 1, 0.118649
21.825, 1, 0.118649
21.85, 1, 0.118649
21.875, 1, 0.118915
21.9, 1, 0.118915
21.925, 1, 0.118915
21.95, 1, 0.119169
21.975, 1, 0.119418
22, 1, 0.119418
22.025, 1, 0.119418
22.05, 1, 0.119656
22.075, 1, 0.119656
22.1, 1, 0.119905
22.125, 1, 0.119905
22.15, 1, 0.119905
22.175, 1, 0.119905
22.2, 1, 0.119905
22.225, 1, 0.119905
22.25, 1, 0.119905
22.275, 1, 0.119905
22.3, 1, 0.119905
22.325, 1, 0.119905
22.35, 1, 0.119905
22.375, 1, 0.119905
22.4, 1, 0.119905
22.425, 1, 0.119905
22.45, 1, 0.120112
22.475, 1, 0.120112
22.5, 1, 0.120112
22.525, 1, 0.120304
22.55, 1, 0.120304
22.575, 1, 0.12048
22.6, 1, 0.120631
22.625, 1, 0.120762
22.65, 1, 0.120762
22.675, 1, 0.120762
22.7, 1, 0.120888
22.725, 1, 0.12101
22.75, 1, 0.121129
22.775, 1, 0.121245
22.8, 1, 0.121245
22.825, 1, 0.121245
22.85, 1, 0.121245
22.875, 1, 0.121351
22.9, 1, 0.121351
22.925, 1, 0.121351
22.95, 1, 0.121351
22.975, 1, 0.121467
23, 1, 0.121579
23.025, 1, 0.121687
23.05, 1, 0.121687
23.075, 1, 0.12179
23.1, 1, 0.12179
23.125, 1, 0.121867
23.15, 1, 0.121867
23.175, 1, 0.121867
23.2, 1, 0.121867
23.225, 1, 0.121867
23.25, 1, 0.121979
23.275, 1, 0.121979
23.3, 1, 0.121979
23.325, 1, 0.121979
23.35, 1, 0.122097
23.375, 1, 0.122196
23.4, 1, 0.122196
23.425, 1, 0.122196
23.45, 1, 0.122187
23.475, 1, 0.122187
23.5, 1, 0.122187
23.525, 1, 0.122208
23.55, 1, 0.122255
23.575, 1, 0.122329
23.6, 1, 0.122329
23.625, 1, 0.122329
23.65, 1, 0.122329
23.675, 1, 0.122329
23.7, 1, 0.122392
23.725, 1, 0.122392
23.75, 1, 0.122431
23.775, 1, 0.122459
23.8, 1, 0.122483
23.825, 1, 0.122483
23.85, 1, 0.122483
23.875, 1, 0.122483
23.9, 1, 0.122483
23.925, 1, 0.122483
23.95, 1, 0.122511
23.975, 1, 0.122551
24, 1, 0.122551
24.025, 1, 0.122595
24.05, 1, 0.122595
24.075, 1, 0.122595
24.1, 1, 0.122595
24.125, 1, 0.122595
24.15, 1, 0.122595
24.175, 1, 0.122595
24.2, 1, 0.122595
24.225, 1, 0.122595
24.25, 1, 0.122641
24.275, 1, 0.122687
24.3, 1, 0.122687
24.325, 1, 0.122687
24.35, 1, 0.122724
24.375, 1, 0.122724
24.4, 1, 0.122779
24.425, 1, 0.122853
24.45, 1, 0.122853
24.475, 1, 0.122853
24.5, 1, 0.122853
24.525, 1, 0.122853
24.55, 1, 0.122853
24.575, 1, 0.122944
24.6, 1, 0.122944
24.625, 1, 0.122944
24.65, 1, 0.123052
24.675, 1, 0.123052
24.7, 1, 0.12315
24.725, 1, 0.12315
24.75, 1, 0.12315
24.775, 1, 0.123206
24.8, 1, 0.123206
24.825, 1, 0.123255
24.85, 1, 0.123255
24.875, 1, 0.123255
24.9, 1, 0.123297
24.925, 1, 0.123332
24.95, 1, 0.123357
24.975, 1, 0.123357
25, 1, 0.123372
25.025, 1, 0.123372
25.05, 1, 0.123372
25.075, 1, 0.123372
25.1, 1, 0.123385
25.125, 1, 0.123396
25.15, 1, 0.123406
25.175, 1, 0.123413
25.2, 1, 0.123413
25.225, 1, 0.123413
25.25, 1, 0.123417
25.275, 1, 0.123417
25.3, 1, 0.123417
25.325, 1, 0.123421
25.35, 1, 0.123424
25.375, 1, 0.123427
25.4, 1, 0.123432
25.425, 1, 0.123438
25.45, 1, 0.123445
25.475, 1, 0.123445
25.5, 1, 0.123445
25.525, 1, 0.123445
25.55, 1, 0.123445
25.575, 1, 0.123458
25.6, 1, 0.12347
25.625, 1, 0.12347
25.65, 1, 0.12348
25.675, 1, 0.12348
25.7, 1, 0.12348
25.725, 1, 0.12348
25.75, 1, 0.12348
25.775, 1, 0.12348
25.8, 1, 0.12348
25.825, 1, 0.12348
25.85, 1, 0.123567
25.875, 1, 0.123567
25.9, 1, 0.123659
25.925, 1, 0.123747
25.95, 1, 0.123747
25.975, 1, 0.123789
26, 1, 0.12376
26.025, 1, 0.12376
26.05, 1, 0.12376
26.075, 1, 0.12376
26.1, 1, 0.12376
26.125, 1, 0.123863
26.15, 1, 0.123863
26.175, 1, 0.123966
26.2, 1, 0.124079
26.225, 1, 0.124192
26.25, 1, 0.124192
26.275, 1, 0.124192
26.3, 1, 0.124192
26.325, 1, 0.124289
26.35, 1, 0.124289
26.375, 1, 0.12437
26.4, 1, 0.124434
26.425, 1, 0.124434
26.45, 1, 0.124434
26.475, 1, 0.124434
26.5, 1, 0.124483
26.525, 1, 0.124483
26.55, 1, 0.124483
26.575, 1, 0.124518
26.6, 1, 0.124518
26.625, 1, 0.124518
26.65, 1, 0.124518
26.675, 1, 0.12455
26.7, 1, 0.12455
26.725, 1, 0.12455
26.75, 1, 0.12455
26.775, 1, 0.12455
26.8, 1, 0.12455
26.825, 1, 0.12455
26.85, 1, 0.12455
26.875, 1, 0.12455
26.9, 1, 0.12455
26.925, 1, 0.124577
26.95, 1, 0.124577
26.975, 1, 0.124611
27, 1, 0.124659
27.025, 1, 0.124718
27.05, 1, 0.124718
27.075, 1, 0.124718
27.1, 1, 0.124718
27.125, 1, 0.124718
27.15, 1, 0.124777
27.175, 1, 0.124777
27.2, 1, 0.1248
27.225, 1, 0.1248
27.25, 1, 0.124862
27.275, 1, 0.124862
27.3, 1, 0.124901
27.325, 1, 0.124935
27.35, 1, 0.124968
27.375, 1, 0.124998
27.4, 1, 0.125012
27.425, 1, 0.125012
27.45, 1, 0.125012
27.475, 1, 0.125012
27.5, 1, 0.125012
27.525, 1, 0.125012
27.55, 1, 0.125012
27.575, 1, 0.124986
27.6, 1, 0.124986
27.625, 1, 0.124924
27.65, 1, 0.124924
27.675, 1, 0.124856
27.7, 1, 0.124792
27.725, 1, 0.124792
27.75, 1, 0.124792
27.775, 1, 0.124723
27.8, 1, 0.124638
27.825, 1, 0.124539
27.85, 1, 0.12443
27.875, 1, 0.12443
27.9, 1, 0.12443
27.925, 1, 0.124291
27.95, 1, 0.124291
27.975, 1, 0.124291
28, 1, 0.124291
28.025, 1, 0.124173
28.05, 1, 0.124173
28.075, 1, 0.124173
28.1, 1, 0.124058
28.125, 1, 0.12396
28.15, 1, 0.12396
28.175, 1, 0.123867
28.2, 1, 0.123787
28.225, 1, 0.123787
28.25, 1, 0.123711
28.275, 1, 0.123644
28.3, 1, 0.123584
28.325, 1, 0.123584
28.35, 1, 0.123584
28.375, 1, 0.123584
28.4, 1, 0.123584
28.425, 1, 0.123584
28.45, 1, 0.123584
28.475, 1, 0.123584
28.5, 1, 0.123584
28.525, 1, 0.123584
28.55, 1, 0.123584
28.575, 1, 0.123412
28.6, 1, 0.123133
28.625, 1, 0.122774
28.65, 1, 0.122774
28.675, 1, 0.122472
28.7, 1, 0.122223
28.725, 1, 0.122006
28.75, 1, 0.122006
28.775, 1, 0.121796
28.8, 1, 0.121568
28.825, 1, 0.121297
28.85, 1, 0.120962
28.875, 1, 0.120962
28.9, 1, 0.120962
28.925, 1, 0.120962
28.95, 1, 0.120704
28.975, 1, 0.120499
29, 1, 0.120499
29.025, 1, 0.120303
29.05, 1, 0.120102
29.075, 1, 0.119889
29.1, 1, 0.119889
29.125, 1, 0.119889
29.15, 1, 0.119889
29.175, 1, 0.119889
29.2, 1, 0.119889
29.225, 1, 0.119889
29.25, 1, 0.119889
29.275, 1, 0.119889
29.3, 1, 0.119889
29.325, 1, 0.119674
29.35, 1, 0.119674
29.375, 1, 0.119674
29.4, 1, 0.119434
29.425, 1, 0.119434
29.45, 1, 0.119434
29.475, 1, 0.11917
29.5, 1, 0.11917
29.525, 1, 0.118904
29.55, 1, 0.118904
29.575, 1, 0.118904
29.6, 1, 0.118655
29.625, 1, 0.118655
29.65, 1, 0.118655
29.675, 1, 0.118655
29.7, 1, 0.118655
29.725, 1, 0.118386
29.75, 1, 0.118386
29.775, 1, 0.118386
29.8, 1, 0.118386
29.825, 1, 0.118386
29.85, 1, 0.118181
29.875, 1, 0.11801
29.9, 1, 0.11801
29.925, 1, 0.11801
29.95, 1, 0.11801
29.975, 1, 0.11801
30, 1, 0.11801
30, 1, 0.11801
30.025, 1, 0.11801
30.05, 1, 0.11801
30.075, 1, 0.11801
30.1, 1, 0.11801
30.125, 1, 0.11801
30.15, 1, 0.117343
30.175, 1, 0.116323
30.2, 1, 0.116323
30.225, 1, 0.116323
30.25, 1, 0.116323
30.275, 1, 0.116323
30.3, 1, 0.114947
30.325, 1, 0.113419
30.35, 1, 0.111855
30.375, 1, 0.111855
30.4, 1, 0.111855
30.425, 1, 0.111855
30.45, 1, 0.110305
30.475, 1, 0.109008
30.5, 1, 0.107932
30.525, 1, 0.107932
30.55, 1, 0.107932
30.575, 1, 0.106883
30.6, 1, 0.106018
30.625, 1, 0.106018
30.65, 1, 0.106018
30.675, 1, 0.106018
30.7, 1, 0.106018
30.725, 1, 0.105231
30.75, 1, 0.105231
30.775, 1, 0.105231
30.8, 1, 0.105231
30.825, 1, 0.104483
30.85, 1, 0.10406
30.875, 1, 0.10391
30.9, 1, 0.103976
30.925, 1, 0.104211
30.95, 1, 0.104211
30.975, 1, 0.104211
31, 1, 0.104434
31.025, 1, 0.104782
31.05, 1, 0.105262
31.075, 1, 0.105262
31.1, 1, 0.105716
31.125, 1, 0.105716
31.15, 1, 0.105716
31.175, 1, 0.106065
31.2, 1, 0.106065
31.225, 1, 0.106065
31.25, 1, 0.106065
31.275, 1, 0.106065
31.3, 1, 0.106457
31.325, 1, 0.106844
31.35, 1, 0.106844
31.375, 1, 0.106844
31.4, 1, 0.106801
31.425, 1, 0.106473
31.45, 1, 0.105969
31.475, 1, 0.105399
31.5, 1, 0.105399
31.525, 1, 0.104896
31.55, 1, 0.104896
31.575, 1, 0.104386
31.6, 1, 0.104386
31.625, 1, 0.104386
31.65, 1, 0.103762
31.675, 1, 0.103762
31.7, 1, 0.103079
31.725, 1, 0.103079
31.75, 1, 0.103079
31.775, 1, 0.103079
31.8, 1, 0.103079
31.825, 1, 0.103079
31.85, 1, 0.103079
31.875, 1, 0.102423
31.9, 1, 0.102423
31.925, 1, 0.102423
31.95, 1, 0.102423
31.975, 1, 0.101823
32, 1, 0.101823
32.025, 1, 0.101302
32.05, 1, 0.101302
32.075, 1, 0.10086
32.1, 1, 0.10086
32.125, 1, 0.10086
32.15, 1, 0.10086
32.175, 1, 0.10086
32.2, 1, 0.10086
32.225, 1, 0.10086
32.25, 1, 0.10086
32.275, 1, 0.10086
32.3, 1, 0.100761
32.325, 1, 0.100761
32.35, 1, 0.100761
32.375, 1, 0.100761
32.4, 1, 0.100661
32.425, 1, 0.100661
32.45, 1, 0.100661
32.475, 1, 0.100661
32.5, 1, 0.10056
32.525, 1, 0.10056
32.55, 1, 0.10056
32.575, 1, 0.10056
32.6, 1, 0.10056
32.625, 1, 0.10056
32.65, 1, 0.10056
32.675, 1, 0.10056
32.7, 1, 0.100359
32.725, 1, 0.100359
32.75, 1, 0.100359
32.775, 1, 0.100359
32.8, 1, 0.100179
32.825, 1, 0.100179
32.85, 1, 0.100179
32.875, 1, 0.100179
32.9, 1, 0.0999361
32.925, 1, 0.0995834
32.95, 1, 0.099128
32.975, 1, 0.0985683
33, 1, 0.0979358
33.025, 1, 0.0972698
33.05, 1, 0.0966061
33.075, 1, 0.0966061
33.1, 1, 0.0959431
33.125, 1, 0.0952927
33.15, 1, 0.0946388
33.175, 1, 0.0939662
33.2, 1, 0.0932772
33.225, 1, 0.0925778
33.25, 1, 0.0925778
33.275, 1, 0.0925778
33.3, 1, 0.0919075
33.325, 1, 0.0913034
33.35, 1, 0.0907518
33.375, 1, 0.0902455
33.4, 1, 0.0902455
33.425, 1, 0.0897553
33.45, 1, 0.0897553
33.475, 1, 0.0897553
33.5, 1, 0.0897553
33.525, 1, 0.0897553
33.55, 1, 0.0897553
33.575, 1, 0.0894208
33.6, 1, 0.0891109
33.625, 1, 0.0891109
33.65, 1, 0.0891109
33.675, 1, 0.0891109
33.7, 1, 0.0888091
33.725, 1, 0.0884884
33.75, 1, 0.0881501
33.775, 1, 0.0881501
33.8, 1, 0.0881501
33.825, 1, 0.0881501
33.85, 1, 0.0881501
33.875, 1, 0.0881501
33.9, 1, 0.0878126
33.925, 1, 0.0878126
33.95, 1, 0.0873201
33.975, 1, 0.0866571
34, 1, 0.0866571
34.025, 1, 0.08601
34.05, 1, 0.08601
34.075, 1, 0.0854995
34.1, 1, 0.0850959
34.125, 1, 0.0850959
34.15, 1, 0.0850959
34.175, 1, 0.0850959
34.2, 1, 0.0846153
34.225, 1, 0.0840604
34.25, 1, 0.0834781
34.275, 1, 0.0829053
34.3, 1, 0.0824363
34.325, 1, 0.0821234
34.35, 1, 0.0821234
34.375, 1, 0.0818977
34.4, 1, 0.0818977
34.425, 1, 0.0818977
34.45, 1, 0.0816916
34.475, 1, 0.0815597
34.5, 1, 0.0815597
34.525, 1, 0.0814664
34.55, 1, 0.0814461
34.575, 1, 0.0814461
34.6, 1, 0.0814461
34.625, 1, 0.0814461
34.65, 1, 0.0814461
34.675, 1, 0.0814461
34.7, 1, 0.0814461
34.725, 1, 0.0814655
34.75, 1, 0.0814655
34.775, 1, 0.0814655
34.8, 1, 0.0814907
34.825, 1, 0.0814907
34.85, 1, 0.0814907
34.875, 1, 0.0814907
34.9, 1, 0.0814907
34.925, 1, 0.0814907
34.95, 1, 0.081518
34.975, 1, 0.0815755
35, 1, 0.0816515
35.025, 1, 0.0816515
35.05, 1, 0.081724
35.075, 1, 0.081724
35.1, 1, 0.081795
35.125, 1, 0.0818667
35.15, 1, 0.0818667
35.175, 1, 0.0818667
35.2, 1, 0.0819315
35.225, 1, 0.0819315
35.25, 1, 0.0819315
35.275, 1, 0.0819315
35.3, 1, 0.0819749
35.325, 1, 0.0819749
35.35, 1, 0.0819749
35.375, 1, 0.0820348
35.4, 1, 0.0820348
35.425, 1, 0.0820348
35.45, 1, 0.0821066
35.475, 1, 0.0821393
35.5, 1, 0.0821393
35.525, 1, 0.0820905
35.55, 1, 0.0820905
35.575, 1, 0.0820905
35.6, 1, 0.0820905
35.625, 1, 0.0820905
35.65, 1, 0.0820688
35.675, 1, 0.0820688
35.7, 1, 0.0820377
35.725, 1, 0.0820377
35.75, 1, 0.0820377
35.775, 1, 0.0820377
35.8, 1, 0.0820377
35.825, 1, 0.0819846
35.85, 1, 0.0819044
35.875, 1, 0.0819044
35.9, 1, 0.0819044
35.925, 1, 0.0819044
35.95, 1, 0.0818163
35.975, 1, 0.0817315
36, 1, 0.0817315
36.025, 1, 0.0817315
36.05, 1, 0.0816422
36.075, 1, 0.0815617
36.1, 1, 0.0814902
36.125, 1, 0.0814902
36.15, 1, 0.0814902
36.175, 1, 0.0814194
36.2, 1, 0.081371
36.225, 1, 0.0813416
36.25, 1, 0.0813416
36.275, 1, 0.0813137
36.3, 1, 0.0813137
36.325, 1, 0.0813137
36.35, 1, 0.0813137
36.375, 1, 0.0813239
36.4, 1, 0.0813239
36.425, 1, 0.0813239
36.45, 1, 0.0813239
36.475, 1, 0.0813239
36.5, 1, 0.0813239
36.525, 1, 0.0812712
36.55, 1, 0.081146
36.575, 1, 0.081146
36.6, 1, 0.0810159
36.625, 1, 0.0809134
36.65, 1, 0.0808315
36.675, 1, 0.0808315
36.7, 1, 0.0808315
36.725, 1, 0.0807361
36.75, 1, 0.0805895
36.775, 1, 0.0803502
36.8, 1, 0.0803502
36.825, 1, 0.0800045
36.85, 1, 0.0796408
36.875, 1, 0.0793434
36.9, 1, 0.0793434
36.925, 1, 0.0793434
36.95, 1, 0.0790868
36.975, 1, 0.0790868
37, 1, 0.0790868
37.025, 1, 0.0790868
37.05, 1, 0.0788261
37.075, 1, 0.0785846
37.1, 1, 0.0785846
37.125, 1, 0.0785846
37.15, 1, 0.0785846
37.175, 1, 0.0783799
37.2, 1, 0.07824
37.225, 1, 0.0781612
37.25, 1, 0.0781218
37.275, 1, 0.0781218
37.3, 1, 0.0781218
37.325, 1, 0.0781218
37.35, 1, 0.0781218
37.375, 1, 0.0780814
37.4, 1, 0.0780814
37.425, 1, 0.0780496
37.45, 1, 0.0780331
37.475, 1, 0.0780331
37.5, 1, 0.0780331
37.525, 1, 0.0780285
37.55, 1, 0.0780285
37.575, 1, 0.0780285
37.6, 1, 0.0780285
37.625, 1, 0.0780255
37.65, 1, 0.0780287
37.675, 1, 0.078033
37.7, 1, 0.0780383
37.725, 1, 0.0780437
37.75, 1, 0.0780686
37.775, 1, 0.0780686
37.8, 1, 0.0780686
37.825, 1, 0.0780668
37.85, 1, 0.0780668
37.875, 1, 0.0780619
37.9, 1, 0.0780619
37.925, 1, 0.0780619
37.95, 1, 0.0780619
37.975, 1, 0.0780619
38, 1, 0.0780408
38.025, 1, 0.0780408
38.05, 1, 0.0780314
38.075, 1, 0.0779413
38.1, 1, 0.0779413
38.125, 1, 0.0779413
38.15, 1, 0.0776975
38.175, 1, 0.0776975
38.2, 1, 0.0776975
38.225, 1, 0.0776975
38.25, 1, 0.0776975
38.275, 1, 0.0776975
38.3, 1, 0.0776975
38.325, 1, 0.0773999
38.35, 1, 0.0770028
38.375, 1, 0.0770028
38.4, 1, 0.0765408
38.425, 1, 0.0765408
38.45, 1, 0.0765408
38.475, 1, 0.0765408
38.5, 1, 0.0765408
38.525, 1, 0.0765408
38.55, 1, 0.0765408
38.575, 1, 0.0760643
38.6, 1, 0.0760643
38.625, 1, 0.0756019
38.65, 1, 0.0756019
38.675, 1, 0.0751669
38.7, 1, 0.0747935
38.725, 1, 0.0744672
38.75, 1, 0.0741717
38.775, 1, 0.0739239
38.8, 1, 0.0737337
38.825, 1, 0.0737337
38.85, 1, 0.0735486
38.875, 1, 0.0733879
38.9, 1, 0.0732488
38.925, 1, 0.0732488
38.95, 1, 0.0731177
38.975, 1, 0.0731177
39, 1, 0.0729914
39.025, 1, 0.0729914
39.05, 1, 0.0728631
39.075, 1, 0.0727351
39.1, 1, 0.0727351
39.125, 1, 0.0727351
39.15, 1, 0.0725348
39.175, 1, 0.0725348
39.2, 1, 0.0725348
39.225, 1, 0.0725348
39.25, 1, 0.0725348
39.275, 1, 0.0725348
39.3, 1, 0.0725101
39.325, 1, 0.0725101
39.35, 1, 0.0723777
39.375, 1, 0.0723777
39.4, 1, 0.0721249
39.425, 1, 0.0721249
39.45, 1, 0.0719057
39.475, 1, 0.0719057
39.5, 1, 0.0719057
39.525, 1, 0.0719057
39.55, 1, 0.0717469
39.575, 1, 0.0716432
39.6, 1, 0.0715483
39.625, 1, 0.0715483
39.65, 1, 0.0715483
39.675, 1, 0.0714255
39.7, 1, 0.0714255
39.725, 1, 0.0714255
39.75, 1, 0.0713143
39.775, 1, 0.0713143
39.8, 1, 0.0713143
39.825, 1, 0.0713143
39.85, 1, 0.0711734
39.875, 1, 0.0710308
39.9, 1, 0.0708899
39.925, 1, 0.0707609
39.95, 1, 0.0707609
39.975, 1, 0.0707609
40, 1, 0.0707609
40, 1, 0.0707609
40.025, 1, 0.0707609
40.05, 1, 0.0707609
40.075, 1, 0.0707609
40.1, 1, 0.0707609
40.125, 1, 0.0707609
40.15, 1, 0.0707925
40.175, 1, 0.0707176
40.2, 1, 0.0707176
40.225, 1, 0.0705533
40.25, 1, 0.0705533
40.275, 1, 0.0705533
40.3, 1, 0.0702272
40.325, 1, 0.0697062
40.35, 1, 0.0697062
40.375, 1, 0.0690042
40.4, 1, 0.0690042
40.425, 1, 0.0690042
40.45, 1, 0.0690042
40.475, 1, 0.0690042
40.5, 1, 0.0690042
40.525, 1, 0.0690042
40.55, 1, 0.0690042
40.575, 1, 0.0690042
40.6, 1, 0.0690042
40.625, 1, 0.067857
40.65, 1, 0.067857
40.675, 1, 0.067857
40.7, 1, 0.0669009
40.725, 1, 0.0669009
40.75, 1, 0.0664371
40.775, 1, 0.0664371
40.8, 1, 0.0664371
40.825, 1, 0.0660656
40.85, 1, 0.0660656
40.875, 1, 0.0658061
40.9, 1, 0.0658295
40.925, 1, 0.0660366
40.95, 1, 0.066438
40.975, 1, 0.0670484
41, 1, 0.0678487
41.025, 1, 0.0688087
41.05, 1, 0.0688087
41.075, 1, 0.0688087
41.1, 1, 0.069705
41.125, 1, 0.0706891
41.15, 1, 0.0706891
41.175, 1, 0.0706891
41.2, 1, 0.071635
41.225, 1, 0.071635
41.25, 1, 0.071635
41.275, 1, 0.071635
41.3, 1, 0.071635
41.325, 1, 0.0726063
41.35, 1, 0.0736283
41.375, 1, 0.0736283
41.4, 1, 0.0745577
41.425, 1, 0.0754724
41.45, 1, 0.0754724
41.475, 1, 0.0762312
41.5, 1, 0.0762312
41.525, 1, 0.0768219
41.55, 1, 0.0768219
41.575, 1, 0.0768219
41.6, 1, 0.0772804
41.625, 1, 0.0775576
41.65, 1, 0.0776361
41.675, 1, 0.0774724
41.7, 1, 0.0774724
41.725, 1, 0.0771392
41.75, 1, 0.0766923
41.775, 1, 0.0766923
41.8, 1, 0.0763149
41.825, 1, 0.0763149
41.85, 1, 0.0763149
41.875, 1, 0.0759204
41.9, 1, 0.0754606
41.925, 1, 0.0754606
41.95, 1, 0.0754606
41.975, 1, 0.0754606
42, 1, 0.0751755
42.025, 1, 0.0751755
42.05, 1, 0.0751755
42.075, 1, 0.0750222
42.1, 1, 0.0750222
42.125, 1, 0.0749261
42.15, 1, 0.0749261
42.175, 1, 0.0748535
42.2, 1, 0.0748535
42.225, 1, 0.0748535
42.25, 1, 0.0747905
42.275, 1, 0.0748949
42.3, 1, 0.0751496
42.325, 1, 0.0751496
42.35, 1, 0.0751496
42.375, 1, 0.0751496
42.4, 1, 0.0751496
42.425, 1, 0.0756823
42.45, 1, 0.0763025
42.475, 1, 0.0769867
42.5, 1, 0.0769867
42.525, 1, 0.0776259
42.55, 1, 0.0776259
42.575, 1, 0.0776259
42.6, 1, 0.0776259
42.625, 1, 0.0776259
42.65, 1, 0.0783087
42.675, 1, 0.0789407
42.7, 1, 0.0789407
42.725, 1, 0.0789407
42.75, 1, 0.0789407
42.775, 1, 0.0794682
42.8, 1, 0.0798551
42.825, 1, 0.0800955
42.85, 1, 0.0800955
42.875, 1, 0.0801637
42.9, 1, 0.0800614
42.925, 1, 0.0800614
42.95, 1, 0.0798069
42.975, 1, 0.0798069
43, 1, 0.0794368
43.025, 1, 0.07901
43.05, 1, 0.07901
43.075, 1, 0.07901
43.1, 1, 0.07901
43.125, 1, 0.07901
43.15, 1, 0.0785268
43.175, 1, 0.0785268
43.2, 1, 0.0779404
43.225, 1, 0.0779404
43.25, 1, 0.0779404
43.275, 1, 0.0772763
43.3, 1, 0.0772763
43.325, 1, 0.076773
43.35, 1, 0.076773
43.375, 1, 0.076773
43.4, 1, 0.076773
43.425, 1, 0.076773
43.45, 1, 0.076773
43.475, 1, 0.076773
43.5, 1, 0.076773
43.525, 1, 0.076773
43.55, 1, 0.0766136
43.575, 1, 0.0767058
43.6, 1, 0.0767058
43.625, 1, 0.0767058
43.65, 1, 0.0767058
43.675, 1, 0.0767058
43.7, 1, 0.076821
43.725, 1, 0.076821
43.75, 1, 0.0769833
43.775, 1, 0.0769833
43.8, 1, 0.0771955
43.825, 1, 0.0771955
43.85, 1, 0.0774168
43.875, 1, 0.0774168
43.9, 1, 0.0775828
43.925, 1, 0.0775828
43.95, 1, 0.0775828
43.975, 1, 0.0775828
44, 1, 0.0775828
44.025, 1, 0.0775828
44.05, 1, 0.0775828
44.075, 1, 0.0779985
44.1, 1, 0.0782561
44.125, 1, 0.0782561
44.15, 1, 0.0782561
44.175, 1, 0.0782561
44.2, 1, 0.0782561
44.225, 1, 0.0782561
44.25, 1, 0.0782561
44.275, 1, 0.0784174
44.3, 1, 0.0784174
44.325, 1, 0.0784174
44.35, 1, 0.0784174
44.375, 1, 0.0784174
44.4, 1, 0.0784691
44.425, 1, 0.0784691
44.45, 1, 0.0783153
44.475, 1, 0.0783153
44.5, 1, 0.0779803
44.525, 1, 0.0775102
44.55, 1, 0.0775102
44.575, 1, 0.0775102
44.6, 1, 0.0772085
44.625, 1, 0.0772085
44.65, 1, 0.0770673
44.675, 1, 0.0771562
44.7, 1, 0.0771562
44.725, 1, 0.077251
44.75, 1, 0.0774078
44.775, 1, 0.0775906
44.8, 1, 0.0778122
44.825, 1, 0.0778122
44.85, 1, 0.0778122
44.875, 1, 0.0778122
44.9, 1, 0.0778122
44.925, 1, 0.0778122
44.95, 1, 0.0781312
44.975, 1, 0.0781312
45, 1, 0.0781312
45.025, 1, 0.0784243
45.05, 1, 0.0784243
45.075, 1, 0.0786921
45.1, 1, 0.0786921
45.125, 1, 0.0786921
45.15, 1, 0.0786921
45.175, 1, 0.0786921
45.2, 1, 0.0789459
45.225, 1, 0.0789459
45.25, 1, 0.0789459
45.275, 1, 0.0789459
45.3, 1, 0.0789459
45.325, 1, 0.0791569
45.35, 1, 0.0792213
45.375, 1, 0.0792213
45.4, 1, 0.0792213
45.425, 1, 0.0792213
45.45, 1, 0.0792213
45.475, 1, 0.0792213
45.5, 1, 0.0793065
45.525, 1, 0.0793065
45.55, 1, 0.0793065
45.575, 1, 0.0793065
45.6, 1, 0.0793065
45.625, 1, 0.0793065
45.65, 1, 0.0793065
45.675, 1, 0.0793065
45.7, 1, 0.0793334
45.725, 1, 0.0794009
45.75, 1, 0.0794009
45.775, 1, 0.0793379
45.8, 1, 0.0793379
45.825, 1, 0.0791899
45.85, 1, 0.0791899
45.875, 1, 0.0791899
45.9, 1, 0.0791676
45.925, 1, 0.0791676
45.95, 1, 0.0791676
45.975, 1, 0.0791676
46, 1, 0.0791676
46.025, 1, 0.0791676
46.05, 1, 0.07921
46.075, 1, 0.0792567
46.1, 1, 0.0792567
46.125, 1, 0.0792567
46.15, 1, 0.0792567
46.175, 1, 0.0793664
46.2, 1, 0.0793664
46.225, 1, 0.0795519
46.25, 1, 0.0798289
46.275, 1, 0.0798289
46.3, 1, 0.0798289
46.325, 1, 0.0800968
46.35, 1, 0.0800968
46.375, 1, 0.0800968
46.4, 1, 0.0803315
46.425, 1, 0.0803315
46.45, 1, 0.0804962
46.475, 1, 0.0804962
46.5, 1, 0.0804962
46.525, 1, 0.0804962
46.55, 1, 0.0805926
46.575, 1, 0.080604
46.6, 1, 0.080604
46.625, 1, 0.080604
46.65, 1, 0.080524
46.675, 1, 0.080524
46.7, 1, 0.080524
46.725, 1, 0.0803221
46.75, 1, 0.080007
46.775, 1, 0.080007
46.8, 1, 0.080007
46.825, 1, 0.0796414
46.85, 1, 0.0796414
46.875, 1, 0.079272
46.9, 1, 0.079272
46.925, 1, 0.079272
46.95, 1, 0.079272
46.975, 1, 0.0789343
47, 1, 0.0789343
47.025, 1, 0.0786025
47.05, 1, 0.0786025
47.075, 1, 0.0782699
47.1, 1, 0.0782699
47.125, 1, 0.0782699
47.15, 1, 0.0779988
47.175, 1, 0.0779239
47.2, 1, 0.0779239
47.225, 1, 0.0779239
47.25, 1, 0.0779239
47.275, 1, 0.0779239
47.3, 1, 0.0779239
47.325, 1, 0.0779239
47.35, 1, 0.078151
47.375, 1, 0.0784397
47.4, 1, 0.0784397
47.425, 1, 0.0784397
47.45, 1, 0.0784397
47.475, 1, 0.0784397
47.5, 1, 0.0784397
47.525, 1, 0.0786308
47.55, 1, 0.0786308
47.575, 1, 0.0787504
47.6, 1, 0.0787504
47.625, 1, 0.0788202
47.65, 1, 0.0788202
47.675, 1, 0.0788202
47.7, 1, 0.0787386
47.725, 1, 0.0787386
47.75, 1, 0.0787386
47.775, 1, 0.0784869
47.8, 1, 0.0784869
47.825, 1, 0.0784869
47.85, 1, 0.0781455
47.875, 1, 0.0781455
47.9, 1, 0.0777336
47.925, 1, 0.0777336
47.95, 1, 0.0772788
47.975, 1, 0.0768034
48, 1, 0.0768034
48.025, 1, 0.0762739
48.05, 1, 0.0762739
48.075, 1, 0.0762739
48.1, 1, 0.0762739
48.125, 1, 0.0757618
48.15, 1, 0.0757618
48.175, 1, 0.0757618
48.2, 1, 0.0757618
48.225, 1, 0.075327
48.25, 1, 0.075327
48.275, 1, 0.075327
48.3, 1, 0.0749153
48.325, 1, 0.0745667
48.35, 1, 0.074279
48.375, 1, 0.0740384
48.4, 1, 0.0738476
48.425, 1, 0.0738476
48.45, 1, 0.0738476
48.475, 1, 0.0738476
48.5, 1, 0.0738476
48.525, 1, 0.0738476
48.55, 1, 0.0736879
48.575, 1, 0.0736879
48.6, 1, 0.0735338
48.625, 1, 0.0733879
48.65, 1, 0.0733879
48.675, 1, 0.0732493
48.7, 1, 0.0732493
48.725, 1, 0.0731388
48.75, 1, 0.0731388
48.775, 1, 0.0729528
48.8, 1, 0.0729528
48.825, 1, 0.0729528
48.85, 1, 0.0729528
48.875, 1, 0.0729528
48.9, 1, 0.0729528
48.925, 1, 0.0730072
48.95, 1, 0.073002
48.975, 1, 0.073002
49, 1, 0.0729001
49.025, 1, 0.0729001
49.05, 1, 0.0726934
49.075, 1, 0.0723768
49.1, 1, 0.0723768
49.125, 1, 0.0723768
49.15, 1, 0.0723768
49.175, 1, 0.072073
49.2, 1, 0.0717214
49.225, 1, 0.0717214
49.25, 1, 0.0717214
49.275, 1, 0.0717214
49.3, 1, 0.0713748
49.325, 1, 0.0710838
49.35, 1, 0.0708374
49.375, 1, 0.0708374
49.4, 1, 0.0706286
49.425, 1, 0.0706286
49.45, 1, 0.0704639
49.475, 1, 0.0703714
49.5, 1, 0.0703802
49.525, 1, 0.0703802
49.55, 1, 0.0703802
49.575, 1, 0.0703967
49.6, 1, 0.0704631
49.625, 1, 0.0704631
49.65, 1, 0.0705346
49.675, 1, 0.0705346
49.7, 1, 0.0705346
49.725, 1, 0.0706288
49.75, 1, 0.0708145
49.775, 1, 0.0710764
49.8, 1, 0.0713725
49.825, 1, 0.0716745
49.85, 1, 0.0716745
49.875, 1, 0.0716745
49.9, 1, 0.0716745
49.925, 1, 0.0720327
49.95, 1, 0.0720327
49.975, 1, 0.0720327
50, 1, 0.0720327
50, 1, 0.0722464
50.025, 1, 0.0722805
50.05, 1, 0.0722805
50.075, 1, 0.0720442
50.1, 1, 0.0720442
50.125, 1, 0.071813
50.15, 1, 0.0714582
50.175, 1, 0.0714582
50.2, 1, 0.0710056
50.225, 1, 0.0704654
50.25, 1, 0.0698891
50.275, 1, 0.0692992
50.3, 1, 0.0692992
50.325, 1, 0.0687497
50.35, 1, 0.0687497
50.375, 1, 0.0687497
50.4, 1, 0.0687497
50.425, 1, 0.0682381
50.45, 1, 0.0678894
50.475, 1, 0.0678894
50.5, 1, 0.0678894
50.525, 1, 0.0678894
50.55, 1, 0.0675085
50.575, 1, 0.067358
50.6, 1, 0.067358
50.625, 1, 0.0672672
50.65, 1, 0.0673662
50.675, 1, 0.0673662
50.7, 1, 0.0673662
50.725, 1, 0.0674636
50.75, 1, 0.0674636
50.775, 1, 0.0674636
50.8, 1, 0.0674636
50.825, 1, 0.0676009
50.85, 1, 0.0676009
50.875, 1, 0.0676009
50.9, 1, 0.0676009
50.925, 1, 0.0677706
50.95, 1, 0.0681578
50.975, 1, 0.0687178
51, 1, 0.0687178
51.025, 1, 0.0687178
51.05, 1, 0.0687178
51.075, 1, 0.0692802
51.1, 1, 0.0692802
51.125, 1, 0.0692802
51.15, 1, 0.0698289
51.175, 1, 0.0704239
51.2, 1, 0.0704239
51.225, 1, 0.071042
51.25, 1, 0.071042
51.275, 1, 0.071042
51.3, 1, 0.0714736
51.325, 1, 0.0714736
51.35, 1, 0.0714736
51.375, 1, 0.0714736
51.4, 1, 0.0720849
51.425, 1, 0.0726554
51.45, 1, 0.0731769
51.475, 1, 0.0736406
51.5, 1, 0.0736406
51.525, 1, 0.0736406
51.55, 1, 0.0736406
51.575, 1, 0.0736406
51.6, 1, 0.0736406
51.625, 1, 0.0736406
51.65, 1, 0.0741811
51.675, 1, 0.0745463
51.7, 1, 0.0745463
51.725, 1, 0.0745463
51.75, 1, 0.0747755
51.775, 1, 0.074876
51.8, 1, 0.074876
51.825, 1, 0.074876
51.85, 1, 0.0748971
51.875, 1, 0.0748971
51.9, 1, 0.074857
51.925, 1, 0.074857
51.95, 1, 0.074857
51.975, 1, 0.0748023
52, 1, 0.0748023
52.025, 1, 0.0748023
52.05, 1, 0.0747694
52.075, 1, 0.0747694
52.1, 1, 0.074778
52.125, 1, 0.074778
52.15, 1, 0.0748318
52.175, 1, 0.0749449
52.2, 1, 0.0749449
52.225, 1, 0.0749449
52.25, 1, 0.0749449
52.275, 1, 0.0750518
52.3, 1, 0.0750518
52.325, 1, 0.0751862
52.35, 1, 0.0754026
52.375, 1, 0.0754026
52.4, 1, 0.0754026
52.425, 1, 0.0756125
52.45, 1, 0.0756125
52.475, 1, 0.0756125
52.5, 1, 0.0756125
52.525, 1, 0.0756125
52.55, 1, 0.0757784
52.575, 1, 0.0759664
52.6, 1, 0.0759664
52.625, 1, 0.0759664
52.65, 1, 0.0759664
52.675, 1, 0.0759664
52.7, 1, 0.0759664
52.725, 1, 0.0759664
52.75, 1, 0.0759664
52.775, 1, 0.0759664
52.8, 1, 0.0764579
52.825, 1, 0.0764579
52.85, 1, 0.0764579
52.875, 1, 0.0764579
52.9, 1, 0.0768533
52.925, 1, 0.0771224
52.95, 1, 0.0771224
52.975, 1, 0.0771224
53, 1, 0.0771224
53.025, 1, 0.0771224
53.05, 1, 0.0773298
53.075, 1, 0.0773298
53.1, 1, 0.0773298
53.125, 1, 0.0773298
53.15, 1, 0.0773298
53.175, 1, 0.0774822
53.2, 1, 0.0776247
53.225, 1, 0.0776247
53.25, 1, 0.0776247
53.275, 1, 0.0776247
53.3, 1, 0.0776247
53.325, 1, 0.0776247
53.35, 1, 0.0776247
53.375, 1, 0.0776247
53.4, 1, 0.0777548
53.425, 1, 0.0779687
53.45, 1, 0.0779687
53.475, 1, 0.0781992
53.5, 1, 0.0781992
53.525, 1, 0.0781992
53.55, 1, 0.0784368
53.575, 1, 0.0787686
53.6, 1, 0.0787686
53.625, 1, 0.0787686
53.65, 1, 0.0790915
53.675, 1, 0.079457
53.7, 1, 0.079457
53.725, 1, 0.0797926
53.75, 1, 0.0801115
53.775, 1, 0.0801115
53.8, 1, 0.0801115
53.825, 1, 0.0801115
53.85, 1, 0.0803943
53.875, 1, 0.0803943
53.9, 1, 0.0803943
53.925, 1, 0.0803943
53.95, 1, 0.0807315
53.975, 1, 0.0810552
54, 1, 0.0810552
54.025, 1, 0.0810552
54.05, 1, 0.0813749
54.075, 1, 0.0813749
54.1, 1, 0.0813749
54.125, 1, 0.081614
54.15, 1, 0.0817674
54.175, 1, 0.0817674
54.2, 1, 0.0818069
54.225, 1, 0.0818069
54.25, 1, 0.0818069
54.275, 1, 0.0818069
54.3, 1, 0.0818069
54.325, 1, 0.0818069
54.35, 1, 0.0818069
54.375, 1, 0.0817757
54.4, 1, 0.0817757
54.425, 1, 0.0817757
54.45, 1, 0.0817757
54.475, 1, 0.0817757
54.5, 1, 0.0817757
54.525, 1, 0.0817757
54.55, 1, 0.0817757
54.575, 1, 0.0817335
54.6, 1, 0.0817084
54.625, 1, 0.0817231
54.65, 1, 0.0817231
54.675, 1, 0.0817231
54.7, 1, 0.0817231
54.725, 1, 0.0817174
54.75, 1, 0.0817485
54.775, 1, 0.0818123
54.8, 1, 0.0818981
54.825, 1, 0.0820385
54.85, 1, 0.082254
54.875, 1, 0.082528
54.9, 1, 0.082528
54.925, 1, 0.082528
54.95, 1, 0.0827847
54.975, 1, 0.083072
55, 1, 0.083072
55.025, 1, 0.0833516
55.05, 1, 0.0833516
55.075, 1, 0.0833516
55.1, 1, 0.0833516
55.125, 1, 0.0833516
55.15, 1, 0.0833516
55.175, 1, 0.0833516
55.2, 1, 0.0836744
55.225, 1, 0.0836744
55.25, 1, 0.083961
55.275, 1, 0.0842308
55.3, 1, 0.0842308
55.325, 1, 0.0844923
55.35, 1, 0.0847368
55.375, 1, 0.0847368
55.4, 1, 0.0847368
55.425, 1, 0.0847368
55.45, 1, 0.0848643
55.475, 1, 0.0848643
55.5, 1, 0.0848643
55.525, 1, 0.0850045
55.55, 1, 0.0850045
55.575, 1, 0.0850045
55.6, 1, 0.085122
55.625, 1, 0.085122
55.65, 1, 0.0851889
55.675, 1, 0.0852056
55.7, 1, 0.0852056
55.725, 1, 0.0852056
55.75, 1, 0.0852021
55.775, 1, 0.0852021
55.8, 1, 0.0851741
55.825, 1, 0.0851741
55.85, 1, 0.0851741
55.875, 1, 0.0851332
55.9, 1, 0.0851332
55.925, 1, 0.0850708
55.95, 1, 0.0850708
55.975, 1, 0.0850708
56, 1, 0.0850011
56.025, 1, 0.0850011
56.05, 1, 0.0850011
56.075, 1, 0.0849248
56.1, 1, 0.0849248
56.125, 1, 0.0849248
56.15, 1, 0.0848649
56.175, 1, 0.0848649
56.2, 1, 0.0848328
56.225, 1, 0.0848554
56.25, 1, 0.0848554
56.275, 1, 0.0848685
56.3, 1, 0.0848893
56.325, 1, 0.0848893
56.35, 1, 0.0849062
56.375, 1, 0.0849062
56.4, 1, 0.0849062
56.425, 1, 0.0849365
56.45, 1, 0.0849365
56.475, 1, 0.0849365
56.5, 1, 0.0849685
56.525, 1, 0.0849685
56.55, 1, 0.0849993
56.575, 1, 0.0849993
56.6, 1, 0.0849993
56.625, 1, 0.0849993
56.65, 1, 0.0849993
56.675, 1, 0.0849993
56.7, 1, 0.0849993
56.725, 1, 0.0849993
56.75, 1, 0.0849421
56.775, 1, 0.0849421
56.8, 1, 0.0849421
56.825, 1, 0.0848945
56.85, 1, 0.0848945
56.875, 1, 0.0848945
56.9, 1, 0.0848345
56.925, 1, 0.0848345
56.95, 1, 0.0848345
56.975, 1, 0.0848345
57, 1, 0.0848345
57.025, 1, 0.0848345
57.05, 1, 0.0847287
57.075, 1, 0.08459
57.1, 1, 0.0844451
57.125, 1, 0.0844451
57.15, 1, 0.0844451
57.175, 1, 0.0844451
57.2, 1, 0.0842695
57.225, 1, 0.0842695
57.25, 1, 0.0842695
57.275, 1, 0.0840766
57.3, 1, 0.0840766
57.325, 1, 0.0840766
57.35, 1, 0.0838746
57.375, 1, 0.0836854
57.4, 1, 0.0836854
57.425, 1, 0.0836854
57.45, 1, 0.0836854
57.475, 1, 0.0836854
57.5, 1, 0.0836854
57.525, 1, 0.0835017
57.55, 1, 0.0835017
57.575, 1, 0.0833264
57.6, 1, 0.0831682
57.625, 1, 0.0830204
57.65, 1, 0.0830204
57.675, 1, 0.0830204
57.7, 1, 0.0830204
57.725, 1, 0.0830204
57.75, 1, 0.0830204
57.775, 1, 0.0828805
57.8, 1, 0.0828805
57.825, 1, 0.0828805
57.85, 1, 0.0827544
57.875, 1, 0.0827544
57.9, 1, 0.0826386
57.925, 1, 0.0825418
57.95, 1, 0.0825418
57.975, 1, 0.0825418
58, 1, 0.0825418
58.025, 1, 0.0825418
58.05, 1, 0.0825418
58.075, 1, 0.0825418
58.1, 1, 0.0825418
58.125, 1, 0.0825418
58.15, 1, 0.0825418
58.175, 1, 0.082652
58.2, 1, 0.0827419
58.225, 1, 0.0827886
58.25, 1, 0.0827886
58.275, 1, 0.0827886
58.3, 1, 0.082795
58.325, 1, 0.082795
58.35, 1, 0.082795
58.375, 1, 0.082795
58.4, 1, 0.082795
58.425, 1, 0.082795
58.45, 1, 0.082795
58.475, 1, 0.0827809
58.5, 1, 0.0827476
58.525, 1, 0.0826895
58.55, 1, 0.0826895
58.575, 1, 0.0826895
58.6, 1, 0.0826895
58.625, 1, 0.0826895
58.65, 1, 0.0826895
58.675, 1, 0.0826366
58.7, 1, 0.0826366
58.725, 1, 0.0826366
58.75, 1, 0.0826366
58.775, 1, 0.0825628
58.8, 1, 0.0825032
58.825, 1, 0.0824576
58.85, 1, 0.0824576
58.875, 1, 0.0824576
58.9, 1, 0.0824576
58.925, 1, 0.0824576
58.95, 1, 0.0824576
58.975, 1, 0.0824134
59, 1, 0.0824134
59.025, 1, 0.0823958
59.05, 1, 0.0823958
59.075, 1, 0.0823938
59.1, 1, 0.0823938
59.125, 1, 0.0823938
59.15, 1, 0.0823938
59.175, 1, 0.0823904
59.2, 1, 0.0823904
59.225, 1, 0.0823904
59.25, 1, 0.0823904
59.275, 1, 0.0823904
59.3, 1, 0.0823904
59.325, 1, 0.0823808
59.35, 1, 0.0823808
59.375, 1, 0.0823586
59.4, 1, 0.082335
59.425, 1, 0.082335
59.45, 1, 0.082335
59.475, 1, 0.082335
59.5, 1, 0.082335
59.525, 1, 0.082335
59.55, 1, 0.082335
59.575, 1, 0.0822471
59.6, 1, 0.0822471
59.625, 1, 0.0822471
59.65, 1, 0.0822471
59.675, 1, 0.0822471
59.7, 1, 0.0822471
59.725, 1, 0.0822471
59.75, 1, 0.0821504
59.775, 1, 0.0821504
59.8, 1, 0.0821504
59.825, 1, 0.0819919
59.85, 1, 0.0819919
59.875, 1, 0.0818261
59.9, 1, 0.0818261
59.925, 1, 0.0816624
59.95, 1, 0.0816624
59.975, 1, 0.0816624
60, 1, 0.0816624
60, 1, 0.0816624
60.025, 1, 0.0816624
60.05, 1, 0.0814633
60.075, 1, 0.0814633
60.1, 1, 0.0812426
60.125, 1, 0.0810259
60.15, 1, 0.0808084
60.175, 1, 0.0805743
60.2, 1, 0.0803582
60.225, 1, 0.0803582
60.25, 1, 0.0803582
60.275, 1, 0.0801518
60.3, 1, 0.0801518
60.325, 1, 0.0801518
60.35, 1, 0.0801518
60.375, 1, 0.0798968
60.4, 1, 0.0798968
60.425, 1, 0.0796369
60.45, 1, 0.07946
60.475, 1, 0.0793722
60.5, 1, 0.0794994
60.525, 1, 0.0794994
60.55, 1, 0.0794994
60.575, 1, 0.0794994
60.6, 1, 0.0794994
60.625, 1, 0.0796818
60.65, 1, 0.0799859
60.675, 1, 0.0799859
60.7, 1, 0.0803029
60.725, 1, 0.0803029
60.75, 1, 0.0803029
60.775, 1, 0.0806236
60.8, 1, 0.0811535
60.825, 1, 0.0811535
60.85, 1, 0.0811535
60.875, 1, 0.0811535
60.9, 1, 0.0817174
60.925, 1, 0.0823491
60.95, 1, 0.0823491
60.975, 1, 0.0823491
61, 1, 0.0823491
61.025, 1, 0.082905
61.05, 1, 0.0834819
61.075, 1, 0.084052
61.1, 1, 0.084052
61.125, 1, 0.084052
61.15, 1, 0.084052
61.175, 1, 0.084052
61.2, 1, 0.0846539
61.225, 1, 0.0846539
61.25, 1, 0.0851633
61.275, 1, 0.0851633
61.3, 1, 0.0851633
61.325, 1, 0.0855644
61.35, 1, 0.0855644
61.375, 1, 0.0855644
61.4, 1, 0.0855644
61.425, 1, 0.0859467
61.45, 1, 0.0859467
61.475, 1, 0.0862715
61.5, 1, 0.0862715
61.525, 1, 0.0865647
61.55, 1, 0.0868555
61.575, 1, 0.0868555
61.6, 1, 0.0871415
61.625, 1, 0.0871415
61.65, 1, 0.0871415
61.675, 1, 0.0871415
61.7, 1, 0.0871415
61.725, 1, 0.0873977
61.75, 1, 0.087645
61.775, 1, 0.0878919
61.8, 1, 0.0878919
61.825, 1, 0.0878919
61.85, 1, 0.0881333
61.875, 1, 0.0883958
61.9, 1, 0.0883958
61.925, 1, 0.0883958
61.95, 1, 0.0883958
61.975, 1, 0.0886072
62, 1, 0.0888334
62.025, 1, 0.0888334
62.05, 1, 0.0888334
62.075, 1, 0.0888334
62.1, 1, 0.0888334
62.125, 1, 0.0890262
62.15, 1, 0.089238
62.175, 1, 0.0894378
62.2, 1, 0.0896286
62.225, 1, 0.0896286
62.25, 1, 0.0896286
62.275, 1, 0.0896286
62.3, 1, 0.0896286
62.325, 1, 0.0896286
62.35, 1, 0.0896286
62.375, 1, 0.0896286
62.4, 1, 0.0896286
62.425, 1, 0.0897996
62.45, 1, 0.0897996
62.475, 1, 0.0899664
62.5, 1, 0.0899664
62.525, 1, 0.0899664
62.55, 1, 0.0901085
62.575, 1, 0.0902137
62.6, 1, 0.0902617
62.625, 1, 0.0902617
62.65, 1, 0.0902617
62.675, 1, 0.0902617
62.7, 1, 0.0903006
62.725, 1, 0.0903006
62.75, 1, 0.0903006
62.775, 1, 0.0903006
62.8, 1, 0.0903006
62.825, 1, 0.0903006
62.85, 1, 0.0903189
62.875, 1, 0.0903315
62.9, 1, 0.0903315
62.925, 1, 0.0903255
62.95, 1, 0.0903255
62.975, 1, 0.0902955
63, 1, 0.0902508
63.025, 1, 0.0901877
63.05, 1, 0.0901158
63.075, 1, 0.0901158
63.1, 1, 0.0901158
63.125, 1, 0.0901158
63.15, 1, 0.0900195
63.175, 1, 0.089939
63.2, 1, 0.089939
63.225, 1, 0.089939
63.25, 1, 0.0898507
63.275, 1, 0.0898507
63.3, 1, 0.0898507
63.325, 1, 0.0898507
63.35, 1, 0.0897661
63.375, 1, 0.0897331
63.4, 1, 0.0897331
63.425, 1, 0.0897331
63.45, 1, 0.0897331
63.475, 1, 0.0897331
63.5, 1, 0.0897331
63.525, 1, 0.0897731
63.55, 1, 0.0897731
63.575, 1, 0.0898264
63.6, 1, 0.0898915
63.625, 1, 0.0898915
63.65, 1, 0.0898766
63.675, 1, 0.0898065
63.7, 1, 0.0896707
63.725, 1, 0.0896707
63.75, 1, 0.0896707
63.775, 1, 0.08958
63.8, 1, 0.089495
63.825, 1, 0.089495
63.85, 1, 0.08935
63.875, 1, 0.08935
63.9, 1, 0.08935
63.925, 1, 0.088993
63.95, 1, 0.0884324
63.975, 1, 0.0877718
64, 1, 0.0877718
64.025, 1, 0.0877718
64.05, 1, 0.0877718
64.075, 1, 0.0871762
64.1, 1, 0.0871762
64.125, 1, 0.0865932
64.15, 1, 0.0860265
64.175, 1, 0.0854806
64.2, 1, 0.0854806
64.225, 1, 0.0849698
64.25, 1, 0.0849698
64.275, 1, 0.0849698
64.3, 1, 0.0845149
64.325, 1, 0.0841255
64.35, 1, 0.083784
64.375, 1, 0.083516
64.4, 1, 0.0833294
64.425, 1, 0.0832103
64.45, 1, 0.0832103
64.475, 1, 0.0832103
64.5, 1, 0.083114
64.525, 1, 0.083114
64.55, 1, 0.083114
64.575, 1, 0.083114
64.6, 1, 0.083114
64.625, 1, 0.0830268
64.65, 1, 0.0830268
64.675, 1, 0.0830268
64.7, 1, 0.0829292
64.725, 1, 0.0828756
64.75, 1, 0.0828756
64.775, 1, 0.082824
64.8, 1, 0.0827919
64.825, 1, 0.082776
64.85, 1, 0.0827723
64.875, 1, 0.0827723
64.9, 1, 0.0826869
64.925, 1, 0.0826869
64.95, 1, 0.0824305
64.975, 1, 0.0824305
65, 1, 0.0824305
65.025, 1, 0.0824305
65.05, 1, 0.0823879
65.075, 1, 0.0823493
65.1, 1, 0.0823237
65.125, 1, 0.0823237
65.15, 1, 0.0823237
65.175, 1, 0.0821876
65.2, 1, 0.0819019
65.225, 1, 0.0819019
65.25, 1, 0.0819019
65.275, 1, 0.0816629
65.3, 1, 0.0816629
65.325, 1, 0.0814624
65.35, 1, 0.0814624
65.375, 1, 0.0814624
65.4, 1, 0.081232
65.425, 1, 0.081232
65.45, 1, 0.081232
65.475, 1, 0.081232
65.5, 1, 0.081232
65.525, 1, 0.081232
65.55, 1, 0.0809801
65.575, 1, 0.0809801
65.6, 1, 0.0807577
65.625, 1, 0.0805681
65.65, 1, 0.0805681
65.675, 1, 0.0803952
65.7, 1, 0.0803952
65.725, 1, 0.0803952
65.75, 1, 0.0802281
65.775, 1, 0.0802281
65.8, 1, 0.0800753
65.825, 1, 0.0800753
65.85, 1, 0.0799378
65.875, 1, 0.0798427
65.9, 1, 0.0798427
65.925, 1, 0.0798427
65.95, 1, 0.0798427
65.975, 1, 0.0798427
66, 1, 0.0798427
66.025, 1, 0.0798427
66.05, 1, 0.0798751
66.075, 1, 0.0798751
66.1, 1, 0.0799106
66.125, 1, 0.0799106
66.15, 1, 0.0799516
66.175, 1, 0.0800098
66.2, 1, 0.0800655
66.225, 1, 0.0800922
66.25, 1, 0.0800922
66.275, 1, 0.0800623
66.3, 1, 0.0800016
66.325, 1, 0.0800016
66.35, 1, 0.0800016
66.375, 1, 0.0800016
66.4, 1, 0.0800016
66.425, 1, 0.0800016
66.45, 1, 0.0800016
66.475, 1, 0.0800016
66.5, 1, 0.0797437
66.525, 1, 0.0797437
66.55, 1, 0.0794566
66.575, 1, 0.0794566
66.6, 1, 0.0794566
66.625, 1, 0.0794566
66.65, 1, 0.0792363
66.675, 1, 0.0792363
66.7, 1, 0.0792363
66.725, 1, 0.0792363
66.75, 1, 0.0792363
66.775, 1, 0.0792363
66.8, 1, 0.0792363
66.825, 1, 0.0792363
66.85, 1, 0.0790306
66.875, 1, 0.0789512
66.9, 1, 0.0789841
66.925, 1, 0.0790795
66.95, 1, 0.0790795
66.975, 1, 0.0791785
67, 1, 0.079311
67.025, 1, 0.0794761
67.05, 1, 0.0796717
67.075, 1, 0.0796717
67.1, 1, 0.0796717
67.125, 1, 0.0796717
67.15, 1, 0.0796717
67.175, 1, 0.0796717
67.2, 1, 0.0799395
67.225, 1, 0.0802313
67.25, 1, 0.0805416
67.275, 1, 0.0808665
67.3, 1, 0.0808665
67.325, 1, 0.0811776
67.35, 1, 0.0811776
67.375, 1, 0.0814598
67.4, 1, 0.0817245
67.425, 1, 0.0819561
67.45, 1, 0.0821307
67.475, 1, 0.0821307
67.5, 1, 0.0821921
67.525, 1, 0.0821478
67.55, 1, 0.0819875
67.575, 1, 0.0819875
67.6, 1, 0.0819875
67.625, 1, 0.081903
67.65, 1, 0.081903
67.675, 1, 0.081903
67.7, 1, 0.081903
67.725, 1, 0.0816768
67.75, 1, 0.0816768
67.775, 1, 0.0812334
67.8, 1, 0.0812334
67.825, 1, 0.0808214
67.85, 1, 0.080521
67.875, 1, 0.0803378
67.9, 1, 0.0803
67.925, 1, 0.0803708
67.95, 1, 0.0805326
67.975, 1, 0.0807141
68, 1, 0.0807141
68.025, 1, 0.0807141
68.05, 1, 0.0808054
68.075, 1, 0.0808054
68.1, 1, 0.0808898
68.125, 1, 0.0809966
68.15, 1, 0.081169
68.175, 1, 0.081169
68.2, 1, 0.081169
68.225, 1, 0.081169
68.25, 1, 0.0813684
68.275, 1, 0.0815998
68.3, 1, 0.0815998
68.325, 1, 0.0815998
68.35, 1, 0.0815998
68.375, 1, 0.0818293
68.4, 1, 0.0820857
68.425, 1, 0.0820857
68.45, 1, 0.0823404
68.475, 1, 0.0823404
68.5, 1, 0.0823404
68.525, 1, 0.0825893
68.55, 1, 0.0828448
68.575, 1, 0.0828448
68.6, 1, 0.0828448
68.625, 1, 0.0828448
68.65, 1, 0.0828448
68.675, 1, 0.0830982
68.7, 1, 0.0830982
68.725, 1, 0.0833048
68.75, 1, 0.0833048
68.775, 1, 0.0833048
68.8, 1, 0.0833048
68.825, 1, 0.0834845
68.85, 1, 0.0835878
68.875, 1, 0.0836334
68.9, 1, 0.0836334
68.925, 1, 0.0836334
68.95, 1, 0.0836334
68.975, 1, 0.0836334
69, 1, 0.0836334
69.025, 1, 0.0836334
69.05, 1, 0.0835669
69.075, 1, 0.0835669
69.1, 1, 0.0835669
69.125, 1, 0.0835669
69.15, 1, 0.0835669
69.175, 1, 0.083651
69.2, 1, 0.083651
69.225, 1, 0.0837689
69.25, 1, 0.0838836
69.275, 1, 0.0839307
69.3, 1, 0.0839307
69.325, 1, 0.0839307
69.35, 1, 0.0837413
69.375, 1, 0.0832979
69.4, 1, 0.0827912
69.425, 1, 0.0827912
69.45, 1, 0.0827912
69.475, 1, 0.0823596
69.5, 1, 0.0823596
69.525, 1, 0.0823596
69.55, 1, 0.0819262
69.575, 1, 0.0815079
69.6, 1, 0.0815079
69.625, 1, 0.0815079
69.65, 1, 0.0815079
69.675, 1, 0.0811069
69.7, 1, 0.0807828
69.725, 1, 0.0805328
69.75, 1, 0.0805328
69.775, 1, 0.0805328
69.8, 1, 0.0805328
69.825, 1, 0.0805328
69.85, 1, 0.0803886
69.875, 1, 0.0803886
69.9, 1, 0.0802519
69.925, 1, 0.0802519
69.95, 1, 0.0801162
69.975, 1, 0.0801162
70, 1, 0.0801162
70.025, 1, 0.0801162
70.05, 1, 0.0801162
70.075, 1, 0.0801162
70.1, 1, 0.0801162
70.125, 1, 0.0799916
70.15, 1, 0.0799916
70.175, 1, 0.0797323
70.2, 1, 0.0797323
70.225, 1, 0.0793218
70.25, 1, 0.0793218
70.275, 1, 0.0793218
70.3, 1, 0.078718
70.325, 1, 0.0779293
70.35, 1, 0.0779293
70.375, 1, 0.0779293
70.4, 1, 0.0770307
70.425, 1, 0.0770307
70.45, 1, 0.0770307
70.475, 1, 0.0770307
70.5, 1, 0.0770307
70.525, 1, 0.0770307
70.55, 1, 0.0759745
70.575, 1, 0.075167
70.6, 1, 0.075167
70.625, 1, 0.0743893
70.65, 1, 0.0738135
70.675, 1, 0.0738135
70.7, 1, 0.0738135
70.725, 1, 0.0733257
70.75, 1, 0.0733257
70.775, 1, 0.0733257
70.8, 1, 0.0733257
70.825, 1, 0.0733257
70.85, 1, 0.0733257
70.875, 1, 0.0732587
70.9, 1, 0.0732587
70.925, 1, 0.0732587
70.95, 1, 0.0732421
70.975, 1, 0.0732421
71, 1, 0.0733877
71.025, 1, 0.0739901
71.05, 1, 0.0750451
71.075, 1, 0.0750451
71.1, 1, 0.0760805
71.125, 1, 0.0760805
71.15, 1, 0.0760805
71.175, 1, 0.0769616
71.2, 1, 0.0769616
71.225, 1, 0.0769616
71.25, 1, 0.0769616
71.275, 1, 0.0769616
71.3, 1, 0.0769616
71.325, 1, 0.0782066
71.35, 1, 0.0792634
71.375, 1, 0.0792634
71.4, 1, 0.0792634
71.425, 1, 0.0792634
71.45, 1, 0.0792634
71.475, 1, 0.0792634
71.5, 1, 0.080315
71.525, 1, 0.0810826
71.55, 1, 0.0815871
71.575, 1, 0.0818532
71.6, 1, 0.0818532
71.625, 1, 0.0818532
71.65, 1, 0.0818532
71.675, 1, 0.0819684
71.7, 1, 0.0819758
71.725, 1, 0.0819758
71.75, 1, 0.0819758
71.775, 1, 0.0819758
71.8, 1, 0.0819758
71.825, 1, 0.0819758
71.85, 1, 0.0819758
71.875, 1, 0.0819758
71.9, 1, 0.0818435
71.925, 1, 0.0818134
71.95, 1, 0.0819219
71.975, 1, 0.0819219
72, 1, 0.0819219
72.025, 1, 0.0819219
72.05, 1, 0.0819219
72.075, 1, 0.0819219
72.1, 1, 0.0819219
72.125, 1, 0.0820858
72.15, 1, 0.0820858
72.175, 1, 0.0820858
72.2, 1, 0.0820858
72.225, 1, 0.0822665
72.25, 1, 0.0822665
72.275, 1, 0.0825923
72.3, 1, 0.0831129
72.325, 1, 0.0837668
72.35, 1, 0.0837668
72.375, 1, 0.0843724
72.4, 1, 0.0843724
72.425, 1, 0.0843724
72.45, 1, 0.0843724
72.475, 1, 0.0849313
72.5, 1, 0.0854375
72.525, 1, 0.0854375
72.55, 1, 0.0857706
72.575, 1, 0.0857706
72.6, 1, 0.0859015
72.625, 1, 0.0859015
72.65, 1, 0.0858306
72.675, 1, 0.0855582
72.7, 1, 0.0851645
72.725, 1, 0.0851645
72.75, 1, 0.0851645
72.775, 1, 0.0851645
72.8, 1, 0.0851645
72.825, 1, 0.0847166
72.85, 1, 0.0847166
72.875, 1, 0.0847166
72.9, 1, 0.0847166
72.925, 1, 0.0847166
72.95, 1, 0.0847166
72.975, 1, 0.0847166
73, 1, 0.0843106
73.025, 1, 0.0840611
73.05, 1, 0.0840611
73.075, 1, 0.0839015
73.1, 1, 0.0839015
73.125, 1, 0.0839015
73.15, 1, 0.0839015
73.175, 1, 0.0839015
73.2, 1, 0.0837008
73.225, 1, 0.0836271
73.25, 1, 0.0836271
73.275, 1, 0.0836271
73.3, 1, 0.0836271
73.325, 1, 0.0836271
73.35, 1, 0.0835375
73.375, 1, 0.083712
73.4, 1, 0.0840441
73.425, 1, 0.0840441
73.45, 1, 0.0840441
73.475, 1, 0.0840441
73.5, 1, 0.0843681
73.525, 1, 0.0848099
73.55, 1, 0.0853437
73.575, 1, 0.0859183
73.6, 1, 0.086458
73.625, 1, 0.086898
73.65, 1, 0.086898
73.675, 1, 0.086898
73.7, 1, 0.086898
73.725, 1, 0.086898
73.75, 1, 0.086898
73.775, 1, 0.0877428
73.8, 1, 0.0884094
73.825, 1, 0.0884094
73.85, 1, 0.0888592
73.875, 1, 0.0891102
73.9, 1, 0.0892007
73.925, 1, 0.0891665
73.95, 1, 0.0891665
73.975, 1, 0.0891665
74, 1, 0.0891059
74.025, 1, 0.0891059
74.05, 1, 0.089004
74.075, 1, 0.0888618
74.1, 1, 0.0888618
74.125, 1, 0.0886887
74.15, 1, 0.0885208
74.175, 1, 0.0883579
74.2, 1, 0.0882273
74.225, 1, 0.0882273
74.25, 1, 0.0882273
74.275, 1, 0.0882273
74.3, 1, 0.0882273
74.325, 1, 0.0882273
74.35, 1, 0.0880962
74.375, 1, 0.0880836
74.4, 1, 0.0880836
74.425, 1, 0.0880836
74.45, 1, 0.0880867
74.475, 1, 0.0880867
74.5, 1, 0.0881349
74.525, 1, 0.0881349
74.55, 1, 0.0882329
74.575, 1, 0.0882329
74.6, 1, 0.0882329
74.625, 1, 0.0883178
74.65, 1, 0.0884742
74.675, 1, 0.0884742
74.7, 1, 0.0886269
74.725, 1, 0.0888024
74.75, 1, 0.0888024
74.775, 1, 0.0889759
74.8, 1, 0.0889759
74.825, 1, 0.0891271
74.85, 1, 0.0891271
74.875, 1, 0.0891271
74.9, 1, 0.0891292
74.925, 1, 0.0891292
74.95, 1, 0.0891292
74.975, 1, 0.0891292
75, 1, 0.0892133
75.025, 1, 0.0892133
75.05, 1, 0.0892401
75.075, 1, 0.0891924
75.1, 1, 0.0890347
75.125, 1, 0.0887267
75.15, 1, 0.0887267
75.175, 1, 0.0887267
75.2, 1, 0.0883345
75.225, 1, 0.0878549
75.25, 1, 0.0873211
75.275, 1, 0.0867713
75.3, 1, 0.0862031
75.325, 1, 0.0862031
75.35, 1, 0.0862031
75.375, 1, 0.0856498
75.4, 1, 0.0851145
75.425, 1, 0.0846018
75.45, 1, 0.0846018
75.475, 1, 0.0841024
75.5, 1, 0.0836318
75.525, 1, 0.0836318
75.55, 1, 0.083169
75.575, 1, 0.083169
75.6, 1, 0.083169
75.625, 1, 0.083169
75.65, 1, 0.0827158
75.675, 1, 0.0827158
75.7, 1, 0.0827158
75.725, 1, 0.0827158
75.75, 1, 0.0822839
75.775, 1, 0.081933
75.8, 1, 0.081933
75.825, 1, 0.0816122
75.85, 1, 0.0813571
75.875, 1, 0.0811611
75.9, 1, 0.0811611
75.925, 1, 0.0809792
75.95, 1, 0.0808345
75.975, 1, 0.0807182
76, 1, 0.0807182
76.025, 1, 0.0807182
76.05, 1, 0.0806066
76.075, 1, 0.0805081
76.1, 1, 0.0804175
76.125, 1, 0.0804175
76.15, 1, 0.0804175
76.175, 1, 0.0802511
76.2, 1, 0.0802511
76.225, 1, 0.0802511
76.25, 1, 0.0802511
76.275, 1, 0.0801257
76.3, 1, 0.0801257
76.325, 1, 0.0801257
76.35, 1, 0.0801257
76.375, 1, 0.079992
76.4, 1, 0.079992
76.425, 1, 0.079992
76.45, 1, 0.079992
76.475, 1, 0.079992
76.5, 1, 0.079992
76.525, 1, 0.079992
76.55, 1, 0.079992
76.575, 1, 0.0801213
76.6, 1, 0.0801213
76.625, 1, 0.0802145
76.65, 1, 0.0802886
76.675, 1, 0.0803505
76.7, 1, 0.0804096
76.725, 1, 0.0804699
76.75, 1, 0.0804699
76.775, 1, 0.0805349
76.8, 1, 0.0806351
76.825, 1, 0.0807693
76.85, 1, 0.08094
76.875, 1, 0.0811385
76.9, 1, 0.0813594
76.925, 1, 0.0813594
76.95, 1, 0.0815699
76.975, 1, 0.0815699
77, 1, 0.0815699
77.025, 1, 0.0815699
77.05, 1, 0.0815699
77.075, 1, 0.0815699
77.1, 1, 0.0815699
77.125, 1, 0.0815699
77.15, 1, 0.0815699
77.175, 1, 0.0818628
77.2, 1, 0.0821874
77.225, 1, 0.0825389
77.25, 1, 0.0829166
77.275, 1, 0.0833146
77.3, 1, 0.0833146
77.325, 1, 0.083701
77.35, 1, 0.0840913
77.375, 1, 0.0840913
77.4, 1, 0.0840913
77.425, 1, 0.0844572
77.45, 1, 0.0848137
77.475, 1, 0.0848137
77.5, 1, 0.0851015
77.525, 1, 0.0851015
77.55, 1, 0.0853164
77.575, 1, 0.0853164
77.6, 1, 0.0853164
77.625, 1, 0.0853164
77.65, 1, 0.0853164
77.675, 1, 0.0853164
77.7, 1, 0.0853164
77.725, 1, 0.0854971
77.75, 1, 0.0854971
77.775, 1, 0.0854971
77.8, 1, 0.0854971
77.825, 1, 0.0854971
77.85, 1, 0.0854971
77.875, 1, 0.0858699
77.9, 1, 0.0858699
77.925, 1, 0.0862412
77.95, 1, 0.0862412
77.975, 1, 0.0862412
78, 1, 0.0862412
78.025, 1, 0.0865323
78.05, 1, 0.0867889
78.075, 1, 0.0870168
78.1, 1, 0.0870168
78.125, 1, 0.0872594
78.15, 1, 0.0875207
78.175, 1, 0.087796
78.2, 1, 0.0880901
78.225, 1, 0.0880901
78.25, 1, 0.0880901
78.275, 1, 0.0880901
78.3, 1, 0.0880901
78.325, 1, 0.0880901
78.35, 1, 0.0880901
78.375, 1, 0.0880901
78.4, 1, 0.0880901
78.425, 1, 0.0884917
78.45, 1, 0.0889186
78.475, 1, 0.0889186
78.5, 1, 0.0893383
78.525, 1, 0.0893383
78.55, 1, 0.0893383
78.575, 1, 0.0897402
78.6, 1, 0.0897402
78.625, 1, 0.0901227
78.65, 1, 0.0901227
78.675, 1, 0.0901227
78.7, 1, 0.0901227
78.725, 1, 0.0904582
78.75, 1, 0.0907387
78.775, 1, 0.0907387
78.8, 1, 0.0907387
78.825, 1, 0.0909285
78.85, 1, 0.0909285
78.875, 1, 0.0910709
78.9, 1, 0.0911818
78.925, 1, 0.0911818
78.95, 1, 0.0911818
78.975, 1, 0.0911818
79, 1, 0.0911818
79.025, 1, 0.0911818
79.05, 1, 0.0911399
79.075, 1, 0.0909396
79.1, 1, 0.0909396
79.125, 1, 0.0909396
79.15, 1, 0.0907483
79.175, 1, 0.0907483
79.2, 1, 0.0905616
79.225, 1, 0.0905616
79.25, 1, 0.0905616
79.275, 1, 0.0905616
79.3, 1, 0.0902696
79.325, 1, 0.0899173
79.35, 1, 0.0895188
79.375, 1, 0.0895188
79.4, 1, 0.0895188
79.425, 1, 0.0891653
79.45, 1, 0.0888806
79.475, 1, 0.0888806
79.5, 1, 0.0886351
79.525, 1, 0.0884586
79.55, 1, 0.0884586
79.575, 1, 0.0884586
79.6, 1, 0.0882875
79.625, 1, 0.0882875
79.65, 1, 0.0882875
79.675, 1, 0.0881223
79.7, 1, 0.0881223
79.725, 1, 0.0879677
79.75, 1, 0.0878517
79.775, 1, 0.0878517
79.8, 1, 0.0878517
79.825, 1, 0.0877307
79.85, 1, 0.0876138
79.875, 1, 0.0874922
79.9, 1, 0.0874922
79.925, 1, 0.0874922
79.95, 1, 0.0873423
79.975, 1, 0.0873423
80, 1, 0.0873423
80.025, 1, 0.0873423
80.05, 1, 0.0873423
80.075, 1, 0.0873423
80.1, 1, 0.0873423
80.125, 1, 0.0873423
80.15, 1, 0.0872222
80.175, 1, 0.0872222
80.2, 1, 0.0872222
80.225, 1, 0.0872222
80.25, 1, 0.0869571
80.275, 1, 0.0864452
80.3, 1, 0.0857004
80.325, 1, 0.0847175
80.35, 1, 0.0847175
80.375, 1, 0.0835037
80.4, 1, 0.0835037
80.425, 1, 0.0835037
80.45, 1, 0.0835037
80.475, 1, 0.0835037
80.5, 1, 0.0824226
80.525, 1, 0.0824226
80.55, 1, 0.0824226
80.575, 1, 0.0824226
80.6, 1, 0.0824226
80.625, 1, 0.0824226
80.65, 1, 0.0812585
80.675, 1, 0.0812585
80.7, 1, 0.080505
80.725, 1, 0.0803471
80.75, 1, 0.0806536
80.775, 1, 0.0812606
80.8, 1, 0.0812606
80.825, 1, 0.0812606
80.85, 1, 0.0812606
80.875, 1, 0.0818798
80.9, 1, 0.0818798
80.925, 1, 0.0818798
80.95, 1, 0.0824286
80.975, 1, 0.0832666
81, 1, 0.0832666
81.025, 1, 0.0832666
81.05, 1, 0.0832666
81.075, 1, 0.0840229
81.1, 1, 0.0849884
81.125, 1, 0.0849884
81.15, 1, 0.0849884
81.175, 1, 0.0856752
81.2, 1, 0.0863617
81.225, 1, 0.0869204
81.25, 1, 0.0869204
81.275, 1, 0.0869576
81.3, 1, 0.0865899
81.325, 1, 0.0857736
81.35, 1, 0.0857736
81.375, 1, 0.0845858
81.4, 1, 0.0845858
81.425, 1, 0.0845858
81.45, 1, 0.0845858
81.475, 1, 0.0845858
81.5, 1, 0.0844309
81.525, 1, 0.0844309
81.55, 1, 0.0844309
81.575, 1, 0.0844309
81.6, 1, 0.0841608
81.625, 1, 0.0835648
81.65, 1, 0.0835648
81.675, 1, 0.0835648
81.7, 1, 0.0835648
81.725, 1, 0.0835648
81.75, 1, 0.0831185
81.775, 1, 0.082835
81.8, 1, 0.082835
81.825, 1, 0.082835
81.85, 1, 0.0824293
81.875, 1, 0.0824293
81.9, 1, 0.0820346
81.925, 1, 0.0817346
81.95, 1, 0.0815272
81.975, 1, 0.0815272
82, 1, 0.0815272
82.025, 1, 0.0813341
82.05, 1, 0.0813341
82.075, 1, 0.0813341
82.1, 1, 0.0813341
82.125, 1, 0.0812235
82.15, 1, 0.0812235
82.175, 1, 0.0811294
82.2, 1, 0.0811294
82.225, 1, 0.0810126
82.25, 1, 0.0809776
82.275, 1, 0.0809685
82.3, 1, 0.0809685
82.325, 1, 0.0809685
82.35, 1, 0.0809685
82.375, 1, 0.0809685
82.4, 1, 0.0809685
82.425, 1, 0.0815615
82.45, 1, 0.0815615
82.475, 1, 0.0815615
82.5, 1, 0.0815615
82.525, 1, 0.0815615
82.55, 1, 0.0820034
82.575, 1, 0.0819852
82.6, 1, 0.0819852
82.625, 1, 0.0815167
82.65, 1, 0.0805965
82.675, 1, 0.0793682
82.7, 1, 0.0779586
82.725, 1, 0.0779586
82.75, 1, 0.0779586
82.775, 1, 0.0766558
82.8, 1, 0.0753329
82.825, 1, 0.0753329
82.85, 1, 0.0753329
82.875, 1, 0.0753329
82.9, 1, 0.0741349
82.925, 1, 0.0741349
82.95, 1, 0.0741349
82.975, 1, 0.0741349
83, 1, 0.0731177
83.025, 1, 0.0731177
83.05, 1, 0.0731177
83.075, 1, 0.0722649
83.1, 1, 0.0717853
83.125, 1, 0.0717853
83.15, 1, 0.0717853
83.175, 1, 0.0713286
83.2, 1, 0.0713286
83.225, 1, 0.0713286
83.25, 1, 0.0713286
83.275, 1, 0.0713286
83.3, 1, 0.0713286
83.325, 1, 0.0712118
83.35, 1, 0.0716363
83.375, 1, 0.0716363
83.4, 1, 0.0716363
83.425, 1, 0.0716363
83.45, 1, 0.0716363
83.475, 1, 0.0716363
83.5, 1, 0.0716363
83.525, 1, 0.0716363
83.55, 1, 0.0716363
83.575, 1, 0.0727186
83.6, 1, 0.0727186
83.625, 1, 0.0736377
83.65, 1, 0.0743463
83.675, 1, 0.0743463
83.7, 1, 0.0744519
83.725, 1, 0.0744519
83.75, 1, 0.0738039
83.775, 1, 0.0738039
83.8, 1, 0.0738039
83.825, 1, 0.0726767
83.85, 1, 0.07099
83.875, 1, 0.07099
83.9, 1, 0.07099
83.925, 1, 0.0692352
83.95, 1, 0.0692352
83.975, 1, 0.0692352
84, 1, 0.0692352
84.025, 1, 0.0692352
84.05, 1, 0.0680539
84.075, 1, 0.0680539
84.1, 1, 0.0680539
84.125, 1, 0.0671015
84.15, 1, 0.0671015
84.175, 1, 0.0663489
84.2, 1, 0.0658044
84.225, 1, 0.0658044
84.25, 1, 0.0653765
84.275, 1, 0.065167
84.3, 1, 0.0651651
84.325, 1, 0.0653312
84.35, 1, 0.0656381
84.375, 1, 0.0656381
84.4, 1, 0.0656381
84.425, 1, 0.0656381
84.45, 1, 0.0659664
84.475, 1, 0.0659664
84.5, 1, 0.0663142
84.525, 1, 0.0663142
84.55, 1, 0.0666387
84.575, 1, 0.0666387
84.6, 1, 0.0666387
84.625, 1, 0.0666387
84.65, 1, 0.0666387
84.675, 1, 0.0666387
84.7, 1, 0.0666387
84.725, 1, 0.0666387
84.75, 1, 0.0677973
84.775, 1, 0.0677973
84.8, 1, 0.0677973
84.825, 1, 0.0681073
84.85, 1, 0.0681073
84.875, 1, 0.067565
84.9, 1, 0.067565
84.925, 1, 0.067565
84.95, 1, 0.0670337
84.975, 1, 0.0663008
85, 1, 0.0663008
85.025, 1, 0.0655994
85.05, 1, 0.0655994
85.075, 1, 0.0655994
85.1, 1, 0.0655994
85.125, 1, 0.0655994
85.15, 1, 0.0655994
85.175, 1, 0.0656505
85.2, 1, 0.0656988
85.225, 1, 0.0656988
85.25, 1, 0.0656988
85.275, 1, 0.0656988
85.3, 1, 0.0656988
85.325, 1, 0.0656988
85.35, 1, 0.0656988
85.375, 1, 0.0663232
85.4, 1, 0.0663232
85.425, 1, 0.0663232
85.45, 1, 0.0671722
85.475, 1, 0.0682452
85.5, 1, 0.0682452
85.525, 1, 0.0694314
85.55, 1, 0.0694314
85.575, 1, 0.0694314
85.6, 1, 0.0706025
85.625, 1, 0.0706025
85.65, 1, 0.0706025
85.675, 1, 0.0717051
85.7, 1, 0.0730876
85.725, 1, 0.0746723
85.75, 1, 0.0746723
85.775, 1, 0.0746723
85.8, 1, 0.0761931
85.825, 1, 0.0761931
85.85, 1, 0.0776741
85.875, 1, 0.079308
85.9, 1, 0.0810706
85.925, 1, 0.0810706
85.95, 1, 0.0810706
85.975, 1, 0.0810706
86, 1, 0.0810706
86.025, 1, 0.0831993
86.05, 1, 0.0831993
86.075, 1, 0.0851896
86.1, 1, 0.0851896
86.125, 1, 0.0851896
86.15, 1, 0.0851896
86.175, 1, 0.0865668
86.2, 1, 0.0865668
86.225, 1, 0.0865668
86.25, 1, 0.0873049
86.275, 1, 0.0873049
86.3, 1, 0.0872574
86.325, 1, 0.0861564
86.35, 1, 0.084273
86.375, 1, 0.0818054
86.4, 1, 0.0788841
86.425, 1, 0.0756453
86.45, 1, 0.0756453
86.475, 1, 0.0756453
86.5, 1, 0.0756453
86.525, 1, 0.0756453
86.55, 1, 0.0756453
86.575, 1, 0.0740534
86.6, 1, 0.0740534
86.625, 1, 0.0724902
86.65, 1, 0.0709753
86.675, 1, 0.0695701
86.7, 1, 0.0682893
86.725, 1, 0.0682893
86.75, 1, 0.0682893
86.775, 1, 0.0672571
86.8, 1, 0.0664709
86.825, 1, 0.0664709
86.85, 1, 0.0664709
86.875, 1, 0.0658666
86.9, 1, 0.0658666
86.925, 1, 0.0654425
86.95, 1, 0.0654425
86.975, 1, 0.0654425
87, 1, 0.0654425
87.025, 1, 0.0650281
87.05, 1, 0.0650281
87.075, 1, 0.0647166
87.1, 1, 0.0647929
87.125, 1, 0.0651112
87.15, 1, 0.0651112
87.175, 1, 0.0652795
87.2, 1, 0.0652795
87.225, 1, 0.0652795
87.25, 1, 0.0652795
87.275, 1, 0.066008
87.3, 1, 0.0666278
87.325, 1, 0.0670886
87.35, 1, 0.0670886
87.375, 1, 0.0670886
87.4, 1, 0.0670886
87.425, 1, 0.0674304
87.45, 1, 0.0669934
87.475, 1, 0.0660427
87.5, 1, 0.0648838
87.525, 1, 0.0648838
87.55, 1, 0.0641206
87.575, 1, 0.0641206
87.6, 1, 0.0641206
87.625, 1, 0.0641206
87.65, 1, 0.0638708
87.675, 1, 0.0634684
87.7, 1, 0.0629912
87.725, 1, 0.0629912
87.75, 1, 0.062656
87.775, 1, 0.062656
87.8, 1, 0.062656
87.825, 1, 0.062656
87.85, 1, 0.062656
87.875, 1, 0.062656
87.9, 1, 0.062656
87.925, 1, 0.0633447
87.95, 1, 0.0642103
87.975, 1, 0.0642103
88, 1, 0.0642103
88.025, 1, 0.0642103
88.05, 1, 0.0642103
88.075, 1, 0.0642103
88.1, 1, 0.0642103
88.125, 1, 0.0653048
88.15, 1, 0.0653048
88.175, 1, 0.0666801
88.2, 1, 0.0684274
88.225, 1, 0.0702897
88.25, 1, 0.0722188
88.275, 1, 0.0741543
88.3, 1, 0.0741543
88.325, 1, 0.0741543
88.35, 1, 0.0764956
88.375, 1, 0.0764956
88.4, 1, 0.0764956
88.425, 1, 0.0789454
88.45, 1, 0.0813956
88.475, 1, 0.0813956
88.5, 1, 0.0837553
88.525, 1, 0.0837553
88.55, 1, 0.0837553
88.575, 1, 0.0860819
88.6, 1, 0.0884113
88.625, 1, 0.0884113
88.65, 1, 0.0906561
88.675, 1, 0.0906561
88.7, 1, 0.0927745
88.725, 1, 0.0927745
88.75, 1, 0.0927745
88.775, 1, 0.0927745
88.8, 1, 0.0927745
88.825, 1, 0.0927745
88.85, 1, 0.0927745
88.875, 1, 0.0927745
88.9, 1, 0.0949176
88.925, 1, 0.0967493
88.95, 1, 0.098184
88.975, 1, 0.098184
89, 1, 0.0987893
89.025, 1, 0.0987893
89.05, 1, 0.0987893
89.075, 1, 0.0987893
89.1, 1, 0.0985922
89.125, 1, 0.0985922
89.15, 1, 0.0975334
89.175, 1, 0.0958314
89.2, 1, 0.0958314
89.225, 1, 0.0958314
89.25, 1, 0.0938328
89.275, 1, 0.0938328
89.3, 1, 0.0938328
89.325, 1, 0.0938328
89.35, 1, 0.0914783
89.375, 1, 0.0887482
89.4, 1, 0.0887482
89.425, 1, 0.0887482
89.45, 1, 0.0862183
89.475, 1, 0.083778
89.5, 1, 0.083778
89.525, 1, 0.083778
89.55, 1, 0.083778
89.575, 1, 0.0817756
89.6, 1, 0.0800299
89.625, 1, 0.0800299
89.65, 1, 0.0800299
89.675, 1, 0.0785005
89.7, 1, 0.0772535
89.725, 1, 0.0772535
89.75, 1, 0.0772535
89.775, 1, 0.0772535
89.8, 1, 0.0760393
89.825, 1, 0.0751198
89.85, 1, 0.0749108
89.875, 1, 0.0747889
89.9, 1, 0.0747889
89.925, 1, 0.0747889
89.95, 1, 0.0747889
89.975, 1, 0.0747889
