0, 8.04106, -2.69185
0.025, 8.04106, -2.69185
0.05, 8.04106, -2.69185
0.075, 8.04106, -2.69185
0.1, 8.04106, -2.69185
0.125, 1.61946, -0.16198
0.15, 1.61946, -0.16198
0.175, 44.7624, -0.116912
0.2, 2.82383, -0.160724
0.225, 1.15409, -0.162469
0.25, 1.15409, -0.162469
0.275, 0.252412, -0.163418
0.3, 0.252412, -0.163418
0.325, 0.252412, -0.163418
0.35, 0.244374, -0.163426
0.375, 0.244374, -0.163426
0.4, 0.244374, -0.163426
0.425, 0.244374, -0.163426
0.45, 0.244374, -0.163426
0.475, 0.2485, -0.163424
0.5, 0.252762, -0.163434
0.525, 0.264742, -0.163473
0.55, 0.264742, -0.163473
0.575, 0.264742, -0.163473
0.6, 0.320895, -0.164095
0.625, 0.44711, -0.168304
0.65, 0.44711, -0.168304
0.675, 0.638562, -0.184194
0.7, 0.782187, -0.218384
0.725, 0.917048, -0.274953
0.75, 0.917048, -0.274953
0.775, 1.56935, -0.783838
0.8, 1.56935, -0.783838
0.825, 0.811243, -2.31804
0.85, 1.20314, -2.06122
0.875, 1.33243, -1.96994
0.9, 1.33243, -1.96994
0.925, 1.33243, -1.96994
0.95, 1.33243, -1.96994
0.975, 0.455282, -2.44734
1, 1.07401, -2.11598
1.025, 1.26646, -2.00611
1.05, 1.36588, -1.95018
1.075, 1.422, -1.92016
1.1, 1.46131, -1.90047
1.125, 1.49443, -1.88496
1.15, 1.49443, -1.88496
1.175, 1.3888, -1.92603
1.2, 1.3888, -1.92603
1.225, 1.3888, -1.92603
1.25, 1.23603, -1.97669
1.275, 1.39692, -1.91727
1.3, 1.52583, -1.86984
1.325, 1.58356, -1.84903
1.35, 1.58356, -1.84903
1.375, 1.58356, -1.84903
1.4, 1.58356, -1.84903
1.425, 1.45362, -1.88019
1.45, 1.45362, -1.88019
1.475, 1.49637, -1.86844
1.5, 1.62004, -1.83138
1.525, 1.72436, -1.79989
1.55, 1.82105, -1.77102
1.575, 1.82105, -1.77102
1.6, 1.86161, -1.76037
1.625, 1.8547, -1.76209
1.65, 1.8547, -1.76209
1.675, 1.82869, -1.76695
1.7, 1.82869, -1.76695
1.725, 1.82869, -1.76695
1.75, 1.86318, -1.76113
1.775, 1.91459, -1.75171
1.8, 1.9699, -1.74158
1.825, 2.00368, -1.7355
1.85, 2.02732, -1.73164
1.875, 2.05042, -1.72816
1.9, 2.05042, -1.72816
1.925, 2.06867, -1.72425
1.95, 2.11118, -1.71835
1.975, 2.15721, -1.71159
2, 2.15721, -1.71159
2.025, 2.16213, -1.70804
2.05, 2.16213, -1.70804
2.075, 2.16213, -1.70804
2.1, 2.16213, -1.70804
2.125, 2.18274, -1.70964
2.15, 2.18274, -1.70964
2.175, 2.18274, -1.70964
2.2, 2.18275, -1.70967
2.225, 2.18275, -1.70967
2.25, 2.18275, -1.70967
2.275, 2.18275, -1.70967
2.3, 2.18275, -1.70967
2.325, 2.17731, -1.7096
2.35, 2.21166, -1.70354
2.375, 2.21166, -1.70354
2.4, 2.21166, -1.70354
2.425, 2.21166, -1.70354
2.45, 2.14907, -1.70257
2.475, 2.11588, -1.69028
2.5, 2.11588, -1.69028
2.525, 2.03219, -1.68408
2.55, 1.95498, -1.67377
2.575, 1.95498, -1.67377
2.6, 1.95498, -1.67377
2.625, 1.80303, -1.66926
2.65, 1.80303, -1.66926
2.675, 1.61222, -1.66187
2.7, 1.61222, -1.66187
2.725, 1.61222, -1.66187
2.75, 1.61222, -1.66187
2.775, 1.60247, -1.66165
2.8, 1.55611, -1.65928
2.825, 1.55099, -1.65901
2.85, 1.55099, -1.65901
2.875, 1.55099, -1.65901
2.9, 1.50427, -1.65418
2.925, 1.50427, -1.65418
2.95, 1.50427, -1.65418
2.975, 1.43995, -1.64808
3, 1.44321, -1.64818
3.025, 1.48521, -1.6495
3.05, 1.48521, -1.6495
3.075, 1.48521, -1.6495
3.1, 1.48521, -1.6495
3.125, 1.48521, -1.6495
3.15, 1.49357, -1.63965
3.175, 1.56522, -1.6443
3.2, 1.56522, -1.6443
3.225, 1.56522, -1.6443
3.25, 1.56522, -1.6443
3.275, 1.56522, -1.6443
3.3, 1.56522, -1.6443
3.325, 1.58669, -1.63841
3.35, 1.58669, -1.63841
3.375, 1.60439, -1.64833
3.4, 1.60439, -1.64833
3.425, 1.60439, -1.64833
3.45, 1.60439, -1.64833
3.475, 1.60439, -1.64833
3.5, 1.60439, -1.64833
3.525, 1.60439, -1.64833
3.55, 1.60439, -1.64833
3.575, 1.60439, -1.64833
3.6, 1.60439, -1.64833
3.625, 1.60439, -1.64833
3.65, 1.60439, -1.64833
3.675, 1.82375, -1.63081
3.7, 1.82375, -1.63081
3.725, 1.70329, -1.65187
3.75, 1.70329, -1.65187
3.775, 1.59077, -1.66808
3.8, 1.59077, -1.66808
3.825, 1.59077, -1.66808
3.85, 1.58013, -1.6695
3.875, 1.58013, -1.6695
3.9, 1.58013, -1.6695
3.925, 1.55034, -1.67334
3.95, 1.55034, -1.67334
3.975, 1.55034, -1.67334
4, 1.55034, -1.67334
4.025, 1.55034, -1.67334
4.05, 1.56092, -1.67208
4.075, 1.56092, -1.67208
4.1, 1.56092, -1.67208
4.125, 1.59049, -1.66838
4.15, 1.64854, -1.6631
4.175, 1.64854, -1.6631
4.2, 1.64854, -1.6631
4.225, 1.65309, -1.66239
4.25, 1.68995, -1.65857
4.275, 1.68995, -1.65857
4.3, 1.68995, -1.65857
4.325, 1.68995, -1.65857
4.35, 1.68945, -1.65744
4.375, 1.70858, -1.65365
4.4, 1.72239, -1.64992
4.425, 1.72239, -1.64992
4.45, 1.71368, -1.64568
4.475, 1.70478, -1.64113
4.5, 1.70478, -1.64113
4.525, 1.68756, -1.63862
4.55, 1.68756, -1.63862
4.575, 1.68756, -1.63862
4.6, 1.68756, -1.63862
4.625, 1.70001, -1.63958
4.65, 1.70001, -1.63958
4.675, 1.70001, -1.63958
4.7, 1.6575, -1.63681
4.725, 1.6575, -1.63681
4.75, 1.62345, -1.63468
4.775, 1.60761, -1.63374
4.8, 1.61079, -1.63392
4.825, 1.61079, -1.63392
4.85, 1.61079, -1.63392
4.875, 1.61079, -1.63392
4.9, 1.61079, -1.63392
4.925, 1.61561, -1.63425
4.95, 1.66316, -1.63652
4.975, 1.66316, -1.63652
5, 1.66316, -1.63652
5.025, 1.66316, -1.63652
5.05, 1.66316, -1.63652
5.075, 1.67476, -1.63765
5.1, 1.67476, -1.63765
5.125, 1.67476, -1.63765
5.15, 1.67476, -1.63765
5.175, 1.69044, -1.63924
5.2, 1.76901, -1.64363
5.225, 1.76901, -1.64363
5.25, 1.76901, -1.64363
5.275, 1.76901, -1.64363
5.3, 1.76901, -1.64363
5.325, 1.76476, -1.6425
5.35, 1.81535, -1.64605
5.375, 1.81535, -1.64605
5.4, 1.85421, -1.65271
5.425, 1.85421, -1.65271
5.45, 1.85822, -1.66262
5.475, 1.85822, -1.66262
5.5, 1.84019, -1.66828
5.525, 1.84085, -1.67073
5.55, 1.84085, -1.67073
5.575, 1.84085, -1.67073
5.6, 1.82186, -1.67389
5.625, 1.79303, -1.67849
5.65, 1.79303, -1.67849
5.675, 1.79303, -1.67849
5.7, 1.79303, -1.67849
5.725, 1.79303, -1.67849
5.75, 1.79303, -1.67849
5.775, 1.79303, -1.67849
5.8, 1.73101, -1.68152
5.825, 1.73101, -1.68152
5.85, 1.62472, -1.68719
5.875, 1.62472, -1.68719
5.9, 1.55418, -1.69061
5.925, 1.55418, -1.69061
5.95, 1.55418, -1.69061
5.975, 1.55418, -1.69061
6, 1.55418, -1.69061
6.025, 1.55418, -1.69061
6.05, 1.55418, -1.69061
6.075, 1.55418, -1.69061
6.1, 1.49512, -1.69595
6.125, 1.49512, -1.69595
6.15, 1.49512, -1.69595
6.175, 1.53341, -1.69418
6.2, 1.63929, -1.6903
6.225, 1.73085, -1.68689
6.25, 1.73085, -1.68689
6.275, 1.75354, -1.68573
6.3, 1.75354, -1.68573
6.325, 1.76632, -1.68499
6.35, 1.76632, -1.68499
6.375, 1.76632, -1.68499
6.4, 1.76632, -1.68499
6.425, 1.76072, -1.68404
6.45, 1.81564, -1.67997
6.475, 1.81564, -1.67997
6.5, 1.81564, -1.67997
6.525, 1.80877, -1.67955
6.55, 1.81409, -1.67637
6.575, 1.80412, -1.67283
6.6, 1.80412, -1.67283
6.625, 1.7575, -1.66996
6.65, 1.7575, -1.66996
6.675, 1.63254, -1.66454
6.7, 1.63254, -1.66454
6.725, 1.63254, -1.66454
6.75, 1.63254, -1.66454
6.775, 1.53152, -1.66282
6.8, 1.39494, -1.6582
6.825, 1.3061, -1.65532
6.85, 1.27011, -1.65417
6.875, 1.27011, -1.65417
6.9, 1.27011, -1.65417
6.925, 1.27011, -1.65417
6.95, 1.27011, -1.65417
6.975, 1.25411, -1.65338
7, 1.29112, -1.6544
7.025, 1.30988, -1.65487
7.05, 1.30988, -1.65487
7.075, 1.30988, -1.65487
7.1, 1.3493, -1.6571
7.125, 1.3493, -1.6571
7.15, 1.41338, -1.66028
7.175, 1.526, -1.6635
7.2, 1.526, -1.6635
7.225, 1.54003, -1.66441
7.25, 1.54003, -1.66441
7.275, 1.58139, -1.66739
7.3, 1.66891, -1.67088
7.325, 1.74661, -1.67482
7.35, 1.79969, -1.67825
7.375, 1.79969, -1.67825
7.4, 1.79969, -1.67825
7.425, 1.79969, -1.67825
7.45, 1.8084, -1.67622
7.475, 1.8084, -1.67622
7.5, 1.78712, -1.68542
7.525, 1.78712, -1.68542
7.55, 1.73467, -1.69515
7.575, 1.70004, -1.70702
7.6, 1.66034, -1.71745
7.625, 1.6188, -1.72599
7.65, 1.57385, -1.73378
7.675, 1.50957, -1.74265
7.7, 1.50957, -1.74265
7.725, 1.38793, -1.75291
7.75, 1.38793, -1.75291
7.775, 1.38793, -1.75291
7.8, 1.46595, -1.74777
7.825, 1.49601, -1.74548
7.85, 1.54798, -1.74157
7.875, 1.54798, -1.74157
7.9, 1.56934, -1.74006
7.925, 1.56934, -1.74006
7.95, 1.56934, -1.74006
7.975, 1.56934, -1.74006
8, 1.47911, -1.74523
8.025, 1.45833, -1.74622
8.05, 1.45833, -1.74622
8.075, 1.56341, -1.74139
8.1, 1.64946, -1.73767
8.125, 1.7152, -1.73504
8.15, 1.7152, -1.73504
8.175, 1.72302, -1.73473
8.2, 1.72302, -1.73473
8.225, 1.72302, -1.73473
8.25, 1.71787, -1.73506
8.275, 1.81464, -1.7318
8.3, 1.81464, -1.7318
8.325, 1.82299, -1.73146
8.35, 1.82299, -1.73146
8.375, 1.82299, -1.73146
8.4, 1.82821, -1.73171
8.425, 1.82821, -1.73171
8.45, 1.82821, -1.73171
8.475, 1.82821, -1.73171
8.5, 1.82821, -1.73171
8.525, 1.82821, -1.73171
8.55, 1.92456, -1.73027
8.575, 1.96913, -1.72736
8.6, 1.96913, -1.72736
8.625, 1.96065, -1.72532
8.65, 1.96065, -1.72532
8.675, 1.96065, -1.72532
8.7, 1.87975, -1.72409
8.725, 1.87975, -1.72409
8.75, 1.87975, -1.72409
8.775, 1.87975, -1.72409
8.8, 1.85506, -1.72397
8.825, 1.7649, -1.71863
8.85, 1.7649, -1.71863
8.875, 1.66928, -1.71467
8.9, 1.66928, -1.71467
8.925, 1.66928, -1.71467
8.95, 1.66928, -1.71467
8.975, 1.66928, -1.71467
9, 1.59171, -1.71231
9.025, 1.49721, -1.70839
9.05, 1.41351, -1.70504
9.075, 1.41351, -1.70504
9.1, 1.41351, -1.70504
9.125, 1.41351, -1.70504
9.15, 1.3764, -1.7029
9.175, 1.43482, -1.70524
9.2, 1.46704, -1.70667
9.225, 1.46704, -1.70667
9.25, 1.43502, -1.7044
9.275, 1.43154, -1.70428
9.3, 1.43285, -1.70432
9.325, 1.43504, -1.7044
9.35, 1.46072, -1.70539
9.375, 1.50566, -1.70762
9.4, 1.50566, -1.70762
9.425, 1.50566, -1.70762
9.45, 1.5053, -1.70646
9.475, 1.5053, -1.70646
9.5, 1.5053, -1.70646
9.525, 1.5053, -1.70646
9.55, 1.5053, -1.70646
9.575, 1.55589, -1.68962
9.6, 1.55589, -1.68962
9.625, 1.55589, -1.68962
9.65, 1.55559, -1.69262
9.675, 1.55559, -1.69262
9.7, 1.55559, -1.69262
9.725, 1.55559, -1.69262
9.75, 1.55526, -1.69268
9.775, 1.5501, -1.70211
9.8, 1.5317, -1.71123
9.825, 1.5317, -1.71123
9.85, 1.5317, -1.71123
9.875, 1.5317, -1.71123
9.9, 1.53335, -1.71105
9.925, 1.50135, -1.71643
9.95, 1.4677, -1.72157
9.975, 1.43319, -1.72617
10, 1.43319, -1.72617
10.025, 1.4148, -1.72799
10.05, 1.38628, -1.73066
10.075, 1.35794, -1.73307
10.1, 1.35794, -1.73307
10.125, 1.35794, -1.73307
10.15, 1.35794, -1.73307
10.175, 1.35794, -1.73307
10.2, 1.35794, -1.73307
10.225, 1.37011, -1.73204
10.25, 1.37011, -1.73204
10.275, 1.38034, -1.7314
10.3, 1.42814, -1.72883
10.325, 1.47831, -1.72613
10.35, 1.47831, -1.72613
10.375, 1.47831, -1.72613
10.4, 1.47831, -1.72613
10.425, 1.47831, -1.72613
10.45, 1.47831, -1.72613
10.475, 1.49089, -1.72662
10.5, 1.57881, -1.72162
10.525, 1.57881, -1.72162
10.55, 1.57881, -1.72162
10.575, 1.57881, -1.72162
10.6, 1.58068, -1.72222
10.625, 1.62243, -1.7193
10.65, 1.67713, -1.71504
10.675, 1.67713, -1.71504
10.7, 1.67713, -1.71504
10.725, 1.65584, -1.71321
10.75, 1.66045, -1.70712
10.775, 1.66045, -1.70712
10.8, 1.66045, -1.70712
10.825, 1.66045, -1.70712
10.85, 1.66045, -1.70712
10.875, 1.68896, -1.70736
10.9, 1.63637, -1.70276
10.925, 1.58529, -1.69873
10.95, 1.58529, -1.69873
10.975, 1.58529, -1.69873
11, 1.51815, -1.69592
11.025, 1.51815, -1.69592
11.05, 1.51815, -1.69592
11.075, 1.51815, -1.69592
11.1, 1.51815, -1.69592
11.125, 1.51815, -1.69592
11.15, 1.48232, -1.6943
11.175, 1.43384, -1.6924
11.2, 1.43384, -1.6924
11.225, 1.43384, -1.6924
11.25, 1.40217, -1.69086
11.275, 1.4138, -1.69127
11.3, 1.44648, -1.69244
11.325, 1.48856, -1.69402
11.35, 1.48856, -1.69402
11.375, 1.48856, -1.69402
11.4, 1.46872, -1.69219
11.425, 1.5006, -1.69336
11.45, 1.53917, -1.69489
11.475, 1.57892, -1.69674
11.5, 1.57892, -1.69674
11.525, 1.59644, -1.69895
11.55, 1.59644, -1.69895
11.575, 1.59644, -1.69895
11.6, 1.59644, -1.69895
11.625, 1.59644, -1.69895
11.65, 1.59644, -1.69895
11.675, 1.62931, -1.68983
11.7, 1.62931, -1.68983
11.725, 1.62931, -1.68983
11.75, 1.62931, -1.68983
11.775, 1.60635, -1.69408
11.8, 1.60635, -1.69408
11.825, 1.59243, -1.69808
11.85, 1.59243, -1.69808
11.875, 1.59243, -1.69808
11.9, 1.59243, -1.69808
11.925, 1.57913, -1.69969
11.95, 1.57913, -1.69969
11.975, 1.57913, -1.69969
12, 1.57913, -1.69969
12.025, 1.57913, -1.69969
12.05, 1.57913, -1.69969
12.075, 1.57913, -1.69969
12.1, 1.61297, -1.6973
12.125, 1.61297, -1.6973
12.15, 1.61297, -1.6973
12.175, 1.58716, -1.6994
12.2, 1.57364, -1.70045
12.225, 1.57364, -1.70045
12.25, 1.57364, -1.70045
12.275, 1.57364, -1.70045
12.3, 1.57364, -1.70045
12.325, 1.53026, -1.70443
12.35, 1.53026, -1.70443
12.375, 1.53026, -1.70443
12.4, 1.53026, -1.70443
12.425, 1.52336, -1.70501
12.45, 1.52336, -1.70501
12.475, 1.5649, -1.70209
12.5, 1.63324, -1.69792
12.525, 1.69753, -1.69402
12.55, 1.74497, -1.69111
12.575, 1.74497, -1.69111
12.6, 1.75312, -1.69038
12.625, 1.75312, -1.69038
12.65, 1.75889, -1.68977
12.675, 1.75889, -1.68977
12.7, 1.76663, -1.68866
12.725, 1.78948, -1.6864
12.75, 1.81568, -1.68341
12.775, 1.84258, -1.67923
12.8, 1.84258, -1.67923
12.825, 1.83394, -1.67739
12.85, 1.83424, -1.67381
12.875, 1.83424, -1.67381
12.9, 1.83424, -1.67381
12.925, 1.80996, -1.67257
12.95, 1.80996, -1.67257
12.975, 1.80996, -1.67257
13, 1.80996, -1.67257
13.025, 1.80996, -1.67257
13.05, 1.79255, -1.67217
13.075, 1.79255, -1.67217
13.1, 1.79255, -1.67217
13.125, 1.79255, -1.67217
13.15, 1.79255, -1.67217
13.175, 1.83119, -1.67352
13.2, 1.79786, -1.67178
13.225, 1.74676, -1.66936
13.25, 1.74676, -1.66936
13.275, 1.74676, -1.66936
13.3, 1.64997, -1.66526
13.325, 1.59635, -1.66337
13.35, 1.59635, -1.66337
13.375, 1.59635, -1.66337
13.4, 1.59635, -1.66337
13.425, 1.59635, -1.66337
13.45, 1.59635, -1.66337
13.475, 1.55217, -1.65799
13.5, 1.55217, -1.65799
13.525, 1.55217, -1.65799
13.55, 1.55217, -1.65799
13.575, 1.5438, -1.65699
13.6, 1.63269, -1.66091
13.625, 1.63269, -1.66091
13.65, 1.67334, -1.66417
13.675, 1.67334, -1.66417
13.7, 1.67334, -1.66417
13.725, 1.67813, -1.6652
13.75, 1.67813, -1.6652
13.775, 1.67813, -1.6652
13.8, 1.67813, -1.6652
13.825, 1.67708, -1.66554
13.85, 1.73443, -1.67311
13.875, 1.73443, -1.67311
13.9, 1.73443, -1.67311
13.925, 1.72994, -1.67417
13.95, 1.74502, -1.68064
13.975, 1.74502, -1.68064
14, 1.72025, -1.6867
14.025, 1.68885, -1.69644
14.05, 1.68885, -1.69644
14.075, 1.63038, -1.7032
14.1, 1.58455, -1.7096
14.125, 1.58455, -1.7096
14.15, 1.58455, -1.7096
14.175, 1.59699, -1.70853
14.2, 1.58121, -1.71011
14.225, 1.58121, -1.71011
14.25, 1.53558, -1.71378
14.275, 1.53558, -1.71378
14.3, 1.47515, -1.71754
14.325, 1.47515, -1.71754
14.35, 1.47515, -1.71754
14.375, 1.47515, -1.71754
14.4, 1.47515, -1.71754
14.425, 1.47515, -1.71754
14.45, 1.47515, -1.71754
14.475, 1.47515, -1.71754
14.5, 1.47515, -1.71754
14.525, 1.47284, -1.71984
14.55, 1.47284, -1.71984
14.575, 1.53114, -1.7164
14.6, 1.63582, -1.71161
14.625, 1.71839, -1.70792
14.65, 1.78641, -1.70491
14.675, 1.78641, -1.70491
14.7, 1.78641, -1.70491
14.725, 1.78641, -1.70491
14.75, 1.79214, -1.70555
14.775, 1.85507, -1.70229
14.8, 1.85507, -1.70229
14.825, 1.85507, -1.70229
14.85, 1.84897, -1.70151
14.875, 1.895, -1.69776
14.9, 1.895, -1.69776
14.925, 1.895, -1.69776
14.95, 1.895, -1.69776
14.975, 1.86713, -1.69723
15, 1.86713, -1.69723
15.025, 1.83271, -1.69506
15.05, 1.83271, -1.69506
15.075, 1.81493, -1.69399
15.1, 1.81493, -1.69399
15.125, 1.81493, -1.69399
15.15, 1.81493, -1.69399
15.175, 1.81493, -1.69399
15.2, 1.81493, -1.69399
15.225, 1.81493, -1.69399
15.25, 1.82748, -1.69419
15.275, 1.82748, -1.69419
15.3, 1.82748, -1.69419
15.325, 1.77513, -1.69215
15.35, 1.70004, -1.68948
15.375, 1.61873, -1.68693
15.4, 1.61873, -1.68693
15.425, 1.61873, -1.68693
15.45, 1.60746, -1.6865
15.475, 1.64083, -1.6876
15.5, 1.67633, -1.6889
15.525, 1.7064, -1.69005
15.55, 1.70649, -1.69006
15.575, 1.68898, -1.68949
15.6, 1.66164, -1.68874
15.625, 1.62378, -1.68778
15.65, 1.61642, -1.68761
15.675, 1.61642, -1.68761
15.7, 1.64265, -1.68929
15.725, 1.64265, -1.68929
15.75, 1.64265, -1.68929
15.775, 1.63948, -1.68756
15.8, 1.66681, -1.68914
15.825, 1.66681, -1.68914
15.85, 1.66681, -1.68914
15.875, 1.66681, -1.68914
15.9, 1.67124, -1.68614
15.925, 1.67124, -1.68614
15.95, 1.67124, -1.68614
15.975, 1.66675, -1.68799
16, 1.66675, -1.68799
16.025, 1.65452, -1.693
16.05, 1.64738, -1.69844
16.075, 1.64738, -1.69844
16.1, 1.61456, -1.70368
16.125, 1.57013, -1.71117
16.15, 1.57013, -1.71117
16.175, 1.57013, -1.71117
16.2, 1.57013, -1.71117
16.225, 1.57013, -1.71117
16.25, 1.61382, -1.70783
16.275, 1.56398, -1.71226
16.3, 1.56398, -1.71226
16.325, 1.56398, -1.71226
16.35, 1.5083, -1.71611
16.375, 1.5083, -1.71611
16.4, 1.5083, -1.71611
16.425, 1.5083, -1.71611
16.45, 1.50992, -1.71601
16.475, 1.50992, -1.71601
16.5, 1.50992, -1.71601
16.525, 1.47432, -1.71809
16.55, 1.47432, -1.71809
16.575, 1.47315, -1.71815
16.6, 1.47315, -1.71815
16.625, 1.50295, -1.71657
16.65, 1.50295, -1.71657
16.675, 1.53771, -1.71467
16.7, 1.53771, -1.71467
16.725, 1.53771, -1.71467
16.75, 1.5395, -1.71453
16.775, 1.61789, -1.71055
16.8, 1.67242, -1.70759
16.825, 1.71159, -1.70527
16.85, 1.74173, -1.70337
16.875, 1.74173, -1.70337
16.9, 1.74173, -1.70337
16.925, 1.74173, -1.70337
16.95, 1.74612, -1.70353
16.975, 1.78191, -1.69938
17, 1.78191, -1.69938
17.025, 1.78191, -1.69938
17.05, 1.75308, -1.69912
17.075, 1.75308, -1.69912
17.1, 1.75308, -1.69912
17.125, 1.75308, -1.69912
17.15, 1.75308, -1.69912
17.175, 1.85859, -1.69856
17.2, 1.82622, -1.69597
17.225, 1.78288, -1.69313
17.25, 1.78288, -1.69313
17.275, 1.78288, -1.69313
17.3, 1.71186, -1.69076
17.325, 1.63644, -1.68776
17.35, 1.6012, -1.68643
17.375, 1.59997, -1.68638
17.4, 1.58405, -1.68571
17.425, 1.58405, -1.68571
17.45, 1.58405, -1.68571
17.475, 1.58405, -1.68571
17.5, 1.58405, -1.68571
17.525, 1.5184, -1.68088
17.55, 1.53477, -1.68139
17.575, 1.53477, -1.68139
17.6, 1.53477, -1.68139
17.625, 1.53016, -1.68101
17.65, 1.57195, -1.68249
17.675, 1.60582, -1.68366
17.7, 1.63452, -1.68469
17.725, 1.65953, -1.68566
17.75, 1.65953, -1.68566
17.775, 1.65953, -1.68566
17.8, 1.65953, -1.68566
17.825, 1.65953, -1.68566
17.85, 1.67315, -1.67902
17.875, 1.72005, -1.68266
17.9, 1.74937, -1.68522
17.925, 1.74937, -1.68522
17.95, 1.74937, -1.68522
17.975, 1.74884, -1.6878
18, 1.74884, -1.6878
18.025, 1.74884, -1.6878
18.05, 1.74884, -1.6878
18.075, 1.74884, -1.6878
18.1, 1.74884, -1.6878
18.125, 1.74884, -1.6878
18.15, 1.89027, -1.67464
18.175, 1.89027, -1.67464
18.2, 1.85948, -1.67984
18.225, 1.85948, -1.67984
18.25, 1.7844, -1.68928
18.275, 1.7844, -1.68928
18.3, 1.7844, -1.68928
18.325, 1.7844, -1.68928
18.35, 1.7844, -1.68928
18.375, 1.7844, -1.68928
18.4, 1.77395, -1.68998
18.425, 1.77395, -1.68998
18.45, 1.77395, -1.68998
18.475, 1.77395, -1.68998
18.5, 1.77395, -1.68998
18.525, 1.72324, -1.6938
18.55, 1.72785, -1.69352
18.575, 1.72785, -1.69352
18.6, 1.7206, -1.69394
18.625, 1.73013, -1.69345
18.65, 1.73761, -1.69308
18.675, 1.74573, -1.69269
18.7, 1.76025, -1.69199
18.725, 1.78032, -1.69099
18.75, 1.80795, -1.68962
18.775, 1.84054, -1.68802
18.8, 1.87037, -1.6866
18.825, 1.87037, -1.6866
18.85, 1.87037, -1.6866
18.875, 1.86998, -1.68666
18.9, 1.88919, -1.68551
18.925, 1.904, -1.68447
18.95, 1.91703, -1.68342
18.975, 1.92826, -1.68239
19, 1.92826, -1.68239
19.025, 1.93113, -1.6815
19.05, 1.94327, -1.67943
19.075, 1.94327, -1.67943
19.1, 1.92834, -1.67714
19.125, 1.9108, -1.67341
19.15, 1.88089, -1.6694
19.175, 1.88089, -1.6694
19.2, 1.88089, -1.6694
19.225, 1.88089, -1.6694
19.25, 1.86737, -1.66891
19.275, 1.86737, -1.66891
19.3, 1.86737, -1.66891
19.325, 1.82211, -1.66678
19.35, 1.73915, -1.66201
19.375, 1.73915, -1.66201
19.4, 1.73915, -1.66201
19.425, 1.73915, -1.66201
19.45, 1.76672, -1.66329
19.475, 1.76672, -1.66329
19.5, 1.76672, -1.66329
19.525, 1.71349, -1.65979
19.55, 1.71349, -1.65979
19.575, 1.71349, -1.65979
19.6, 1.60373, -1.6542
19.625, 1.60373, -1.6542
19.65, 1.60373, -1.6542
19.675, 1.64019, -1.65602
19.7, 1.70784, -1.65918
19.725, 1.7747, -1.66246
19.75, 1.8278, -1.66517
19.775, 1.8278, -1.66517
19.8, 1.8278, -1.66517
19.825, 1.8278, -1.66517
19.85, 1.8278, -1.66517
19.875, 1.79623, -1.65867
19.9, 1.79623, -1.65867
19.925, 1.79623, -1.65867
19.95, 1.79623, -1.65867
19.975, 1.79623, -1.65867
20, 1.79623, -1.65867
20, 1.76332, -1.6798
20.025, 1.76332, -1.6798
20.05, 1.76332, -1.6798
20.075, 1.76582, -1.67881
20.1, 1.76582, -1.67881
20.125, 1.76979, -1.67801
20.15, 1.77562, -1.67741
20.175, 1.78295, -1.67698
20.2, 1.79142, -1.67669
20.225, 1.80076, -1.67653
20.25, 1.81076, -1.67648
20.275, 1.81076, -1.67648
20.3, 1.81076, -1.67648
20.325, 1.81076, -1.67648
20.35, 1.81076, -1.67648
20.375, 1.81076, -1.67648
20.4, 1.81076, -1.67648
20.425, 1.82052, -1.6764
20.45, 1.8304, -1.67642
20.475, 1.8304, -1.67642
20.5, 1.8304, -1.67642
20.525, 1.8304, -1.67642
20.55, 1.83975, -1.67655
20.575, 1.83975, -1.67655
20.6, 1.84871, -1.67679
20.625, 1.84871, -1.67679
20.65, 1.84871, -1.67679
20.675, 1.84871, -1.67679
20.7, 1.8575, -1.67699
20.725, 1.8575, -1.67699
20.75, 1.8575, -1.67699
20.775, 1.8575, -1.67699
20.8, 1.8575, -1.67699
20.825, 1.86519, -1.67734
20.85, 1.87172, -1.67795
20.875, 1.87172, -1.67795
20.9, 1.87674, -1.67874
20.925, 1.87674, -1.67874
20.95, 1.8816, -1.67948
20.975, 1.8816, -1.67948
21, 1.8816, -1.67948
21.025, 1.8816, -1.67948
21.05, 1.8816, -1.67948
21.075, 1.88626, -1.68021
21.1, 1.89067, -1.68092
21.125, 1.89067, -1.68092
21.15, 1.89067, -1.68092
21.175, 1.89489, -1.6816
21.2, 1.89489, -1.6816
21.225, 1.89925, -1.68222
21.25, 1.90374, -1.68278
21.275, 1.90843, -1.68326
21.3, 1.90843, -1.68326
21.325, 1.91316, -1.68369
21.35, 1.91792, -1.68407
21.375, 1.91792, -1.68407
21.4, 1.92272, -1.68439
21.425, 1.92272, -1.68439
21.45, 1.92272, -1.68439
21.475, 1.92272, -1.68439
21.5, 1.92272, -1.68439
21.525, 1.92737, -1.6847
21.55, 1.92737, -1.6847
21.575, 1.93193, -1.68496
21.6, 1.93193, -1.68496
21.625, 1.93639, -1.68519
21.65, 1.93639, -1.68519
21.675, 1.93639, -1.68519
21.7, 1.93639, -1.68519
21.725, 1.94051, -1.68537
21.75, 1.94051, -1.68537
21.775, 1.94051, -1.68537
21.8, 1.94434, -1.68553
21.825, 1.94782, -1.68564
21.85, 1.94782, -1.68564
21.875, 1.94782, -1.68564
21.9, 1.95073, -1.6857
21.925, 1.95319, -1.68574
21.95, 1.95319, -1.68574
21.975, 1.9555, -1.68576
22, 1.9555, -1.68576
22.025, 1.9555, -1.68576
22.05, 1.9555, -1.68576
22.075, 1.9555, -1.68576
22.1, 1.95733, -1.68574
22.125, 1.95825, -1.68567
22.15, 1.95803, -1.68554
22.175, 1.95803, -1.68554
22.2, 1.95803, -1.68554
22.225, 1.95814, -1.68544
22.25, 1.95814, -1.68544
22.275, 1.95814, -1.68544
22.3, 1.95814, -1.68544
22.325, 1.95814, -1.68544
22.35, 1.95831, -1.68529
22.375, 1.95826, -1.68514
22.4, 1.95826, -1.68514
22.425, 1.95779, -1.68496
22.45, 1.95779, -1.68496
22.475, 1.95779, -1.68496
22.5, 1.95734, -1.6848
22.525, 1.95734, -1.6848
22.55, 1.95734, -1.6848
22.575, 1.95697, -1.68465
22.6, 1.95697, -1.68465
22.625, 1.95697, -1.68465
22.65, 1.95697, -1.68465
22.675, 1.95656, -1.68449
22.7, 1.95656, -1.68449
22.725, 1.95656, -1.68449
22.75, 1.95656, -1.68449
22.775, 1.95656, -1.68449
22.8, 1.95615, -1.68433
22.825, 1.95586, -1.68419
22.85, 1.95572, -1.68406
22.875, 1.95572, -1.68406
22.9, 1.95564, -1.68396
22.925, 1.95563, -1.68389
22.95, 1.95563, -1.68389
22.975, 1.95563, -1.68389
23, 1.95563, -1.68389
23.025, 1.95563, -1.68389
23.05, 1.95563, -1.68389
23.075, 1.955, -1.68387
23.1, 1.95386, -1.68389
23.125, 1.95386, -1.68389
23.15, 1.95386, -1.68389
23.175, 1.95386, -1.68389
23.2, 1.95165, -1.68397
23.225, 1.95165, -1.68397
23.25, 1.94941, -1.68405
23.275, 1.94941, -1.68405
23.3, 1.94941, -1.68405
23.325, 1.94728, -1.68413
23.35, 1.94728, -1.68413
23.375, 1.94728, -1.68413
23.4, 1.94728, -1.68413
23.425, 1.94445, -1.68424
23.45, 1.94109, -1.68437
23.475, 1.94109, -1.68437
23.5, 1.94109, -1.68437
23.525, 1.94109, -1.68437
23.55, 1.93846, -1.68448
23.575, 1.93846, -1.68448
23.6, 1.93646, -1.68454
23.625, 1.93646, -1.68454
23.65, 1.93407, -1.68463
23.675, 1.93407, -1.68463
23.7, 1.93407, -1.68463
23.725, 1.93407, -1.68463
23.75, 1.93407, -1.68463
23.775, 1.93407, -1.68463
23.8, 1.93254, -1.68468
23.825, 1.93254, -1.68468
23.85, 1.93254, -1.68468
23.875, 1.93254, -1.68468
23.9, 1.93254, -1.68468
23.925, 1.9312, -1.68472
23.95, 1.9312, -1.68472
23.975, 1.9312, -1.68472
24, 1.9312, -1.68472
24.025, 1.9312, -1.68472
24.05, 1.92983, -1.68476
24.075, 1.92983, -1.68476
24.1, 1.92983, -1.68476
24.125, 1.92983, -1.68476
24.15, 1.92983, -1.68476
24.175, 1.92983, -1.68476
24.2, 1.92983, -1.68476
24.225, 1.92852, -1.68479
24.25, 1.92716, -1.68481
24.275, 1.92716, -1.68481
24.3, 1.92581, -1.68483
24.325, 1.92581, -1.68483
24.35, 1.92581, -1.68483
24.375, 1.92452, -1.68484
24.4, 1.92452, -1.68484
24.425, 1.92452, -1.68484
24.45, 1.92323, -1.68486
24.475, 1.92193, -1.68487
24.5, 1.92055, -1.68487
24.525, 1.92055, -1.68487
24.55, 1.92055, -1.68487
24.575, 1.91928, -1.68488
24.6, 1.91808, -1.68489
24.625, 1.91808, -1.68489
24.65, 1.91693, -1.6849
24.675, 1.91693, -1.6849
24.7, 1.91577, -1.6849
24.725, 1.91577, -1.6849
24.75, 1.91577, -1.6849
24.775, 1.91577, -1.6849
24.8, 1.91469, -1.68492
24.825, 1.91469, -1.68492
24.85, 1.91339, -1.68498
24.875, 1.91339, -1.68498
24.9, 1.91204, -1.68503
24.925, 1.91079, -1.68508
24.95, 1.91079, -1.68508
24.975, 1.91079, -1.68508
25, 1.91079, -1.68508
25.025, 1.90944, -1.68513
25.05, 1.90813, -1.68517
25.075, 1.90813, -1.68517
25.1, 1.90813, -1.68517
25.125, 1.90813, -1.68517
25.15, 1.90651, -1.68523
25.175, 1.90651, -1.68523
25.2, 1.90482, -1.6853
25.225, 1.90316, -1.68537
25.25, 1.90316, -1.68537
25.275, 1.90155, -1.68544
25.3, 1.90155, -1.68544
25.325, 1.90155, -1.68544
25.35, 1.90155, -1.68544
25.375, 1.89969, -1.68552
25.4, 1.8976, -1.6856
25.425, 1.8976, -1.6856
25.45, 1.8976, -1.6856
25.475, 1.8976, -1.6856
25.5, 1.8959, -1.68568
25.525, 1.89449, -1.68573
25.55, 1.89449, -1.68573
25.575, 1.89333, -1.68578
25.6, 1.89255, -1.68581
25.625, 1.89201, -1.68583
25.65, 1.89201, -1.68583
25.675, 1.89146, -1.68585
25.7, 1.89146, -1.68585
25.725, 1.89068, -1.68588
25.75, 1.88951, -1.68593
25.775, 1.88951, -1.68593
25.8, 1.88951, -1.68593
25.825, 1.88951, -1.68593
25.85, 1.88951, -1.68593
25.875, 1.88858, -1.68597
25.9, 1.88858, -1.68597
25.925, 1.88858, -1.68597
25.95, 1.88754, -1.68602
25.975, 1.88634, -1.68607
26, 1.88634, -1.68607
26.025, 1.88634, -1.68607
26.05, 1.88634, -1.68607
26.075, 1.88546, -1.68611
26.1, 1.88546, -1.68611
26.125, 1.88546, -1.68611
26.15, 1.88546, -1.68611
26.175, 1.88546, -1.68611
26.2, 1.88546, -1.68611
26.225, 1.88546, -1.68611
26.25, 1.88546, -1.68611
26.275, 1.88546, -1.68611
26.3, 1.88546, -1.68611
26.325, 1.88473, -1.68615
26.35, 1.88396, -1.68617
26.375, 1.88396, -1.68617
26.4, 1.88396, -1.68617
26.425, 1.88396, -1.68617
26.45, 1.88396, -1.68617
26.475, 1.88396, -1.68617
26.5, 1.88396, -1.68617
26.525, 1.88396, -1.68617
26.55, 1.88396, -1.68617
26.575, 1.88396, -1.68617
26.6, 1.88396, -1.68617
26.625, 1.88333, -1.68616
26.65, 1.882, -1.68613
26.675, 1.882, -1.68613
26.7, 1.87979, -1.6861
26.725, 1.87979, -1.6861
26.75, 1.87763, -1.68607
26.775, 1.87763, -1.68607
26.8, 1.87763, -1.68607
26.825, 1.87572, -1.68606
26.85, 1.87572, -1.68606
26.875, 1.87572, -1.68606
26.9, 1.87572, -1.68606
26.925, 1.87572, -1.68606
26.95, 1.87388, -1.68604
26.975, 1.87388, -1.68604
27, 1.87212, -1.68602
27.025, 1.87046, -1.68601
27.05, 1.86887, -1.686
27.075, 1.86736, -1.68599
27.1, 1.86736, -1.68599
27.125, 1.86736, -1.68599
27.15, 1.8659, -1.68599
27.175, 1.8645, -1.68599
27.2, 1.8645, -1.68599
27.225, 1.8645, -1.68599
27.25, 1.8645, -1.68599
27.275, 1.8645, -1.68599
27.3, 1.8645, -1.68599
27.325, 1.8645, -1.68599
27.35, 1.86243, -1.68601
27.375, 1.86243, -1.68601
27.4, 1.86243, -1.68601
27.425, 1.86243, -1.68601
27.45, 1.86243, -1.68601
27.475, 1.86243, -1.68601
27.5, 1.86093, -1.68602
27.525, 1.86093, -1.68602
27.55, 1.85977, -1.68602
27.575, 1.85888, -1.68602
27.6, 1.85888, -1.68602
27.625, 1.85888, -1.68602
27.65, 1.85888, -1.68602
27.675, 1.85888, -1.68602
27.7, 1.85675, -1.68604
27.725, 1.85675, -1.68604
27.75, 1.85675, -1.68604
27.775, 1.85675, -1.68604
27.8, 1.85558, -1.68604
27.825, 1.85558, -1.68604
27.85, 1.85477, -1.68604
27.875, 1.85477, -1.68604
27.9, 1.85358, -1.68604
27.925, 1.85358, -1.68604
27.95, 1.85358, -1.68604
27.975, 1.85167, -1.68607
28, 1.85167, -1.68607
28.025, 1.85024, -1.68609
28.05, 1.84948, -1.68608
28.075, 1.84948, -1.68608
28.1, 1.84888, -1.68607
28.125, 1.84888, -1.68607
28.15, 1.84888, -1.68607
28.175, 1.84837, -1.68607
28.2, 1.84781, -1.68606
28.225, 1.84781, -1.68606
28.25, 1.84716, -1.68607
28.275, 1.84716, -1.68607
28.3, 1.84716, -1.68607
28.325, 1.84651, -1.68608
28.35, 1.84651, -1.68608
28.375, 1.84588, -1.68609
28.4, 1.84588, -1.68609
28.425, 1.84526, -1.68609
28.45, 1.84526, -1.68609
28.475, 1.84526, -1.68609
28.5, 1.84526, -1.68609
28.525, 1.84526, -1.68609
28.55, 1.84478, -1.68609
28.575, 1.84437, -1.6861
28.6, 1.84404, -1.68611
28.625, 1.84404, -1.68611
28.65, 1.84404, -1.68611
28.675, 1.84368, -1.68612
28.7, 1.84368, -1.68612
28.725, 1.84368, -1.68612
28.75, 1.84368, -1.68612
28.775, 1.84368, -1.68612
28.8, 1.84368, -1.68612
28.825, 1.84368, -1.68612
28.85, 1.84368, -1.68612
28.875, 1.84341, -1.68611
28.9, 1.84292, -1.6861
28.925, 1.84217, -1.68609
28.95, 1.84103, -1.68607
28.975, 1.84103, -1.68607
29, 1.84103, -1.68607
29.025, 1.84103, -1.68607
29.05, 1.84112, -1.68604
29.075, 1.84133, -1.68604
29.1, 1.84133, -1.68604
29.125, 1.84136, -1.68606
29.15, 1.84138, -1.68608
29.175, 1.84138, -1.68608
29.2, 1.8411, -1.68609
29.225, 1.84022, -1.68609
29.25, 1.83913, -1.68609
29.275, 1.83913, -1.68609
29.3, 1.83913, -1.68609
29.325, 1.83811, -1.68611
29.35, 1.83811, -1.68611
29.375, 1.83811, -1.68611
29.4, 1.83689, -1.68613
29.425, 1.83579, -1.68615
29.45, 1.83579, -1.68615
29.475, 1.83495, -1.68615
29.5, 1.83429, -1.68615
29.525, 1.8336, -1.68614
29.55, 1.83291, -1.68613
29.575, 1.83291, -1.68613
29.6, 1.83291, -1.68613
29.625, 1.83291, -1.68613
29.65, 1.83291, -1.68613
29.675, 1.83291, -1.68613
29.7, 1.83291, -1.68613
29.725, 1.83291, -1.68613
29.75, 1.83197, -1.68613
29.775, 1.83084, -1.68614
29.8, 1.83084, -1.68614
29.825, 1.83084, -1.68614
29.85, 1.83084, -1.68614
29.875, 1.83084, -1.68614
29.9, 1.83084, -1.68614
29.925, 1.83084, -1.68614
29.95, 1.83084, -1.68614
29.975, 1.83084, -1.68614
30, 1.83084, -1.68614
30, 1.83084, -1.68614
30.025, 1.83084, -1.68614
30.05, 1.82934, -1.68614
30.075, 1.82641, -1.68614
30.1, 1.82641, -1.68614
30.125, 1.82641, -1.68614
30.15, 1.82323, -1.68614
30.175, 1.8185, -1.68615
30.2, 1.8185, -1.68615
30.225, 1.8185, -1.68615
30.25, 1.8185, -1.68615
30.275, 1.8185, -1.68615
30.3, 1.8185, -1.68615
30.325, 1.80207, -1.68617
30.35, 1.78184, -1.68622
30.375, 1.78184, -1.68622
30.4, 1.76219, -1.68628
30.425, 1.76219, -1.68628
30.45, 1.76219, -1.68628
30.475, 1.76219, -1.68628
30.5, 1.76219, -1.68628
30.525, 1.74232, -1.68631
30.55, 1.74232, -1.68631
30.575, 1.72366, -1.68634
30.6, 1.72366, -1.68634
30.625, 1.72366, -1.68634
30.65, 1.72366, -1.68634
30.675, 1.70915, -1.68637
30.7, 1.7018, -1.68633
30.725, 1.7018, -1.68633
30.75, 1.7018, -1.68633
30.775, 1.7018, -1.68633
30.8, 1.7018, -1.68633
30.825, 1.7018, -1.68633
30.85, 1.7018, -1.68633
30.875, 1.69713, -1.68608
30.9, 1.69713, -1.68608
30.925, 1.69713, -1.68608
30.95, 1.6954, -1.68583
30.975, 1.6954, -1.68583
31, 1.6954, -1.68583
31.025, 1.6954, -1.68583
31.05, 1.69415, -1.68564
31.075, 1.69415, -1.68564
31.1, 1.69552, -1.68547
31.125, 1.69552, -1.68547
31.15, 1.69552, -1.68547
31.175, 1.69552, -1.68547
31.2, 1.69552, -1.68547
31.225, 1.69504, -1.68536
31.25, 1.69745, -1.6853
31.275, 1.70186, -1.68528
31.3, 1.70708, -1.68533
31.325, 1.70708, -1.68533
31.35, 1.70932, -1.6855
31.375, 1.70968, -1.68577
31.4, 1.70781, -1.68612
31.425, 1.70392, -1.68655
31.45, 1.70392, -1.68655
31.475, 1.70392, -1.68655
31.5, 1.69961, -1.68697
31.525, 1.69961, -1.68697
31.55, 1.69961, -1.68697
31.575, 1.69961, -1.68697
31.6, 1.69961, -1.68697
31.625, 1.69961, -1.68697
31.65, 1.69961, -1.68697
31.675, 1.69961, -1.68697
31.7, 1.69769, -1.68734
31.725, 1.69661, -1.68767
31.75, 1.69661, -1.68767
31.775, 1.69661, -1.68767
31.8, 1.69661, -1.68767
31.825, 1.69551, -1.688
31.85, 1.69551, -1.688
31.875, 1.69551, -1.688
31.9, 1.6923, -1.68836
31.925, 1.6923, -1.68836
31.95, 1.6923, -1.68836
31.975, 1.6923, -1.68836
32, 1.6923, -1.68836
32.025, 1.6923, -1.68836
32.05, 1.69032, -1.68867
32.075, 1.69032, -1.68867
32.1, 1.68963, -1.68893
32.125, 1.68963, -1.68893
32.15, 1.68963, -1.68893
32.175, 1.68913, -1.68919
32.2, 1.68992, -1.6894
32.225, 1.68992, -1.6894
32.25, 1.68992, -1.6894
32.275, 1.68992, -1.6894
32.3, 1.68992, -1.6894
32.325, 1.68992, -1.6894
32.35, 1.69008, -1.68961
32.375, 1.69095, -1.68978
32.4, 1.69224, -1.68992
32.425, 1.6939, -1.69002
32.45, 1.6939, -1.69002
32.475, 1.69528, -1.6901
32.5, 1.69528, -1.6901
32.525, 1.69528, -1.6901
32.55, 1.69528, -1.6901
32.575, 1.69532, -1.69017
32.6, 1.69532, -1.69017
32.625, 1.69532, -1.69017
32.65, 1.69532, -1.69017
32.675, 1.69383, -1.69025
32.7, 1.69103, -1.69031
32.725, 1.69103, -1.69031
32.75, 1.68766, -1.69037
32.775, 1.68442, -1.69043
32.8, 1.68107, -1.69049
32.825, 1.68107, -1.69049
32.85, 1.67648, -1.69054
32.875, 1.67648, -1.69054
32.9, 1.67088, -1.69058
32.925, 1.67088, -1.69058
32.95, 1.67088, -1.69058
32.975, 1.67088, -1.69058
33, 1.67088, -1.69058
33.025, 1.67088, -1.69058
33.05, 1.67088, -1.69058
33.075, 1.67088, -1.69058
33.1, 1.67088, -1.69058
33.125, 1.67088, -1.69058
33.15, 1.67088, -1.69058
33.175, 1.66773, -1.69043
33.2, 1.66392, -1.69028
33.225, 1.66392, -1.69028
33.25, 1.66392, -1.69028
33.275, 1.66392, -1.69028
33.3, 1.66392, -1.69028
33.325, 1.66392, -1.69028
33.35, 1.66011, -1.69015
33.375, 1.66011, -1.69015
33.4, 1.66011, -1.69015
33.425, 1.66011, -1.69015
33.45, 1.66011, -1.69015
33.475, 1.65628, -1.68999
33.5, 1.65307, -1.68984
33.525, 1.65307, -1.68984
33.55, 1.65025, -1.68973
33.575, 1.64787, -1.68966
33.6, 1.64553, -1.68964
33.625, 1.64553, -1.68964
33.65, 1.64553, -1.68964
33.675, 1.64553, -1.68964
33.7, 1.64553, -1.68964
33.725, 1.64397, -1.68959
33.75, 1.64397, -1.68959
33.775, 1.64216, -1.68956
33.8, 1.64002, -1.68954
33.825, 1.64002, -1.68954
33.85, 1.64002, -1.68954
33.875, 1.64002, -1.68954
33.9, 1.6358, -1.68958
33.925, 1.62974, -1.68967
33.95, 1.62207, -1.68979
33.975, 1.61264, -1.68996
34, 1.60152, -1.69016
34.025, 1.60152, -1.69016
34.05, 1.60152, -1.69016
34.075, 1.60152, -1.69016
34.1, 1.60152, -1.69016
34.125, 1.60152, -1.69016
34.15, 1.5912, -1.69034
34.175, 1.5912, -1.69034
34.2, 1.5912, -1.69034
34.225, 1.5912, -1.69034
34.25, 1.58126, -1.69052
34.275, 1.58126, -1.69052
34.3, 1.57277, -1.69068
34.325, 1.56681, -1.69079
34.35, 1.56353, -1.69086
34.375, 1.56353, -1.69086
34.4, 1.56353, -1.69086
34.425, 1.56353, -1.69086
34.45, 1.56353, -1.69086
34.475, 1.55821, -1.69096
34.5, 1.55146, -1.69108
34.525, 1.54457, -1.6912
34.55, 1.54457, -1.6912
34.575, 1.54457, -1.6912
34.6, 1.54457, -1.6912
34.625, 1.54457, -1.6912
34.65, 1.53774, -1.69132
34.675, 1.53253, -1.69141
34.7, 1.53253, -1.69141
34.725, 1.52772, -1.69149
34.75, 1.52772, -1.69149
34.775, 1.52772, -1.69149
34.8, 1.52772, -1.69149
34.825, 1.52247, -1.69156
34.85, 1.52247, -1.69156
34.875, 1.51558, -1.69163
34.9, 1.51558, -1.69163
34.925, 1.50726, -1.6917
34.95, 1.50726, -1.6917
34.975, 1.50726, -1.6917
35, 1.4985, -1.69178
35.025, 1.48922, -1.69184
35.05, 1.47942, -1.6919
35.075, 1.46934, -1.69195
35.1, 1.46934, -1.69195
35.125, 1.45875, -1.692
35.15, 1.44804, -1.69204
35.175, 1.43759, -1.69208
35.2, 1.43759, -1.69208
35.225, 1.42769, -1.69212
35.25, 1.41851, -1.69216
35.275, 1.41851, -1.69216
35.3, 1.40967, -1.69221
35.325, 1.40967, -1.69221
35.35, 1.40967, -1.69221
35.375, 1.40967, -1.69221
35.4, 1.40967, -1.69221
35.425, 1.40967, -1.69221
35.45, 1.40035, -1.69223
35.475, 1.39119, -1.69225
35.5, 1.39119, -1.69225
35.525, 1.39119, -1.69225
35.55, 1.39119, -1.69225
35.575, 1.39119, -1.69225
35.6, 1.38294, -1.69229
35.625, 1.38294, -1.69229
35.65, 1.37594, -1.69234
35.675, 1.37594, -1.69234
35.7, 1.36913, -1.69239
35.725, 1.36288, -1.69245
35.75, 1.36288, -1.69245
35.775, 1.35655, -1.69249
35.8, 1.35031, -1.69254
35.825, 1.34543, -1.69259
35.85, 1.34543, -1.69259
35.875, 1.34097, -1.69268
35.9, 1.33705, -1.6928
35.925, 1.33705, -1.6928
35.95, 1.33302, -1.69293
35.975, 1.33302, -1.69293
36, 1.33302, -1.69293
36.025, 1.32927, -1.69304
36.05, 1.32562, -1.69315
36.075, 1.32562, -1.69315
36.1, 1.32562, -1.69315
36.125, 1.32165, -1.69328
36.15, 1.32165, -1.69328
36.175, 1.32165, -1.69328
36.2, 1.31705, -1.69342
36.225, 1.31208, -1.69358
36.25, 1.31208, -1.69358
36.275, 1.31208, -1.69358
36.3, 1.30817, -1.6937
36.325, 1.30817, -1.6937
36.35, 1.30817, -1.6937
36.375, 1.30418, -1.69383
36.4, 1.30038, -1.69395
36.425, 1.30038, -1.69395
36.45, 1.30038, -1.69395
36.475, 1.30038, -1.69395
36.5, 1.29674, -1.69407
36.525, 1.29375, -1.69418
36.55, 1.29375, -1.69418
36.575, 1.29088, -1.69428
36.6, 1.28816, -1.69437
36.625, 1.28816, -1.69437
36.65, 1.28816, -1.69437
36.675, 1.28816, -1.69437
36.7, 1.28816, -1.69437
36.725, 1.28816, -1.69437
36.75, 1.28522, -1.69447
36.775, 1.28221, -1.69457
36.8, 1.28221, -1.69457
36.825, 1.28013, -1.69465
36.85, 1.28013, -1.69465
36.875, 1.28013, -1.69465
36.9, 1.27855, -1.69472
36.925, 1.278, -1.69478
36.95, 1.278, -1.69478
36.975, 1.278, -1.69478
37, 1.278, -1.69478
37.025, 1.27683, -1.69484
37.05, 1.27457, -1.69492
37.075, 1.27125, -1.69502
37.1, 1.27125, -1.69502
37.125, 1.27125, -1.69502
37.15, 1.26881, -1.69511
37.175, 1.26691, -1.69518
37.2, 1.26489, -1.69524
37.225, 1.26219, -1.6953
37.25, 1.26219, -1.6953
37.275, 1.2602, -1.69535
37.3, 1.2602, -1.69535
37.325, 1.2602, -1.69535
37.35, 1.2602, -1.69535
37.375, 1.25815, -1.6954
37.4, 1.25815, -1.6954
37.425, 1.2546, -1.69545
37.45, 1.2546, -1.69545
37.475, 1.24977, -1.69551
37.5, 1.24977, -1.69551
37.525, 1.24431, -1.69557
37.55, 1.23917, -1.69563
37.575, 1.23917, -1.69563
37.6, 1.23917, -1.69563
37.625, 1.23917, -1.69563
37.65, 1.23917, -1.69563
37.675, 1.23917, -1.69563
37.7, 1.23334, -1.69568
37.725, 1.23334, -1.69568
37.75, 1.22768, -1.69572
37.775, 1.22768, -1.69572
37.8, 1.22768, -1.69572
37.825, 1.22768, -1.69572
37.85, 1.22768, -1.69572
37.875, 1.22305, -1.69577
37.9, 1.22305, -1.69577
37.925, 1.21949, -1.69583
37.95, 1.21796, -1.69589
37.975, 1.21796, -1.69589
38, 1.21658, -1.69595
38.025, 1.21543, -1.69602
38.05, 1.21543, -1.69602
38.075, 1.21543, -1.69602
38.1, 1.21543, -1.69602
38.125, 1.21543, -1.69602
38.15, 1.21446, -1.69608
38.175, 1.21476, -1.69614
38.2, 1.21476, -1.69614
38.225, 1.21476, -1.69614
38.25, 1.21476, -1.69614
38.275, 1.21476, -1.69614
38.3, 1.21476, -1.69614
38.325, 1.21642, -1.69611
38.35, 1.2178, -1.69608
38.375, 1.2178, -1.69608
38.4, 1.2178, -1.69608
38.425, 1.2187, -1.6961
38.45, 1.2187, -1.6961
38.475, 1.21663, -1.69624
38.5, 1.21663, -1.69624
38.525, 1.21663, -1.69624
38.55, 1.21974, -1.69622
38.575, 1.21974, -1.69622
38.6, 1.22333, -1.69619
38.625, 1.22333, -1.69619
38.65, 1.22333, -1.69619
38.675, 1.22655, -1.69615
38.7, 1.22718, -1.69617
38.725, 1.22718, -1.69617
38.75, 1.22542, -1.69624
38.775, 1.22208, -1.69633
38.8, 1.22208, -1.69633
38.825, 1.22208, -1.69633
38.85, 1.22208, -1.69633
38.875, 1.22208, -1.69633
38.9, 1.21956, -1.69641
38.925, 1.21956, -1.69641
38.95, 1.21956, -1.69641
38.975, 1.21956, -1.69641
39, 1.21956, -1.69641
39.025, 1.21956, -1.69641
39.05, 1.21956, -1.69641
39.075, 1.21956, -1.69641
39.1, 1.21542, -1.6965
39.125, 1.21542, -1.6965
39.15, 1.21542, -1.6965
39.175, 1.21542, -1.6965
39.2, 1.21542, -1.6965
39.225, 1.21542, -1.6965
39.25, 1.21132, -1.69658
39.275, 1.21132, -1.69658
39.3, 1.2073, -1.69667
39.325, 1.2073, -1.69667
39.35, 1.2022, -1.69676
39.375, 1.2022, -1.69676
39.4, 1.2022, -1.69676
39.425, 1.2022, -1.69676
39.45, 1.2022, -1.69676
39.475, 1.19784, -1.69685
39.5, 1.19784, -1.69685
39.525, 1.1941, -1.69692
39.55, 1.1941, -1.69692
39.575, 1.1941, -1.69692
39.6, 1.1941, -1.69692
39.625, 1.1941, -1.69692
39.65, 1.19003, -1.69699
39.675, 1.18728, -1.69705
39.7, 1.18605, -1.69707
39.725, 1.18605, -1.69707
39.75, 1.18605, -1.69707
39.775, 1.18605, -1.69707
39.8, 1.18605, -1.69707
39.825, 1.1875, -1.69703
39.85, 1.1875, -1.69703
39.875, 1.1882, -1.69701
39.9, 1.1882, -1.69701
39.925, 1.18776, -1.69703
39.95, 1.18723, -1.69705
39.975, 1.18723, -1.69705
40, 1.18694, -1.69704
40, 1.18494, -1.69704
40.025, 1.18494, -1.69704
40.05, 1.1785, -1.69708
40.075, 1.1785, -1.69708
40.1, 1.16937, -1.69715
40.125, 1.1583, -1.69722
40.15, 1.14776, -1.69729
40.175, 1.14776, -1.69729
40.2, 1.13618, -1.69736
40.225, 1.13618, -1.69736
40.25, 1.12527, -1.69743
40.275, 1.11621, -1.69748
40.3, 1.11621, -1.69748
40.325, 1.10751, -1.69754
40.35, 1.10211, -1.69757
40.375, 1.10211, -1.69757
40.4, 1.09865, -1.69761
40.425, 1.09865, -1.69761
40.45, 1.09865, -1.69761
40.475, 1.09865, -1.69761
40.5, 1.09865, -1.69761
40.525, 1.09865, -1.69761
40.55, 1.09205, -1.69748
40.575, 1.09205, -1.69748
40.6, 1.08853, -1.69733
40.625, 1.09005, -1.69713
40.65, 1.09005, -1.69713
40.675, 1.09005, -1.69713
40.7, 1.09005, -1.69713
40.725, 1.09158, -1.69694
40.75, 1.1005, -1.69665
40.775, 1.11476, -1.69631
40.8, 1.13224, -1.69593
40.825, 1.13224, -1.69593
40.85, 1.13224, -1.69593
40.875, 1.14881, -1.69551
40.9, 1.16593, -1.69509
40.925, 1.18371, -1.69467
40.95, 1.18371, -1.69467
40.975, 1.20276, -1.69434
41, 1.22547, -1.69401
41.025, 1.25084, -1.69372
41.05, 1.25084, -1.69372
41.075, 1.2733, -1.69363
41.1, 1.2733, -1.69363
41.125, 1.2733, -1.69363
41.15, 1.2733, -1.69363
41.175, 1.2733, -1.69363
41.2, 1.29844, -1.69335
41.225, 1.29844, -1.69335
41.25, 1.29844, -1.69335
41.275, 1.31792, -1.69333
41.3, 1.31792, -1.69333
41.325, 1.31792, -1.69333
41.35, 1.31792, -1.69333
41.375, 1.31792, -1.69333
41.4, 1.3409, -1.69316
41.425, 1.36106, -1.69309
41.45, 1.37825, -1.69311
41.475, 1.37825, -1.69311
41.5, 1.37825, -1.69311
41.525, 1.37825, -1.69311
41.55, 1.39062, -1.69328
41.575, 1.39062, -1.69328
41.6, 1.39062, -1.69328
41.625, 1.39062, -1.69328
41.65, 1.39062, -1.69328
41.675, 1.39062, -1.69328
41.7, 1.40143, -1.69348
41.725, 1.40143, -1.69348
41.75, 1.40837, -1.69376
41.775, 1.41221, -1.69412
41.8, 1.41221, -1.69412
41.825, 1.41547, -1.69448
41.85, 1.41789, -1.69484
41.875, 1.41789, -1.69484
41.9, 1.41789, -1.69484
41.925, 1.4206, -1.69518
41.95, 1.42365, -1.6955
41.975, 1.42707, -1.69579
42, 1.42707, -1.69579
42.025, 1.43131, -1.69605
42.05, 1.4366, -1.69628
42.075, 1.4366, -1.69628
42.1, 1.44231, -1.69648
42.125, 1.44842, -1.69665
42.15, 1.44842, -1.69665
42.175, 1.45426, -1.69683
42.2, 1.45426, -1.69683
42.225, 1.45426, -1.69683
42.25, 1.46043, -1.69698
42.275, 1.46043, -1.69698
42.3, 1.46043, -1.69698
42.325, 1.46593, -1.69713
42.35, 1.47194, -1.69723
42.375, 1.47194, -1.69723
42.4, 1.47194, -1.69723
42.425, 1.47796, -1.69734
42.45, 1.47796, -1.69734
42.475, 1.48379, -1.69743
42.5, 1.48974, -1.6975
42.525, 1.49546, -1.69751
42.55, 1.50027, -1.69749
42.575, 1.50027, -1.69749
42.6, 1.50027, -1.69749
42.625, 1.50027, -1.69749
42.65, 1.50548, -1.69746
42.675, 1.50548, -1.69746
42.7, 1.50548, -1.69746
42.725, 1.50548, -1.69746
42.75, 1.51012, -1.69743
42.775, 1.51324, -1.69738
42.8, 1.51324, -1.69738
42.825, 1.51506, -1.69732
42.85, 1.51555, -1.69725
42.875, 1.51471, -1.69716
42.9, 1.51471, -1.69716
42.925, 1.51365, -1.69708
42.95, 1.51365, -1.69708
42.975, 1.51365, -1.69708
43, 1.5122, -1.69699
43.025, 1.51085, -1.69691
43.05, 1.51085, -1.69691
43.075, 1.51085, -1.69691
43.1, 1.51085, -1.69691
43.125, 1.50877, -1.6968
43.15, 1.50877, -1.6968
43.175, 1.50679, -1.6967
43.2, 1.50679, -1.6967
43.225, 1.50483, -1.6966
43.25, 1.50483, -1.6966
43.275, 1.50483, -1.6966
43.3, 1.50304, -1.69651
43.325, 1.50238, -1.69643
43.35, 1.50297, -1.69637
43.375, 1.50297, -1.69637
43.4, 1.50297, -1.69637
43.425, 1.50297, -1.69637
43.45, 1.50297, -1.69637
43.475, 1.50304, -1.69619
43.5, 1.50343, -1.69602
43.525, 1.5045, -1.69586
43.55, 1.5045, -1.69586
43.575, 1.50659, -1.69577
43.6, 1.50659, -1.69577
43.625, 1.50859, -1.69577
43.65, 1.50859, -1.69577
43.675, 1.50859, -1.69577
43.7, 1.51094, -1.69571
43.725, 1.51094, -1.69571
43.75, 1.51094, -1.69571
43.775, 1.51321, -1.69565
43.8, 1.51555, -1.69561
43.825, 1.51555, -1.69561
43.85, 1.51658, -1.69567
43.875, 1.51555, -1.69585
43.9, 1.51251, -1.69614
43.925, 1.50802, -1.69649
43.95, 1.50802, -1.69649
43.975, 1.50802, -1.69649
44, 1.50802, -1.69649
44.025, 1.50802, -1.69649
44.05, 1.50802, -1.69649
44.075, 1.50462, -1.6968
44.1, 1.49973, -1.69714
44.125, 1.49349, -1.6975
44.15, 1.48636, -1.69788
44.175, 1.47872, -1.69827
44.2, 1.47872, -1.69827
44.225, 1.47162, -1.69863
44.25, 1.4651, -1.69898
44.275, 1.45959, -1.69931
44.3, 1.45477, -1.69961
44.325, 1.45477, -1.69961
44.35, 1.45477, -1.69961
44.375, 1.44992, -1.69991
44.4, 1.44992, -1.69991
44.425, 1.44992, -1.69991
44.45, 1.4447, -1.7002
44.475, 1.44008, -1.70048
44.5, 1.44008, -1.70048
44.525, 1.43605, -1.70074
44.55, 1.43605, -1.70074
44.575, 1.43605, -1.70074
44.6, 1.43265, -1.701
44.625, 1.43148, -1.70122
44.65, 1.43148, -1.70122
44.675, 1.4308, -1.70145
44.7, 1.4308, -1.70145
44.725, 1.4308, -1.70145
44.75, 1.43005, -1.70166
44.775, 1.43005, -1.70166
44.8, 1.42987, -1.70185
44.825, 1.42987, -1.70185
44.85, 1.42987, -1.70185
44.875, 1.42987, -1.70185
44.9, 1.42856, -1.70208
44.925, 1.42692, -1.7023
44.95, 1.42465, -1.70251
44.975, 1.42465, -1.70251
45, 1.42237, -1.70272
45.025, 1.42237, -1.70272
45.05, 1.41964, -1.70292
45.075, 1.41964, -1.70292
45.1, 1.41534, -1.70312
45.125, 1.41534, -1.70312
45.15, 1.41534, -1.70312
45.175, 1.41534, -1.70312
45.2, 1.41277, -1.70328
45.225, 1.40821, -1.70343
45.25, 1.40241, -1.70357
45.275, 1.40241, -1.70357
45.3, 1.39626, -1.7037
45.325, 1.38982, -1.70383
45.35, 1.38982, -1.70383
45.375, 1.38199, -1.70394
45.4, 1.38199, -1.70394
45.425, 1.37322, -1.70404
45.45, 1.37322, -1.70404
45.475, 1.3647, -1.70414
45.5, 1.35694, -1.70424
45.525, 1.35013, -1.70435
45.55, 1.34445, -1.70445
45.575, 1.34445, -1.70445
45.6, 1.3389, -1.70455
45.625, 1.3389, -1.70455
45.65, 1.33344, -1.70465
45.675, 1.33344, -1.70465
45.7, 1.33344, -1.70465
45.725, 1.33344, -1.70465
45.75, 1.33344, -1.70465
45.775, 1.33344, -1.70465
45.8, 1.33344, -1.70465
45.825, 1.32747, -1.70449
45.85, 1.32747, -1.70449
45.875, 1.32304, -1.70437
45.9, 1.32071, -1.70428
45.925, 1.32071, -1.70428
45.95, 1.32071, -1.70428
45.975, 1.32071, -1.70428
46, 1.32071, -1.70428
46.025, 1.32071, -1.70428
46.05, 1.3201, -1.70388
46.075, 1.31927, -1.70349
46.1, 1.31953, -1.70312
46.125, 1.31953, -1.70312
46.15, 1.31953, -1.70312
46.175, 1.31959, -1.70288
46.2, 1.31959, -1.70288
46.225, 1.31959, -1.70288
46.25, 1.31966, -1.70264
46.275, 1.31966, -1.70264
46.3, 1.31966, -1.70264
46.325, 1.31966, -1.70264
46.35, 1.31983, -1.7024
46.375, 1.31983, -1.7024
46.4, 1.31983, -1.7024
46.425, 1.31718, -1.70229
46.45, 1.31112, -1.7023
46.475, 1.31112, -1.7023
46.5, 1.31112, -1.7023
46.525, 1.31112, -1.7023
46.55, 1.31112, -1.7023
46.575, 1.31112, -1.7023
46.6, 1.31112, -1.7023
46.625, 1.31112, -1.7023
46.65, 1.3082, -1.70223
46.675, 1.3082, -1.70223
46.7, 1.3082, -1.70223
46.725, 1.3082, -1.70223
46.75, 1.3082, -1.70223
46.775, 1.30491, -1.70217
46.8, 1.30144, -1.70212
46.825, 1.30144, -1.70212
46.85, 1.29806, -1.70207
46.875, 1.29599, -1.702
46.9, 1.29498, -1.70193
46.925, 1.29484, -1.70184
46.95, 1.29484, -1.70184
46.975, 1.29528, -1.70176
47, 1.29528, -1.70176
47.025, 1.29528, -1.70176
47.05, 1.29528, -1.70176
47.075, 1.29528, -1.70176
47.1, 1.29474, -1.70163
47.125, 1.29543, -1.70148
47.15, 1.29543, -1.70148
47.175, 1.29543, -1.70148
47.2, 1.29647, -1.70136
47.225, 1.29647, -1.70136
47.25, 1.29773, -1.70125
47.275, 1.29978, -1.70112
47.3, 1.30229, -1.70099
47.325, 1.30229, -1.70099
47.35, 1.30463, -1.70087
47.375, 1.30463, -1.70087
47.4, 1.30716, -1.70074
47.425, 1.30997, -1.70057
47.45, 1.31205, -1.7004
47.475, 1.3123, -1.70023
47.5, 1.3123, -1.70023
47.525, 1.3123, -1.70023
47.55, 1.31475, -1.70001
47.575, 1.31674, -1.6998
47.6, 1.31862, -1.69959
47.625, 1.3207, -1.69939
47.65, 1.3207, -1.69939
47.675, 1.32131, -1.69919
47.7, 1.32015, -1.69898
47.725, 1.31673, -1.69877
47.75, 1.31116, -1.69855
47.775, 1.30363, -1.69835
47.8, 1.29554, -1.69814
47.825, 1.29554, -1.69814
47.85, 1.29554, -1.69814
47.875, 1.28813, -1.69795
47.9, 1.28187, -1.69776
47.925, 1.27724, -1.69759
47.95, 1.27724, -1.69759
47.975, 1.27724, -1.69759
48, 1.27353, -1.69744
48.025, 1.27353, -1.69744
48.05, 1.27353, -1.69744
48.075, 1.27353, -1.69744
48.1, 1.26932, -1.69726
48.125, 1.26771, -1.6971
48.15, 1.2679, -1.69695
48.175, 1.26941, -1.69681
48.2, 1.26941, -1.69681
48.225, 1.26941, -1.69681
48.25, 1.26941, -1.69681
48.275, 1.27062, -1.69665
48.3, 1.27288, -1.6965
48.325, 1.27288, -1.6965
48.35, 1.27288, -1.6965
48.375, 1.27288, -1.6965
48.4, 1.27288, -1.6965
48.425, 1.27509, -1.69636
48.45, 1.27976, -1.69626
48.475, 1.28668, -1.69624
48.5, 1.28668, -1.69624
48.525, 1.29233, -1.69638
48.55, 1.29789, -1.69659
48.575, 1.29789, -1.69659
48.6, 1.30336, -1.69678
48.625, 1.30875, -1.69698
48.65, 1.30875, -1.69698
48.675, 1.31373, -1.6972
48.7, 1.31373, -1.6972
48.725, 1.31578, -1.69755
48.75, 1.31393, -1.69805
48.775, 1.31393, -1.69805
48.8, 1.31393, -1.69805
48.825, 1.3151, -1.69843
48.85, 1.31479, -1.69884
48.875, 1.31385, -1.69925
48.9, 1.31385, -1.69925
48.925, 1.31385, -1.69925
48.95, 1.31385, -1.69925
48.975, 1.31124, -1.69968
49, 1.30706, -1.70014
49.025, 1.30152, -1.70061
49.05, 1.30152, -1.70061
49.075, 1.30152, -1.70061
49.1, 1.29571, -1.70107
49.125, 1.29571, -1.70107
49.15, 1.29018, -1.70152
49.175, 1.29018, -1.70152
49.2, 1.28456, -1.70196
49.225, 1.28456, -1.70196
49.25, 1.28456, -1.70196
49.275, 1.28456, -1.70196
49.3, 1.27757, -1.70239
49.325, 1.27757, -1.70239
49.35, 1.27757, -1.70239
49.375, 1.27757, -1.70239
49.4, 1.27757, -1.70239
49.425, 1.27757, -1.70239
49.45, 1.26965, -1.70277
49.475, 1.26965, -1.70277
49.5, 1.26965, -1.70277
49.525, 1.26965, -1.70277
49.55, 1.26188, -1.70312
49.575, 1.25668, -1.70342
49.6, 1.25668, -1.70342
49.625, 1.25119, -1.70372
49.65, 1.24639, -1.70399
49.675, 1.24212, -1.70425
49.7, 1.23943, -1.70447
49.725, 1.23856, -1.70464
49.75, 1.23856, -1.70464
49.775, 1.23677, -1.70488
49.8, 1.23442, -1.70512
49.825, 1.23442, -1.70512
49.85, 1.23442, -1.70512
49.875, 1.23442, -1.70512
49.9, 1.23442, -1.70512
49.925, 1.23442, -1.70512
49.95, 1.24188, -1.70505
49.975, 1.24831, -1.70496
50, 1.24831, -1.70496
50, 1.25161, -1.70487
50.025, 1.25115, -1.70479
50.05, 1.25115, -1.70479
50.075, 1.24776, -1.70474
50.1, 1.24776, -1.70474
50.125, 1.24776, -1.70474
50.15, 1.24776, -1.70474
50.175, 1.24776, -1.70474
50.2, 1.24293, -1.70469
50.225, 1.23753, -1.70464
50.25, 1.23222, -1.7046
50.275, 1.22688, -1.70456
50.3, 1.22688, -1.70456
50.325, 1.22115, -1.70451
50.35, 1.22115, -1.70451
50.375, 1.22115, -1.70451
50.4, 1.22115, -1.70451
50.425, 1.21344, -1.70441
50.45, 1.21344, -1.70441
50.475, 1.21344, -1.70441
50.5, 1.20516, -1.70429
50.525, 1.20516, -1.70429
50.55, 1.19799, -1.70418
50.575, 1.19516, -1.70403
50.6, 1.19554, -1.70385
50.625, 1.19875, -1.70364
50.65, 1.20427, -1.70342
50.675, 1.20427, -1.70342
50.7, 1.20427, -1.70342
50.725, 1.20427, -1.70342
50.75, 1.20993, -1.70309
50.775, 1.20993, -1.70309
50.8, 1.20993, -1.70309
50.825, 1.20993, -1.70309
50.85, 1.21711, -1.70254
50.875, 1.21711, -1.70254
50.9, 1.21711, -1.70254
50.925, 1.21711, -1.70254
50.95, 1.21711, -1.70254
50.975, 1.22453, -1.70195
51, 1.22453, -1.70195
51.025, 1.23344, -1.70146
51.05, 1.23344, -1.70146
51.075, 1.23344, -1.70146
51.1, 1.23344, -1.70146
51.125, 1.23344, -1.70146
51.15, 1.24572, -1.70081
51.175, 1.24572, -1.70081
51.2, 1.24572, -1.70081
51.225, 1.24572, -1.70081
51.25, 1.24572, -1.70081
51.275, 1.24572, -1.70081
51.3, 1.25488, -1.7003
51.325, 1.26127, -1.69998
51.35, 1.26396, -1.69989
51.375, 1.26396, -1.69989
51.4, 1.26396, -1.69989
51.425, 1.26454, -1.69987
51.45, 1.26454, -1.69987
51.475, 1.26187, -1.69999
51.5, 1.26187, -1.69999
51.525, 1.26187, -1.69999
51.55, 1.26187, -1.69999
51.575, 1.26187, -1.69999
51.6, 1.25868, -1.70012
51.625, 1.25868, -1.70012
51.65, 1.25301, -1.70033
51.675, 1.25301, -1.70033
51.7, 1.24634, -1.70055
51.725, 1.24634, -1.70055
51.75, 1.24634, -1.70055
51.775, 1.24634, -1.70055
51.8, 1.24634, -1.70055
51.825, 1.24634, -1.70055
51.85, 1.2402, -1.70076
51.875, 1.2402, -1.70076
51.9, 1.23435, -1.70097
51.925, 1.22907, -1.70115
51.95, 1.22385, -1.70134
51.975, 1.22385, -1.70134
52, 1.22385, -1.70134
52.025, 1.22385, -1.70134
52.05, 1.2203, -1.70148
52.075, 1.2203, -1.70148
52.1, 1.2203, -1.70148
52.125, 1.2203, -1.70148
52.15, 1.2203, -1.70148
52.175, 1.2203, -1.70148
52.2, 1.21696, -1.70163
52.225, 1.21559, -1.70172
52.25, 1.21625, -1.70178
52.275, 1.21896, -1.70178
52.3, 1.21896, -1.70178
52.325, 1.22349, -1.70172
52.35, 1.22349, -1.70172
52.375, 1.22745, -1.70163
52.4, 1.22745, -1.70163
52.425, 1.22745, -1.70163
52.45, 1.23083, -1.70155
52.475, 1.23083, -1.70155
52.5, 1.23375, -1.70145
52.525, 1.23664, -1.70133
52.55, 1.23939, -1.70117
52.575, 1.23939, -1.70117
52.6, 1.23939, -1.70117
52.625, 1.24033, -1.70101
52.65, 1.24033, -1.70101
52.675, 1.24033, -1.70101
52.7, 1.24033, -1.70101
52.725, 1.24033, -1.70101
52.75, 1.24033, -1.70101
52.775, 1.24033, -1.70101
52.8, 1.24436, -1.70083
52.825, 1.24436, -1.70083
52.85, 1.24436, -1.70083
52.875, 1.24436, -1.70083
52.9, 1.24622, -1.70065
52.925, 1.24622, -1.70065
52.95, 1.24622, -1.70065
52.975, 1.24622, -1.70065
53, 1.24622, -1.70065
53.025, 1.24622, -1.70065
53.05, 1.24622, -1.70065
53.075, 1.24597, -1.70045
53.1, 1.24597, -1.70045
53.125, 1.24523, -1.70026
53.15, 1.24412, -1.70006
53.175, 1.24412, -1.70006
53.2, 1.24412, -1.70006
53.225, 1.24165, -1.69986
53.25, 1.23904, -1.69966
53.275, 1.23904, -1.69966
53.3, 1.23904, -1.69966
53.325, 1.23904, -1.69966
53.35, 1.23904, -1.69966
53.375, 1.23904, -1.69966
53.4, 1.23904, -1.69966
53.425, 1.23904, -1.69966
53.45, 1.23904, -1.69966
53.475, 1.23664, -1.69915
53.5, 1.23664, -1.69915
53.525, 1.23442, -1.69867
53.55, 1.23354, -1.69821
53.575, 1.23354, -1.69821
53.6, 1.23447, -1.6978
53.625, 1.23447, -1.6978
53.65, 1.23447, -1.6978
53.675, 1.23593, -1.6975
53.7, 1.23864, -1.69726
53.725, 1.23864, -1.69726
53.75, 1.23864, -1.69726
53.775, 1.23864, -1.69726
53.8, 1.24129, -1.69702
53.825, 1.24424, -1.69679
53.85, 1.24755, -1.69662
53.875, 1.24755, -1.69662
53.9, 1.24755, -1.69662
53.925, 1.24755, -1.69662
53.95, 1.24966, -1.69651
53.975, 1.24966, -1.69651
54, 1.2504, -1.69647
54.025, 1.24992, -1.6965
54.05, 1.2482, -1.69658
54.075, 1.2482, -1.69658
54.1, 1.2482, -1.69658
54.125, 1.24508, -1.69671
54.15, 1.24508, -1.69671
54.175, 1.24, -1.69689
54.2, 1.24, -1.69689
54.225, 1.24, -1.69689
54.25, 1.24, -1.69689
54.275, 1.23371, -1.6971
54.3, 1.23371, -1.6971
54.325, 1.23371, -1.6971
54.35, 1.22705, -1.69732
54.375, 1.22705, -1.69732
54.4, 1.22705, -1.69732
54.425, 1.2208, -1.69752
54.45, 1.21493, -1.69772
54.475, 1.20897, -1.69791
54.5, 1.20897, -1.69791
54.525, 1.20897, -1.69791
54.55, 1.20897, -1.69791
54.575, 1.20897, -1.69791
54.6, 1.20354, -1.69809
54.625, 1.20116, -1.69822
54.65, 1.20116, -1.69822
54.675, 1.20067, -1.69833
54.7, 1.20291, -1.69839
54.725, 1.20291, -1.69839
54.75, 1.2054, -1.69845
54.775, 1.2054, -1.69845
54.8, 1.2054, -1.69845
54.825, 1.20758, -1.69851
54.85, 1.20758, -1.69851
54.875, 1.20758, -1.69851
54.9, 1.20758, -1.69851
54.925, 1.20758, -1.69851
54.95, 1.20758, -1.69851
54.975, 1.20758, -1.69851
55, 1.2113, -1.69852
55.025, 1.2113, -1.69852
55.05, 1.21512, -1.69852
55.075, 1.21512, -1.69852
55.1, 1.21512, -1.69852
55.125, 1.21839, -1.69851
55.15, 1.21839, -1.69851
55.175, 1.21839, -1.69851
55.2, 1.21839, -1.69851
55.225, 1.22003, -1.6985
55.25, 1.22003, -1.6985
55.275, 1.22003, -1.6985
55.3, 1.22058, -1.6985
55.325, 1.21971, -1.69846
55.35, 1.21971, -1.69846
55.375, 1.21971, -1.69846
55.4, 1.21971, -1.69846
55.425, 1.21971, -1.69846
55.45, 1.21803, -1.69842
55.475, 1.21803, -1.69842
55.5, 1.21803, -1.69842
55.525, 1.21803, -1.69842
55.55, 1.21514, -1.69837
55.575, 1.21093, -1.69831
55.6, 1.21093, -1.69831
55.625, 1.2063, -1.69824
55.65, 1.20193, -1.69818
55.675, 1.19825, -1.69812
55.7, 1.1953, -1.69807
55.725, 1.19313, -1.69804
55.75, 1.19313, -1.69804
55.775, 1.19009, -1.69799
55.8, 1.19009, -1.69799
55.825, 1.19009, -1.69799
55.85, 1.19009, -1.69799
55.875, 1.18569, -1.69791
55.9, 1.18569, -1.69791
55.925, 1.18569, -1.69791
55.95, 1.18274, -1.69788
55.975, 1.18223, -1.69788
56, 1.18337, -1.69791
56.025, 1.18337, -1.69791
56.05, 1.18421, -1.69793
56.075, 1.18421, -1.69793
56.1, 1.18421, -1.69793
56.125, 1.18421, -1.69793
56.15, 1.18421, -1.69793
56.175, 1.18421, -1.69793
56.2, 1.18421, -1.69793
56.225, 1.18421, -1.69793
56.25, 1.18421, -1.69793
56.275, 1.18614, -1.6978
56.3, 1.18614, -1.6978
56.325, 1.18803, -1.69767
56.35, 1.19023, -1.69757
56.375, 1.19284, -1.69748
56.4, 1.19284, -1.69748
56.425, 1.1955, -1.69742
56.45, 1.19837, -1.69741
56.475, 1.20122, -1.69745
56.5, 1.20122, -1.69745
56.525, 1.20122, -1.69745
56.55, 1.20122, -1.69745
56.575, 1.20378, -1.69751
56.6, 1.20378, -1.69751
56.625, 1.20564, -1.69759
56.65, 1.20564, -1.69759
56.675, 1.20564, -1.69759
56.7, 1.20564, -1.69759
56.725, 1.20564, -1.69759
56.75, 1.20564, -1.69759
56.775, 1.20731, -1.69767
56.8, 1.20731, -1.69767
56.825, 1.20731, -1.69767
56.85, 1.20731, -1.69767
56.875, 1.20731, -1.69767
56.9, 1.20731, -1.69767
56.925, 1.20731, -1.69767
56.95, 1.20731, -1.69767
56.975, 1.20977, -1.69774
57, 1.2125, -1.69779
57.025, 1.2125, -1.69779
57.05, 1.21421, -1.69786
57.075, 1.21421, -1.69786
57.1, 1.21421, -1.69786
57.125, 1.21477, -1.69794
57.15, 1.21477, -1.69794
57.175, 1.21477, -1.69794
57.2, 1.21477, -1.69794
57.225, 1.21477, -1.69794
57.25, 1.21594, -1.69802
57.275, 1.21594, -1.69802
57.3, 1.21739, -1.69809
57.325, 1.21963, -1.69814
57.35, 1.21963, -1.69814
57.375, 1.21963, -1.69814
57.4, 1.22117, -1.6982
57.425, 1.22117, -1.6982
57.45, 1.22117, -1.6982
57.475, 1.22117, -1.6982
57.5, 1.22117, -1.6982
57.525, 1.22117, -1.6982
57.55, 1.22117, -1.6982
57.575, 1.22117, -1.6982
57.6, 1.22117, -1.6982
57.625, 1.22472, -1.69816
57.65, 1.22472, -1.69816
57.675, 1.22863, -1.69811
57.7, 1.22863, -1.69811
57.725, 1.22863, -1.69811
57.75, 1.22863, -1.69811
57.775, 1.22863, -1.69811
57.8, 1.22863, -1.69811
57.825, 1.22863, -1.69811
57.85, 1.23249, -1.69806
57.875, 1.23607, -1.69798
57.9, 1.23934, -1.69789
57.925, 1.23934, -1.69789
57.95, 1.24203, -1.69778
57.975, 1.24203, -1.69778
58, 1.24397, -1.69765
58.025, 1.24397, -1.69765
58.05, 1.2451, -1.69751
58.075, 1.2451, -1.69751
58.1, 1.2451, -1.69751
58.125, 1.2451, -1.69751
58.15, 1.2451, -1.69751
58.175, 1.2451, -1.69751
58.2, 1.2451, -1.69751
58.225, 1.24567, -1.69738
58.25, 1.24567, -1.69738
58.275, 1.24567, -1.69738
58.3, 1.24567, -1.69738
58.325, 1.24567, -1.69738
58.35, 1.2443, -1.69721
58.375, 1.2443, -1.69721
58.4, 1.24055, -1.69703
58.425, 1.24055, -1.69703
58.45, 1.24055, -1.69703
58.475, 1.23782, -1.69686
58.5, 1.23743, -1.69672
58.525, 1.23743, -1.69672
58.55, 1.23743, -1.69672
58.575, 1.23743, -1.69672
58.6, 1.23672, -1.69656
58.625, 1.23672, -1.69656
58.65, 1.23462, -1.69638
58.675, 1.23167, -1.69621
58.7, 1.22903, -1.69604
58.725, 1.22903, -1.69604
58.75, 1.22721, -1.6959
58.775, 1.22721, -1.6959
58.8, 1.22701, -1.69582
58.825, 1.22701, -1.69582
58.85, 1.22705, -1.69577
58.875, 1.22705, -1.69577
58.9, 1.22714, -1.69573
58.925, 1.22748, -1.69569
58.95, 1.22748, -1.69569
58.975, 1.22793, -1.69567
59, 1.22874, -1.69567
59.025, 1.22874, -1.69567
59.05, 1.22874, -1.69567
59.075, 1.22874, -1.69567
59.1, 1.22874, -1.69567
59.125, 1.22874, -1.69567
59.15, 1.22995, -1.69565
59.175, 1.22995, -1.69565
59.2, 1.22995, -1.69565
59.225, 1.22995, -1.69565
59.25, 1.23051, -1.69565
59.275, 1.23051, -1.69565
59.3, 1.22997, -1.6957
59.325, 1.22997, -1.6957
59.35, 1.22997, -1.6957
59.375, 1.22845, -1.69577
59.4, 1.22605, -1.69586
59.425, 1.22605, -1.69586
59.45, 1.22605, -1.69586
59.475, 1.22605, -1.69586
59.5, 1.22288, -1.69597
59.525, 1.21892, -1.69609
59.55, 1.21424, -1.69623
59.575, 1.20896, -1.69638
59.6, 1.20896, -1.69638
59.625, 1.2032, -1.69653
59.65, 1.2032, -1.69653
59.675, 1.2032, -1.69653
59.7, 1.2032, -1.69653
59.725, 1.19744, -1.69669
59.75, 1.19326, -1.69681
59.775, 1.19326, -1.69681
59.8, 1.19099, -1.69691
59.825, 1.19099, -1.69691
59.85, 1.19007, -1.69699
59.875, 1.19007, -1.69699
59.9, 1.18946, -1.69707
59.925, 1.18946, -1.69707
59.95, 1.1888, -1.69714
59.975, 1.1888, -1.69714
60, 1.1888, -1.69714
60, 1.1888, -1.69714
60.025, 1.18892, -1.69722
60.05, 1.19171, -1.69724
60.075, 1.1966, -1.69724
60.1, 1.20236, -1.69722
60.125, 1.20807, -1.6972
60.15, 1.21387, -1.69717
60.175, 1.21387, -1.69717
60.2, 1.21387, -1.69717
60.225, 1.21834, -1.69716
60.25, 1.21834, -1.69716
60.275, 1.2243, -1.69713
60.3, 1.2243, -1.69713
60.325, 1.23112, -1.6971
60.35, 1.24044, -1.69703
60.375, 1.24044, -1.69703
60.4, 1.24044, -1.69703
60.425, 1.24044, -1.69703
60.45, 1.24044, -1.69703
60.475, 1.24044, -1.69703
60.5, 1.24044, -1.69703
60.525, 1.25213, -1.69682
60.55, 1.25213, -1.69682
60.575, 1.25213, -1.69682
60.6, 1.25213, -1.69682
60.625, 1.25213, -1.69682
60.65, 1.25213, -1.69682
60.675, 1.25213, -1.69682
60.7, 1.25213, -1.69682
60.725, 1.25213, -1.69682
60.75, 1.25213, -1.69682
60.775, 1.25213, -1.69682
60.8, 1.25213, -1.69682
60.825, 1.25213, -1.69682
60.85, 1.26728, -1.6965
60.875, 1.28225, -1.69614
60.9, 1.28225, -1.69614
60.925, 1.29647, -1.69575
60.95, 1.30995, -1.69533
60.975, 1.30995, -1.69533
61, 1.32224, -1.69489
61.025, 1.32224, -1.69489
61.05, 1.32224, -1.69489
61.075, 1.32224, -1.69489
61.1, 1.33419, -1.69447
61.125, 1.3453, -1.69404
61.15, 1.35532, -1.6936
61.175, 1.36392, -1.69315
61.2, 1.36392, -1.69315
61.225, 1.37022, -1.69266
61.25, 1.37022, -1.69266
61.275, 1.37022, -1.69266
61.3, 1.37022, -1.69266
61.325, 1.37022, -1.69266
61.35, 1.37827, -1.69222
61.375, 1.37827, -1.69222
61.4, 1.37827, -1.69222
61.425, 1.37827, -1.69222
61.45, 1.38325, -1.69173
61.475, 1.38325, -1.69173
61.5, 1.38325, -1.69173
61.525, 1.38577, -1.69123
61.55, 1.38577, -1.69123
61.575, 1.38884, -1.69077
61.6, 1.39339, -1.69034
61.625, 1.39954, -1.68997
61.65, 1.39954, -1.68997
61.675, 1.40615, -1.68963
61.7, 1.40615, -1.68963
61.725, 1.41203, -1.68929
61.75, 1.41725, -1.68896
61.775, 1.41725, -1.68896
61.8, 1.42237, -1.68864
61.825, 1.42758, -1.68834
61.85, 1.43307, -1.68806
61.875, 1.43307, -1.68806
61.9, 1.43307, -1.68806
61.925, 1.43307, -1.68806
61.95, 1.43307, -1.68806
61.975, 1.43843, -1.68779
62, 1.43843, -1.68779
62.025, 1.43843, -1.68779
62.05, 1.44381, -1.68755
62.075, 1.44381, -1.68755
62.1, 1.44921, -1.68733
62.125, 1.44921, -1.68733
62.15, 1.44921, -1.68733
62.175, 1.45431, -1.68716
62.2, 1.4591, -1.68704
62.225, 1.46347, -1.68695
62.25, 1.46347, -1.68695
62.275, 1.46347, -1.68695
62.3, 1.46683, -1.68691
62.325, 1.46949, -1.6869
62.35, 1.46949, -1.6869
62.375, 1.47163, -1.6869
62.4, 1.47317, -1.68692
62.425, 1.47377, -1.68696
62.45, 1.47284, -1.68705
62.475, 1.46943, -1.68719
62.5, 1.46943, -1.68719
62.525, 1.46943, -1.68719
62.55, 1.46244, -1.68741
62.575, 1.45437, -1.68764
62.6, 1.45437, -1.68764
62.625, 1.44808, -1.68784
62.65, 1.44808, -1.68784
62.675, 1.44808, -1.68784
62.7, 1.44185, -1.68804
62.725, 1.44185, -1.68804
62.75, 1.44185, -1.68804
62.775, 1.44185, -1.68804
62.8, 1.44185, -1.68804
62.825, 1.44185, -1.68804
62.85, 1.43631, -1.68822
62.875, 1.4331, -1.68838
62.9, 1.4331, -1.68838
62.925, 1.43199, -1.68852
62.95, 1.43199, -1.68852
62.975, 1.43214, -1.68864
63, 1.43433, -1.68874
63.025, 1.43742, -1.68882
63.05, 1.44065, -1.6889
63.075, 1.44476, -1.68896
63.1, 1.44476, -1.68896
63.125, 1.44476, -1.68896
63.15, 1.44476, -1.68896
63.175, 1.44476, -1.68896
63.2, 1.44879, -1.68902
63.225, 1.44879, -1.68902
63.25, 1.45302, -1.68908
63.275, 1.45302, -1.68908
63.3, 1.45302, -1.68908
63.325, 1.45667, -1.68913
63.35, 1.4598, -1.68915
63.375, 1.4598, -1.68915
63.4, 1.4622, -1.68917
63.425, 1.4622, -1.68917
63.45, 1.4622, -1.68917
63.475, 1.46336, -1.68918
63.5, 1.46268, -1.68916
63.525, 1.46008, -1.68912
63.55, 1.46008, -1.68912
63.575, 1.45613, -1.68908
63.6, 1.45136, -1.68902
63.625, 1.45136, -1.68902
63.65, 1.44796, -1.68898
63.675, 1.44796, -1.68898
63.7, 1.44622, -1.68897
63.725, 1.44457, -1.68895
63.75, 1.44457, -1.68895
63.775, 1.44036, -1.68892
63.8, 1.43297, -1.68887
63.825, 1.43297, -1.68887
63.85, 1.43297, -1.68887
63.875, 1.42809, -1.68883
63.9, 1.42809, -1.68883
63.925, 1.42646, -1.68883
63.95, 1.42883, -1.68889
63.975, 1.4329, -1.68896
64, 1.4329, -1.68896
64.025, 1.43559, -1.68902
64.05, 1.43628, -1.68906
64.075, 1.43628, -1.68906
64.1, 1.43628, -1.68906
64.125, 1.43628, -1.68906
64.15, 1.43801, -1.68911
64.175, 1.44119, -1.68917
64.2, 1.44625, -1.68924
64.225, 1.45213, -1.68934
64.25, 1.45213, -1.68934
64.275, 1.45754, -1.68942
64.3, 1.46258, -1.68949
64.325, 1.4672, -1.68957
64.35, 1.4672, -1.68957
64.375, 1.4672, -1.68957
64.4, 1.47201, -1.68965
64.425, 1.47734, -1.68974
64.45, 1.47734, -1.68974
64.475, 1.47734, -1.68974
64.5, 1.47734, -1.68974
64.525, 1.47734, -1.68974
64.55, 1.47734, -1.68974
64.575, 1.47734, -1.68974
64.6, 1.47734, -1.68974
64.625, 1.48367, -1.68974
64.65, 1.48985, -1.68975
64.675, 1.49582, -1.68977
64.7, 1.49582, -1.68977
64.725, 1.50134, -1.68982
64.75, 1.50134, -1.68982
64.775, 1.50592, -1.6899
64.8, 1.50592, -1.6899
64.825, 1.50895, -1.69002
64.85, 1.50895, -1.69002
64.875, 1.50895, -1.69002
64.9, 1.50895, -1.69002
64.925, 1.51244, -1.69013
64.95, 1.51244, -1.69013
64.975, 1.51244, -1.69013
65, 1.51244, -1.69013
65.025, 1.51244, -1.69013
65.05, 1.51244, -1.69013
65.075, 1.51244, -1.69013
65.1, 1.51079, -1.69033
65.125, 1.51079, -1.69033
65.15, 1.51079, -1.69033
65.175, 1.51079, -1.69033
65.2, 1.51139, -1.69048
65.225, 1.51415, -1.69061
65.25, 1.51415, -1.69061
65.275, 1.51415, -1.69061
65.3, 1.51415, -1.69061
65.325, 1.51415, -1.69061
65.35, 1.51415, -1.69061
65.375, 1.51415, -1.69061
65.4, 1.51415, -1.69061
65.425, 1.51488, -1.69073
65.45, 1.51488, -1.69073
65.475, 1.517, -1.69083
65.5, 1.517, -1.69083
65.525, 1.51997, -1.69093
65.55, 1.52448, -1.69101
65.575, 1.52928, -1.69107
65.6, 1.52928, -1.69107
65.625, 1.52928, -1.69107
65.65, 1.53422, -1.69114
65.675, 1.53984, -1.69119
65.7, 1.53984, -1.69119
65.725, 1.54585, -1.69123
65.75, 1.54585, -1.69123
65.775, 1.54585, -1.69123
65.8, 1.54585, -1.69123
65.825, 1.55166, -1.69128
65.85, 1.55166, -1.69128
65.875, 1.55718, -1.69132
65.9, 1.56255, -1.69136
65.925, 1.56771, -1.69138
65.95, 1.5725, -1.6914
65.975, 1.57687, -1.69141
66, 1.57687, -1.69141
66.025, 1.57687, -1.69141
66.05, 1.57687, -1.69141
66.075, 1.57687, -1.69141
66.1, 1.57687, -1.69141
66.125, 1.57687, -1.69141
66.15, 1.57687, -1.69141
66.175, 1.58278, -1.69138
66.2, 1.58889, -1.69135
66.225, 1.59519, -1.69132
66.25, 1.59519, -1.69132
66.275, 1.59519, -1.69132
66.3, 1.59519, -1.69132
66.325, 1.59964, -1.69126
66.35, 1.59964, -1.69126
66.375, 1.60084, -1.6912
66.4, 1.59864, -1.69114
66.425, 1.59572, -1.69109
66.45, 1.5942, -1.69104
66.475, 1.5942, -1.69104
66.5, 1.5942, -1.69104
66.525, 1.59413, -1.69104
66.55, 1.59413, -1.69104
66.575, 1.59376, -1.69103
66.6, 1.59376, -1.69103
66.625, 1.59157, -1.69102
66.65, 1.59157, -1.69102
66.675, 1.59157, -1.69102
66.7, 1.59157, -1.69102
66.725, 1.59157, -1.69102
66.75, 1.59157, -1.69102
66.775, 1.59027, -1.69102
66.8, 1.59074, -1.69104
66.825, 1.59235, -1.69107
66.85, 1.59467, -1.69111
66.875, 1.59766, -1.69116
66.9, 1.59766, -1.69116
66.925, 1.59766, -1.69116
66.95, 1.59766, -1.69116
66.975, 1.60054, -1.69121
67, 1.60382, -1.69127
67.025, 1.60731, -1.69135
67.05, 1.60731, -1.69135
67.075, 1.61051, -1.69146
67.1, 1.61346, -1.69159
67.125, 1.61603, -1.69173
67.15, 1.61812, -1.69189
67.175, 1.61966, -1.69207
67.2, 1.62064, -1.69226
67.225, 1.62112, -1.69246
67.25, 1.62115, -1.69267
67.275, 1.62115, -1.69267
67.3, 1.62038, -1.69289
67.325, 1.62038, -1.69289
67.35, 1.61739, -1.69315
67.375, 1.61739, -1.69315
67.4, 1.61739, -1.69315
67.425, 1.61202, -1.69346
67.45, 1.61202, -1.69346
67.475, 1.60658, -1.69377
67.5, 1.60658, -1.69377
67.525, 1.60236, -1.69406
67.55, 1.59998, -1.69432
67.575, 1.59752, -1.69458
67.6, 1.59348, -1.69484
67.625, 1.59348, -1.69484
67.65, 1.59348, -1.69484
67.675, 1.58447, -1.69517
67.7, 1.58447, -1.69517
67.725, 1.58447, -1.69517
67.75, 1.58447, -1.69517
67.775, 1.58447, -1.69517
67.8, 1.58447, -1.69517
67.825, 1.58447, -1.69517
67.85, 1.57585, -1.6955
67.875, 1.56946, -1.6958
67.9, 1.56946, -1.6958
67.925, 1.56297, -1.69609
67.95, 1.56297, -1.69609
67.975, 1.55763, -1.69638
68, 1.55763, -1.69638
68.025, 1.55381, -1.69665
68.05, 1.55381, -1.69665
68.075, 1.55381, -1.69665
68.1, 1.55381, -1.69665
68.125, 1.55055, -1.69687
68.15, 1.55055, -1.69687
68.175, 1.5475, -1.69708
68.2, 1.5448, -1.69728
68.225, 1.54246, -1.69747
68.25, 1.54246, -1.69747
68.275, 1.54246, -1.69747
68.3, 1.53981, -1.69765
68.325, 1.53679, -1.69783
68.35, 1.53314, -1.698
68.375, 1.53314, -1.698
68.4, 1.52921, -1.69817
68.425, 1.52484, -1.69832
68.45, 1.52484, -1.69832
68.475, 1.52484, -1.69832
68.5, 1.52484, -1.69832
68.525, 1.52484, -1.69832
68.55, 1.52484, -1.69832
68.575, 1.52484, -1.69832
68.6, 1.52484, -1.69832
68.625, 1.52484, -1.69832
68.65, 1.52484, -1.69832
68.675, 1.51876, -1.69847
68.7, 1.51876, -1.69847
68.725, 1.51876, -1.69847
68.75, 1.51275, -1.69861
68.775, 1.51275, -1.69861
68.8, 1.51275, -1.69861
68.825, 1.50811, -1.69877
68.85, 1.50811, -1.69877
68.875, 1.50811, -1.69877
68.9, 1.50135, -1.69885
68.925, 1.50135, -1.69885
68.95, 1.49072, -1.69894
68.975, 1.49072, -1.69894
69, 1.49072, -1.69894
69.025, 1.4844, -1.699
69.05, 1.48253, -1.69909
69.075, 1.48253, -1.69909
69.1, 1.48208, -1.69929
69.125, 1.48295, -1.69952
69.15, 1.48398, -1.69976
69.175, 1.48398, -1.69976
69.2, 1.48398, -1.69976
69.225, 1.48398, -1.69976
69.25, 1.48377, -1.69997
69.275, 1.48377, -1.69997
69.3, 1.48377, -1.69997
69.325, 1.48408, -1.70018
69.35, 1.48408, -1.70018
69.375, 1.48408, -1.70018
69.4, 1.48449, -1.70036
69.425, 1.48449, -1.70036
69.45, 1.48449, -1.70036
69.475, 1.48449, -1.70036
69.5, 1.48449, -1.70036
69.525, 1.48515, -1.7005
69.55, 1.48578, -1.70065
69.575, 1.48628, -1.70081
69.6, 1.48641, -1.70098
69.625, 1.48609, -1.70117
69.65, 1.48609, -1.70117
69.675, 1.48609, -1.70117
69.7, 1.48609, -1.70117
69.725, 1.48609, -1.70117
69.75, 1.48609, -1.70117
69.775, 1.48609, -1.70117
69.8, 1.4871, -1.70131
69.825, 1.4871, -1.70131
69.85, 1.48643, -1.70148
69.875, 1.48643, -1.70148
69.9, 1.48643, -1.70148
69.925, 1.48643, -1.70148
69.95, 1.48643, -1.70148
69.975, 1.48643, -1.70148
70, 1.48764, -1.70161
70.025, 1.48764, -1.70161
70.05, 1.48863, -1.70173
70.075, 1.49064, -1.70184
70.1, 1.49064, -1.70184
70.125, 1.49064, -1.70184
70.15, 1.48703, -1.70194
70.175, 1.47864, -1.70208
70.2, 1.47864, -1.70208
70.225, 1.46488, -1.70228
70.25, 1.44801, -1.70251
70.275, 1.44801, -1.70251
70.3, 1.44801, -1.70251
70.325, 1.43906, -1.70272
70.35, 1.43906, -1.70272
70.375, 1.43906, -1.70272
70.4, 1.43006, -1.70292
70.425, 1.43006, -1.70292
70.45, 1.43006, -1.70292
70.475, 1.43006, -1.70292
70.5, 1.43006, -1.70292
70.525, 1.43006, -1.70292
70.55, 1.42016, -1.70282
70.575, 1.41701, -1.70267
70.6, 1.41701, -1.70267
70.625, 1.41701, -1.70267
70.65, 1.41701, -1.70267
70.675, 1.41701, -1.70267
70.7, 1.4142, -1.70246
70.725, 1.4142, -1.70246
70.75, 1.4142, -1.70246
70.775, 1.4142, -1.70246
70.8, 1.41152, -1.70226
70.825, 1.41152, -1.70226
70.85, 1.41152, -1.70226
70.875, 1.41152, -1.70226
70.9, 1.40857, -1.7021
70.925, 1.40857, -1.7021
70.95, 1.40857, -1.7021
70.975, 1.40515, -1.70198
71, 1.40727, -1.7018
71.025, 1.40727, -1.7018
71.05, 1.40727, -1.7018
71.075, 1.40727, -1.7018
71.1, 1.40727, -1.7018
71.125, 1.40727, -1.7018
71.15, 1.4137, -1.70155
71.175, 1.4137, -1.70155
71.2, 1.41868, -1.7013
71.225, 1.41868, -1.7013
71.25, 1.41868, -1.7013
71.275, 1.41868, -1.7013
71.3, 1.41868, -1.7013
71.325, 1.42294, -1.70106
71.35, 1.42549, -1.70082
71.375, 1.42757, -1.70057
71.4, 1.42914, -1.70033
71.425, 1.42917, -1.70008
71.45, 1.42917, -1.70008
71.475, 1.42917, -1.70008
71.5, 1.42454, -1.69983
71.525, 1.41346, -1.69956
71.55, 1.41346, -1.69956
71.575, 1.40152, -1.6993
71.6, 1.40152, -1.6993
71.625, 1.39109, -1.69906
71.65, 1.39109, -1.69906
71.675, 1.39109, -1.69906
71.7, 1.39109, -1.69906
71.725, 1.39109, -1.69906
71.75, 1.39109, -1.69906
71.775, 1.39109, -1.69906
71.8, 1.39109, -1.69906
71.825, 1.39109, -1.69906
71.85, 1.39109, -1.69906
71.875, 1.37944, -1.69874
71.9, 1.3721, -1.69844
71.925, 1.3721, -1.69844
71.95, 1.36658, -1.69818
71.975, 1.36658, -1.69818
72, 1.36658, -1.69818
72.025, 1.36146, -1.69794
72.05, 1.35818, -1.69772
72.075, 1.35818, -1.69772
72.1, 1.35606, -1.69752
72.125, 1.35576, -1.69736
72.15, 1.35696, -1.69722
72.175, 1.35696, -1.69722
72.2, 1.35696, -1.69722
72.225, 1.35803, -1.69713
72.25, 1.35803, -1.69713
72.275, 1.35803, -1.69713
72.3, 1.35803, -1.69713
72.325, 1.35803, -1.69713
72.35, 1.35803, -1.69713
72.375, 1.35803, -1.69713
72.4, 1.35803, -1.69713
72.425, 1.35803, -1.69713
72.45, 1.35803, -1.69713
72.475, 1.35803, -1.69713
72.5, 1.35803, -1.69713
72.525, 1.36511, -1.69684
72.55, 1.37021, -1.69663
72.575, 1.37021, -1.69663
72.6, 1.37021, -1.69663
72.625, 1.37456, -1.69644
72.65, 1.37456, -1.69644
72.675, 1.37456, -1.69644
72.7, 1.37456, -1.69644
72.725, 1.37693, -1.6963
72.75, 1.37702, -1.69621
72.775, 1.37458, -1.69617
72.8, 1.37458, -1.69617
72.825, 1.37458, -1.69617
72.85, 1.37458, -1.69617
72.875, 1.37596, -1.69607
72.9, 1.37596, -1.69607
72.925, 1.37596, -1.69607
72.95, 1.37943, -1.69595
72.975, 1.37943, -1.69595
73, 1.38349, -1.69582
73.025, 1.38349, -1.69582
73.05, 1.38349, -1.69582
73.075, 1.3872, -1.69571
73.1, 1.39162, -1.69558
73.125, 1.39162, -1.69558
73.15, 1.3971, -1.69544
73.175, 1.3971, -1.69544
73.2, 1.4033, -1.69528
73.225, 1.41094, -1.69509
73.25, 1.41094, -1.69509
73.275, 1.41094, -1.69509
73.3, 1.41094, -1.69509
73.325, 1.41819, -1.69491
73.35, 1.42553, -1.6947
73.375, 1.42553, -1.6947
73.4, 1.43246, -1.69448
73.425, 1.43908, -1.69426
73.45, 1.44534, -1.69403
73.475, 1.45132, -1.69379
73.5, 1.45699, -1.69356
73.525, 1.45699, -1.69356
73.55, 1.45699, -1.69356
73.575, 1.45699, -1.69356
73.6, 1.45699, -1.69356
73.625, 1.46202, -1.69334
73.65, 1.46573, -1.6931
73.675, 1.46573, -1.6931
73.7, 1.46573, -1.6931
73.725, 1.46573, -1.6931
73.75, 1.46573, -1.6931
73.775, 1.46573, -1.6931
73.8, 1.46573, -1.6931
73.825, 1.46573, -1.6931
73.85, 1.46573, -1.6931
73.875, 1.46573, -1.6931
73.9, 1.46573, -1.6931
73.925, 1.46573, -1.6931
73.95, 1.47389, -1.69289
73.975, 1.48351, -1.69272
74, 1.4937, -1.69256
74.025, 1.4937, -1.69256
74.05, 1.4937, -1.69256
74.075, 1.49994, -1.69235
74.1, 1.49994, -1.69235
74.125, 1.50476, -1.69214
74.15, 1.51025, -1.69194
74.175, 1.51629, -1.69176
74.2, 1.52482, -1.69161
74.225, 1.52482, -1.69161
74.25, 1.52482, -1.69161
74.275, 1.52482, -1.69161
74.3, 1.53295, -1.69138
74.325, 1.54107, -1.69116
74.35, 1.54868, -1.69095
74.375, 1.55554, -1.69074
74.4, 1.55554, -1.69074
74.425, 1.55554, -1.69074
74.45, 1.55554, -1.69074
74.475, 1.56248, -1.69055
74.5, 1.56985, -1.69039
74.525, 1.57759, -1.69025
74.55, 1.57759, -1.69025
74.575, 1.57759, -1.69025
74.6, 1.57759, -1.69025
74.625, 1.58488, -1.69015
74.65, 1.58488, -1.69015
74.675, 1.58488, -1.69015
74.7, 1.59161, -1.69007
74.725, 1.59789, -1.69003
74.75, 1.60375, -1.69
74.775, 1.60908, -1.69001
74.8, 1.61382, -1.69003
74.825, 1.61799, -1.69008
74.85, 1.62158, -1.69014
74.875, 1.62158, -1.69014
74.9, 1.62158, -1.69014
74.925, 1.62487, -1.69021
74.95, 1.6277, -1.69029
74.975, 1.6277, -1.69029
75, 1.63009, -1.69037
75.025, 1.6318, -1.69047
75.05, 1.63224, -1.69059
75.075, 1.63224, -1.69059
75.1, 1.63224, -1.69059
75.125, 1.63032, -1.69077
75.15, 1.63032, -1.69077
75.175, 1.63032, -1.69077
75.2, 1.63032, -1.69077
75.225, 1.63032, -1.69077
75.25, 1.63032, -1.69077
75.275, 1.62975, -1.69091
75.3, 1.62999, -1.69104
75.325, 1.62999, -1.69104
75.35, 1.6291, -1.69118
75.375, 1.62746, -1.69133
75.4, 1.62585, -1.69148
75.425, 1.62491, -1.69161
75.45, 1.62467, -1.69173
75.475, 1.62467, -1.69173
75.5, 1.62591, -1.69182
75.525, 1.62863, -1.6919
75.55, 1.62863, -1.6919
75.575, 1.62863, -1.6919
75.6, 1.63127, -1.69197
75.625, 1.63127, -1.69197
75.65, 1.63127, -1.69197
75.675, 1.63127, -1.69197
75.7, 1.63127, -1.69197
75.725, 1.63127, -1.69197
75.75, 1.63359, -1.69205
75.775, 1.63359, -1.69205
75.8, 1.63359, -1.69205
75.825, 1.63359, -1.69205
75.85, 1.63359, -1.69205
75.875, 1.63359, -1.69205
75.9, 1.63359, -1.69205
75.925, 1.63359, -1.69205
75.95, 1.63359, -1.69205
75.975, 1.63359, -1.69205
76, 1.63359, -1.69205
76.025, 1.63359, -1.69205
76.05, 1.63359, -1.69205
76.075, 1.63359, -1.69205
76.1, 1.63359, -1.69205
76.125, 1.63359, -1.69205
76.15, 1.64131, -1.69203
76.175, 1.64858, -1.692
76.2, 1.64858, -1.692
76.225, 1.65495, -1.69196
76.25, 1.65495, -1.69196
76.275, 1.66061, -1.69192
76.3, 1.66533, -1.69187
76.325, 1.66872, -1.69181
76.35, 1.66872, -1.69181
76.375, 1.67063, -1.69174
76.4, 1.67063, -1.69174
76.425, 1.6709, -1.69167
76.45, 1.67043, -1.69159
76.475, 1.67043, -1.69159
76.5, 1.67043, -1.69159
76.525, 1.67043, -1.69159
76.55, 1.67093, -1.69154
76.575, 1.67271, -1.69151
76.6, 1.67271, -1.69151
76.625, 1.67352, -1.69146
76.65, 1.67352, -1.69146
76.675, 1.67388, -1.69141
76.7, 1.67439, -1.69136
76.725, 1.67439, -1.69136
76.75, 1.67439, -1.69136
76.775, 1.67439, -1.69136
76.8, 1.67497, -1.69139
76.825, 1.67497, -1.69139
76.85, 1.67551, -1.6914
76.875, 1.676, -1.69142
76.9, 1.67612, -1.69141
76.925, 1.67612, -1.69141
76.95, 1.67612, -1.69141
76.975, 1.67604, -1.69141
77, 1.67604, -1.69141
77.025, 1.67604, -1.69141
77.05, 1.67604, -1.69141
77.075, 1.67604, -1.69141
77.1, 1.67583, -1.69144
77.125, 1.67563, -1.69147
77.15, 1.67563, -1.69147
77.175, 1.67543, -1.6915
77.2, 1.67521, -1.69153
77.225, 1.67521, -1.69153
77.25, 1.67486, -1.69158
77.275, 1.67434, -1.69164
77.3, 1.67353, -1.69171
77.325, 1.6724, -1.69179
77.35, 1.67101, -1.69188
77.375, 1.67101, -1.69188
77.4, 1.67101, -1.69188
77.425, 1.67101, -1.69188
77.45, 1.66966, -1.69197
77.475, 1.66966, -1.69197
77.5, 1.66823, -1.69206
77.525, 1.66823, -1.69206
77.55, 1.66675, -1.69214
77.575, 1.66522, -1.69223
77.6, 1.66359, -1.69232
77.625, 1.66359, -1.69232
77.65, 1.66157, -1.69242
77.675, 1.65902, -1.69252
77.7, 1.65595, -1.69264
77.725, 1.6531, -1.69275
77.75, 1.65099, -1.69285
77.775, 1.65099, -1.69285
77.8, 1.64939, -1.69293
77.825, 1.64939, -1.69293
77.85, 1.64939, -1.69293
77.875, 1.64771, -1.69301
77.9, 1.64771, -1.69301
77.925, 1.64521, -1.69311
77.95, 1.64521, -1.69311
77.975, 1.64145, -1.69324
78, 1.63696, -1.69338
78.025, 1.63341, -1.6935
78.05, 1.63341, -1.6935
78.075, 1.63084, -1.69362
78.1, 1.62902, -1.69373
78.125, 1.62902, -1.69373
78.15, 1.62902, -1.69373
78.175, 1.62902, -1.69373
78.2, 1.62902, -1.69373
78.225, 1.62773, -1.69381
78.25, 1.62647, -1.69388
78.275, 1.62647, -1.69388
78.3, 1.62647, -1.69388
78.325, 1.62375, -1.69397
78.35, 1.61836, -1.69406
78.375, 1.61836, -1.69406
78.4, 1.61836, -1.69406
78.425, 1.61836, -1.69406
78.45, 1.61836, -1.69406
78.475, 1.61836, -1.69406
78.5, 1.61836, -1.69406
78.525, 1.61836, -1.69406
78.55, 1.61552, -1.69411
78.575, 1.61552, -1.69411
78.6, 1.61086, -1.69415
78.625, 1.61086, -1.69415
78.65, 1.60579, -1.69419
78.675, 1.60015, -1.69422
78.7, 1.59515, -1.69426
78.725, 1.59162, -1.6943
78.75, 1.58923, -1.69435
78.775, 1.58765, -1.69439
78.8, 1.58669, -1.69445
78.825, 1.58669, -1.69445
78.85, 1.58669, -1.69445
78.875, 1.58669, -1.69445
78.9, 1.58669, -1.69445
78.925, 1.58483, -1.69445
78.95, 1.58483, -1.69445
78.975, 1.58483, -1.69445
79, 1.58483, -1.69445
79.025, 1.58339, -1.69446
79.05, 1.58339, -1.69446
79.075, 1.58339, -1.69446
79.1, 1.58339, -1.69446
79.125, 1.58186, -1.69453
79.15, 1.5805, -1.69462
79.175, 1.5805, -1.69462
79.2, 1.57923, -1.69471
79.225, 1.57803, -1.69478
79.25, 1.57803, -1.69478
79.275, 1.57803, -1.69478
79.3, 1.57691, -1.69485
79.325, 1.57691, -1.69485
79.35, 1.57444, -1.69497
79.375, 1.57444, -1.69497
79.4, 1.57444, -1.69497
79.425, 1.57444, -1.69497
79.45, 1.57444, -1.69497
79.475, 1.57802, -1.69488
79.5, 1.58312, -1.69479
79.525, 1.58312, -1.69479
79.55, 1.58312, -1.69479
79.575, 1.58312, -1.69479
79.6, 1.58312, -1.69479
79.625, 1.58546, -1.69469
79.65, 1.58546, -1.69469
79.675, 1.58692, -1.69462
79.7, 1.58844, -1.69454
79.725, 1.58976, -1.69446
79.75, 1.58976, -1.69446
79.775, 1.59345, -1.69438
79.8, 1.59345, -1.69438
79.825, 1.59345, -1.69438
79.85, 1.59345, -1.69438
79.875, 1.59345, -1.69438
79.9, 1.59578, -1.69427
79.925, 1.59578, -1.69427
79.95, 1.59578, -1.69427
79.975, 1.59578, -1.69427
80, 1.59578, -1.69427
80.025, 1.59578, -1.69427
80.05, 1.5965, -1.69418
80.075, 1.5965, -1.69418
80.1, 1.5965, -1.69418
80.125, 1.59, -1.69413
80.15, 1.59, -1.69413
80.175, 1.58485, -1.69407
80.2, 1.57765, -1.69403
80.225, 1.56604, -1.69403
80.25, 1.55319, -1.69404
80.275, 1.55319, -1.69404
80.3, 1.55319, -1.69404
80.325, 1.55319, -1.69404
80.35, 1.54019, -1.69404
80.375, 1.53202, -1.69403
80.4, 1.53202, -1.69403
80.425, 1.53202, -1.69403
80.45, 1.53202, -1.69403
80.475, 1.52352, -1.694
80.5, 1.52352, -1.694
80.525, 1.51398, -1.69397
80.55, 1.50628, -1.69393
80.575, 1.50155, -1.69387
80.6, 1.50155, -1.69387
80.625, 1.50155, -1.69387
80.65, 1.50155, -1.69387
80.675, 1.50155, -1.69387
80.7, 1.50155, -1.69387
80.725, 1.50155, -1.69387
80.75, 1.49721, -1.69374
80.775, 1.49721, -1.69374
80.8, 1.49588, -1.69362
80.825, 1.4981, -1.69349
80.85, 1.4981, -1.69349
80.875, 1.50338, -1.69337
80.9, 1.51258, -1.69323
80.925, 1.52514, -1.69307
80.95, 1.52514, -1.69307
80.975, 1.52514, -1.69307
81, 1.53727, -1.69296
81.025, 1.53727, -1.69296
81.05, 1.53727, -1.69296
81.075, 1.54809, -1.69291
81.1, 1.54809, -1.69291
81.125, 1.5582, -1.69286
81.15, 1.5582, -1.69286
81.175, 1.5582, -1.69286
81.2, 1.5582, -1.69286
81.225, 1.56763, -1.69282
81.25, 1.56763, -1.69282
81.275, 1.56763, -1.69282
81.3, 1.56763, -1.69282
81.325, 1.57517, -1.69279
81.35, 1.58071, -1.69272
81.375, 1.58071, -1.69272
81.4, 1.58071, -1.69272
81.425, 1.58481, -1.69265
81.45, 1.58481, -1.69265
81.475, 1.58481, -1.69265
81.5, 1.58723, -1.69257
81.525, 1.58723, -1.69257
81.55, 1.58841, -1.69248
81.575, 1.58844, -1.69238
81.6, 1.58763, -1.69226
81.625, 1.58763, -1.69226
81.65, 1.5869, -1.69216
81.675, 1.5869, -1.69216
81.7, 1.58669, -1.69206
81.725, 1.58736, -1.69198
81.75, 1.58736, -1.69198
81.775, 1.58702, -1.69189
81.8, 1.58702, -1.69189
81.825, 1.58702, -1.69189
81.85, 1.58702, -1.69189
81.875, 1.58702, -1.69189
81.9, 1.58702, -1.6918
81.925, 1.58702, -1.6918
81.95, 1.58702, -1.6918
81.975, 1.58795, -1.69177
82, 1.58795, -1.69177
82.025, 1.58884, -1.69173
82.05, 1.58884, -1.69173
82.075, 1.58884, -1.69173
82.1, 1.58877, -1.69167
82.125, 1.58841, -1.69161
82.15, 1.58837, -1.69155
82.175, 1.58894, -1.69151
82.2, 1.58894, -1.69151
82.225, 1.59014, -1.6915
82.25, 1.59014, -1.6915
82.275, 1.59014, -1.6915
82.3, 1.59014, -1.6915
82.325, 1.59014, -1.6915
82.35, 1.59143, -1.69146
82.375, 1.59143, -1.69146
82.4, 1.59143, -1.69146
82.425, 1.59269, -1.69145
82.45, 1.594, -1.69146
82.475, 1.594, -1.69146
82.5, 1.594, -1.69146
82.525, 1.594, -1.69146
82.55, 1.59474, -1.6915
82.575, 1.59502, -1.69157
82.6, 1.5946, -1.69168
82.625, 1.59307, -1.69183
82.65, 1.59307, -1.69183
82.675, 1.59307, -1.69183
82.7, 1.59119, -1.69199
82.725, 1.59119, -1.69199
82.75, 1.59119, -1.69199
82.775, 1.58951, -1.69215
82.8, 1.58951, -1.69215
82.825, 1.58663, -1.69232
82.85, 1.58316, -1.69251
82.875, 1.58316, -1.69251
82.9, 1.58316, -1.69251
82.925, 1.58316, -1.69251
82.95, 1.57982, -1.69269
82.975, 1.57765, -1.69284
83, 1.57765, -1.69284
83.025, 1.57765, -1.69284
83.05, 1.57518, -1.693
83.075, 1.57313, -1.69314
83.1, 1.57136, -1.69327
83.125, 1.5701, -1.69339
83.15, 1.5701, -1.69339
83.175, 1.5701, -1.69339
83.2, 1.5701, -1.69339
83.225, 1.5701, -1.69339
83.25, 1.5701, -1.69339
83.275, 1.56922, -1.69348
83.3, 1.56896, -1.69356
83.325, 1.56896, -1.69356
83.35, 1.56878, -1.69363
83.375, 1.56878, -1.69363
83.4, 1.56878, -1.69363
83.425, 1.56878, -1.69363
83.45, 1.56878, -1.69363
83.475, 1.56846, -1.6937
83.5, 1.56785, -1.69374
83.525, 1.56785, -1.69374
83.55, 1.56785, -1.69374
83.575, 1.56651, -1.69378
83.6, 1.56437, -1.69381
83.625, 1.56437, -1.69381
83.65, 1.56437, -1.69381
83.675, 1.56437, -1.69381
83.7, 1.56437, -1.69381
83.725, 1.56282, -1.69383
83.75, 1.56124, -1.69385
83.775, 1.56124, -1.69385
83.8, 1.56124, -1.69385
83.825, 1.56124, -1.69385
83.85, 1.56124, -1.69385
83.875, 1.559, -1.69386
83.9, 1.559, -1.69386
83.925, 1.559, -1.69386
83.95, 1.559, -1.69386
83.975, 1.559, -1.69386
84, 1.559, -1.69386
84.025, 1.55608, -1.69385
84.05, 1.55608, -1.69385
84.075, 1.55278, -1.69383
84.1, 1.54969, -1.69381
84.125, 1.54708, -1.6938
84.15, 1.54708, -1.6938
84.175, 1.54507, -1.6938
84.2, 1.54507, -1.6938
84.225, 1.54507, -1.6938
84.25, 1.54359, -1.69382
84.275, 1.54366, -1.69388
84.3, 1.54366, -1.69388
84.325, 1.54366, -1.69388
84.35, 1.54304, -1.69386
84.375, 1.54304, -1.69386
84.4, 1.5419, -1.69384
84.425, 1.5419, -1.69384
84.45, 1.54075, -1.69382
84.475, 1.54075, -1.69382
84.5, 1.54075, -1.69382
84.525, 1.54075, -1.69382
84.55, 1.54075, -1.69382
84.575, 1.53993, -1.69375
84.6, 1.53993, -1.69375
84.625, 1.53893, -1.69367
84.65, 1.53893, -1.69367
84.675, 1.53735, -1.69359
84.7, 1.53735, -1.69359
84.725, 1.53735, -1.69359
84.75, 1.53735, -1.69359
84.775, 1.53735, -1.69359
84.8, 1.53735, -1.69359
84.825, 1.53735, -1.69359
84.85, 1.5357, -1.69352
84.875, 1.5357, -1.69352
84.9, 1.53395, -1.69346
84.925, 1.5322, -1.69341
84.95, 1.53056, -1.69336
84.975, 1.53056, -1.69336
85, 1.52893, -1.69331
85.025, 1.52893, -1.69331
85.05, 1.52893, -1.69331
85.075, 1.52893, -1.69331
85.1, 1.52893, -1.69331
85.125, 1.52715, -1.69327
85.15, 1.52531, -1.69324
85.175, 1.52349, -1.69322
85.2, 1.52349, -1.69322
85.225, 1.52349, -1.69322
85.25, 1.52166, -1.69319
85.275, 1.52166, -1.69319
85.3, 1.51981, -1.69317
85.325, 1.51981, -1.69317
85.35, 1.51981, -1.69317
85.375, 1.51776, -1.69316
85.4, 1.51561, -1.69315
85.425, 1.51346, -1.69314
85.45, 1.51142, -1.69313
85.475, 1.50952, -1.69312
85.5, 1.50782, -1.69311
85.525, 1.50782, -1.69311
85.55, 1.50643, -1.69309
85.575, 1.50542, -1.69306
85.6, 1.50542, -1.69306
85.625, 1.50542, -1.69306
85.65, 1.50542, -1.69306
85.675, 1.50542, -1.69306
85.7, 1.50407, -1.69304
85.725, 1.50407, -1.69304
85.75, 1.5032, -1.69301
85.775, 1.50305, -1.69296
85.8, 1.50305, -1.69296
85.825, 1.50305, -1.69296
85.85, 1.50277, -1.69291
85.875, 1.50277, -1.69291
85.9, 1.50277, -1.69291
85.925, 1.50267, -1.69286
85.95, 1.50267, -1.69286
85.975, 1.50267, -1.69286
86, 1.50267, -1.69286
86.025, 1.5023, -1.69281
86.05, 1.50134, -1.69274
86.075, 1.49933, -1.69267
86.1, 1.49597, -1.69259
86.125, 1.49183, -1.6925
86.15, 1.49183, -1.6925
86.175, 1.49183, -1.6925
86.2, 1.49183, -1.6925
86.225, 1.49183, -1.6925
86.25, 1.49183, -1.6925
86.275, 1.49183, -1.6925
86.3, 1.49183, -1.6925
86.325, 1.49183, -1.6925
86.35, 1.49183, -1.6925
86.375, 1.49183, -1.6925
86.4, 1.48792, -1.69242
86.425, 1.48792, -1.69242
86.45, 1.48461, -1.69234
86.475, 1.48461, -1.69234
86.5, 1.48168, -1.69227
86.525, 1.47929, -1.69221
86.55, 1.47929, -1.69221
86.575, 1.47929, -1.69221
86.6, 1.47929, -1.69221
86.625, 1.47696, -1.69215
86.65, 1.47696, -1.69215
86.675, 1.47696, -1.69215
86.7, 1.47461, -1.69208
86.725, 1.47461, -1.69208
86.75, 1.47461, -1.69208
86.775, 1.47461, -1.69208
86.8, 1.47461, -1.69208
86.825, 1.47461, -1.69208
86.85, 1.47461, -1.69208
86.875, 1.47258, -1.69198
86.9, 1.47078, -1.69188
86.925, 1.47078, -1.69188
86.95, 1.47078, -1.69188
86.975, 1.46868, -1.69178
87, 1.46868, -1.69178
87.025, 1.46868, -1.69178
87.05, 1.46868, -1.69178
87.075, 1.46868, -1.69178
87.1, 1.46608, -1.69175
87.125, 1.46318, -1.69177
87.15, 1.46318, -1.69177
87.175, 1.46041, -1.69179
87.2, 1.46041, -1.69179
87.225, 1.46041, -1.69179
87.25, 1.46041, -1.69179
87.275, 1.46041, -1.69179
87.3, 1.46041, -1.69179
87.325, 1.45801, -1.6918
87.35, 1.45801, -1.6918
87.375, 1.45546, -1.69184
87.4, 1.45546, -1.69184
87.425, 1.45303, -1.69186
87.45, 1.45067, -1.69189
87.475, 1.4484, -1.69192
87.5, 1.44627, -1.69194
87.525, 1.44425, -1.69196
87.55, 1.44425, -1.69196
87.575, 1.44425, -1.69196
87.6, 1.44226, -1.69199
87.625, 1.44226, -1.69199
87.65, 1.44226, -1.69199
87.675, 1.44029, -1.69201
87.7, 1.44029, -1.69201
87.725, 1.43826, -1.69203
87.75, 1.43826, -1.69203
87.775, 1.43826, -1.69203
87.8, 1.43826, -1.69203
87.825, 1.43826, -1.69203
87.85, 1.43611, -1.69207
87.875, 1.43611, -1.69207
87.9, 1.43611, -1.69207
87.925, 1.43611, -1.69207
87.95, 1.43355, -1.69211
87.975, 1.43355, -1.69211
88, 1.43071, -1.69216
88.025, 1.42763, -1.69222
88.05, 1.42763, -1.69222
88.075, 1.42763, -1.69222
88.1, 1.42763, -1.69222
88.125, 1.42763, -1.69222
88.15, 1.42452, -1.69227
88.175, 1.42151, -1.69233
88.2, 1.41864, -1.69238
88.225, 1.41579, -1.69244
88.25, 1.41579, -1.69244
88.275, 1.41285, -1.6925
88.3, 1.41285, -1.6925
88.325, 1.41043, -1.69254
88.35, 1.41043, -1.69254
88.375, 1.40787, -1.69258
88.4, 1.40787, -1.69258
88.425, 1.40787, -1.69258
88.45, 1.40536, -1.69262
88.475, 1.40293, -1.69265
88.5, 1.40293, -1.69265
88.525, 1.40293, -1.69265
88.55, 1.40065, -1.69269
88.575, 1.39834, -1.69273
88.6, 1.39568, -1.69275
88.625, 1.39223, -1.69278
88.65, 1.39223, -1.69278
88.675, 1.39223, -1.69278
88.7, 1.39223, -1.69278
88.725, 1.3891, -1.69279
88.75, 1.38634, -1.69281
88.775, 1.38431, -1.69284
88.8, 1.38278, -1.69286
88.825, 1.38278, -1.69286
88.85, 1.38278, -1.69286
88.875, 1.38099, -1.69288
88.9, 1.38099, -1.69288
88.925, 1.38099, -1.69288
88.95, 1.38099, -1.69288
88.975, 1.38099, -1.69288
89, 1.38099, -1.69288
89.025, 1.37876, -1.6929
89.05, 1.37876, -1.6929
89.075, 1.37728, -1.69292
89.1, 1.3765, -1.69294
89.125, 1.37631, -1.69297
89.15, 1.37667, -1.693
89.175, 1.37762, -1.69304
89.2, 1.37905, -1.69308
89.225, 1.38089, -1.69312
89.25, 1.38089, -1.69312
89.275, 1.38089, -1.69312
89.3, 1.38276, -1.69317
89.325, 1.38495, -1.69323
89.35, 1.38495, -1.69323
89.375, 1.38495, -1.69323
89.4, 1.387, -1.6933
89.425, 1.387, -1.6933
89.45, 1.38893, -1.69337
89.475, 1.38893, -1.69337
89.5, 1.39084, -1.69344
89.525, 1.39084, -1.69344
89.55, 1.39268, -1.6935
89.575, 1.39268, -1.6935
89.6, 1.39436, -1.69357
89.625, 1.39436, -1.69357
89.65, 1.39436, -1.69357
89.675, 1.39476, -1.69369
89.7, 1.39476, -1.69369
89.725, 1.39525, -1.69379
89.75, 1.39656, -1.69387
89.775, 1.39656, -1.69387
89.8, 1.39656, -1.69387
89.825, 1.39656, -1.69387
89.85, 1.39656, -1.69387
89.875, 1.39884, -1.69391
89.9, 1.4008, -1.69395
89.925, 1.4008, -1.69395
89.95, 1.40244, -1.69399
89.975, 1.40376, -1.69404
