0, 0.0254321, 0.00178964
0.025, 0.0751745, 0.0117605
0.05, 0.119368, 0.0487039
0.075, 0.173334, 0.140615
0.1, 0.239424, 0.170655
0.125, 0.276229, 0.253874
0.15, 0.291013, 0.285193
0.175, 0.309383, 0.377615
0.2, 0.325818, 0.397173
0.225, 0.338885, 0.483204
0.25, 0.349406, 0.52232
0.275, 0.377198, 0.669838
0.3, 0.416897, 0.730431
0.325, 0.446233, 0.827966
0.35, 0.469042, 0.857367
0.375, 0.489313, 0.928698
0.4, 0.522046, 0.951579
0.425, 0.562612, 1.06203
0.45, 0.598721, 1.08989
0.475, 0.641839, 1.18193
0.5, 0.683892, 1.22744
0.525, 0.706142, 1.36499
0.55, 0.723768, 1.40206
0.575, 0.773675, 1.52848
0.6, 0.863708, 1.54037
0.625, 0.946702, 1.60045
0.65, 1.00506, 1.62244
0.675, 1.06715, 1.73417
0.7, 1.13043, 1.76101
0.725, 1.20635, 1.8588
0.75, 1.29952, 1.88156
0.775, 1.39867, 1.94777
0.8, 1.50056, 1.96771
0.825, 1.59165, 2.01437
0.85, 1.67445, 2.03342
0.875, 1.74953, 2.13926
0.9, 1.81361, 2.17199
0.925, 1.90464, 2.28026
0.95, 2.02687, 2.30545
0.975, 2.17707, 2.35824
1, 2.35516, 2.36233
1.025, 2.53516, 2.37818
1.05, 2.71306, 2.38445
1.075, 2.86977, 2.41845
1.1, 3.0041, 2.44069
1.125, 3.1261, 2.50486
1.15, 3.23866, 2.51854
1.175, 3.36684, 2.54973
1.2, 3.51235, 2.55574
1.225, 3.67341, 2.55574
1.25, 3.84912, 2.55574
1.275, 4.02112, 2.55561
1.3, 4.18702, 2.55587
1.325, 4.34376, 2.55676
1.35, 4.49095, 2.55817
1.375, 4.6334, 2.56188
1.4, 4.77233, 2.56188
1.425, 4.90943, 2.56188
1.45, 5.04537, 2.56175
1.475, 5.1782, 2.56175
1.5, 5.30763, 2.56175
1.525, 5.43608, 2.56661
1.55, 5.56297, 2.56955
1.575, 5.68709, 2.57376
1.6, 5.81025, 2.57364
1.625, 5.93284, 2.57325
1.65, 6.05375, 2.57287
1.675, 6.17502, 2.55178
1.7, 6.29564, 2.54027
1.725, 6.40562, 2.54002
1.75, 6.50388, 2.54078
1.775, 6.60341, 2.55178
1.8, 6.70518, 2.55203
1.825, 6.80814, 2.55254
1.85, 6.91436, 2.55254
1.875, 7.01499, 2.54449
1.9, 7.10943, 2.54385
1.925, 7.20266, 2.54398
1.95, 7.29086, 2.54411
1.975, 7.36701, 2.5473
2, 7.4345, 2.55165
2.025, 7.49525, 2.56213
2.05, 7.55105, 2.56251
2.075, 7.62053, 2.56405
2.1, 7.70397, 2.56418
2.125, 7.79387, 2.57568
2.15, 7.88921, 2.57824
2.175, 7.9838, 2.59077
2.2, 8.07679, 2.59959
2.225, 8.1502, 2.60176
2.25, 8.20439, 2.60176
2.275, 8.25367, 2.60189
2.3, 8.2979, 2.60189
2.325, 8.34696, 2.61851
2.35, 8.40235, 2.6373
2.375, 8.46266, 2.69699
2.4, 8.52963, 2.71451
2.425, 8.61334, 2.71936
2.45, 8.71338, 2.72077
2.475, 8.79836, 2.72077
2.5, 8.86482, 2.72077
2.525, 8.92964, 2.72256
2.55, 8.99212, 2.72435
2.575, 9.04725, 2.75938
2.6, 9.09559, 2.77446
2.625, 9.14656, 2.84656
2.65, 9.19949, 2.85666
2.675, 9.27098, 2.87097
2.7, 9.36516, 2.87225
2.725, 9.45639, 2.87839
2.75, 9.54401, 2.87877
2.775, 9.63378, 2.9051
2.8, 9.72147, 2.91955
2.825, 9.80217, 2.96518
2.85, 9.87953, 2.96838
2.875, 9.97053, 2.98781
2.9, 10.075, 2.98768
2.925, 10.1798, 2.98768
2.95, 10.2835, 2.9873
2.975, 10.3839, 2.9873
3, 10.4832, 2.98743
3.025, 10.5827, 2.9873
3.05, 10.6802, 2.98743
3.075, 10.7802, 2.96518
3.1, 10.886, 2.95892
3.125, 10.9886, 2.92147
3.15, 11.0843, 2.90907
3.175, 11.1726, 2.85704
3.2, 11.2535, 2.85538
3.225, 11.317, 2.85448
3.25, 11.3624, 2.85218
3.275, 11.4171, 2.84502
3.3, 11.481, 2.82968
3.325, 11.5488, 2.76845
3.35, 11.6223, 2.74902
3.375, 11.6617, 2.68562
3.4, 11.6671, 2.68268
3.425, 11.6562, 2.68536
3.45, 11.6308, 2.68958
3.475, 11.6308, 2.68881
3.5, 11.6207, 2.68779
3.525, 11.6241, 2.64241
3.55, 11.6387, 2.60278
3.575, 11.6696, 2.56354
3.6, 11.7069, 2.53605
3.625, 11.7402, 2.51394
3.65, 11.7529, 2.50192
3.675, 11.7462, 2.48479
3.7, 11.7184, 2.46383
3.725, 11.675, 2.44018
3.75, 11.6314, 2.42535
3.775, 11.588, 2.39007
3.8, 11.5611, 2.37729
3.825, 11.5519, 2.37588
3.85, 11.5372, 2.37588
3.875, 11.5143, 2.37754
3.9, 11.4834, 2.37729
3.925, 11.4428, 2.35338
3.95, 11.3921, 2.32884
3.975, 11.3351, 2.32194
4, 11.2706, 2.32219
4.025, 11.1962, 2.32385
4.05, 11.1403, 2.34137
4.075, 11.1048, 2.35287
4.1, 11.0646, 2.35338
4.125, 11.0213, 2.35377
4.15, 10.9811, 2.35377
4.175, 10.9385, 2.35377
4.2, 10.895, 2.35415
4.225, 10.8522, 2.36207
4.25, 10.805, 2.37268
4.275, 10.7551, 2.42573
4.3, 10.7023, 2.45603
4.325, 10.6446, 2.46255
4.35, 10.6114, 2.46255
4.375, 10.6059, 2.46281
4.4, 10.5929, 2.46613
4.425, 10.5709, 2.48799
4.45, 10.5526, 2.50844
4.475, 10.5339, 2.54564
4.5, 10.5169, 2.56251
4.525, 10.5054, 2.57722
4.55, 10.4998, 2.5845
4.575, 10.5018, 2.59
4.6, 10.5026, 2.59
4.625, 10.5012, 2.59153
4.65, 10.5039, 2.61441
4.675, 10.5088, 2.67309
4.7, 10.5075, 2.70032
4.725, 10.5015, 2.74301
4.75, 10.513, 2.75081
4.775, 10.5415, 2.75784
4.8, 10.5743, 2.75886
4.825, 10.6109, 2.76104
4.85, 10.6399, 2.77037
4.875, 10.6622, 2.78251
4.9, 10.6808, 2.7999
4.925, 10.6984, 2.80693
4.95, 10.7353, 2.82048
4.975, 10.7892, 2.82074
5, 10.8471, 2.82048
5.025, 10.9076, 2.8137
5.05, 10.9617, 2.79849
5.075, 11.0067, 2.79657
5.1, 11.0437, 2.79836
5.125, 11.0699, 2.79951
5.15, 11.0871, 2.79964
5.175, 11.1026, 2.80003
5.2, 11.129, 2.79977
5.225, 11.166, 2.7843
5.25, 11.2166, 2.77318
5.275, 11.2787, 2.76666
5.3, 11.3354, 2.76602
5.325, 11.3829, 2.76321
5.35, 11.4127, 2.74889
5.375, 11.4287, 2.73662
5.4, 11.4424, 2.71042
5.425, 11.4519, 2.65622
5.45, 11.4768, 2.64497
5.475, 11.5202, 2.63679
5.5, 11.5477, 2.62132
5.525, 11.5616, 2.61352
5.55, 11.5855, 2.61275
5.575, 11.6067, 2.56443
5.6, 11.6061, 2.52864
5.625, 11.5971, 2.47252
5.65, 11.566, 2.44044
5.675, 11.5089, 2.42714
5.7, 11.4675, 2.41922
5.725, 11.4364, 2.39672
5.75, 11.4112, 2.38278
5.775, 11.3986, 2.37601
5.8, 11.3633, 2.35313
5.825, 11.3047, 2.30698
5.85, 11.2668, 2.28729
5.875, 11.2459, 2.25457
5.9, 11.2149, 2.2469
5.925, 11.1792, 2.2368
5.95, 11.1279, 2.23654
5.975, 11.0569, 2.23782
6, 10.9906, 2.23846
6.025, 10.9279, 2.22414
6.05, 10.8672, 2.21941
6.075, 10.8127, 2.20689
6.1, 10.7511, 2.20625
6.125, 10.6816, 2.20663
6.15, 10.6172, 2.21213
6.175, 10.5554, 2.21302
6.2, 10.4954, 2.21545
6.225, 10.4389, 2.21494
6.25, 10.382, 2.2152
6.275, 10.3253, 2.21839
6.3, 10.2698, 2.21852
6.325, 10.215, 2.23974
6.35, 10.1673, 2.24805
6.375, 10.1262, 2.27246
6.4, 10.0925, 2.28052
6.425, 10.0665, 2.2809
6.45, 10.0445, 2.28001
6.475, 10.0252, 2.27873
6.5, 9.99066, 2.27873
6.525, 9.94138, 2.27898
6.55, 9.89221, 2.291
6.575, 9.84302, 2.353
6.6, 9.79529, 2.37294
6.625, 9.74862, 2.41628
6.65, 9.73137, 2.42727
6.675, 9.74516, 2.44159
6.7, 9.76158, 2.44159
6.725, 9.78215, 2.44197
6.75, 9.78148, 2.4582
6.775, 9.75602, 2.4986
6.8, 9.71562, 2.53005
6.825, 9.66054, 2.57555
6.85, 9.62201, 2.59524
6.875, 9.6027, 2.60023
6.9, 9.60646, 2.60035
6.925, 9.63371, 2.60035
6.95, 9.66189, 2.60253
6.975, 9.68826, 2.6373
7, 9.7109, 2.65136
7.025, 9.72705, 2.68472
7.05, 9.75416, 2.69316
7.075, 9.79393, 2.69444
7.1, 9.83198, 2.69444
7.125, 9.87095, 2.69495
7.15, 9.90487, 2.69968
7.175, 9.93253, 2.72601
7.2, 9.96012, 2.73637
7.225, 9.98605, 2.75682
7.25, 10.0223, 2.75797
7.275, 10.0708, 2.7581
7.3, 10.1248, 2.7581
7.325, 10.1845, 2.75669
7.35, 10.2404, 2.74122
7.375, 10.2926, 2.73483
7.4, 10.347, 2.73445
7.425, 10.3992, 2.73432
7.45, 10.4465, 2.72486
7.475, 10.4936, 2.69393
7.5, 10.5401, 2.65941
7.525, 10.5863, 2.60317
7.55, 10.6308, 2.57913
7.575, 10.6714, 2.57555
7.6, 10.6935, 2.5753
7.625, 10.6972, 2.56341
7.65, 10.7022, 2.55651
7.675, 10.71, 2.54385
7.7, 10.7078, 2.51535
7.725, 10.6965, 2.4545
7.75, 10.7041, 2.43494
7.775, 10.7289, 2.40809
7.8, 10.7387, 2.4026
7.825, 10.7355, 2.40247
7.85, 10.7328, 2.39224
7.875, 10.7265, 2.36553
7.9, 10.7169, 2.34801
7.925, 10.7027, 2.29279
7.95, 10.669, 2.26377
7.975, 10.6234, 2.24012
8, 10.5645, 2.24012
8.025, 10.4916, 2.24434
8.05, 10.4454, 2.24485
8.075, 10.4223, 2.24396
8.1, 10.4029, 2.23156
8.125, 10.3902, 2.1904
8.15, 10.3666, 2.16419
8.175, 10.3306, 2.13696
8.2, 10.2763, 2.1261
8.225, 10.2015, 2.12891
8.25, 10.1221, 2.13914
8.275, 10.0402, 2.15486
8.3, 9.96306, 2.16688
8.325, 9.89273, 2.16675
8.35, 9.83057, 2.16381
8.375, 9.77623, 2.16381
8.4, 9.72398, 2.16432
8.425, 9.67129, 2.19065
8.45, 9.62089, 2.20229
8.475, 9.57062, 2.22939
8.5, 9.52554, 2.23399
8.525, 9.48837, 2.25623
8.55, 9.451, 2.25764
8.575, 9.41196, 2.27068
8.6, 9.37945, 2.28742
8.625, 9.35329, 2.31056
8.65, 9.32111, 2.33843
8.675, 9.28849, 2.38074
8.7, 9.26322, 2.40426
8.725, 9.2424, 2.43801
8.75, 9.2374, 2.45539
8.775, 9.24647, 2.45744
8.8, 9.25817, 2.45987
8.825, 9.2755, 2.46102
8.85, 9.28771, 2.47661
8.875, 9.29307, 2.50461
8.9, 9.29534, 2.52468
8.925, 9.29496, 2.57121
8.95, 9.30521, 2.5767
8.975, 9.32249, 2.57722
9, 9.35971, 2.57734
9.025, 9.41824, 2.57722
9.05, 9.45186, 2.57939
9.075, 9.46268, 2.60866
9.1, 9.46274, 2.624
9.125, 9.44798, 2.64752
9.15, 9.44445, 2.65136
9.175, 9.4594, 2.65634
9.2, 9.49139, 2.66542
9.225, 9.53963, 2.66785
9.25, 9.5926, 2.66785
9.275, 9.64809, 2.66823
9.3, 9.70048, 2.669
9.325, 9.74405, 2.67104
9.35, 9.77556, 2.67092
9.375, 9.79851, 2.66951
9.4, 9.81558, 2.66862
9.425, 9.82779, 2.66862
9.45, 9.85303, 2.66925
9.475, 9.89184, 2.669
9.5, 9.94007, 2.66951
9.525, 9.99624, 2.67002
9.55, 10.0482, 2.67002
9.575, 10.095, 2.66772
9.6, 10.1306, 2.65698
9.625, 10.1555, 2.61544
9.65, 10.1824, 2.61084
9.675, 10.2117, 2.59677
9.7, 10.2309, 2.58949
9.725, 10.2419, 2.58105
9.75, 10.2664, 2.58054
9.775, 10.3003, 2.53184
9.8, 10.3376, 2.50333
9.825, 10.3829, 2.46038
9.85, 10.4032, 2.43583
9.875, 10.3958, 2.42906
9.9, 10.3899, 2.42893
9.925, 10.381, 2.41372
9.95, 10.374, 2.41091
9.975, 10.3755, 2.4017
10, 10.3645, 2.38496
10.025, 10.3412, 2.36361
10.05, 10.3324, 2.33331
10.075, 10.334, 2.29803
10.1, 10.3358, 2.28793
10.125, 10.3382, 2.27924
10.15, 10.3209, 2.27847
10.175, 10.2879, 2.26927
10.2, 10.2532, 2.24984
10.225, 10.2143, 2.22887
10.25, 10.1761, 2.21609
10.275, 10.1367, 2.19206
10.3, 10.0901, 2.19129
10.325, 10.0416, 2.19794
10.35, 9.98708, 2.21699
10.375, 9.92555, 2.23744
10.4, 9.87553, 2.24741
10.425, 9.83663, 2.24882
10.45, 9.80536, 2.2469
10.475, 9.78127, 2.24562
10.5, 9.74988, 2.24498
10.525, 9.71137, 2.24473
10.55, 9.67245, 2.24613
10.575, 9.63239, 2.27656
10.6, 9.59838, 2.29535
10.625, 9.56977, 2.2965
10.65, 9.55929, 2.29662
10.675, 9.57041, 2.29726
10.7, 9.5725, 2.2979
10.725, 9.56158, 2.31248
10.75, 9.53857, 2.34111
10.775, 9.50194, 2.40349
10.8, 9.45412, 2.42471
10.825, 9.39908, 2.46217
10.85, 9.37021, 2.46498
10.875, 9.36835, 2.4793
10.9, 9.37988, 2.4862
10.925, 9.40568, 2.49361
10.95, 9.43542, 2.49783
10.975, 9.46763, 2.53669
11, 9.48744, 2.56776
11.025, 9.48985, 2.60023
11.05, 9.50529, 2.60112
11.075, 9.53861, 2.60125
11.1, 9.57334, 2.60125
11.125, 9.60906, 2.61262
11.15, 9.64254, 2.61595
11.175, 9.67285, 2.65353
11.2, 9.70648, 2.67807
11.225, 9.7399, 2.68881
11.25, 9.77175, 2.69009
11.275, 9.81072, 2.69137
11.3, 9.84354, 2.69162
11.325, 9.86482, 2.69201
11.35, 9.89396, 2.70479
11.375, 9.92867, 2.72192
11.4, 9.95587, 2.72946
11.425, 9.98004, 2.74634
11.45, 10.0103, 2.74646
11.475, 10.0425, 2.74646
11.5, 10.0857, 2.74199
11.525, 10.1406, 2.7402
11.55, 10.1951, 2.73982
11.575, 10.2512, 2.73969
11.6, 10.3032, 2.73995
11.625, 10.3496, 2.73867
11.65, 10.3924, 2.73023
11.675, 10.4315, 2.69584
11.7, 10.4728, 2.66657
11.725, 10.5186, 2.64509
11.75, 10.5604, 2.60905
11.775, 10.5974, 2.58476
11.8, 10.6442, 2.56673
11.825, 10.6974, 2.53465
11.85, 10.7449, 2.52327
11.875, 10.7922, 2.48492
11.9, 10.807, 2.4444
11.925, 10.7914, 2.39071
11.95, 10.7769, 2.36783
11.975, 10.7546, 2.33664
12, 10.727, 2.33395
12.025, 10.7026, 2.33114
12.05, 10.6759, 2.32104
12.075, 10.6471, 2.28231
12.1, 10.6386, 2.26863
12.125, 10.6453, 2.21085
12.15, 10.6273, 2.17889
12.175, 10.5891, 2.17212
12.2, 10.5169, 2.17186
12.225, 10.4081, 2.18119
12.25, 10.3201, 2.18937
12.275, 10.2516, 2.1895
12.3, 10.1939, 2.18784
12.325, 10.1533, 2.16636
12.35, 10.1147, 2.15908
12.375, 10.0753, 2.15026
12.4, 10.0338, 2.15064
12.425, 9.98485, 2.15563
12.45, 9.93461, 2.16867
12.475, 9.88573, 2.1734
12.5, 9.82929, 2.17685
12.525, 9.76943, 2.17506
12.55, 9.71339, 2.17531
12.575, 9.65677, 2.1757
12.6, 9.60438, 2.18401
12.625, 9.55625, 2.21494
12.65, 9.50387, 2.23271
12.675, 9.44921, 2.27272
12.7, 9.4033, 2.30187
12.725, 9.36359, 2.31503
12.75, 9.33412, 2.31516
12.775, 9.32006, 2.31567
12.8, 9.30167, 2.31708
12.825, 9.27558, 2.33229
12.85, 9.25495, 2.34955
12.875, 9.23742, 2.38163
12.9, 9.22069, 2.38764
12.925, 9.2082, 2.40848
12.95, 9.20121, 2.4219
12.975, 9.19772, 2.42433
13, 9.20111, 2.43149
13.025, 9.21294, 2.45999
13.05, 9.21941, 2.48965
13.075, 9.21831, 2.51765
13.1, 9.22366, 2.52864
13.125, 9.23826, 2.53299
13.15, 9.25905, 2.54206
13.175, 9.28611, 2.54334
13.2, 9.31522, 2.54475
13.225, 9.34546, 2.56571
13.25, 9.37755, 2.5854
13.275, 9.40724, 2.61608
13.3, 9.43644, 2.62426
13.325, 9.46801, 2.62502
13.35, 9.50016, 2.62502
13.375, 9.53373, 2.62502
13.4, 9.56204, 2.62515
13.425, 9.58445, 2.62912
13.45, 9.61718, 2.64765
13.475, 9.65898, 2.65634
13.5, 9.70037, 2.66427
13.525, 9.74542, 2.67104
13.55, 9.78158, 2.67156
13.575, 9.80389, 2.67168
13.6, 9.82354, 2.66721
13.625, 9.84, 2.66721
13.65, 9.8537, 2.66746
13.675, 9.86806, 2.66925
13.7, 9.89823, 2.68255
13.725, 9.94568, 2.68626
13.75, 10.0001, 2.68626
13.775, 10.062, 2.67258
13.8, 10.1245, 2.64842
13.825, 10.1793, 2.60687
13.85, 10.224, 2.5955
13.875, 10.2615, 2.5831
13.9, 10.2708, 2.58118
13.925, 10.2598, 2.58195
13.95, 10.254, 2.58131
13.975, 10.2474, 2.56801
14, 10.2572, 2.55561
14.025, 10.284, 2.51726
14.05, 10.3104, 2.49604
14.075, 10.3389, 2.45948
14.1, 10.3577, 2.45731
14.125, 10.3664, 2.43558
14.15, 10.369, 2.43315
14.175, 10.3649, 2.42164
14.2, 10.3539, 2.40771
14.225, 10.3349, 2.37077
14.25, 10.3218, 2.36041
14.275, 10.3144, 2.3406
14.3, 10.2904, 2.33434
14.325, 10.2524, 2.33434
14.35, 10.2173, 2.33395
14.375, 10.1824, 2.32257
14.4, 10.1611, 2.3158
14.425, 10.1538, 2.26441
14.45, 10.1437, 2.25585
14.475, 10.1351, 2.25291
14.5, 10.1019, 2.25329
14.525, 10.0409, 2.26978
14.55, 9.99885, 2.28282
14.575, 9.97036, 2.28384
14.6, 9.93912, 2.28359
14.625, 9.91519, 2.27604
14.65, 9.88309, 2.27464
14.675, 9.84079, 2.26556
14.7, 9.8067, 2.26543
14.725, 9.77579, 2.26607
14.75, 9.74478, 2.26812
14.775, 9.7159, 2.27834
14.8, 9.6823, 2.27847
14.825, 9.64533, 2.2818
14.85, 9.62371, 2.28359
14.875, 9.6156, 2.28359
14.9, 9.61213, 2.28512
14.925, 9.61479, 2.30647
14.95, 9.61233, 2.31554
14.975, 9.5998, 2.35811
15, 9.57474, 2.36501
15.025, 9.53746, 2.36872
15.05, 9.50358, 2.36885
15.075, 9.47769, 2.39148
15.1, 9.45095, 2.39685
15.125, 9.42562, 2.42804
15.15, 9.42067, 2.44286
15.175, 9.43114, 2.49272
15.2, 9.44519, 2.50998
15.225, 9.46321, 2.51125
15.25, 9.48091, 2.51125
15.275, 9.50089, 2.51151
15.3, 9.50358, 2.51177
15.325, 9.4888, 2.52353
15.35, 9.48204, 2.55523
15.375, 9.48088, 2.60457
15.4, 9.4774, 2.62029
15.425, 9.47746, 2.64765
15.45, 9.49728, 2.64982
15.475, 9.53154, 2.65059
15.5, 9.56854, 2.65046
15.525, 9.60907, 2.65034
15.55, 9.64033, 2.65034
15.575, 9.66304, 2.65059
15.6, 9.68852, 2.65813
15.625, 9.71522, 2.67309
15.65, 9.74695, 2.67386
15.675, 9.78307, 2.6736
15.7, 9.82522, 2.66989
15.725, 9.87385, 2.6658
15.75, 9.92129, 2.66261
15.775, 9.96768, 2.66274
15.8, 10.0116, 2.66312
15.825, 10.0529, 2.6635
15.85, 10.0939, 2.66261
15.875, 10.1344, 2.65302
15.9, 10.1737, 2.63052
15.925, 10.2123, 2.6038
15.95, 10.2553, 2.58386
15.975, 10.2989, 2.57402
16, 10.3377, 2.55561
16.025, 10.377, 2.54679
16.05, 10.4157, 2.52557
16.075, 10.4511, 2.47661
16.1, 10.4901, 2.45156
16.125, 10.5333, 2.40324
16.15, 10.5551, 2.36757
16.175, 10.5579, 2.35262
16.2, 10.5499, 2.34776
16.225, 10.5248, 2.32909
16.25, 10.5083, 2.31938
16.275, 10.5073, 2.28077
16.3, 10.4997, 2.25559
16.325, 10.4875, 2.2276
16.35, 10.4742, 2.22312
16.375, 10.4526, 2.20446
16.4, 10.417, 2.20318
16.425, 10.3699, 2.20382
16.45, 10.3036, 2.20241
16.475, 10.2199, 2.19653
16.5, 10.1418, 2.18631
16.525, 10.0705, 2.17608
16.55, 10.0178, 2.16023
16.575, 9.98167, 2.15307
16.6, 9.94867, 2.15307
16.625, 9.91796, 2.15882
16.65, 9.87221, 2.15972
16.675, 9.81289, 2.16624
16.7, 9.74751, 2.16662
16.725, 9.67547, 2.16624
16.75, 9.60559, 2.16624
16.775, 9.53928, 2.16688
16.8, 9.47682, 2.17634
16.825, 9.41826, 2.22875
16.85, 9.35658, 2.26249
16.875, 9.28765, 2.28665
16.9, 9.2424, 2.29547
16.925, 9.22431, 2.30877
16.95, 9.20087, 2.31554
16.975, 9.17357, 2.3158
17, 9.15138, 2.32245
17.025, 9.13221, 2.36361
17.05, 9.11179, 2.39339
17.075, 9.08779, 2.44018
17.1, 9.07229, 2.45143
17.125, 9.06915, 2.46677
17.15, 9.0767, 2.4669
17.175, 9.09357, 2.46715
17.2, 9.12015, 2.46766
17.225, 9.15533, 2.48722
17.25, 9.18742, 2.5165
17.275, 9.21588, 2.55306
17.3, 9.23796, 2.55753
17.325, 9.25517, 2.55766
17.35, 9.28158, 2.55779
17.375, 9.31463, 2.5583
17.4, 9.34341, 2.56111
17.425, 9.37233, 2.57696
17.45, 9.40413, 2.59677
17.475, 9.43699, 2.60905
17.5, 9.47237, 2.62618
17.525, 9.51157, 2.6272
17.55, 9.54623, 2.62733
17.575, 9.5741, 2.62055
17.6, 9.60301, 2.61659
17.625, 9.63121, 2.61582
17.65, 9.66043, 2.61672
17.675, 9.69079, 2.6318
17.7, 9.73139, 2.63308
17.725, 9.78469, 2.63295
17.75, 9.84581, 2.62963
17.775, 9.91369, 2.60393
17.8, 9.97064, 2.57568
17.825, 10.0154, 2.57044
17.85, 10.0383, 2.56814
17.875, 10.036, 2.56916
17.9, 10.0322, 2.5698
17.925, 10.0313, 2.57159
17.95, 10.0361, 2.57261
17.975, 10.0503, 2.57249
18, 10.072, 2.55676
18.025, 10.0981, 2.53746
18.05, 10.1327, 2.53567
18.075, 10.1711, 2.528
18.1, 10.1881, 2.52544
18.125, 10.1913, 2.52417
18.15, 10.1894, 2.50333
18.175, 10.1797, 2.46562
18.2, 10.1896, 2.42612
18.225, 10.2166, 2.3925
18.25, 10.2326, 2.37908
18.275, 10.2405, 2.35389
18.3, 10.2334, 2.35287
18.325, 10.2141, 2.33791
18.35, 10.193, 2.32283
18.375, 10.1693, 2.28013
18.4, 10.1608, 2.25968
18.425, 10.1639, 2.23578
18.45, 10.1538, 2.21392
18.475, 10.1321, 2.18937
18.5, 10.1076, 2.18822
18.525, 10.0784, 2.18464
18.55, 10.0393, 2.18426
18.575, 9.99378, 2.17276
18.6, 9.94998, 2.14284
18.625, 9.90677, 2.11421
18.65, 9.87129, 2.10066
18.675, 9.83953, 2.10194
18.7, 9.79374, 2.10219
18.725, 9.73748, 2.1082
18.75, 9.67643, 2.11395
18.775, 9.61146, 2.11434
18.8, 9.54907, 2.11408
18.825, 9.49021, 2.11178
18.85, 9.4386, 2.11101
18.875, 9.39357, 2.11843
18.9, 9.35015, 2.12265
18.925, 9.30792, 2.16151
18.95, 9.2639, 2.18797
18.975, 9.21455, 2.2028
19, 9.16752, 2.20829
19.025, 9.12882, 2.2088
19.05, 9.08601, 2.20919
19.075, 9.03759, 2.22338
19.1, 9.00826, 2.24588
19.125, 8.99547, 2.29841
19.15, 8.98657, 2.32385
19.175, 8.98295, 2.3337
19.2, 8.99176, 2.34188
19.225, 9.01209, 2.35977
19.25, 9.00661, 2.36003
19.275, 8.97583, 2.36259
19.3, 8.95445, 2.37869
19.325, 8.94076, 2.42318
19.35, 8.92247, 2.44874
19.375, 8.90512, 2.48543
19.4, 8.90141, 2.50601
19.425, 8.90953, 2.50857
19.45, 8.93633, 2.50857
19.475, 8.98, 2.50857
19.5, 9.00901, 2.5087
19.525, 9.02237, 2.51611
19.55, 9.03009, 2.55536
19.575, 9.03219, 2.60023
19.6, 9.02917, 2.61787
19.625, 9.02931, 2.61966
19.65, 9.05155, 2.62029
19.675, 9.08818, 2.62502
19.7, 9.12884, 2.63742
19.725, 9.17183, 2.64573
19.75, 9.2113, 2.65391
19.775, 9.25114, 2.6704
19.8, 9.29037, 2.67322
19.825, 9.32555, 2.67629
19.85, 9.37282, 2.6768
19.875, 9.43225, 2.67692
19.9, 9.48825, 2.6768
19.925, 9.54311, 2.67692
19.95, 9.59463, 2.67667
19.975, 9.64131, 2.6768
20, 9.68906, 2.67692
20, 9.7831, 2.67641
20.025, 9.87649, 2.67718
20.05, 9.96726, 2.68076
20.075, 10.0449, 2.69457
20.1, 10.1162, 2.7287
20.125, 10.1703, 2.74966
20.15, 10.2174, 2.77663
20.175, 10.2926, 2.79006
20.2, 10.3735, 2.82368
20.225, 10.4578, 2.84387
20.25, 10.5399, 2.86075
20.275, 10.6455, 2.87021
20.3, 10.7587, 2.88772
20.325, 10.8557, 2.89552
20.35, 10.9475, 2.92684
20.375, 11.0407, 2.95151
20.4, 11.1235, 2.95841
20.425, 11.2275, 2.96902
20.45, 11.3453, 2.99037
20.475, 11.4349, 2.99203
20.5, 11.5173, 2.99344
20.525, 11.6679, 2.99842
20.55, 11.8277, 3.00635
20.575, 11.9779, 3.01414
20.6, 12.1243, 3.01849
20.625, 12.1958, 3.02181
20.65, 12.2392, 3.03473
20.675, 12.2661, 3.04891
20.7, 12.2763, 3.07589
20.725, 12.3139, 3.08343
20.75, 12.3652, 3.0957
20.775, 12.4759, 3.09864
20.8, 12.6024, 3.09915
20.825, 12.746, 3.09915
20.85, 12.8927, 3.09902
20.875, 12.9867, 3.09915
20.9, 13.0562, 3.09902
20.925, 13.0991, 3.09902
20.95, 13.1306, 3.09902
20.975, 13.1547, 3.09902
21, 13.1763, 3.09915
21.025, 13.2319, 3.09915
21.05, 13.2987, 3.09928
21.075, 13.376, 3.09928
21.1, 13.4545, 3.09928
21.125, 13.5294, 3.09928
21.15, 13.5995, 3.09928
21.175, 13.6593, 3.09915
21.2, 13.7136, 3.09902
21.225, 13.7644, 3.0989
21.25, 13.8124, 3.0989
21.275, 13.8673, 3.09902
21.3, 13.9237, 3.09902
21.325, 13.9828, 3.09902
21.35, 14.0411, 3.0989
21.375, 14.1025, 3.0989
21.4, 14.1643, 3.09851
21.425, 14.231, 3.09672
21.45, 14.2971, 3.09621
21.475, 14.3627, 3.0911
21.5, 14.4249, 3.08496
21.525, 14.4705, 3.07793
21.55, 14.5091, 3.07461
21.575, 14.5288, 3.07129
21.6, 14.5424, 3.07077
21.625, 14.5588, 3.0709
21.65, 14.5758, 3.07103
21.675, 14.598, 3.0709
21.7, 14.6225, 3.06975
21.725, 14.6459, 3.06962
21.75, 14.668, 3.06745
21.775, 14.6748, 3.0663
21.8, 14.6754, 3.06604
21.825, 14.662, 3.06604
21.85, 14.643, 3.06643
21.875, 14.6236, 3.06656
21.9, 14.6133, 3.06681
21.925, 14.6489, 3.06681
21.95, 14.7005, 3.06656
21.975, 14.7617, 3.06643
22, 14.8239, 3.06604
22.025, 14.8362, 3.05441
22.05, 14.8237, 3.05147
22.075, 14.7714, 3.04904
22.1, 14.7002, 3.04943
22.125, 14.6144, 3.04968
22.15, 14.5308, 3.05019
22.175, 14.5048, 3.05109
22.2, 14.5038, 3.05147
22.225, 14.5305, 3.05185
22.25, 14.5656, 3.05211
22.275, 14.5958, 3.05211
22.3, 14.6145, 3.05237
22.325, 14.5816, 3.05237
22.35, 14.5329, 3.05249
22.375, 14.4723, 3.05301
22.4, 14.4095, 3.05774
22.425, 14.3848, 3.06732
22.45, 14.3762, 3.0695
22.475, 14.3955, 3.06975
22.5, 14.4273, 3.07065
22.525, 14.4522, 3.0709
22.55, 14.4732, 3.07141
22.575, 14.4937, 3.07154
22.6, 14.5114, 3.07192
22.625, 14.5278, 3.07231
22.65, 14.5435, 3.07244
22.675, 14.5496, 3.07244
22.7, 14.5537, 3.07244
22.725, 14.5571, 3.07244
22.75, 14.5591, 3.07256
22.775, 14.5635, 3.07256
22.8, 14.5687, 3.07256
22.825, 14.5744, 3.07269
22.85, 14.5808, 3.07282
22.875, 14.5886, 3.07282
22.9, 14.5968, 3.07282
22.925, 14.6014, 3.07295
22.95, 14.6037, 3.07295
22.975, 14.6022, 3.07295
23, 14.5996, 3.07295
23.025, 14.5968, 3.07295
23.05, 14.5948, 3.07307
23.075, 14.6052, 3.07307
23.1, 14.6198, 3.0732
23.125, 14.6384, 3.0732
23.15, 14.6579, 3.0732
23.175, 14.6681, 3.0732
23.2, 14.6702, 3.0732
23.225, 14.6475, 3.0732
23.25, 14.6169, 3.07333
23.275, 14.5811, 3.07371
23.3, 14.5446, 3.08138
23.325, 14.5553, 3.08739
23.35, 14.5807, 3.08918
23.375, 14.6396, 3.08969
23.4, 14.7117, 3.08969
23.425, 14.7753, 3.08969
23.45, 14.8214, 3.08969
23.475, 14.7941, 3.08957
23.5, 14.7395, 3.08957
23.525, 14.6681, 3.08957
23.55, 14.5927, 3.08995
23.575, 14.5568, 3.09199
23.6, 14.5437, 3.09928
23.625, 14.5706, 3.10081
23.65, 14.6133, 3.10094
23.675, 14.6783, 3.10094
23.7, 14.748, 3.10081
23.725, 14.7469, 3.10081
23.75, 14.7207, 3.10081
23.775, 14.6735, 3.10094
23.8, 14.6209, 3.10094
23.825, 14.5868, 3.10107
23.85, 14.5636, 3.10133
23.875, 14.5694, 3.10158
23.9, 14.5854, 3.10235
23.925, 14.6108, 3.10363
23.95, 14.6392, 3.10465
23.975, 14.6706, 3.10554
24, 14.7018, 3.11679
24.025, 14.7303, 3.1182
24.05, 14.7557, 3.11897
24.075, 14.7896, 3.11948
24.1, 14.8197, 3.11961
24.125, 14.8157, 3.11961
24.15, 14.8043, 3.11973
24.175, 14.7866, 3.11986
24.2, 14.7658, 3.11999
24.225, 14.7555, 3.11999
24.25, 14.7478, 3.12012
24.275, 14.7463, 3.12012
24.3, 14.7481, 3.12024
24.325, 14.7479, 3.12037
24.35, 14.7514, 3.1205
24.375, 14.7735, 3.12037
24.4, 14.8005, 3.12037
24.425, 14.8344, 3.12037
24.45, 14.869, 3.12037
24.475, 14.9079, 3.12037
24.5, 14.9485, 3.12037
24.525, 14.9935, 3.12037
24.55, 15.0386, 3.12024
24.575, 15.083, 3.11999
24.6, 15.1258, 3.11526
24.625, 15.1323, 3.11027
24.65, 15.1226, 3.10644
24.675, 15.0992, 3.10516
24.7, 15.0678, 3.10248
24.725, 15.0612, 3.10222
24.75, 15.0671, 3.09481
24.775, 15.1093, 3.08944
24.8, 15.168, 3.07052
24.825, 15.2354, 3.06477
24.85, 15.3046, 3.05799
24.875, 15.2871, 3.05096
24.9, 15.2359, 3.04981
24.925, 15.1595, 3.04968
24.95, 15.0723, 3.04981
24.975, 14.9947, 3.05007
25, 14.9317, 3.05045
25.025, 14.9039, 3.05083
25.05, 14.8919, 3.0507
25.075, 14.8986, 3.05045
25.1, 14.9104, 3.05019
25.125, 14.8955, 3.04891
25.15, 14.868, 3.04904
25.175, 14.819, 3.04917
25.2, 14.7632, 3.04981
25.225, 14.7035, 3.05019
25.25, 14.6448, 3.05147
25.275, 14.6254, 3.05211
25.3, 14.6206, 3.05352
25.325, 14.6317, 3.05479
25.35, 14.6469, 3.05492
25.375, 14.6593, 3.05492
25.4, 14.6688, 3.05492
25.425, 14.6657, 3.05479
25.45, 14.6584, 3.05479
25.475, 14.6489, 3.05479
25.5, 14.644, 3.05492
25.525, 14.6342, 3.05505
25.55, 14.631, 3.05518
25.575, 14.6303, 3.05518
25.6, 14.6331, 3.05518
25.625, 14.6369, 3.05518
25.65, 14.6393, 3.05505
25.675, 14.6406, 3.05505
25.7, 14.6397, 3.05505
25.725, 14.6379, 3.05505
25.75, 14.6346, 3.05518
25.775, 14.6305, 3.05518
25.8, 14.6145, 3.05531
25.825, 14.5942, 3.05531
25.85, 14.5693, 3.05543
25.875, 14.544, 3.05543
25.9, 14.5239, 3.05774
25.925, 14.5102, 3.05837
25.95, 14.522, 3.064
25.975, 14.5428, 3.06553
26, 14.5712, 3.06719
26.025, 14.6016, 3.06937
26.05, 14.6198, 3.06937
26.075, 14.6335, 3.0695
26.1, 14.6318, 3.06962
26.125, 14.6264, 3.0695
26.15, 14.6195, 3.07001
26.175, 14.6188, 3.07013
26.2, 14.6582, 3.07026
26.225, 14.7099, 3.07026
26.25, 14.7692, 3.07026
26.275, 14.8295, 3.07026
26.3, 14.8408, 3.07013
26.325, 14.8264, 3.07013
26.35, 14.7588, 3.07026
26.375, 14.6742, 3.07039
26.4, 14.5794, 3.07295
26.425, 14.4844, 3.07448
26.45, 14.4524, 3.0879
26.475, 14.444, 3.08931
26.5, 14.4627, 3.09276
26.525, 14.4874, 3.09455
26.55, 14.5233, 3.09493
26.575, 14.551, 3.09493
26.6, 14.5331, 3.09519
26.625, 14.5031, 3.09519
26.65, 14.4563, 3.09839
26.675, 14.4065, 3.10401
26.7, 14.3975, 3.12344
26.725, 14.4049, 3.12408
26.75, 14.4375, 3.1251
26.775, 14.4789, 3.12536
26.8, 14.5384, 3.126
26.825, 14.6007, 3.12613
26.85, 14.6365, 3.12613
26.875, 14.6652, 3.12613
26.9, 14.6907, 3.12625
26.925, 14.7133, 3.12625
26.95, 14.7394, 3.12625
26.975, 14.7643, 3.12625
27, 14.7879, 3.12613
27.025, 14.8111, 3.12613
27.05, 14.8298, 3.12587
27.075, 14.8468, 3.12587
27.1, 14.8605, 3.12587
27.125, 14.8719, 3.12587
27.15, 14.8818, 3.12574
27.175, 14.891, 3.12549
27.2, 14.8924, 3.12395
27.225, 14.8898, 3.12293
27.25, 14.8803, 3.12024
27.275, 14.868, 3.1173
27.3, 14.8529, 3.11091
27.325, 14.8377, 3.10989
27.35, 14.8602, 3.10963
27.375, 14.8987, 3.10848
27.4, 14.9434, 3.10273
27.425, 14.9881, 3.09417
27.45, 15.0244, 3.08944
27.475, 15.0488, 3.08918
27.5, 15.0149, 3.08893
27.525, 14.9624, 3.08905
27.55, 14.902, 3.08944
27.575, 14.841, 3.0902
27.6, 14.8285, 3.09161
27.625, 14.8374, 3.09187
27.65, 14.8786, 3.09187
27.675, 14.9301, 3.09199
27.7, 14.9898, 3.09187
27.725, 15.0366, 3.09148
27.75, 15.015, 3.08714
27.775, 14.9703, 3.08714
27.8, 14.9047, 3.08688
27.825, 14.8348, 3.08688
27.85, 14.7995, 3.08714
27.875, 14.7842, 3.08726
27.9, 14.8156, 3.08726
27.925, 14.8612, 3.08714
27.95, 14.9175, 3.08471
27.975, 14.9756, 3.08394
28, 14.9787, 3.07129
28.025, 14.9621, 3.07103
28.05, 14.9285, 3.07001
28.075, 14.8958, 3.06975
28.1, 14.8556, 3.06962
28.125, 14.8186, 3.06988
28.15, 14.8126, 3.0709
28.175, 14.8144, 3.07103
28.2, 14.827, 3.07116
28.225, 14.8432, 3.07116
28.25, 14.8436, 3.07129
28.275, 14.8394, 3.07129
28.3, 14.8278, 3.07141
28.325, 14.8135, 3.07141
28.35, 14.8004, 3.07141
28.375, 14.7867, 3.07141
28.4, 14.7684, 3.07154
28.425, 14.7502, 3.0718
28.45, 14.7321, 3.07295
28.475, 14.7148, 3.07384
28.5, 14.7146, 3.07423
28.525, 14.7212, 3.07435
28.55, 14.7353, 3.07461
28.575, 14.7519, 3.07474
28.6, 14.7712, 3.07474
28.625, 14.7873, 3.07474
28.65, 14.7822, 3.07474
28.675, 14.7697, 3.07474
28.7, 14.7506, 3.07474
28.725, 14.7301, 3.07474
28.75, 14.7135, 3.07486
28.775, 14.7181, 3.0755
28.8, 14.7297, 3.07678
28.825, 14.7413, 3.07678
28.85, 14.7407, 3.07665
28.875, 14.733, 3.07678
28.9, 14.7216, 3.07678
28.925, 14.6903, 3.07678
28.95, 14.6539, 3.07691
28.975, 14.6191, 3.07704
29, 14.6363, 3.07717
29.025, 14.6735, 3.07717
29.05, 14.7141, 3.07717
29.075, 14.7778, 3.07704
29.1, 14.8465, 3.07704
29.125, 14.9124, 3.07499
29.15, 14.8893, 3.07333
29.175, 14.8347, 3.07307
29.2, 14.7809, 3.07333
29.225, 14.719, 3.07359
29.25, 14.6673, 3.07371
29.275, 14.6311, 3.07397
29.3, 14.6557, 3.0741
29.325, 14.6995, 3.0741
29.35, 14.7442, 3.07397
29.375, 14.7635, 3.07371
29.4, 14.77, 3.07346
29.425, 14.7709, 3.07244
29.45, 14.7465, 3.07205
29.475, 14.7154, 3.07129
29.5, 14.6848, 3.07103
29.525, 14.6707, 3.0709
29.55, 14.6635, 3.07103
29.575, 14.6577, 3.0709
29.6, 14.6598, 3.07077
29.625, 14.6638, 3.06911
29.65, 14.6672, 3.0686
29.675, 14.6695, 3.06873
29.7, 14.6689, 3.06886
29.725, 14.6671, 3.06911
29.75, 14.6653, 3.06924
29.775, 14.6629, 3.0695
29.8, 14.6599, 3.06975
29.825, 14.6574, 3.06988
29.85, 14.6547, 3.07013
29.875, 14.652, 3.07026
29.9, 14.6576, 3.07013
29.925, 14.6659, 3.07013
29.95, 14.6742, 3.07013
29.975, 14.6842, 3.07013
30, 14.6942, 3.07013
30, 14.7037, 3.07026
30.025, 14.6992, 3.08062
30.05, 14.6901, 3.11679
30.075, 14.6806, 3.17074
30.1, 14.6647, 3.19324
30.125, 14.6625, 3.23849
30.15, 14.6763, 3.28336
30.175, 14.7217, 3.30598
30.2, 14.782, 3.32222
30.225, 14.8511, 3.35788
30.25, 14.9091, 3.37962
30.275, 14.9557, 3.41477
30.3, 14.994, 3.45069
30.325, 15.0293, 3.46859
30.35, 15.0637, 3.49415
30.375, 15.1007, 3.52892
30.4, 15.2203, 3.5504
30.425, 15.3671, 3.555
30.45, 15.5113, 3.56651
30.475, 15.6959, 3.57481
30.5, 15.8802, 3.58351
30.525, 16.0324, 3.58466
30.55, 16.0979, 3.58542
30.575, 16.1303, 3.61355
30.6, 16.1547, 3.64678
30.625, 16.1808, 3.66826
30.65, 16.2229, 3.68398
30.675, 16.2865, 3.69983
30.7, 16.4139, 3.71786
30.725, 16.5603, 3.7263
30.75, 16.7075, 3.73179
30.775, 16.8272, 3.73294
30.8, 16.9307, 3.73358
30.825, 17.0238, 3.73997
30.85, 17.0955, 3.75033
30.875, 17.1594, 3.76183
30.9, 17.2192, 3.77551
30.925, 17.3001, 3.77858
30.95, 17.3886, 3.79008
30.975, 17.4744, 3.79379
31, 17.5705, 3.79967
31.025, 17.6691, 3.80453
31.05, 17.7718, 3.809
31.075, 17.8796, 3.81015
31.1, 17.9867, 3.81028
31.125, 18.09, 3.81041
31.15, 18.1834, 3.81041
31.175, 18.2698, 3.81054
31.2, 18.3514, 3.81054
31.225, 18.4266, 3.81054
31.25, 18.4975, 3.81054
31.275, 18.5642, 3.81054
31.3, 18.645, 3.81054
31.325, 18.7292, 3.81054
31.35, 18.8108, 3.81041
31.375, 18.8969, 3.81041
31.4, 18.9814, 3.81028
31.425, 19.0559, 3.81028
31.45, 19.0889, 3.81028
31.475, 19.107, 3.81028
31.5, 19.123, 3.81028
31.525, 19.1516, 3.81028
31.55, 19.188, 3.81015
31.575, 19.2286, 3.81015
31.6, 19.2973, 3.81015
31.625, 19.3728, 3.8099
31.65, 19.4455, 3.80849
31.675, 19.4805, 3.80299
31.7, 19.4991, 3.80172
31.725, 19.5124, 3.80159
31.75, 19.4957, 3.80146
31.775, 19.4706, 3.80146
31.8, 19.447, 3.80159
31.825, 19.5004, 3.80159
31.85, 19.5808, 3.80159
31.875, 19.6635, 3.80146
31.9, 19.7475, 3.80018
31.925, 19.8154, 3.79839
31.95, 19.8627, 3.79277
31.975, 19.8187, 3.7851
32, 19.7443, 3.7851
32.025, 19.673, 3.78548
32.05, 19.6287, 3.78561
32.075, 19.6025, 3.78586
32.1, 19.5889, 3.78676
32.125, 19.6099, 3.7874
32.15, 19.6435, 3.78765
32.175, 19.6791, 3.78829
32.2, 19.6829, 3.78855
32.225, 19.6753, 3.78868
32.25, 19.667, 3.78855
32.275, 19.646, 3.78855
32.3, 19.6222, 3.78855
32.325, 19.6004, 3.78868
32.35, 19.625, 3.78868
32.375, 19.6648, 3.78868
32.4, 19.7049, 3.78868
32.425, 19.7492, 3.78868
32.45, 19.7928, 3.78855
32.475, 19.8337, 3.78855
32.5, 19.8718, 3.78829
32.525, 19.9067, 3.78599
32.55, 19.9396, 3.78433
32.575, 19.9708, 3.7842
32.6, 19.9976, 3.78331
32.625, 20.0221, 3.77986
32.65, 20.045, 3.77807
32.675, 20.0667, 3.77794
32.7, 20.0848, 3.77653
32.725, 20.0883, 3.775
32.75, 20.0867, 3.77193
32.775, 20.086, 3.76158
32.8, 20.0839, 3.75915
32.825, 20.0783, 3.75902
32.85, 20.072, 3.75889
32.875, 20.0411, 3.75851
32.9, 20.0039, 3.75864
32.925, 19.9689, 3.75864
32.95, 19.9446, 3.75851
32.975, 19.927, 3.75774
33, 19.9132, 3.75774
33.025, 19.9203, 3.75761
33.05, 19.9342, 3.75646
33.075, 19.9473, 3.74969
33.1, 19.9446, 3.74879
33.125, 19.9381, 3.74854
33.15, 19.932, 3.74841
33.175, 19.9154, 3.74841
33.2, 19.8972, 3.74828
33.225, 19.881, 3.74777
33.25, 19.9158, 3.74752
33.275, 19.9671, 3.74112
33.3, 20.0169, 3.72949
33.325, 20.0497, 3.72323
33.35, 20.0654, 3.71939
33.375, 20.0695, 3.71837
33.4, 20.0151, 3.71671
33.425, 19.9436, 3.71684
33.45, 19.8722, 3.71735
33.475, 19.8676, 3.71747
33.5, 19.8913, 3.71735
33.525, 19.9227, 3.71645
33.55, 19.9904, 3.71658
33.575, 20.0672, 3.71492
33.6, 20.1416, 3.70418
33.625, 20.1184, 3.69613
33.65, 20.0645, 3.68961
33.675, 20.008, 3.68986
33.7, 19.9179, 3.68986
33.725, 19.8291, 3.69012
33.75, 19.7538, 3.69063
33.775, 19.7244, 3.69114
33.8, 19.7114, 3.69178
33.825, 19.7018, 3.69255
33.85, 19.6842, 3.6928
33.875, 19.6619, 3.69344
33.9, 19.6381, 3.69421
33.925, 19.596, 3.69574
33.95, 19.5499, 3.69753
33.975, 19.506, 3.70316
34, 19.4775, 3.70444
34.025, 19.4543, 3.70648
34.05, 19.4336, 3.70968
34.075, 19.4251, 3.71172
34.1, 19.4204, 3.71492
34.125, 19.4153, 3.71914
34.15, 19.4241, 3.72118
34.175, 19.4374, 3.72425
34.2, 19.4521, 3.72617
34.225, 19.467, 3.72668
34.25, 19.4827, 3.72693
34.275, 19.4978, 3.72706
34.3, 19.511, 3.72745
34.325, 19.5231, 3.72757
34.35, 19.5354, 3.7277
34.375, 19.5477, 3.7277
34.4, 19.5595, 3.72757
34.425, 19.5704, 3.7277
34.45, 19.5803, 3.7277
34.475, 19.5892, 3.7277
34.5, 19.5975, 3.72796
34.525, 19.5859, 3.72821
34.55, 19.5675, 3.72898
34.575, 19.5485, 3.73639
34.6, 19.523, 3.73678
34.625, 19.4936, 3.74163
34.65, 19.4705, 3.7493
34.675, 19.4994, 3.75327
34.7, 19.5428, 3.75403
34.725, 19.583, 3.75608
34.75, 19.6029, 3.75621
34.775, 19.6071, 3.75621
34.8, 19.6016, 3.75621
34.825, 19.5516, 3.75621
34.85, 19.489, 3.75646
34.875, 19.429, 3.77027
34.9, 19.4451, 3.77768
34.925, 19.4914, 3.77832
34.95, 19.545, 3.77858
34.975, 19.6414, 3.77858
35, 19.742, 3.77845
35.025, 19.8312, 3.77832
35.05, 19.8217, 3.77781
35.075, 19.7751, 3.77794
35.1, 19.723, 3.77794
35.125, 19.6683, 3.77807
35.15, 19.6215, 3.77807
35.175, 19.5856, 3.77819
35.2, 19.6025, 3.77819
35.225, 19.636, 3.77819
35.25, 19.6706, 3.77819
35.275, 19.6785, 3.77807
35.3, 19.6739, 3.77807
35.325, 19.6654, 3.77807
35.35, 19.6366, 3.77807
35.375, 19.6022, 3.77819
35.4, 19.5694, 3.77832
35.425, 19.568, 3.77832
35.45, 19.5786, 3.77832
35.475, 19.5912, 3.77832
35.5, 19.6152, 3.77845
35.525, 19.6425, 3.77845
35.55, 19.6677, 3.77832
35.575, 19.6831, 3.77832
35.6, 19.6948, 3.77832
35.625, 19.7058, 3.77832
35.65, 19.7177, 3.77819
35.675, 19.7299, 3.77832
35.7, 19.7419, 3.77819
35.725, 19.7565, 3.77819
35.75, 19.7713, 3.77819
35.775, 19.785, 3.77819
35.8, 19.7957, 3.77819
35.825, 19.8056, 3.77819
35.85, 19.8151, 3.77807
35.875, 19.8244, 3.77794
35.9, 19.8331, 3.77794
35.925, 19.8405, 3.77794
35.95, 19.8334, 3.77794
35.975, 19.8216, 3.77781
36, 19.8103, 3.77794
36.025, 19.8106, 3.77781
36.05, 19.8196, 3.77781
36.075, 19.8347, 3.77781
36.1, 19.881, 3.77781
36.125, 19.9358, 3.77768
36.15, 19.9886, 3.77743
36.175, 19.9886, 3.77474
36.2, 19.9662, 3.77129
36.225, 19.9374, 3.77065
36.25, 19.8756, 3.77078
36.275, 19.8028, 3.77129
36.3, 19.7331, 3.77193
36.325, 19.7336, 3.77219
36.35, 19.7592, 3.77231
36.375, 19.7879, 3.77283
36.4, 19.8376, 3.77283
36.425, 19.8922, 3.7727
36.45, 19.9307, 3.77206
36.475, 19.878, 3.77193
36.5, 19.7975, 3.77231
36.525, 19.7182, 3.7727
36.55, 19.6691, 3.77308
36.575, 19.6406, 3.77346
36.6, 19.6251, 3.77525
36.625, 19.6646, 3.77807
36.65, 19.7208, 3.77807
36.675, 19.7771, 3.77794
36.7, 19.8061, 3.77794
36.725, 19.8209, 3.77794
36.75, 19.8295, 3.77794
36.775, 19.8202, 3.77794
36.8, 19.8049, 3.77807
36.825, 19.7889, 3.77794
36.85, 19.7903, 3.77807
36.875, 19.7978, 3.77794
36.9, 19.806, 3.77794
36.925, 19.8199, 3.77807
36.95, 19.8346, 3.77807
36.975, 19.8485, 3.77807
37, 19.8614, 3.77807
37.025, 19.8735, 3.77807
37.05, 19.8854, 3.77807
37.075, 19.8994, 3.77807
37.1, 19.9144, 3.77819
37.125, 19.9288, 3.77832
37.15, 19.9418, 3.77819
37.175, 19.9539, 3.77819
37.2, 19.9657, 3.77819
37.225, 19.975, 3.77819
37.25, 19.9834, 3.77807
37.275, 19.9919, 3.77807
37.3, 20.0008, 3.77794
37.325, 20.0096, 3.77794
37.35, 20.0175, 3.77794
37.375, 20.0029, 3.77794
37.4, 19.9807, 3.77794
37.425, 19.9585, 3.77794
37.45, 19.9499, 3.77794
37.475, 19.9512, 3.77794
37.5, 19.9581, 3.77781
37.525, 19.9928, 3.77768
37.55, 20.0353, 3.77743
37.575, 20.0771, 3.77704
37.6, 20.0603, 3.77602
37.625, 20.0202, 3.77577
37.65, 19.9754, 3.77564
37.675, 19.9026, 3.77551
37.7, 19.8236, 3.77564
37.725, 19.7479, 3.77577
37.75, 19.7596, 3.77602
37.775, 19.8026, 3.77589
37.8, 19.8485, 3.77589
37.825, 19.9144, 3.77538
37.85, 19.9707, 3.77474
37.875, 20.0089, 3.77257
37.9, 19.9697, 3.77193
37.925, 19.9072, 3.77219
37.95, 19.8452, 3.77231
37.975, 19.8192, 3.77283
38, 19.8126, 3.77295
38.025, 19.8152, 3.77295
38.05, 19.858, 3.77308
38.075, 19.9124, 3.77295
38.1, 19.9652, 3.7727
38.125, 19.9708, 3.77257
38.15, 19.9575, 3.7727
38.175, 19.9401, 3.77244
38.2, 19.9035, 3.77244
38.225, 19.862, 3.77244
38.25, 19.822, 3.7727
38.275, 19.8136, 3.77283
38.3, 19.8161, 3.77308
38.325, 19.8199, 3.77295
38.35, 19.8212, 3.77308
38.375, 19.8191, 3.77321
38.4, 19.814, 3.77346
38.425, 19.797, 3.77359
38.45, 19.7772, 3.77359
38.475, 19.7579, 3.77615
38.5, 19.7476, 3.77781
38.525, 19.7407, 3.78267
38.55, 19.7355, 3.78318
38.575, 19.7422, 3.78331
38.6, 19.7523, 3.78331
38.625, 19.7627, 3.78318
38.65, 19.7706, 3.78331
38.675, 19.7778, 3.78331
38.7, 19.7843, 3.78331
38.725, 19.7919, 3.78318
38.75, 19.7997, 3.78331
38.775, 19.807, 3.78331
38.8, 19.8187, 3.78331
38.825, 19.8315, 3.78331
38.85, 19.8436, 3.78331
38.875, 19.8625, 3.78318
38.9, 19.8839, 3.78305
38.925, 19.9055, 3.78241
38.95, 19.932, 3.78241
38.975, 19.96, 3.78229
39, 19.9872, 3.78177
39.025, 19.9599, 3.78037
39.05, 19.9125, 3.7805
39.075, 19.8634, 3.7805
39.1, 19.7965, 3.78075
39.125, 19.7264, 3.78165
39.15, 19.6602, 3.7842
39.175, 19.7052, 3.78484
39.2, 19.7868, 3.78471
39.225, 19.868, 3.78459
39.25, 19.9388, 3.7842
39.275, 19.9913, 3.77909
39.3, 20.0257, 3.77155
39.325, 19.9896, 3.77052
39.35, 19.9282, 3.77001
39.375, 19.8674, 3.77001
39.4, 19.8477, 3.77065
39.425, 19.8477, 3.77078
39.45, 19.8546, 3.77078
39.475, 19.8957, 3.77065
39.5, 19.9464, 3.77052
39.525, 19.9952, 3.77014
39.55, 20.0054, 3.7658
39.575, 20.001, 3.76503
39.6, 19.9942, 3.76222
39.625, 19.9659, 3.7617
39.65, 19.9334, 3.76017
39.675, 19.9074, 3.75966
39.7, 19.9073, 3.75966
39.725, 19.9155, 3.75966
39.75, 19.9261, 3.75876
39.775, 19.9285, 3.75429
39.8, 19.9244, 3.74918
39.825, 19.9168, 3.73601
39.85, 19.8884, 3.73524
39.875, 19.8534, 3.7355
39.9, 19.8232, 3.73524
39.925, 19.8083, 3.73524
39.95, 19.801, 3.73537
39.975, 19.7984, 3.73563
40, 19.8044, 3.73563
40, 19.8125, 3.73575
40.025, 19.8198, 3.76733
40.05, 19.8241, 3.79008
40.075, 19.8207, 3.82818
40.1, 19.8076, 3.86538
40.125, 19.8061, 3.90603
40.15, 19.8049, 3.94719
40.175, 19.8029, 4.01251
40.2, 19.8193, 4.04332
40.225, 19.839, 4.07438
40.25, 19.8519, 4.12347
40.275, 19.9346, 4.16054
40.3, 20.0338, 4.18726
40.325, 20.1236, 4.20157
40.35, 20.271, 4.20566
40.375, 20.4256, 4.21819
40.4, 20.5663, 4.23174
40.425, 20.6527, 4.24337
40.45, 20.721, 4.27495
40.475, 20.7856, 4.29898
40.5, 20.8317, 4.31496
40.525, 20.8791, 4.34206
40.55, 20.949, 4.37082
40.575, 21.1038, 4.38258
40.6, 21.2873, 4.38322
40.625, 21.4705, 4.38348
40.65, 21.6278, 4.38335
40.675, 21.7577, 4.38348
40.7, 21.8647, 4.38961
40.725, 21.9008, 4.39013
40.75, 21.9135, 4.40559
40.775, 21.9246, 4.43947
40.8, 21.9832, 4.45366
40.825, 22.0607, 4.4667
40.85, 22.1414, 4.48293
40.875, 22.2738, 4.48638
40.9, 22.4153, 4.48638
40.925, 22.5495, 4.48638
40.95, 22.6289, 4.48638
40.975, 22.6844, 4.48664
41, 22.734, 4.4906
41.025, 22.784, 4.50338
41.05, 22.8384, 4.51706
41.075, 22.8977, 4.53624
41.1, 22.9922, 4.53994
41.125, 23.0922, 4.54046
41.15, 23.1918, 4.54046
41.175, 23.285, 4.54046
41.2, 23.37, 4.54033
41.225, 23.4485, 4.54033
41.25, 23.5172, 4.54033
41.275, 23.5804, 4.54033
41.3, 23.6403, 4.54033
41.325, 23.7136, 4.54033
41.35, 23.7896, 4.54033
41.375, 23.8638, 4.54033
41.4, 23.9414, 4.54033
41.425, 24.0181, 4.54007
41.45, 24.0918, 4.53994
41.475, 24.1612, 4.53969
41.5, 24.2273, 4.53943
41.525, 24.2907, 4.5393
41.55, 24.3486, 4.53905
41.575, 24.4017, 4.53879
41.6, 24.4511, 4.53483
41.625, 24.4972, 4.53253
41.65, 24.5437, 4.53215
41.675, 24.5877, 4.53061
41.7, 24.6444, 4.52192
41.725, 24.7061, 4.51783
41.75, 24.7662, 4.51016
41.775, 24.8208, 4.50492
41.8, 24.8768, 4.49047
41.825, 24.9316, 4.46363
41.85, 24.937, 4.46069
41.875, 24.9291, 4.46005
41.9, 24.9198, 4.46005
41.925, 24.9042, 4.46005
41.95, 24.9017, 4.46005
41.975, 24.9151, 4.45979
42, 24.9883, 4.45813
42.025, 25.0782, 4.44599
42.05, 25.1641, 4.43793
42.075, 25.183, 4.42873
42.1, 25.1632, 4.42464
42.125, 25.1217, 4.42196
42.15, 25.0147, 4.4194
42.175, 24.8878, 4.41965
42.2, 24.7614, 4.42004
42.225, 24.7354, 4.42234
42.25, 24.7486, 4.42259
42.275, 24.771, 4.42374
42.3, 24.8316, 4.42374
42.325, 24.9024, 4.42374
42.35, 24.9597, 4.42362
42.375, 24.9412, 4.42336
42.4, 24.8984, 4.42336
42.425, 24.8552, 4.42336
42.45, 24.8201, 4.42336
42.475, 24.7922, 4.42336
42.5, 24.7697, 4.42349
42.525, 24.772, 4.42349
42.55, 24.7824, 4.42349
42.575, 24.7929, 4.42336
42.6, 24.8004, 4.42336
42.625, 24.8067, 4.42336
42.65, 24.8127, 4.42349
42.675, 24.8122, 4.42349
42.7, 24.8097, 4.42349
42.725, 24.8072, 4.42362
42.75, 24.8178, 4.42374
42.775, 24.8324, 4.42362
42.8, 24.8472, 4.42374
42.825, 24.8648, 4.42374
42.85, 24.8811, 4.42374
42.875, 24.8947, 4.42362
42.9, 24.8972, 4.42349
42.925, 24.8957, 4.42336
42.95, 24.8932, 4.42323
42.975, 24.8781, 4.42336
43, 24.8582, 4.42336
43.025, 24.8366, 4.42336
43.05, 24.8043, 4.42336
43.075, 24.7692, 4.42336
43.1, 24.7356, 4.42349
43.125, 24.7451, 4.42349
43.15, 24.7707, 4.42336
43.175, 24.7986, 4.42336
43.2, 24.8396, 4.42336
43.225, 24.8834, 4.42323
43.25, 24.9152, 4.42298
43.275, 24.8824, 4.42272
43.3, 24.8294, 4.42272
43.325, 24.7767, 4.42272
43.35, 24.7489, 4.42285
43.375, 24.7399, 4.42298
43.4, 24.7437, 4.42323
43.425, 24.8069, 4.42311
43.45, 24.8871, 4.42311
43.475, 24.9656, 4.42285
43.5, 24.9543, 4.42221
43.525, 24.9058, 4.42208
43.55, 24.8487, 4.42221
43.575, 24.7436, 4.42221
43.6, 24.6263, 4.42247
43.625, 24.5136, 4.42605
43.65, 24.4961, 4.43065
43.675, 24.5108, 4.43205
43.7, 24.5291, 4.43218
43.725, 24.5635, 4.43218
43.75, 24.5918, 4.43218
43.775, 24.605, 4.43218
43.8, 24.5618, 4.43231
43.825, 24.5015, 4.43282
43.85, 24.4415, 4.43755
43.875, 24.4074, 4.44675
43.9, 24.3904, 4.44803
43.925, 24.3774, 4.45442
43.95, 24.4091, 4.46094
43.975, 24.4487, 4.46197
44, 24.482, 4.46209
44.025, 24.5177, 4.46209
44.05, 24.5483, 4.46209
44.075, 24.5709, 4.46197
44.1, 24.589, 4.46209
44.125, 24.6027, 4.46209
44.15, 24.613, 4.46209
44.175, 24.6327, 4.46209
44.2, 24.6543, 4.46209
44.225, 24.6746, 4.46209
44.25, 24.6939, 4.46197
44.275, 24.7093, 4.46171
44.3, 24.7211, 4.46146
44.325, 24.7193, 4.46133
44.35, 24.7135, 4.46133
44.375, 24.708, 4.46133
44.4, 24.6935, 4.4612
44.425, 24.6771, 4.46107
44.45, 24.6617, 4.45979
44.475, 24.6458, 4.45979
44.5, 24.6334, 4.45967
44.525, 24.6214, 4.45941
44.55, 24.6511, 4.45928
44.575, 24.6956, 4.45903
44.6, 24.7405, 4.45903
44.625, 24.7946, 4.4589
44.65, 24.8399, 4.45711
44.675, 24.8711, 4.44829
44.7, 24.8475, 4.44688
44.725, 24.8101, 4.44675
44.75, 24.7724, 4.44675
44.775, 24.7681, 4.44675
44.8, 24.7833, 4.44624
44.825, 24.808, 4.44599
44.85, 24.8755, 4.44548
44.875, 24.9555, 4.43461
44.9, 25.0319, 4.42208
44.925, 25.0387, 4.41173
44.95, 25.013, 4.41019
44.975, 24.9726, 4.40956
45, 24.8815, 4.40904
45.025, 24.7779, 4.40956
45.05, 24.6794, 4.41007
45.075, 24.6897, 4.41007
45.1, 24.7388, 4.41007
45.125, 24.7919, 4.40994
45.15, 24.837, 4.40968
45.175, 24.8666, 4.40943
45.2, 24.8805, 4.40943
45.225, 24.8194, 4.40943
45.25, 24.7357, 4.40981
45.275, 24.654, 4.41007
45.3, 24.6147, 4.41211
45.325, 24.596, 4.4125
45.35, 24.5852, 4.41505
45.375, 24.6163, 4.41544
45.4, 24.6586, 4.41544
45.425, 24.6975, 4.41544
45.45, 24.7078, 4.41544
45.475, 24.7059, 4.41544
45.5, 24.7006, 4.41556
45.525, 24.6856, 4.41556
45.55, 24.6675, 4.41556
45.575, 24.6515, 4.41556
45.6, 24.6478, 4.41582
45.625, 24.6479, 4.41595
45.65, 24.6521, 4.41595
45.675, 24.6585, 4.41608
45.7, 24.6601, 4.41595
45.725, 24.6597, 4.41608
45.75, 24.6545, 4.41608
45.775, 24.6472, 4.41633
45.8, 24.6389, 4.41633
45.825, 24.6307, 4.41633
45.85, 24.6147, 4.41646
45.875, 24.5966, 4.41659
45.9, 24.577, 4.41902
45.925, 24.558, 4.42106
45.95, 24.5489, 4.42426
45.975, 24.5438, 4.42515
46, 24.5646, 4.43857
46.025, 24.5941, 4.44011
46.05, 24.6293, 4.44394
46.075, 24.6583, 4.44458
46.1, 24.6691, 4.44509
46.125, 24.669, 4.44969
46.15, 24.6465, 4.46133
46.175, 24.6195, 4.46376
46.2, 24.582, 4.46606
46.225, 24.5553, 4.46695
46.25, 24.6075, 4.46759
46.275, 24.6816, 4.46759
46.3, 24.7703, 4.46759
46.325, 24.8623, 4.46746
46.35, 24.8855, 4.46746
46.375, 24.8789, 4.46746
46.4, 24.8249, 4.46734
46.425, 24.7552, 4.46734
46.45, 24.6781, 4.46734
46.475, 24.6159, 4.46734
46.5, 24.635, 4.46746
46.525, 24.683, 4.46746
46.55, 24.7553, 4.46734
46.575, 24.8336, 4.46695
46.6, 24.8692, 4.46503
46.625, 24.8799, 4.46491
46.65, 24.8335, 4.46465
46.675, 24.7678, 4.46452
46.7, 24.6842, 4.46452
46.725, 24.5982, 4.46465
46.75, 24.5721, 4.46478
46.775, 24.5705, 4.46465
46.8, 24.6002, 4.46465
46.825, 24.6401, 4.46465
46.85, 24.6753, 4.46427
46.875, 24.7029, 4.46299
46.9, 24.6983, 4.46082
46.925, 24.6828, 4.46056
46.95, 24.6627, 4.46056
46.975, 24.6417, 4.46056
47, 24.6184, 4.4603
47.025, 24.5961, 4.46018
47.05, 24.5779, 4.46018
47.075, 24.5618, 4.4603
47.1, 24.5503, 4.46043
47.125, 24.5431, 4.46043
47.15, 24.5514, 4.46043
47.175, 24.5647, 4.46056
47.2, 24.5836, 4.46043
47.225, 24.6037, 4.46043
47.25, 24.6223, 4.46043
47.275, 24.6398, 4.4603
47.3, 24.6564, 4.46018
47.325, 24.6722, 4.46018
47.35, 24.6875, 4.4603
47.375, 24.703, 4.4603
47.4, 24.7415, 4.4603
47.425, 24.7873, 4.46018
47.45, 24.8387, 4.45685
47.475, 24.8903, 4.45583
47.5, 24.9142, 4.45327
47.525, 24.9209, 4.45097
47.55, 24.891, 4.44292
47.575, 24.8485, 4.44062
47.6, 24.8023, 4.44049
47.625, 24.7594, 4.44049
47.65, 24.7757, 4.44049
47.675, 24.8165, 4.44036
47.7, 24.8922, 4.44049
47.725, 24.9762, 4.43819
47.75, 24.9774, 4.43487
47.775, 24.9453, 4.4286
47.8, 24.9054, 4.42835
47.825, 24.8181, 4.42822
47.85, 24.7164, 4.4286
47.875, 24.6152, 4.42937
47.9, 24.6182, 4.43065
47.925, 24.6587, 4.43231
47.95, 24.7031, 4.43257
47.975, 24.774, 4.43244
48, 24.8372, 4.43244
48.025, 24.8827, 4.43231
48.05, 24.8509, 4.43231
48.075, 24.7946, 4.43231
48.1, 24.7381, 4.43231
48.125, 24.7023, 4.43231
48.15, 24.6791, 4.43244
48.175, 24.6631, 4.43244
48.2, 24.6838, 4.43244
48.225, 24.7152, 4.43244
48.25, 24.7463, 4.43244
48.275, 24.7443, 4.43244
48.3, 24.7293, 4.43257
48.325, 24.7124, 4.43269
48.35, 24.6839, 4.43282
48.375, 24.653, 4.43308
48.4, 24.624, 4.43308
48.425, 24.6262, 4.4332
48.45, 24.6396, 4.4332
48.475, 24.6535, 4.4332
48.5, 24.6688, 4.4332
48.525, 24.6811, 4.4332
48.55, 24.6895, 4.4332
48.575, 24.6847, 4.4332
48.6, 24.6762, 4.43308
48.625, 24.6677, 4.43308
48.65, 24.6614, 4.43308
48.675, 24.6567, 4.43308
48.7, 24.6528, 4.43308
48.725, 24.6541, 4.43308
48.75, 24.6572, 4.43295
48.775, 24.6602, 4.43295
48.8, 24.6903, 4.43295
48.825, 24.7286, 4.43295
48.85, 24.7656, 4.43282
48.875, 24.8057, 4.43269
48.9, 24.8451, 4.43231
48.925, 24.8739, 4.43218
48.95, 24.852, 4.43218
48.975, 24.8139, 4.43231
49, 24.7757, 4.43244
49.025, 24.7741, 4.43244
49.05, 24.7915, 4.43231
49.075, 24.8174, 4.43218
49.1, 24.8815, 4.43205
49.125, 24.9557, 4.43141
49.15, 25.0273, 4.41991
49.175, 25.0087, 4.4116
49.2, 24.9562, 4.4116
49.225, 24.8994, 4.41173
49.25, 24.7924, 4.41211
49.275, 24.676, 4.41275
49.3, 24.5678, 4.41889
49.325, 24.5661, 4.42259
49.35, 24.5979, 4.42349
49.375, 24.6326, 4.424
49.4, 24.6756, 4.424
49.425, 24.7089, 4.42438
49.45, 24.7273, 4.42451
49.475, 24.6828, 4.42464
49.5, 24.6194, 4.42809
49.525, 24.5559, 4.44854
49.55, 24.5108, 4.45148
49.575, 24.4736, 4.46606
49.6, 24.4398, 4.47846
49.625, 24.4341, 4.49009
49.65, 24.4447, 4.49546
49.675, 24.4579, 4.50147
49.7, 24.4699, 4.50326
49.725, 24.4793, 4.50466
49.75, 24.4895, 4.50632
49.775, 24.4976, 4.5085
49.8, 24.5071, 4.51208
49.825, 24.5195, 4.52869
49.85, 24.5366, 4.52997
49.875, 24.5511, 4.53048
49.9, 24.5622, 4.53125
49.925, 24.5929, 4.53151
49.95, 24.6278, 4.53151
49.975, 24.662, 4.53151
50, 24.7083, 4.53151
50, 24.7563, 4.53151
50.025, 24.803, 4.54557
50.05, 24.8326, 4.57957
50.075, 24.8592, 4.62124
50.1, 24.879, 4.66599
50.125, 24.9033, 4.68938
50.15, 24.9297, 4.7377
50.175, 24.9515, 4.77707
50.2, 25.0208, 4.80328
50.225, 25.1095, 4.83984
50.25, 25.2032, 4.85671
50.275, 25.3105, 4.87397
50.3, 25.4196, 4.89161
50.325, 25.5104, 4.91385
50.35, 25.5894, 4.93252
50.375, 25.636, 4.96256
50.4, 25.6757, 4.99579
50.425, 25.7194, 5.03785
50.45, 25.7781, 5.06508
50.475, 25.9181, 5.10049
50.5, 26.0857, 5.10228
50.525, 26.2923, 5.1024
50.55, 26.5048, 5.10228
50.575, 26.6509, 5.10202
50.6, 26.7585, 5.10215
50.625, 26.7842, 5.10215
50.65, 26.7857, 5.10381
50.675, 26.7646, 5.12158
50.7, 26.7367, 5.15277
50.725, 26.8166, 5.19904
50.75, 26.933, 5.20058
50.775, 27.0797, 5.20071
50.8, 27.2407, 5.20083
50.825, 27.3983, 5.20122
50.85, 27.5357, 5.20122
50.875, 27.6145, 5.20122
50.9, 27.6734, 5.20122
50.925, 27.7114, 5.2016
50.95, 27.7426, 5.20659
50.975, 27.819, 5.22039
51, 27.9098, 5.22103
51.025, 28.014, 5.2232
51.05, 28.1165, 5.22384
51.075, 28.2342, 5.22551
51.1, 28.3471, 5.22551
51.125, 28.4375, 5.22551
51.15, 28.5215, 5.22551
51.175, 28.5881, 5.22538
51.2, 28.6489, 5.22551
51.225, 28.7171, 5.22551
51.25, 28.7868, 5.22551
51.275, 28.8678, 5.22551
51.3, 28.949, 5.22551
51.325, 29.0294, 5.22551
51.35, 29.1062, 5.22551
51.375, 29.1677, 5.22551
51.4, 29.2221, 5.22551
51.425, 29.2729, 5.22551
51.45, 29.3214, 5.22551
51.475, 29.3673, 5.22551
51.5, 29.4105, 5.22551
51.525, 29.4514, 5.22551
51.55, 29.4904, 5.22538
51.575, 29.5252, 5.22538
51.6, 29.5577, 5.22538
51.625, 29.626, 5.22538
51.65, 29.7054, 5.22538
51.675, 29.7939, 5.22525
51.7, 29.8827, 5.22512
51.725, 29.9355, 5.22244
51.75, 29.9667, 5.22218
51.775, 29.9482, 5.22218
51.8, 29.9171, 5.22193
51.825, 29.8696, 5.2218
51.85, 29.818, 5.22193
51.875, 29.8548, 5.22193
51.9, 29.9246, 5.2218
51.925, 30.0306, 5.22129
51.95, 30.1463, 5.20569
51.975, 30.2333, 5.16274
52, 30.2943, 5.1529
52.025, 30.2864, 5.13411
52.05, 30.2529, 5.13014
52.075, 30.1526, 5.13014
52.1, 30.0424, 5.13053
52.125, 29.9957, 5.13104
52.15, 29.971, 5.13129
52.175, 30.0179, 5.13155
52.2, 30.0838, 5.13142
52.225, 30.1582, 5.13104
52.25, 30.2263, 5.13053
52.275, 30.2202, 5.12989
52.3, 30.1901, 5.12938
52.325, 30.1446, 5.12899
52.35, 30.0932, 5.12899
52.375, 30.0738, 5.12925
52.4, 30.0704, 5.12925
52.425, 30.0976, 5.12925
52.45, 30.135, 5.12899
52.475, 30.1758, 5.12605
52.5, 30.2171, 5.11557
52.525, 30.2156, 5.1033
52.55, 30.1981, 5.0955
52.575, 30.1711, 5.09486
52.6, 30.1397, 5.09409
52.625, 30.1038, 5.09409
52.65, 30.0669, 5.09422
52.675, 30.0436, 5.09448
52.7, 30.0265, 5.09448
52.725, 30.0131, 5.09461
52.75, 30.0024, 5.09461
52.775, 29.9866, 5.09448
52.8, 29.9686, 5.09435
52.825, 29.9493, 5.09435
52.85, 29.9299, 5.09435
52.875, 29.9114, 5.09448
52.9, 29.8934, 5.09461
52.925, 29.8754, 5.09473
52.95, 29.8581, 5.09473
52.975, 29.8405, 5.09473
53, 29.8234, 5.09486
53.025, 29.8336, 5.09473
53.05, 29.8545, 5.09473
53.075, 29.8911, 5.09486
53.1, 29.9321, 5.09486
53.125, 29.973, 5.09486
53.15, 30.012, 5.09473
53.175, 29.9839, 5.09473
53.2, 29.9319, 5.09473
53.225, 29.8657, 5.09473
53.25, 29.7965, 5.09486
53.275, 29.7774, 5.09537
53.3, 29.7837, 5.09537
53.325, 29.8402, 5.09563
53.35, 29.9124, 5.09563
53.375, 29.9986, 5.09525
53.4, 30.087, 5.09461
53.425, 30.0768, 5.08988
53.45, 30.029, 5.08949
53.475, 29.9449, 5.08962
53.5, 29.8489, 5.08975
53.525, 29.7798, 5.09013
53.55, 29.7335, 5.09039
53.575, 29.762, 5.09052
53.6, 29.8146, 5.09052
53.625, 29.8866, 5.09052
53.65, 29.9629, 5.09026
53.675, 29.9702, 5.08975
53.7, 29.9501, 5.08962
53.725, 29.8956, 5.08962
53.75, 29.8307, 5.08962
53.775, 29.7657, 5.09
53.8, 29.7081, 5.09013
53.825, 29.6863, 5.09039
53.85, 29.6776, 5.09039
53.875, 29.6835, 5.09064
53.9, 29.6947, 5.09077
53.925, 29.6968, 5.09128
53.95, 29.6942, 5.09167
53.975, 29.6826, 5.09282
54, 29.6681, 5.09333
54.025, 29.6515, 5.09461
54.05, 29.6385, 5.09537
54.075, 29.6398, 5.09614
54.1, 29.6456, 5.0964
54.125, 29.6585, 5.09819
54.15, 29.6739, 5.09908
54.175, 29.68, 5.09921
54.2, 29.6782, 5.09946
54.225, 29.6646, 5.09946
54.25, 29.6479, 5.09946
54.275, 29.6271, 5.09946
54.3, 29.6065, 5.09959
54.325, 29.5909, 5.09985
54.35, 29.5772, 5.10023
54.375, 29.566, 5.1033
54.4, 29.5556, 5.10713
54.425, 29.5595, 5.11583
54.45, 29.5726, 5.11583
54.475, 29.6068, 5.11608
54.5, 29.6449, 5.11621
54.525, 29.6987, 5.11621
54.55, 29.7533, 5.11621
54.575, 29.7592, 5.11621
54.6, 29.7452, 5.11621
54.625, 29.7005, 5.11621
54.65, 29.6479, 5.11634
54.675, 29.6059, 5.11672
54.7, 29.581, 5.11813
54.725, 29.6305, 5.12529
54.75, 29.7043, 5.12592
54.775, 29.8041, 5.12592
54.8, 29.9093, 5.1258
54.825, 29.9426, 5.12529
54.85, 29.942, 5.12503
54.875, 29.87, 5.12503
54.9, 29.7767, 5.12503
54.925, 29.6658, 5.12529
54.95, 29.5519, 5.12529
54.975, 29.5411, 5.1258
55, 29.5693, 5.1258
55.025, 29.6374, 5.12592
55.05, 29.7169, 5.12592
55.075, 29.7597, 5.1258
55.1, 29.7806, 5.1258
55.125, 29.747, 5.1258
55.15, 29.6947, 5.1258
55.175, 29.6294, 5.1258
55.2, 29.5619, 5.12592
55.225, 29.5437, 5.12592
55.25, 29.546, 5.12592
55.275, 29.572, 5.12592
55.3, 29.6056, 5.12592
55.325, 29.6394, 5.1258
55.35, 29.6699, 5.1258
55.375, 29.689, 5.1258
55.4, 29.7035, 5.12567
55.425, 29.7159, 5.12554
55.45, 29.7269, 5.12541
55.475, 29.7358, 5.12541
55.5, 29.7438, 5.12554
55.525, 29.7518, 5.12554
55.55, 29.7595, 5.12541
55.575, 29.7683, 5.12554
55.6, 29.7779, 5.12541
55.625, 29.788, 5.12554
55.65, 29.7979, 5.12541
55.675, 29.8095, 5.12541
55.7, 29.8216, 5.12541
55.725, 29.8225, 5.12541
55.75, 29.8174, 5.12541
55.775, 29.7996, 5.12541
55.8, 29.7779, 5.12541
55.825, 29.753, 5.12541
55.85, 29.7283, 5.12541
55.875, 29.7439, 5.12541
55.9, 29.7745, 5.12541
55.925, 29.8184, 5.12503
55.95, 29.8652, 5.12477
55.975, 29.8823, 5.11889
56, 29.8803, 5.11378
56.025, 29.8299, 5.11135
56.05, 29.7629, 5.11135
56.075, 29.6777, 5.11148
56.1, 29.5849, 5.11148
56.125, 29.5827, 5.11225
56.15, 29.6142, 5.11225
56.175, 29.6864, 5.11225
56.2, 29.7715, 5.11212
56.225, 29.8456, 5.11199
56.25, 29.9004, 5.11186
56.275, 29.8714, 5.11148
56.3, 29.8124, 5.11161
56.325, 29.7278, 5.11161
56.35, 29.6365, 5.11174
56.375, 29.5988, 5.11237
56.4, 29.5871, 5.11237
56.425, 29.6211, 5.11237
56.45, 29.6699, 5.11237
56.475, 29.7312, 5.11237
56.5, 29.7819, 5.11225
56.525, 29.7674, 5.11212
56.55, 29.7307, 5.11212
56.575, 29.6733, 5.11225
56.6, 29.6106, 5.11225
56.625, 29.577, 5.11263
56.65, 29.5607, 5.11276
56.675, 29.5894, 5.11276
56.7, 29.633, 5.11289
56.725, 29.6885, 5.11276
56.75, 29.7463, 5.11263
56.775, 29.7682, 5.11263
56.8, 29.7755, 5.11263
56.825, 29.7654, 5.11276
56.85, 29.7501, 5.11263
56.875, 29.7384, 5.11276
56.9, 29.729, 5.11276
56.925, 29.7247, 5.11276
56.95, 29.7227, 5.11276
56.975, 29.7226, 5.11276
57, 29.723, 5.11276
57.025, 29.7255, 5.11289
57.05, 29.729, 5.11301
57.075, 29.7314, 5.11301
57.1, 29.7325, 5.11301
57.125, 29.733, 5.11301
57.15, 29.7345, 5.11301
57.175, 29.7395, 5.11301
57.2, 29.7461, 5.11314
57.225, 29.7593, 5.11314
57.25, 29.7739, 5.11301
57.275, 29.7974, 5.11314
57.3, 29.8244, 5.11314
57.325, 29.8582, 5.11314
57.35, 29.8933, 5.11314
57.375, 29.9286, 5.11314
57.4, 29.9632, 5.11327
57.425, 29.9646, 5.11314
57.45, 29.9534, 5.11314
57.475, 29.9288, 5.11327
57.5, 29.9007, 5.11327
57.525, 29.9025, 5.11327
57.55, 29.9206, 5.11327
57.575, 29.9797, 5.11327
57.6, 30.0505, 5.11314
57.625, 30.1248, 5.11301
57.65, 30.1978, 5.11276
57.675, 30.1746, 5.1125
57.7, 30.1144, 5.1125
57.725, 30.0162, 5.1125
57.75, 29.9082, 5.11263
57.775, 29.8254, 5.11289
57.8, 29.7678, 5.11301
57.825, 29.7985, 5.11301
57.85, 29.8589, 5.11301
57.875, 29.9422, 5.11289
57.9, 30.0309, 5.11276
57.925, 30.0559, 5.1111
57.95, 30.0523, 5.11084
57.975, 30.0033, 5.11007
58, 29.9423, 5.1102
58.025, 29.8706, 5.1102
58.05, 29.8052, 5.1102
58.075, 29.7814, 5.11033
58.1, 29.7729, 5.11033
58.125, 29.7768, 5.11033
58.15, 29.785, 5.11033
58.175, 29.7872, 5.11046
58.2, 29.7858, 5.11058
58.225, 29.7753, 5.11071
58.25, 29.762, 5.11058
58.275, 29.7477, 5.11058
58.3, 29.7337, 5.11058
58.325, 29.7361, 5.11071
58.35, 29.7447, 5.11084
58.375, 29.7581, 5.11084
58.4, 29.7727, 5.11084
58.425, 29.7801, 5.11071
58.45, 29.7824, 5.11071
58.475, 29.7716, 5.11058
58.5, 29.7566, 5.11058
58.525, 29.7418, 5.11071
58.55, 29.7276, 5.11071
58.575, 29.7045, 5.11084
58.6, 29.6787, 5.11084
58.625, 29.6513, 5.11097
58.65, 29.6244, 5.11084
58.675, 29.6124, 5.11097
58.7, 29.6113, 5.11097
58.725, 29.6446, 5.11122
58.75, 29.6882, 5.11122
58.775, 29.7373, 5.11122
58.8, 29.7869, 5.11122
58.825, 29.7877, 5.1111
58.85, 29.7677, 5.1111
58.875, 29.7116, 5.11122
58.9, 29.6455, 5.11122
58.925, 29.5812, 5.11148
58.95, 29.609, 5.11289
58.975, 29.6698, 5.11301
59, 29.7341, 5.11301
59.025, 29.8262, 5.11301
59.05, 29.9234, 5.11263
59.075, 29.9957, 5.1125
59.1, 29.9355, 5.1125
59.125, 29.8342, 5.11263
59.15, 29.7324, 5.11263
59.175, 29.6632, 5.11289
59.2, 29.6177, 5.11289
59.225, 29.5873, 5.11314
59.25, 29.6218, 5.1134
59.275, 29.6763, 5.1134
59.3, 29.7305, 5.1134
59.325, 29.7433, 5.1134
59.35, 29.739, 5.1134
59.375, 29.7304, 5.1134
59.4, 29.7002, 5.1134
59.425, 29.6638, 5.1134
59.45, 29.6283, 5.1134
59.475, 29.6354, 5.1134
59.5, 29.6574, 5.1134
59.525, 29.6808, 5.1134
59.55, 29.7085, 5.1134
59.575, 29.7349, 5.1134
59.6, 29.7581, 5.1134
59.625, 29.7719, 5.1134
59.65, 29.7825, 5.1134
59.675, 29.7927, 5.11327
59.7, 29.7964, 5.11327
59.725, 29.7973, 5.11327
59.75, 29.7972, 5.11327
59.775, 29.7932, 5.11327
59.8, 29.7881, 5.11327
59.825, 29.7834, 5.11327
59.85, 29.7957, 5.1134
59.875, 29.8137, 5.1134
59.9, 29.8318, 5.1134
59.925, 29.85, 5.11327
59.95, 29.8676, 5.11327
59.975, 29.8806, 5.11327
60, 29.8745, 5.11327
60, 29.8624, 5.11327
60.025, 29.8494, 5.1079
60.05, 29.8478, 5.08144
60.075, 29.8535, 5.0436
60.1, 29.8628, 4.98697
60.125, 29.8834, 4.96166
60.15, 29.9059, 4.92242
60.175, 29.926, 4.86707
60.2, 29.887, 4.82565
60.225, 29.8282, 4.78666
60.25, 29.7771, 4.75547
60.275, 29.6577, 4.72824
60.3, 29.5184, 4.71891
60.325, 29.3813, 4.71137
60.35, 29.3182, 4.6982
60.375, 29.2899, 4.66471
60.4, 29.2793, 4.63007
60.425, 29.272, 4.60105
60.45, 29.2444, 4.56807
60.475, 29.1968, 4.52754
60.5, 29.0236, 4.51144
60.525, 28.8168, 4.51016
60.55, 28.6201, 4.51029
60.575, 28.4458, 4.51041
60.6, 28.2999, 4.51054
60.625, 28.1795, 4.51029
60.65, 28.1023, 4.50965
60.675, 28.0446, 4.49162
60.7, 27.9945, 4.46529
60.725, 27.8991, 4.4442
60.75, 27.782, 4.44164
60.775, 27.6633, 4.44075
60.8, 27.5009, 4.43666
60.825, 27.3332, 4.43487
60.85, 27.1833, 4.43474
60.875, 27.0731, 4.43487
60.9, 26.9818, 4.43474
60.925, 26.9008, 4.4332
60.95, 26.8263, 4.42847
60.975, 26.7543, 4.42758
61, 26.6897, 4.42528
61.025, 26.6139, 4.41876
61.05, 26.5381, 4.41799
61.075, 26.468, 4.41646
61.1, 26.3896, 4.41262
61.125, 26.3119, 4.40764
61.15, 26.2429, 4.40125
61.175, 26.1778, 4.39358
61.2, 26.1158, 4.39281
61.225, 26.0574, 4.38961
61.25, 25.996, 4.38782
61.275, 25.9394, 4.38757
61.3, 25.8879, 4.38757
61.325, 25.8385, 4.38744
61.35, 25.7905, 4.38744
61.375, 25.7435, 4.38667
61.4, 25.6768, 4.38667
61.425, 25.6073, 4.38655
61.45, 25.5409, 4.38667
61.475, 25.5017, 4.38667
61.5, 25.4768, 4.3868
61.525, 25.4581, 4.3868
61.55, 25.4622, 4.3868
61.575, 25.4736, 4.38629
61.6, 25.485, 4.38028
61.625, 25.4221, 4.36366
61.65, 25.3341, 4.36315
61.675, 25.2417, 4.36328
61.7, 25.0915, 4.36341
61.725, 24.9327, 4.36494
61.75, 24.8041, 4.373
61.775, 24.7832, 4.37747
61.8, 24.8046, 4.37773
61.825, 24.8352, 4.37773
61.85, 24.8527, 4.37773
61.875, 24.8527, 4.37773
61.9, 24.8361, 4.37773
61.925, 24.7385, 4.37798
61.95, 24.6174, 4.38373
61.975, 24.4989, 4.39895
62, 24.4536, 4.40764
62.025, 24.44, 4.40777
62.05, 24.4377, 4.40789
62.075, 24.4835, 4.40802
62.1, 24.5382, 4.40802
62.125, 24.586, 4.40789
62.15, 24.5729, 4.40789
62.175, 24.5375, 4.40802
62.2, 24.5, 4.40802
62.225, 24.4557, 4.40815
62.25, 24.4154, 4.40866
62.275, 24.383, 4.40904
62.3, 24.3808, 4.40994
62.325, 24.389, 4.41812
62.35, 24.3988, 4.42055
62.375, 24.4108, 4.4208
62.4, 24.4263, 4.42323
62.425, 24.448, 4.42899
62.45, 24.458, 4.43001
62.475, 24.466, 4.43397
62.5, 24.4767, 4.44228
62.525, 24.4964, 4.44612
62.55, 24.5214, 4.44612
62.575, 24.5524, 4.44612
62.6, 24.5855, 4.44612
62.625, 24.6163, 4.44624
62.65, 24.6434, 4.44624
62.675, 24.6624, 4.44612
62.7, 24.6773, 4.44624
62.725, 24.6899, 4.44624
62.75, 24.684, 4.44624
62.775, 24.6675, 4.44624
62.8, 24.6464, 4.44637
62.825, 24.6019, 4.44637
62.85, 24.5517, 4.44675
62.875, 24.5035, 4.45276
62.9, 24.5217, 4.46299
62.925, 24.5631, 4.46452
62.95, 24.6057, 4.4644
62.975, 24.6972, 4.4644
63, 24.7992, 4.46427
63.025, 24.8936, 4.46401
63.05, 24.8641, 4.46363
63.075, 24.7886, 4.46363
63.1, 24.7067, 4.46363
63.125, 24.6106, 4.46363
63.15, 24.5294, 4.46376
63.175, 24.472, 4.46388
63.2, 24.5246, 4.46401
63.225, 24.6116, 4.46388
63.25, 24.6983, 4.46388
63.275, 24.7348, 4.46388
63.3, 24.743, 4.46388
63.325, 24.7374, 4.46388
63.35, 24.6685, 4.46388
63.375, 24.5817, 4.46401
63.4, 24.4976, 4.46414
63.425, 24.4746, 4.46427
63.45, 24.4762, 4.46465
63.475, 24.4833, 4.46478
63.5, 24.5172, 4.46503
63.525, 24.5589, 4.46529
63.55, 24.6001, 4.46529
63.575, 24.5962, 4.46555
63.6, 24.5773, 4.4658
63.625, 24.5581, 4.47066
63.65, 24.5415, 4.47283
63.675, 24.5267, 4.48012
63.7, 24.5123, 4.48625
63.725, 24.5122, 4.48792
63.75, 24.5172, 4.49265
63.775, 24.524, 4.49789
63.8, 24.5322, 4.50351
63.825, 24.5415, 4.50479
63.85, 24.5548, 4.5154
63.875, 24.583, 4.52307
63.9, 24.6142, 4.52397
63.925, 24.6408, 4.52409
63.95, 24.6861, 4.52397
63.975, 24.7331, 4.52397
64, 24.7739, 4.52384
64.025, 24.818, 4.52371
64.05, 24.8594, 4.52345
64.075, 24.8958, 4.5232
64.1, 24.9296, 4.52102
64.125, 24.9607, 4.51949
64.15, 24.9896, 4.51936
64.175, 25.0085, 4.51924
64.2, 25.0226, 4.51924
64.225, 25.0352, 4.51808
64.25, 25.0413, 4.51527
64.275, 25.0448, 4.51489
64.3, 25.0502, 4.51387
64.325, 25.088, 4.5122
64.35, 25.1381, 4.50684
64.375, 25.191, 4.49252
64.4, 25.2581, 4.48127
64.425, 25.3299, 4.46273
64.45, 25.4013, 4.45315
64.475, 25.3576, 4.44778
64.5, 25.2704, 4.44791
64.525, 25.1805, 4.44816
64.55, 25.0984, 4.44829
64.575, 25.0366, 4.44944
64.6, 24.9959, 4.45059
64.625, 25.0441, 4.4511
64.65, 25.1211, 4.45097
64.675, 25.199, 4.45097
64.7, 25.2124, 4.44982
64.725, 25.1969, 4.44957
64.75, 25.1722, 4.44957
64.775, 25.0999, 4.44957
64.8, 25.0153, 4.44969
64.825, 24.9338, 4.44982
64.85, 24.9075, 4.44995
64.875, 24.9019, 4.44995
64.9, 24.9, 4.44995
64.925, 24.9126, 4.44995
64.95, 24.9302, 4.44995
64.975, 24.9395, 4.45008
65, 24.9051, 4.44995
65.025, 24.8576, 4.45021
65.05, 24.8107, 4.45238
65.075, 24.7677, 4.45404
65.1, 24.7306, 4.45749
65.125, 24.7001, 4.46222
65.15, 24.6995, 4.46376
65.175, 24.7111, 4.46465
65.2, 24.7225, 4.46478
65.225, 24.7335, 4.46478
65.25, 24.7433, 4.46491
65.275, 24.7513, 4.46491
65.3, 24.7604, 4.46491
65.325, 24.7696, 4.46491
65.35, 24.7788, 4.46491
65.375, 24.7858, 4.46491
65.4, 24.7915, 4.46491
65.425, 24.7968, 4.46491
65.45, 24.8037, 4.46491
65.475, 24.8126, 4.46503
65.5, 24.8236, 4.46491
65.525, 24.8493, 4.46503
65.55, 24.879, 4.46503
65.575, 24.9077, 4.46491
65.6, 24.8999, 4.46503
65.625, 24.8768, 4.46503
65.65, 24.8499, 4.46503
65.675, 24.804, 4.46503
65.7, 24.754, 4.46516
65.725, 24.7065, 4.46542
65.75, 24.7337, 4.46644
65.775, 24.7873, 4.46849
65.8, 24.8429, 4.46861
65.825, 24.9182, 4.46861
65.85, 24.9979, 4.46861
65.875, 25.0583, 4.46849
65.9, 25.0092, 4.46836
65.925, 24.926, 4.46849
65.95, 24.8424, 4.46861
65.975, 24.7985, 4.46861
66, 24.7806, 4.46861
66.025, 24.7788, 4.46861
66.05, 24.8535, 4.46861
66.075, 24.9503, 4.46849
66.1, 25.0452, 4.46823
66.125, 25.0549, 4.46759
66.15, 25.0299, 4.46708
66.175, 24.997, 4.46388
66.2, 24.9253, 4.46363
66.225, 24.8431, 4.46363
66.25, 24.7644, 4.46388
66.275, 24.7571, 4.46401
66.3, 24.7764, 4.46414
66.325, 24.7998, 4.46427
66.35, 24.8317, 4.4644
66.375, 24.8589, 4.4644
66.4, 24.8766, 4.46427
66.425, 24.8528, 4.4644
66.45, 24.8161, 4.4644
66.475, 24.7796, 4.46452
66.5, 24.7584, 4.46491
66.525, 24.7455, 4.46746
66.55, 24.7362, 4.47564
66.575, 24.7457, 4.47807
66.6, 24.7573, 4.47999
66.625, 24.7693, 4.48574
66.65, 24.7871, 4.48574
66.675, 24.8036, 4.48587
66.7, 24.8174, 4.486
66.725, 24.8328, 4.486
66.75, 24.8468, 4.486
66.775, 24.8581, 4.486
66.8, 24.8615, 4.486
66.825, 24.862, 4.48613
66.85, 24.8628, 4.486
66.875, 24.8644, 4.48613
66.9, 24.8665, 4.48613
66.925, 24.8693, 4.48613
66.95, 24.8741, 4.48613
66.975, 24.8797, 4.48613
67, 24.8858, 4.48613
67.025, 24.8735, 4.48613
67.05, 24.8546, 4.48613
67.075, 24.8356, 4.48613
67.1, 24.8118, 4.48613
67.125, 24.7877, 4.48625
67.15, 24.7649, 4.48677
67.175, 24.8071, 4.48702
67.2, 24.8708, 4.48702
67.225, 24.9344, 4.48689
67.25, 24.9956, 4.48702
67.275, 25.041, 4.48677
67.3, 25.0682, 4.48587
67.325, 25.0157, 4.48587
67.35, 24.9384, 4.48587
67.375, 24.8616, 4.486
67.4, 24.8312, 4.48638
67.425, 24.8268, 4.48638
67.45, 24.8352, 4.48625
67.475, 24.9038, 4.48625
67.5, 24.9895, 4.48613
67.525, 25.0725, 4.486
67.55, 25.0627, 4.48549
67.575, 25.0185, 4.48549
67.6, 24.9692, 4.48549
67.625, 24.8888, 4.48562
67.65, 24.801, 4.48574
67.675, 24.7292, 4.48587
67.7, 24.7434, 4.48587
67.725, 24.7857, 4.48587
67.75, 24.8298, 4.48574
67.775, 24.8702, 4.48562
67.8, 24.9026, 4.48549
67.825, 24.9266, 4.48549
67.85, 24.9172, 4.48536
67.875, 24.8976, 4.48549
67.9, 24.8783, 4.48549
67.925, 24.8727, 4.48549
67.95, 24.8738, 4.48549
67.975, 24.8771, 4.48549
68, 24.8902, 4.48562
68.025, 24.9058, 4.48549
68.05, 24.921, 4.48549
68.075, 24.9245, 4.48549
68.1, 24.924, 4.48549
68.125, 24.9225, 4.48562
68.15, 24.9173, 4.48562
68.175, 24.9114, 4.48562
68.2, 24.906, 4.48562
68.225, 24.9063, 4.48562
68.25, 24.9088, 4.48562
68.275, 24.9117, 4.48562
68.3, 24.9171, 4.48562
68.325, 24.9235, 4.48562
68.35, 24.9297, 4.48562
68.375, 24.9366, 4.48562
68.4, 24.944, 4.48549
68.425, 24.9511, 4.48549
68.45, 24.9204, 4.48549
68.475, 24.8767, 4.48562
68.5, 24.8323, 4.48549
68.525, 24.7793, 4.48562
68.55, 24.7257, 4.48562
68.575, 24.6751, 4.48562
68.6, 24.7159, 4.48574
68.625, 24.7872, 4.48562
68.65, 24.859, 4.48549
68.675, 24.9048, 4.48549
68.7, 24.9289, 4.48549
68.725, 24.9374, 4.4851
68.75, 24.8754, 4.48498
68.775, 24.7925, 4.48498
68.8, 24.711, 4.4851
68.825, 24.7067, 4.4851
68.85, 24.735, 4.4851
68.875, 24.7715, 4.4851
68.9, 24.8536, 4.4851
68.925, 24.9481, 4.48485
68.95, 25.0395, 4.47667
68.975, 25.0387, 4.46401
69, 25.0039, 4.46209
69.025, 24.9698, 4.46197
69.05, 24.8983, 4.46197
69.075, 24.8332, 4.46209
69.1, 24.7912, 4.46222
69.125, 24.8118, 4.46222
69.15, 24.8549, 4.46222
69.175, 24.902, 4.46222
69.2, 24.9258, 4.46222
69.225, 24.9371, 4.46209
69.25, 24.9425, 4.46184
69.275, 24.9136, 4.46184
69.3, 24.8746, 4.46197
69.325, 24.8362, 4.46209
69.35, 24.8184, 4.46222
69.375, 24.8093, 4.46222
69.4, 24.8025, 4.46209
69.425, 24.8079, 4.46222
69.45, 24.8168, 4.46209
69.475, 24.8252, 4.46197
69.5, 24.8457, 4.46184
69.525, 24.8697, 4.45979
69.55, 24.8927, 4.4589
69.575, 24.9182, 4.458
69.6, 24.9432, 4.45609
69.625, 24.9644, 4.44509
69.65, 24.9778, 4.44049
69.675, 24.9879, 4.43052
69.7, 24.9988, 4.43014
69.725, 25.0158, 4.4286
69.75, 25.0311, 4.42451
69.775, 25.0436, 4.41211
69.8, 25.0614, 4.40368
69.825, 25.0759, 4.40035
69.85, 25.0887, 4.39869
69.875, 25.0425, 4.39856
69.9, 24.9758, 4.39843
69.925, 24.9119, 4.39856
69.95, 24.8359, 4.39869
69.975, 24.771, 4.39907
70, 24.7234, 4.3992
70.025, 24.7411, 4.39792
70.05, 24.7802, 4.37504
70.075, 24.8205, 4.30716
70.1, 24.8539, 4.27597
70.125, 24.8715, 4.23954
70.15, 24.8775, 4.18138
70.175, 24.8061, 4.15172
70.2, 24.7077, 4.12999
70.225, 24.6145, 4.10992
70.25, 24.5584, 4.09177
70.275, 24.5229, 4.07106
70.3, 24.5, 4.03629
70.325, 24.4968, 4.01072
70.35, 24.5004, 3.96981
70.375, 24.5035, 3.93223
70.4, 24.3832, 3.90615
70.425, 24.2178, 3.89196
70.45, 24.0481, 3.88787
70.475, 23.8585, 3.87803
70.5, 23.679, 3.87496
70.525, 23.5183, 3.86729
70.55, 23.4224, 3.86192
70.575, 23.3491, 3.84364
70.6, 23.2805, 3.81846
70.625, 23.1954, 3.79929
70.65, 23.0968, 3.78944
70.675, 22.9877, 3.77168
70.7, 22.8308, 3.76503
70.725, 22.6709, 3.7594
70.75, 22.525, 3.75224
70.775, 22.3874, 3.75212
70.8, 22.26, 3.75199
70.825, 22.1444, 3.75212
70.85, 22.0348, 3.75237
70.875, 21.932, 3.75199
70.9, 21.8353, 3.75212
70.925, 21.7462, 3.75224
70.95, 21.6629, 3.75186
70.975, 21.583, 3.75161
71, 21.5105, 3.75071
71.025, 21.443, 3.74777
71.05, 21.379, 3.74649
71.075, 21.3232, 3.74509
71.1, 21.2704, 3.7401
71.125, 21.2174, 3.73857
71.15, 21.1737, 3.73844
71.175, 21.1319, 3.73256
71.2, 21.0884, 3.72489
71.225, 21.0574, 3.72259
71.25, 21.0302, 3.72016
71.275, 21.0039, 3.71632
71.3, 20.9542, 3.71364
71.325, 20.8982, 3.71032
71.35, 20.842, 3.71006
71.375, 20.7797, 3.71006
71.4, 20.717, 3.71019
71.425, 20.6568, 3.70878
71.45, 20.6112, 3.70865
71.475, 20.5713, 3.70904
71.5, 20.5331, 3.70929
71.525, 20.469, 3.70917
71.55, 20.3951, 3.70955
71.575, 20.32, 3.7098
71.6, 20.2268, 3.7098
71.625, 20.1317, 3.71479
71.65, 20.0417, 3.71773
71.675, 20.0187, 3.72067
71.7, 20.0221, 3.72233
71.725, 20.0328, 3.72297
71.75, 20.0643, 3.7231
71.775, 20.1025, 3.7231
71.8, 20.1248, 3.72284
71.825, 20.05, 3.72259
71.85, 19.9465, 3.7231
71.875, 19.8446, 3.72604
71.9, 19.7655, 3.72962
71.925, 19.7042, 3.74112
71.95, 19.6536, 3.74291
71.975, 19.6533, 3.74752
72, 19.6712, 3.74918
72.025, 19.6925, 3.75224
72.05, 19.6874, 3.75237
72.075, 19.6687, 3.7525
72.1, 19.6471, 3.75276
72.125, 19.6078, 3.75288
72.15, 19.563, 3.7534
72.175, 19.5185, 3.7672
72.2, 19.4921, 3.77487
72.225, 19.4711, 3.77628
72.25, 19.4498, 3.7897
72.275, 19.4521, 3.79238
72.3, 19.4581, 3.79417
72.325, 19.4592, 3.79494
72.35, 19.4931, 3.79775
72.375, 19.5319, 3.80504
72.4, 19.5638, 3.80811
72.425, 19.5833, 3.80939
72.45, 19.5969, 3.8099
72.475, 19.6096, 3.81002
72.5, 19.6137, 3.81002
72.525, 19.6161, 3.81002
72.55, 19.6206, 3.81015
72.575, 19.6427, 3.81015
72.6, 19.6712, 3.81028
72.625, 19.7004, 3.81028
72.65, 19.7339, 3.81028
72.675, 19.7677, 3.81028
72.7, 19.7971, 3.81015
72.725, 19.8049, 3.81015
72.75, 19.8054, 3.81002
72.775, 19.8049, 3.8099
72.8, 19.8167, 3.8099
72.825, 19.836, 3.8099
72.85, 19.859, 3.81002
72.875, 19.9036, 3.8099
72.9, 19.9539, 3.80913
72.925, 20.0028, 3.79839
72.95, 19.9988, 3.7929
72.975, 19.9802, 3.79226
73, 19.9609, 3.79238
73.025, 19.9099, 3.79226
73.05, 19.8516, 3.79238
73.075, 19.7975, 3.79264
73.1, 19.8335, 3.79277
73.125, 19.8995, 3.79264
73.15, 19.966, 3.79187
73.175, 20.033, 3.79047
73.2, 20.0834, 3.78318
73.225, 20.1168, 3.78075
73.25, 20.0695, 3.77858
73.275, 19.9954, 3.77858
73.3, 19.9154, 3.77883
73.325, 19.8682, 3.77909
73.35, 19.8391, 3.77973
73.375, 19.8185, 3.77998
73.4, 19.8365, 3.78139
73.425, 19.8669, 3.78139
73.45, 19.9059, 3.78126
73.475, 19.9475, 3.78126
73.5, 19.9506, 3.78088
73.525, 19.9383, 3.78088
73.55, 19.9143, 3.78101
73.575, 19.8871, 3.78113
73.6, 19.8638, 3.78113
73.625, 19.8441, 3.78126
73.65, 19.8325, 3.78139
73.675, 19.8239, 3.78139
73.7, 19.8178, 3.78126
73.725, 19.8133, 3.78126
73.75, 19.8041, 3.78139
73.775, 19.7933, 3.78126
73.8, 19.781, 3.78139
73.825, 19.7688, 3.78126
73.85, 19.7538, 3.78126
73.875, 19.7378, 3.78139
73.9, 19.7212, 3.78139
73.925, 19.7054, 3.78139
73.95, 19.6931, 3.78139
73.975, 19.6826, 3.78139
74, 19.6822, 3.78139
74.025, 19.6861, 3.78139
74.05, 19.6961, 3.78152
74.075, 19.7079, 3.78165
74.1, 19.724, 3.78203
74.125, 19.7398, 3.7828
74.15, 19.7471, 3.78497
74.175, 19.7516, 3.78586
74.2, 19.7541, 3.78842
74.225, 19.7562, 3.78842
74.25, 19.7774, 3.78855
74.275, 19.8068, 3.78855
74.3, 19.8486, 3.78855
74.325, 19.8929, 3.78855
74.35, 19.9352, 3.78842
74.375, 19.9755, 3.78817
74.4, 19.9542, 3.78484
74.425, 19.9105, 3.78471
74.45, 19.8521, 3.78484
74.475, 19.7893, 3.78484
74.5, 19.7535, 3.78484
74.525, 19.737, 3.78497
74.55, 19.7821, 3.7851
74.575, 19.8473, 3.78484
74.6, 19.928, 3.78484
74.625, 20.0112, 3.77947
74.65, 19.9871, 3.77129
74.675, 19.9298, 3.7704
74.7, 19.8697, 3.77001
74.725, 19.793, 3.77001
74.75, 19.728, 3.77027
74.775, 19.6826, 3.77052
74.8, 19.7052, 3.77065
74.825, 19.7498, 3.77052
74.85, 19.7965, 3.77052
74.875, 19.8035, 3.77052
74.9, 19.792, 3.7704
74.925, 19.774, 3.77052
74.95, 19.7208, 3.77052
74.975, 19.6581, 3.77065
75, 19.5974, 3.77104
75.025, 19.5748, 3.77142
75.05, 19.5674, 3.77231
75.075, 19.5637, 3.7727
75.1, 19.5791, 3.77321
75.125, 19.6007, 3.77346
75.15, 19.6198, 3.77372
75.175, 19.6253, 3.77449
75.2, 19.6261, 3.78011
75.225, 19.6261, 3.78318
75.25, 19.628, 3.78331
75.275, 19.6345, 3.78331
75.3, 19.641, 3.78331
75.325, 19.649, 3.78331
75.35, 19.6577, 3.78344
75.375, 19.6665, 3.78331
75.4, 19.6691, 3.78344
75.425, 19.6696, 3.78331
75.45, 19.6701, 3.78331
75.475, 19.6699, 3.78344
75.5, 19.6694, 3.78344
75.525, 19.6689, 3.78344
75.55, 19.6678, 3.78344
75.575, 19.6668, 3.78331
75.6, 19.666, 3.78344
75.625, 19.6733, 3.78344
75.65, 19.6869, 3.78344
75.675, 19.7049, 3.78356
75.7, 19.7467, 3.78356
75.725, 19.7945, 3.78356
75.75, 19.8401, 3.78356
75.775, 19.8523, 3.78344
75.8, 19.8489, 3.78344
75.825, 19.8393, 3.78344
75.85, 19.8011, 3.78344
75.875, 19.7549, 3.78344
75.9, 19.7104, 3.78356
75.925, 19.7322, 3.78344
75.95, 19.7777, 3.78356
75.975, 19.8263, 3.78344
76, 19.8929, 3.78344
76.025, 19.9628, 3.78331
76.05, 20.0295, 3.78318
76.075, 19.9824, 3.7819
76.1, 19.8976, 3.78165
76.125, 19.8125, 3.7819
76.15, 19.7514, 3.7819
76.175, 19.7122, 3.7819
76.2, 19.69, 3.7819
76.225, 19.7407, 3.78203
76.25, 19.814, 3.7819
76.275, 19.8867, 3.78152
76.3, 19.9056, 3.77436
76.325, 19.9016, 3.77321
76.35, 19.8918, 3.77193
76.375, 19.8325, 3.7718
76.4, 19.7627, 3.77193
76.425, 19.6983, 3.77231
76.45, 19.6738, 3.77231
76.475, 19.6668, 3.77257
76.5, 19.666, 3.77283
76.525, 19.6847, 3.7727
76.55, 19.7091, 3.77295
76.575, 19.7329, 3.77283
76.6, 19.744, 3.77295
76.625, 19.7506, 3.77283
76.65, 19.7569, 3.77283
76.675, 19.76, 3.7727
76.7, 19.7616, 3.77206
76.725, 19.7622, 3.76899
76.75, 19.7589, 3.76874
76.775, 19.7542, 3.76733
76.8, 19.7503, 3.76682
76.825, 19.7488, 3.7658
76.85, 19.7475, 3.76413
76.875, 19.7469, 3.76375
76.9, 19.7469, 3.76401
76.925, 19.7456, 3.76375
76.95, 19.7435, 3.76388
76.975, 19.7347, 3.76388
77, 19.7239, 3.76388
77.025, 19.7131, 3.76388
77.05, 19.7053, 3.76388
77.075, 19.6991, 3.76388
77.1, 19.6943, 3.76401
77.125, 19.6924, 3.76413
77.15, 19.6913, 3.76413
77.175, 19.6903, 3.76401
77.2, 19.6823, 3.76401
77.225, 19.6714, 3.76401
77.25, 19.6598, 3.76401
77.275, 19.6438, 3.76426
77.3, 19.6271, 3.76426
77.325, 19.6111, 3.76426
77.35, 19.6342, 3.76439
77.375, 19.6704, 3.76452
77.4, 19.7073, 3.76452
77.425, 19.7519, 3.76464
77.45, 19.7876, 3.7649
77.475, 19.8104, 3.7649
77.5, 19.786, 3.76516
77.525, 19.7454, 3.76541
77.55, 19.6924, 3.76746
77.575, 19.6369, 3.77206
77.6, 19.6221, 3.78344
77.625, 19.6286, 3.78395
77.65, 19.6746, 3.7842
77.675, 19.7348, 3.7842
77.7, 19.8212, 3.7842
77.725, 19.9101, 3.7842
77.75, 19.911, 3.78395
77.775, 19.8816, 3.78407
77.8, 19.8183, 3.78395
77.825, 19.7463, 3.78407
77.85, 19.6979, 3.78407
77.875, 19.6651, 3.7842
77.9, 19.6831, 3.7842
77.925, 19.7182, 3.7842
77.95, 19.7642, 3.7842
77.975, 19.8132, 3.7842
78, 19.8079, 3.78407
78.025, 19.7804, 3.7842
78.05, 19.7291, 3.7842
78.075, 19.6707, 3.7842
78.1, 19.6149, 3.78433
78.125, 19.5679, 3.78471
78.15, 19.5581, 3.79098
78.175, 19.5619, 3.7943
78.2, 19.5769, 3.79865
78.225, 19.5953, 3.80223
78.25, 19.6098, 3.80696
78.275, 19.6228, 3.80811
78.3, 19.6277, 3.809
78.325, 19.6305, 3.80926
78.35, 19.633, 3.80964
78.375, 19.6368, 3.80964
78.4, 19.6522, 3.8099
78.425, 19.6699, 3.81002
78.45, 19.6931, 3.81002
78.475, 19.7173, 3.81002
78.5, 19.7441, 3.81002
78.525, 19.7718, 3.81015
78.55, 19.8004, 3.81015
78.575, 19.8285, 3.81015
78.6, 19.8569, 3.81015
78.625, 19.8843, 3.81015
78.65, 19.8972, 3.81015
78.675, 19.9045, 3.81015
78.7, 19.9052, 3.81015
78.725, 19.904, 3.81015
78.75, 19.9054, 3.81015
78.775, 19.909, 3.81028
78.8, 19.9221, 3.81028
78.825, 19.938, 3.81028
78.85, 19.9543, 3.81028
78.875, 19.9706, 3.81028
78.9, 19.9678, 3.81028
78.925, 19.9569, 3.81015
78.95, 19.9352, 3.81015
78.975, 19.9107, 3.81015
79, 19.8949, 3.81015
79.025, 19.891, 3.81015
79.05, 19.9337, 3.81015
79.075, 19.9915, 3.81015
79.1, 20.0611, 3.80964
79.125, 20.1329, 3.80747
79.15, 20.1439, 3.80593
79.175, 20.1284, 3.80453
79.2, 20.0695, 3.79635
79.225, 19.9958, 3.79532
79.25, 19.9162, 3.79532
79.275, 19.8492, 3.79558
79.3, 19.8396, 3.79584
79.325, 19.8532, 3.79584
79.35, 19.8946, 3.79584
79.375, 19.9423, 3.79558
79.4, 19.9626, 3.79443
79.425, 19.9656, 3.7943
79.45, 19.9254, 3.79392
79.475, 19.8721, 3.79392
79.5, 19.8072, 3.7943
79.525, 19.7406, 3.7943
79.55, 19.7198, 3.79481
79.575, 19.7165, 3.7952
79.6, 19.7345, 3.79545
79.625, 19.7592, 3.79545
79.65, 19.7843, 3.79532
79.675, 19.8077, 3.79532
79.7, 19.8191, 3.7952
79.725, 19.8257, 3.7952
79.75, 19.8307, 3.7952
79.775, 19.8347, 3.7952
79.8, 19.8391, 3.79507
79.825, 19.8432, 3.79481
79.85, 19.8491, 3.79392
79.875, 19.8562, 3.7929
79.9, 19.8629, 3.79149
79.925, 19.868, 3.79098
79.95, 19.8721, 3.79072
79.975, 19.8748, 3.79072
80, 19.8755, 3.79072
80.025, 19.8765, 3.77129
80.05, 19.8765, 3.72157
80.075, 19.8762, 3.69204
80.1, 19.9031, 3.64218
80.125, 19.9339, 3.61495
80.15, 19.9286, 3.57239
80.175, 19.9184, 3.54644
80.2, 19.8798, 3.50566
80.225, 19.8294, 3.49287
80.25, 19.7684, 3.45337
80.275, 19.7061, 3.43228
80.3, 19.6365, 3.41004
80.325, 19.5681, 3.39342
80.35, 19.4732, 3.36006
80.375, 19.3697, 3.34587
80.4, 19.2886, 3.33014
80.425, 19.2123, 3.31212
80.45, 19.1458, 3.28246
80.475, 19.0865, 3.26942
80.5, 19.0548, 3.25332
80.525, 19.0297, 3.22635
80.55, 18.9721, 3.19004
80.575, 18.8949, 3.17777
80.6, 18.7857, 3.15335
80.625, 18.6602, 3.143
80.65, 18.4859, 3.12779
80.675, 18.3058, 3.12728
80.7, 18.1746, 3.12702
80.725, 18.0656, 3.12536
80.75, 18.0063, 3.11871
80.775, 17.9655, 3.11027
80.8, 17.9374, 3.08343
80.825, 17.8958, 3.06413
80.85, 17.7591, 3.03792
80.875, 17.5944, 3.03651
80.9, 17.3975, 3.03664
80.925, 17.1951, 3.03715
80.95, 17.015, 3.03907
80.975, 16.8534, 3.0415
81, 16.7332, 3.04521
81.025, 16.6269, 3.04597
81.05, 16.5226, 3.04866
81.075, 16.4228, 3.05083
81.1, 16.3027, 3.05646
81.125, 16.1772, 3.05901
81.15, 16.0554, 3.0631
81.175, 15.9383, 3.06847
81.2, 15.8337, 3.0718
81.225, 15.7357, 3.08151
81.25, 15.6467, 3.09851
81.275, 15.5675, 3.10005
81.3, 15.4957, 3.10887
81.325, 15.4281, 3.11117
81.35, 15.3928, 3.11168
81.375, 15.367, 3.11206
81.4, 15.3542, 3.11705
81.425, 15.3292, 3.12012
81.45, 15.3098, 3.12472
81.475, 15.2707, 3.12485
81.5, 15.2274, 3.12497
81.525, 15.1873, 3.12536
81.55, 15.149, 3.12561
81.575, 15.1216, 3.12574
81.6, 15.099, 3.12613
81.625, 15.0802, 3.12651
81.65, 15.0657, 3.12676
81.675, 15.0575, 3.12676
81.7, 15.052, 3.12702
81.725, 15.0525, 3.12702
81.75, 15.0523, 3.12702
81.775, 15.0365, 3.12702
81.8, 15.0159, 3.12702
81.825, 14.9917, 3.12715
81.85, 14.9673, 3.12766
81.875, 14.9653, 3.12804
81.9, 14.9748, 3.12907
81.925, 15.0088, 3.13009
81.95, 15.05, 3.13022
81.975, 15.0887, 3.13009
82, 15.1261, 3.13009
82.025, 15.1244, 3.12983
82.05, 15.1084, 3.12983
82.075, 15.0784, 3.12983
82.1, 15.0446, 3.12996
82.125, 15.0257, 3.12996
82.15, 15.0174, 3.12996
82.175, 15.0399, 3.13009
82.2, 15.0724, 3.13009
82.225, 15.1117, 3.13009
82.25, 15.1524, 3.13009
82.275, 15.145, 3.12996
82.3, 15.118, 3.1297
82.325, 15.068, 3.1297
82.35, 15.0119, 3.12996
82.375, 14.9589, 3.13009
82.4, 14.9153, 3.13022
82.425, 14.9121, 3.13022
82.45, 14.9233, 3.13111
82.475, 14.9481, 3.13111
82.5, 14.9767, 3.13111
82.525, 14.9803, 3.13098
82.55, 14.9722, 3.13085
82.575, 14.9475, 3.13085
82.6, 14.9174, 3.13098
82.625, 14.882, 3.13098
82.65, 14.8507, 3.13098
82.675, 14.8434, 3.13111
82.7, 14.8443, 3.13149
82.725, 14.8551, 3.13149
82.75, 14.8692, 3.13149
82.775, 14.8756, 3.13137
82.8, 14.8774, 3.13137
82.825, 14.8693, 3.13137
82.85, 14.8579, 3.13137
82.875, 14.8431, 3.13137
82.9, 14.8278, 3.13137
82.925, 14.8272, 3.13149
82.95, 14.8328, 3.13149
82.975, 14.8447, 3.13149
83, 14.8589, 3.13149
83.025, 14.8722, 3.13149
83.05, 14.8837, 3.13149
83.075, 14.8865, 3.13137
83.1, 14.8867, 3.13137
83.125, 14.8876, 3.13137
83.15, 14.8887, 3.13124
83.175, 14.8846, 3.13111
83.2, 14.8783, 3.13124
83.225, 14.8691, 3.13124
83.25, 14.859, 3.13124
83.275, 14.853, 3.13124
83.3, 14.8521, 3.13124
83.325, 14.8727, 3.13124
83.35, 14.9004, 3.13124
83.375, 14.933, 3.13124
83.4, 14.9664, 3.13137
83.425, 14.9711, 3.13124
83.45, 14.9619, 3.13124
83.475, 14.9288, 3.13137
83.5, 14.8884, 3.13149
83.525, 14.8435, 3.13149
83.55, 14.799, 3.13175
83.575, 14.8084, 3.13316
83.6, 14.8376, 3.13316
83.625, 14.8842, 3.13328
83.65, 14.9357, 3.13328
83.675, 14.9521, 3.13328
83.7, 14.9502, 3.13328
83.725, 14.9045, 3.13328
83.75, 14.8442, 3.13341
83.775, 14.775, 3.13354
83.8, 14.7047, 3.13546
83.825, 14.7005, 3.14492
83.85, 14.7229, 3.15335
83.875, 14.7778, 3.15463
83.9, 14.8414, 3.15463
83.925, 14.8887, 3.15463
83.95, 14.9267, 3.15438
83.975, 14.915, 3.15425
84, 14.8814, 3.15425
84.025, 14.8446, 3.15425
84.05, 14.8084, 3.15425
84.075, 14.7889, 3.15438
84.1, 14.779, 3.15438
84.125, 14.7807, 3.1545
84.15, 14.7859, 3.1545
84.175, 14.8013, 3.15463
84.2, 14.8152, 3.15463
84.225, 14.8165, 3.15463
84.25, 14.8142, 3.15476
84.275, 14.8051, 3.15476
84.3, 14.793, 3.15502
84.325, 14.7845, 3.15502
84.35, 14.7785, 3.15553
84.375, 14.785, 3.15553
84.4, 14.7961, 3.15578
84.425, 14.8132, 3.15591
84.45, 14.8327, 3.15591
84.475, 14.8623, 3.15591
84.5, 14.8946, 3.15578
84.525, 14.9285, 3.15565
84.55, 14.9621, 3.1554
84.575, 14.9913, 3.15527
84.6, 15.0166, 3.15514
84.625, 15.0332, 3.15514
84.65, 15.0456, 3.15502
84.675, 15.0526, 3.15386
84.7, 15.0575, 3.15361
84.725, 15.0756, 3.15361
84.75, 15.0987, 3.15144
84.775, 15.1315, 3.14977
84.8, 15.1657, 3.14389
84.825, 15.1882, 3.13571
84.85, 15.2015, 3.1214
84.875, 15.1781, 3.11718
84.9, 15.1446, 3.10682
84.925, 15.1046, 3.10657
84.95, 15.065, 3.10669
84.975, 15.046, 3.10708
85, 15.0403, 3.10721
85.025, 15.0504, 3.10721
85.05, 15.0635, 3.10708
85.075, 15.0938, 3.10657
85.1, 15.1269, 3.1035
85.125, 15.0979, 3.09251
85.15, 15.0493, 3.09174
85.175, 14.983, 3.09174
85.2, 14.9129, 3.09238
85.225, 14.8749, 3.09263
85.25, 14.8484, 3.09621
85.275, 14.8627, 3.0966
85.3, 14.8924, 3.09634
85.325, 14.9167, 3.09608
85.35, 14.9409, 3.09583
85.375, 14.9416, 3.0957
85.4, 14.9318, 3.09481
85.425, 14.9082, 3.0934
85.45, 14.8804, 3.09276
85.475, 14.8572, 3.09263
85.5, 14.8408, 3.09225
85.525, 14.8468, 3.09251
85.55, 14.8599, 3.09263
85.575, 14.8785, 3.09263
85.6, 14.8973, 3.09225
85.625, 14.8878, 3.09225
85.65, 14.8673, 3.09225
85.675, 14.8348, 3.09225
85.7, 14.7992, 3.09238
85.725, 14.7662, 3.09263
85.75, 14.7378, 3.0934
85.775, 14.7251, 3.09404
85.8, 14.7183, 3.09596
85.825, 14.7168, 3.09724
85.85, 14.7173, 3.09749
85.875, 14.718, 3.09813
85.9, 14.7197, 3.09877
85.925, 14.7224, 3.10018
85.95, 14.7252, 3.10056
85.975, 14.7278, 3.10081
86, 14.7311, 3.10158
86.025, 14.7293, 3.10388
86.05, 14.7263, 3.10989
86.075, 14.7214, 3.11628
86.1, 14.7148, 3.11654
86.125, 14.7028, 3.11667
86.15, 14.6891, 3.11846
86.175, 14.6888, 3.1237
86.2, 14.6946, 3.12497
86.225, 14.7007, 3.12651
86.25, 14.7062, 3.12945
86.275, 14.7068, 3.12983
86.3, 14.7075, 3.12983
86.325, 14.702, 3.12983
86.35, 14.6924, 3.13034
86.375, 14.6942, 3.13098
86.4, 14.7025, 3.13124
86.425, 14.7306, 3.13149
86.45, 14.7674, 3.13226
86.475, 14.8154, 3.13328
86.5, 14.866, 3.13341
86.525, 14.8784, 3.13316
86.55, 14.8723, 3.13303
86.575, 14.8379, 3.13303
86.6, 14.7962, 3.13316
86.625, 14.7457, 3.13316
86.65, 14.7042, 3.13354
86.675, 14.7193, 3.13354
86.7, 14.7542, 3.13367
86.725, 14.8088, 3.13367
86.75, 14.8674, 3.13367
86.775, 14.8963, 3.13367
86.8, 14.9103, 3.13341
86.825, 14.8926, 3.13354
86.85, 14.8643, 3.13354
86.875, 14.8301, 3.13354
86.9, 14.7951, 3.13367
86.925, 14.8131, 3.13367
86.95, 14.8504, 3.13367
86.975, 14.9054, 3.13354
87, 14.9647, 3.13341
87.025, 15.0028, 3.13162
87.05, 15.023, 3.1297
87.075, 14.9846, 3.12638
87.1, 14.9269, 3.12574
87.125, 14.8622, 3.12536
87.15, 14.7962, 3.12536
87.175, 14.7774, 3.12549
87.2, 14.7764, 3.12561
87.225, 14.8007, 3.12561
87.25, 14.834, 3.12561
87.275, 14.8673, 3.12561
87.3, 14.8943, 3.12459
87.325, 14.8906, 3.12459
87.35, 14.8757, 3.12472
87.375, 14.8501, 3.12485
87.4, 14.8216, 3.1251
87.425, 14.803, 3.12536
87.45, 14.7897, 3.12536
87.475, 14.7896, 3.12561
87.5, 14.7943, 3.12574
87.525, 14.8052, 3.12574
87.55, 14.8173, 3.12561
87.575, 14.8224, 3.12561
87.6, 14.8252, 3.12549
87.625, 14.8264, 3.12549
87.65, 14.827, 3.1251
87.675, 14.8277, 3.12485
87.7, 14.8279, 3.12408
87.725, 14.8306, 3.12408
87.75, 14.8336, 3.1237
87.775, 14.8334, 3.12306
87.8, 14.8323, 3.11909
87.825, 14.8323, 3.11884
87.85, 14.833, 3.11603
87.875, 14.8361, 3.11411
87.9, 14.84, 3.1081
87.925, 14.8469, 3.10503
87.95, 14.8554, 3.10414
87.975, 14.8515, 3.10069
88, 14.8425, 3.09992
88.025, 14.8211, 3.09966
88.05, 14.7956, 3.09954
88.075, 14.8025, 3.09954
88.1, 14.8198, 3.09941
88.125, 14.8478, 3.09749
88.15, 14.88, 3.09302
88.175, 14.9053, 3.08407
88.2, 14.9194, 3.08164
88.225, 14.8905, 3.08164
88.25, 14.8448, 3.08164
88.275, 14.8001, 3.0819
88.3, 14.7522, 3.08279
88.325, 14.7367, 3.0833
88.35, 14.7424, 3.08432
88.375, 14.776, 3.08432
88.4, 14.8199, 3.08471
88.425, 14.8731, 3.08522
88.45, 14.926, 3.08522
88.475, 14.9219, 3.08509
88.5, 14.8956, 3.08535
88.525, 14.844, 3.08547
88.55, 14.7868, 3.0888
88.575, 14.7473, 3.09072
88.6, 14.7203, 3.09583
88.625, 14.7339, 3.10235
88.65, 14.7612, 3.10273
88.675, 14.8016, 3.1035
88.7, 14.8474, 3.10337
88.725, 14.846, 3.10299
88.75, 14.8289, 3.10299
88.775, 14.7873, 3.10299
88.8, 14.7386, 3.10312
88.825, 14.7014, 3.10337
88.85, 14.6687, 3.10363
88.875, 14.6497, 3.10363
88.9, 14.6374, 3.10503
88.925, 14.6249, 3.1058
88.95, 14.6139, 3.11015
88.975, 14.6014, 3.11705
89, 14.5875, 3.12523
89.025, 14.5758, 3.12536
89.05, 14.5642, 3.12574
89.075, 14.5473, 3.12613
89.1, 14.5341, 3.12868
89.125, 14.5368, 3.12894
89.15, 14.543, 3.12894
89.175, 14.5513, 3.12894
89.2, 14.56, 3.12894
89.225, 14.583, 3.12907
89.25, 14.6108, 3.12894
89.275, 14.642, 3.12894
89.3, 14.6746, 3.12894
89.325, 14.7108, 3.12881
89.35, 14.7469, 3.12855
89.375, 14.7683, 3.1283
89.4, 14.7838, 3.12625
89.425, 14.7923, 3.12331
89.45, 14.7986, 3.1104
89.475, 14.8093, 3.10887
89.5, 14.8236, 3.10452
89.525, 14.8564, 3.10069
89.55, 14.8933, 3.09545
89.575, 14.9117, 3.08496
89.6, 14.9275, 3.08292
89.625, 14.9081, 3.07985
89.65, 14.8695, 3.07832
89.675, 14.8116, 3.07857
89.7, 14.7476, 3.07921
89.725, 14.6987, 3.08087
89.75, 14.6662, 3.08279
89.775, 14.6805, 3.08356
89.8, 14.7148, 3.08484
89.825, 14.7621, 3.08484
89.85, 14.8091, 3.08381
89.875, 14.8097, 3.0833
89.9, 14.7869, 3.08253
89.925, 14.7195, 3.08202
89.95, 14.6397, 3.08215
89.975, 14.5492, 3.08228
