0, 1, 0.133564
0.025, 1, 0.133564
0.05, 1, 0.785089
0.075, 1, -1.69902
0.1, 1, -1.69902
0.125, 1, -1.69902
0.15, 1, -1.69902
0.175, 1, 0.45697
0.2, 1, 0.106511
0.225, 1, 0.106511
0.25, 1, -0.186363
0.275, 1, -0.186363
0.3, 1, -0.186363
0.325, 1, -0.0759408
0.35, 1, -0.0759408
0.375, 1, -0.0759408
0.4, 1, 0.223015
0.425, 1, 0.223015
0.45, 1, 0.223015
0.475, 1, 0.251698
0.5, 1, 0.251698
0.525, 1, 0.251698
0.55, 1, 0.251698
0.575, 1, 0.251698
0.6, 1, 0.251698
0.625, 1, 0.251698
0.65, 1, 0.18141
0.675, 1, 0.226363
0.7, 1, 0.226363
0.725, 1, 0.23216
0.75, 1, 0.23216
0.775, 1, 0.226274
0.8, 1, 0.225989
0.825, 1, 0.225989
0.85, 1, 0.225989
0.875, 1, 0.217025
0.9, 1, 0.217025
0.925, 1, 0.217025
0.95, 1, 0.217025
0.975, 1, 0.217025
1, 1, 0.217025
1.025, 1, 0.192848
1.05, 1, 0.192848
1.075, 1, 0.193448
1.1, 1, 0.193947
1.125, 1, 0.194095
1.15, 1, 0.194095
1.175, 1, 0.191491
1.2, 1, 0.191491
1.225, 1, 0.192542
1.25, 1, 0.192542
1.275, 1, 0.192542
1.3, 1, 0.192542
1.325, 1, 0.192542
1.35, 1, 0.192542
1.375, 1, 0.192542
1.4, 1, 0.192542
1.425, 1, 0.192542
1.45, 1, 0.192542
1.475, 1, 0.17467
1.5, 1, 0.17467
1.525, 1, 0.17467
1.55, 1, 0.17467
1.575, 1, 0.17467
1.6, 1, 0.17467
1.625, 1, 0.181849
1.65, 1, 0.181849
1.675, 1, 0.181849
1.7, 1, 0.181849
1.725, 1, 0.181849
1.75, 1, 0.190619
1.775, 1, 0.195606
1.8, 1, 0.198928
1.825, 1, 0.200687
1.85, 1, 0.200687
1.875, 1, 0.200687
1.9, 1, 0.200687
1.925, 1, 0.202398
1.95, 1, 0.204747
1.975, 1, 0.206801
2, 1, 0.20852
2.025, 1, 0.20852
2.05, 1, 0.209569
2.075, 1, 0.210631
2.1, 1, 0.211593
2.125, 1, 0.211593
2.15, 1, 0.211593
2.175, 1, 0.212002
2.2, 1, 0.212002
2.225, 1, 0.212002
2.25, 1, 0.212002
2.275, 1, 0.211976
2.3, 1, 0.212458
2.325, 1, 0.212458
2.35, 1, 0.213205
2.375, 1, 0.215216
2.4, 1, 0.215216
2.425, 1, 0.215216
2.45, 1, 0.215216
2.475, 1, 0.215216
2.5, 1, 0.215216
2.525, 1, 0.215216
2.55, 1, 0.215216
2.575, 1, 0.215216
2.6, 1, 0.215216
2.625, 1, 0.215216
2.65, 1, 0.215216
2.675, 1, 0.215216
2.7, 1, 0.215216
2.725, 1, 0.207341
2.75, 1, 0.207341
2.775, 1, 0.20723
2.8, 1, 0.20723
2.825, 1, 0.20723
2.85, 1, 0.207463
2.875, 1, 0.207432
2.9, 1, 0.207432
2.925, 1, 0.207432
2.95, 1, 0.205789
2.975, 1, 0.204392
3, 1, 0.204392
3.025, 1, 0.204392
3.05, 1, 0.204392
3.075, 1, 0.202265
3.1, 1, 0.202265
3.125, 1, 0.202265
3.15, 1, 0.202265
3.175, 1, 0.202265
3.2, 1, 0.202265
3.225, 1, 0.202265
3.25, 1, 0.202265
3.275, 1, 0.202265
3.3, 1, 0.202265
3.325, 1, 0.202265
3.35, 1, 0.202265
3.375, 1, 0.202265
3.4, 1, 0.202265
3.425, 1, 0.202265
3.45, 1, 0.202265
3.475, 1, 0.202265
3.5, 1, 0.202265
3.525, 1, 0.202265
3.55, 1, 0.202265
3.575, 1, 0.202265
3.6, 1, 0.202265
3.625, 1, 0.202265
3.65, 1, 0.202265
3.675, 1, 0.202265
3.7, 1, 0.202265
3.725, 1, 0.201603
3.75, 1, 0.201603
3.775, 1, 0.201603
3.8, 1, 0.20106
3.825, 1, 0.200407
3.85, 1, 0.200407
3.875, 1, 0.200407
3.9, 1, 0.200407
3.925, 1, 0.200222
3.95, 1, 0.200222
3.975, 1, 0.200222
4, 1, 0.200605
4.025, 1, 0.200605
4.05, 1, 0.200605
4.075, 1, 0.200605
4.1, 1, 0.200605
4.125, 1, 0.200605
4.15, 1, 0.200605
4.175, 1, 0.200605
4.2, 1, 0.200605
4.225, 1, 0.200605
4.25, 1, 0.200605
4.275, 1, 0.200854
4.3, 1, 0.200854
4.325, 1, 0.200854
4.35, 1, 0.200429
4.375, 1, 0.200429
4.4, 1, 0.200429
4.425, 1, 0.200429
4.45, 1, 0.200429
4.475, 1, 0.200429
4.5, 1, 0.200429
4.525, 1, 0.200429
4.55, 1, 0.200429
4.575, 1, 0.200429
4.6, 1, 0.200429
4.625, 1, 0.195922
4.65, 1, 0.195922
4.675, 1, 0.195922
4.7, 1, 0.195922
4.725, 1, 0.195922
4.75, 1, 0.191857
4.775, 1, 0.191857
4.8, 1, 0.191857
4.825, 1, 0.188406
4.85, 1, 0.188406
4.875, 1, 0.183433
4.9, 1, 0.183433
4.925, 1, 0.183433
4.95, 1, 0.183433
4.975, 1, 0.183433
5, 1, 0.183433
5.025, 1, 0.181945
5.05, 1, 0.181945
5.075, 1, 0.181945
5.1, 1, 0.181945
5.125, 1, 0.181945
5.15, 1, 0.182326
5.175, 1, 0.182326
5.2, 1, 0.182905
5.225, 1, 0.182905
5.25, 1, 0.182905
5.275, 1, 0.182905
5.3, 1, 0.182905
5.325, 1, 0.18282
5.35, 1, 0.18282
5.375, 1, 0.184972
5.4, 1, 0.184972
5.425, 1, 0.186309
5.45, 1, 0.186309
5.475, 1, 0.186611
5.5, 1, 0.186611
5.525, 1, 0.186476
5.55, 1, 0.186476
5.575, 1, 0.186476
5.6, 1, 0.186476
5.625, 1, 0.186476
5.65, 1, 0.186476
5.675, 1, 0.186476
5.7, 1, 0.186476
5.725, 1, 0.186476
5.75, 1, 0.186476
5.775, 1, 0.187083
5.8, 1, 0.187083
5.825, 1, 0.186821
5.85, 1, 0.186821
5.875, 1, 0.186821
5.9, 1, 0.186821
5.925, 1, 0.185061
5.95, 1, 0.185061
5.975, 1, 0.185061
6, 1, 0.185061
6.025, 1, 0.185061
6.05, 1, 0.185061
6.075, 1, 0.185061
6.1, 1, 0.185061
6.125, 1, 0.185061
6.15, 1, 0.184656
6.175, 1, 0.184656
6.2, 1, 0.186908
6.225, 1, 0.186908
6.25, 1, 0.186908
6.275, 1, 0.186908
6.3, 1, 0.187157
6.325, 1, 0.187157
6.35, 1, 0.187157
6.375, 1, 0.187157
6.4, 1, 0.187157
6.425, 1, 0.187157
6.45, 1, 0.185393
6.475, 1, 0.185393
6.5, 1, 0.185393
6.525, 1, 0.185393
6.55, 1, 0.185393
6.575, 1, 0.185393
6.6, 1, 0.185393
6.625, 1, 0.185393
6.65, 1, 0.185393
6.675, 1, 0.185393
6.7, 1, 0.185393
6.725, 1, 0.185393
6.75, 1, 0.185393
6.775, 1, 0.187355
6.8, 1, 0.187355
6.825, 1, 0.187355
6.85, 1, 0.187355
6.875, 1, 0.187355
6.9, 1, 0.187355
6.925, 1, 0.187355
6.95, 1, 0.187355
6.975, 1, 0.187355
7, 1, 0.187355
7.025, 1, 0.187355
7.05, 1, 0.187355
7.075, 1, 0.187355
7.1, 1, 0.187739
7.125, 1, 0.191472
7.15, 1, 0.191357
7.175, 1, 0.191357
7.2, 1, 0.191357
7.225, 1, 0.184741
7.25, 1, 0.180009
7.275, 1, 0.180009
7.3, 1, 0.178622
7.325, 1, 0.17732
7.35, 1, 0.17732
7.375, 1, 0.176442
7.4, 1, 0.174994
7.425, 1, 0.173034
7.45, 1, 0.173034
7.475, 1, 0.171665
7.5, 1, 0.171665
7.525, 1, 0.171665
7.55, 1, 0.171626
7.575, 1, 0.171626
7.6, 1, 0.171566
7.625, 1, 0.171427
7.65, 1, 0.171407
7.675, 1, 0.171407
7.7, 1, 0.171407
7.725, 1, 0.171407
7.75, 1, 0.171407
7.775, 1, 0.171407
7.8, 1, 0.171407
7.825, 1, 0.171407
7.85, 1, 0.171407
7.875, 1, 0.171393
7.9, 1, 0.171393
7.925, 1, 0.170732
7.95, 1, 0.170732
7.975, 1, 0.170732
8, 1, 0.170732
8.025, 1, 0.171645
8.05, 1, 0.173486
8.075, 1, 0.175462
8.1, 1, 0.176204
8.125, 1, 0.176204
8.15, 1, 0.176204
8.175, 1, 0.171033
8.2, 1, 0.171033
8.225, 1, 0.16534
8.25, 1, 0.16534
8.275, 1, 0.16534
8.3, 1, 0.16534
8.325, 1, 0.167564
8.35, 1, 0.170398
8.375, 1, 0.170398
8.4, 1, 0.170398
8.425, 1, 0.170398
8.45, 1, 0.170398
8.475, 1, 0.170398
8.5, 1, 0.170398
8.525, 1, 0.170398
8.55, 1, 0.170398
8.575, 1, 0.170394
8.6, 1, 0.170394
8.625, 1, 0.170394
8.65, 1, 0.170394
8.675, 1, 0.170394
8.7, 1, 0.170394
8.725, 1, 0.170394
8.75, 1, 0.170394
8.775, 1, 0.170394
8.8, 1, 0.170394
8.825, 1, 0.170394
8.85, 1, 0.170394
8.875, 1, 0.159819
8.9, 1, 0.153709
8.925, 1, 0.148493
8.95, 1, 0.148493
8.975, 1, 0.145358
9, 1, 0.145358
9.025, 1, 0.145358
9.05, 1, 0.145358
9.075, 1, 0.145358
9.1, 1, 0.145358
9.125, 1, 0.145358
9.15, 1, 0.145358
9.175, 1, 0.145358
9.2, 1, 0.145358
9.225, 1, 0.145358
9.25, 1, 0.145358
9.275, 1, 0.145358
9.3, 1, 0.142875
9.325, 1, 0.142875
9.35, 1, 0.142875
9.375, 1, 0.142875
9.4, 1, 0.142471
9.425, 1, 0.142471
9.45, 1, 0.143319
9.475, 1, 0.143319
9.5, 1, 0.143319
9.525, 1, 0.143319
9.55, 1, 0.143319
9.575, 1, 0.143319
9.6, 1, 0.143319
9.625, 1, 0.134718
9.65, 1, 0.134718
9.675, 1, 0.134718
9.7, 1, 0.129281
9.725, 1, 0.129281
9.75, 1, 0.129281
9.775, 1, 0.129281
9.8, 1, 0.129281
9.825, 1, 0.129281
9.85, 1, 0.129281
9.875, 1, 0.129281
9.9, 1, 0.129281
9.925, 1, 0.129281
9.95, 1, 0.129281
9.975, 1, 0.129281
10, 1, 0.129281
10.025, 1, 0.139511
10.05, 1, 0.137043
10.075, 1, 0.13667
10.1, 1, 0.13667
10.125, 1, 0.137193
10.15, 1, 0.137193
10.175, 1, 0.137193
10.2, 1, 0.134449
10.225, 1, 0.134449
10.25, 1, 0.134449
10.275, 1, 0.134449
10.3, 1, 0.133457
10.325, 1, 0.133457
10.35, 1, 0.137335
10.375, 1, 0.137335
10.4, 1, 0.137335
10.425, 1, 0.137335
10.45, 1, 0.137335
10.475, 1, 0.137335
10.5, 1, 0.138519
10.525, 1, 0.138519
10.55, 1, 0.138519
10.575, 1, 0.138519
10.6, 1, 0.138467
10.625, 1, 0.138467
10.65, 1, 0.138467
10.675, 1, 0.138992
10.7, 1, 0.138992
10.725, 1, 0.138828
10.75, 1, 0.138828
10.775, 1, 0.138828
10.8, 1, 0.138828
10.825, 1, 0.138828
10.85, 1, 0.138828
10.875, 1, 0.138828
10.9, 1, 0.138828
10.925, 1, 0.138828
10.95, 1, 0.138828
10.975, 1, 0.138828
11, 1, 0.138828
11.025, 1, 0.138828
11.05, 1, 0.138828
11.075, 1, 0.138828
11.1, 1, 0.138828
11.125, 1, 0.138828
11.15, 1, 0.138828
11.175, 1, 0.138828
11.2, 1, 0.138828
11.225, 1, 0.138828
11.25, 1, 0.138828
11.275, 1, 0.138828
11.3, 1, 0.138828
11.325, 1, 0.138828
11.35, 1, 0.138828
11.375, 1, 0.134529
11.4, 1, 0.134618
11.425, 1, 0.133815
11.45, 1, 0.133815
11.475, 1, 0.133815
11.5, 1, 0.133625
11.525, 1, 0.137569
11.55, 1, 0.14152
11.575, 1, 0.14152
11.6, 1, 0.143366
11.625, 1, 0.143366
11.65, 1, 0.143366
11.675, 1, 0.143823
11.7, 1, 0.143823
11.725, 1, 0.143823
11.75, 1, 0.143823
11.775, 1, 0.143823
11.8, 1, 0.143823
11.825, 1, 0.145068
11.85, 1, 0.145199
11.875, 1, 0.145199
11.9, 1, 0.145199
11.925, 1, 0.145199
11.95, 1, 0.145199
11.975, 1, 0.144937
12, 1, 0.144937
12.025, 1, 0.145504
12.05, 1, 0.145772
12.075, 1, 0.146124
12.1, 1, 0.146124
12.125, 1, 0.146124
12.15, 1, 0.146124
12.175, 1, 0.146124
12.2, 1, 0.146124
12.225, 1, 0.146124
12.25, 1, 0.138481
12.275, 1, 0.133813
12.3, 1, 0.131727
12.325, 1, 0.131798
12.35, 1, 0.131798
12.375, 1, 0.131798
12.4, 1, 0.132022
12.425, 1, 0.132022
12.45, 1, 0.132022
12.475, 1, 0.132022
12.5, 1, 0.132022
12.525, 1, 0.132022
12.55, 1, 0.132022
12.575, 1, 0.132022
12.6, 1, 0.132022
12.625, 1, 0.128973
12.65, 1, 0.128973
12.675, 1, 0.128973
12.7, 1, 0.128973
12.725, 1, 0.128973
12.75, 1, 0.128973
12.775, 1, 0.128973
12.8, 1, 0.128973
12.825, 1, 0.129412
12.85, 1, 0.129412
12.875, 1, 0.129412
12.9, 1, 0.129412
12.925, 1, 0.129412
12.95, 1, 0.129412
12.975, 1, 0.129412
13, 1, 0.129412
13.025, 1, 0.127944
13.05, 1, 0.123206
13.075, 1, 0.123206
13.1, 1, 0.123206
13.125, 1, 0.123206
13.15, 1, 0.11691
13.175, 1, 0.11691
13.2, 1, 0.11691
13.225, 1, 0.11691
13.25, 1, 0.106496
13.275, 1, 0.106496
13.3, 1, 0.103089
13.325, 1, 0.106011
13.35, 1, 0.106011
13.375, 1, 0.106011
13.4, 1, 0.109385
13.425, 1, 0.109385
13.45, 1, 0.107112
13.475, 1, 0.107112
13.5, 1, 0.107112
13.525, 1, 0.105116
13.55, 1, 0.105116
13.575, 1, 0.119119
13.6, 1, 0.119119
13.625, 1, 0.119119
13.65, 1, 0.119119
13.675, 1, 0.119119
13.7, 1, 0.126462
13.725, 1, 0.126462
13.75, 1, 0.127444
13.775, 1, 0.127444
13.8, 1, 0.127444
13.825, 1, 0.126022
13.85, 1, 0.126309
13.875, 1, 0.125696
13.9, 1, 0.125696
13.925, 1, 0.120784
13.95, 1, 0.120784
13.975, 1, 0.120784
14, 1, 0.120784
14.025, 1, 0.120784
14.05, 1, 0.120784
14.075, 1, 0.120784
14.1, 1, 0.120784
14.125, 1, 0.120784
14.15, 1, 0.120784
14.175, 1, 0.129027
14.2, 1, 0.129027
14.225, 1, 0.129027
14.25, 1, 0.131717
14.275, 1, 0.131717
14.3, 1, 0.139987
14.325, 1, 0.149989
14.35, 1, 0.155728
14.375, 1, 0.155728
14.4, 1, 0.155817
14.425, 1, 0.156782
14.45, 1, 0.158037
14.475, 1, 0.158037
14.5, 1, 0.158037
14.525, 1, 0.158037
14.55, 1, 0.158037
14.575, 1, 0.158037
14.6, 1, 0.160291
14.625, 1, 0.160291
14.65, 1, 0.160291
14.675, 1, 0.160291
14.7, 1, 0.160291
14.725, 1, 0.160291
14.75, 1, 0.160291
14.775, 1, 0.167744
14.8, 1, 0.167744
14.825, 1, 0.165555
14.85, 1, 0.165555
14.875, 1, 0.168739
14.9, 1, 0.168739
14.925, 1, 0.168739
14.95, 1, 0.168739
14.975, 1, 0.168739
15, 1, 0.168739
15.025, 1, 0.168739
15.05, 1, 0.168739
15.075, 1, 0.168739
15.1, 1, 0.167786
15.125, 1, 0.169058
15.15, 1, 0.167419
15.175, 1, 0.160885
15.2, 1, 0.160885
15.225, 1, 0.156305
15.25, 1, 0.156305
15.275, 1, 0.156305
15.3, 1, 0.16023
15.325, 1, 0.16023
15.35, 1, 0.16023
15.375, 1, 0.16023
15.4, 1, 0.16023
15.425, 1, 0.16023
15.45, 1, 0.16023
15.475, 1, 0.154292
15.5, 1, 0.154292
15.525, 1, 0.148938
15.55, 1, 0.143788
15.575, 1, 0.143788
15.6, 1, 0.143788
15.625, 1, 0.143788
15.65, 1, 0.1421
15.675, 1, 0.1421
15.7, 1, 0.143272
15.725, 1, 0.145329
15.75, 1, 0.145329
15.775, 1, 0.145329
15.8, 1, 0.145329
15.825, 1, 0.144423
15.85, 1, 0.144423
15.875, 1, 0.144423
15.9, 1, 0.14438
15.925, 1, 0.145587
15.95, 1, 0.145587
15.975, 1, 0.145571
16, 1, 0.14617
16.025, 1, 0.14617
16.05, 1, 0.14617
16.075, 1, 0.14617
16.1, 1, 0.14617
16.125, 1, 0.14617
16.15, 1, 0.14617
16.175, 1, 0.14617
16.2, 1, 0.14617
16.225, 1, 0.14617
16.25, 1, 0.14617
16.275, 1, 0.14617
16.3, 1, 0.138557
16.325, 1, 0.134953
16.35, 1, 0.134953
16.375, 1, 0.136563
16.4, 1, 0.131363
16.425, 1, 0.131363
16.45, 1, 0.131363
16.475, 1, 0.131363
16.5, 1, 0.131363
16.525, 1, 0.131363
16.55, 1, 0.133243
16.575, 1, 0.133243
16.6, 1, 0.133243
16.625, 1, 0.140226
16.65, 1, 0.140226
16.675, 1, 0.140226
16.7, 1, 0.140226
16.725, 1, 0.140226
16.75, 1, 0.136163
16.775, 1, 0.136163
16.8, 1, 0.139567
16.825, 1, 0.139567
16.85, 1, 0.139567
16.875, 1, 0.139567
16.9, 1, 0.136413
16.925, 1, 0.142145
16.95, 1, 0.142145
16.975, 1, 0.142145
17, 1, 0.142145
17.025, 1, 0.142145
17.05, 1, 0.142145
17.075, 1, 0.142145
17.1, 1, 0.142145
17.125, 1, 0.142145
17.15, 1, 0.142145
17.175, 1, 0.142145
17.2, 1, 0.142145
17.225, 1, 0.142145
17.25, 1, 0.142145
17.275, 1, 0.142145
17.3, 1, 0.142145
17.325, 1, 0.142145
17.35, 1, 0.155479
17.375, 1, 0.155479
17.4, 1, 0.153402
17.425, 1, 0.147875
17.45, 1, 0.147875
17.475, 1, 0.147875
17.5, 1, 0.147875
17.525, 1, 0.135583
17.55, 1, 0.135583
17.575, 1, 0.135583
17.6, 1, 0.135583
17.625, 1, 0.135583
17.65, 1, 0.135583
17.675, 1, 0.135583
17.7, 1, 0.135583
17.725, 1, 0.133162
17.75, 1, 0.133162
17.775, 1, 0.133162
17.8, 1, 0.133162
17.825, 1, 0.133162
17.85, 1, 0.133162
17.875, 1, 0.133162
17.9, 1, 0.133162
17.925, 1, 0.133162
17.95, 1, 0.125924
17.975, 1, 0.134182
18, 1, 0.138367
18.025, 1, 0.138367
18.05, 1, 0.138367
18.075, 1, 0.138367
18.1, 1, 0.138414
18.125, 1, 0.139811
18.15, 1, 0.139811
18.175, 1, 0.139811
18.2, 1, 0.139811
18.225, 1, 0.139811
18.25, 1, 0.139811
18.275, 1, 0.139811
18.3, 1, 0.139811
18.325, 1, 0.139811
18.35, 1, 0.139811
18.375, 1, 0.139811
18.4, 1, 0.139811
18.425, 1, 0.139811
18.45, 1, 0.142607
18.475, 1, 0.142607
18.5, 1, 0.142607
18.525, 1, 0.142997
18.55, 1, 0.142997
18.575, 1, 0.142997
18.6, 1, 0.142997
18.625, 1, 0.142997
18.65, 1, 0.142997
18.675, 1, 0.139459
18.7, 1, 0.145993
18.725, 1, 0.150627
18.75, 1, 0.155827
18.775, 1, 0.161516
18.8, 1, 0.161516
18.825, 1, 0.161516
18.85, 1, 0.161516
18.875, 1, 0.161516
18.9, 1, 0.161516
18.925, 1, 0.161516
18.95, 1, 0.161623
18.975, 1, 0.161623
19, 1, 0.161623
19.025, 1, 0.161496
19.05, 1, 0.159836
19.075, 1, 0.159836
19.1, 1, 0.159836
19.125, 1, 0.159836
19.15, 1, 0.159836
19.175, 1, 0.159836
19.2, 1, 0.159836
19.225, 1, 0.159836
19.25, 1, 0.159836
19.275, 1, 0.159072
19.3, 1, 0.159072
19.325, 1, 0.159072
19.35, 1, 0.159072
19.375, 1, 0.159072
19.4, 1, 0.159072
19.425, 1, 0.159072
19.45, 1, 0.159072
19.475, 1, 0.159072
19.5, 1, 0.159072
19.525, 1, 0.159072
19.55, 1, 0.160498
19.575, 1, 0.160498
19.6, 1, 0.156894
19.625, 1, 0.156894
19.65, 1, 0.151726
19.675, 1, 0.151726
19.7, 1, 0.151726
19.725, 1, 0.142323
19.75, 1, 0.142323
19.775, 1, 0.142323
19.8, 1, 0.142323
19.825, 1, 0.142323
19.85, 1, 0.142323
19.875, 1, 0.142323
19.9, 1, 0.142414
19.925, 1, 0.142414
19.95, 1, 0.141608
19.975, 1, 0.141608
20, 1, 0.140773
20.025, 1, 0.140773
20.05, 1, 0.142218
20.075, 1, 0.14369
20.1, 1, 0.14369
20.125, 1, 0.14369
20.15, 1, 0.14369
20.175, 1, 0.14369
20.2, 1, 0.14369
20.225, 1, 0.14369
20.25, 1, 0.14369
20.275, 1, 0.14369
20.3, 1, 0.14369
20.325, 1, 0.141619
20.35, 1, 0.141619
20.375, 1, 0.140625
20.4, 1, 0.140625
20.425, 1, 0.130446
20.45, 1, 0.130446
20.475, 1, 0.130446
20.5, 1, 0.130446
20.525, 1, 0.130446
20.55, 1, 0.130446
20.575, 1, 0.139797
20.6, 1, 0.142113
20.625, 1, 0.142113
20.65, 1, 0.146565
20.675, 1, 0.146565
20.7, 1, 0.146565
20.725, 1, 0.146565
20.75, 1, 0.146565
20.775, 1, 0.13804
20.8, 1, 0.13804
20.825, 1, 0.148555
20.85, 1, 0.148555
20.875, 1, 0.157447
20.9, 1, 0.157447
20.925, 1, 0.162998
20.95, 1, 0.170183
20.975, 1, 0.170183
21, 1, 0.170183
21.025, 1, 0.170183
21.05, 1, 0.170183
21.075, 1, 0.170183
21.1, 1, 0.170183
21.125, 1, 0.170183
21.15, 1, 0.170183
21.175, 1, 0.170183
21.2, 1, 0.170183
21.225, 1, 0.175655
21.25, 1, 0.175655
21.275, 1, 0.175655
21.3, 1, 0.175655
21.325, 1, 0.175655
21.35, 1, 0.175655
21.375, 1, 0.172568
21.4, 1, 0.172568
21.425, 1, 0.172568
21.45, 1, 0.172568
21.475, 1, 0.159615
21.5, 1, 0.159615
21.525, 1, 0.159615
21.55, 1, 0.159615
21.575, 1, 0.159615
21.6, 1, 0.165096
21.625, 1, 0.165096
21.65, 1, 0.165096
21.675, 1, 0.161423
21.7, 1, 0.161423
21.725, 1, 0.156886
21.75, 1, 0.15243
21.775, 1, 0.15243
21.8, 1, 0.15243
21.825, 1, 0.15243
21.85, 1, 0.15243
21.875, 1, 0.15243
21.9, 1, 0.163603
21.925, 1, 0.179169
21.95, 1, 0.179169
21.975, 1, 0.179169
22, 1, 0.176816
22.025, 1, 0.176816
22.05, 1, 0.176816
22.075, 1, 0.176816
22.1, 1, 0.179561
22.125, 1, 0.188088
22.15, 1, 0.195518
22.175, 1, 0.195518
22.2, 1, 0.195518
22.225, 1, 0.195518
22.25, 1, 0.197194
22.275, 1, 0.197194
22.3, 1, 0.197194
22.325, 1, 0.197194
22.35, 1, 0.197194
22.375, 1, 0.197194
22.4, 1, 0.197194
22.425, 1, 0.197194
22.45, 1, 0.197194
22.475, 1, 0.197194
22.5, 1, 0.197194
22.525, 1, 0.197194
22.55, 1, 0.197194
22.575, 1, 0.197194
22.6, 1, 0.197194
22.625, 1, 0.197194
22.65, 1, 0.197194
22.675, 1, 0.197194
22.7, 1, 0.197194
22.725, 1, 0.197715
22.75, 1, 0.197715
22.775, 1, 0.197715
22.8, 1, 0.195557
22.825, 1, 0.195557
22.85, 1, 0.193802
22.875, 1, 0.197486
22.9, 1, 0.197486
22.925, 1, 0.197486
22.95, 1, 0.197486
22.975, 1, 0.197037
23, 1, 0.197037
23.025, 1, 0.197037
23.05, 1, 0.197037
23.075, 1, 0.197037
23.1, 1, 0.197037
23.125, 1, 0.197037
23.15, 1, 0.197037
23.175, 1, 0.197037
23.2, 1, 0.195158
23.225, 1, 0.195158
23.25, 1, 0.195158
23.275, 1, 0.195158
23.3, 1, 0.195158
23.325, 1, 0.195158
23.35, 1, 0.195158
23.375, 1, 0.195158
23.4, 1, 0.195158
23.425, 1, 0.195158
23.45, 1, 0.195158
23.475, 1, 0.195158
23.5, 1, 0.195158
23.525, 1, 0.195158
23.55, 1, 0.200286
23.575, 1, 0.200286
23.6, 1, 0.200286
23.625, 1, 0.200071
23.65, 1, 0.199228
23.675, 1, 0.195932
23.7, 1, 0.195932
23.725, 1, 0.182228
23.75, 1, 0.182228
23.775, 1, 0.168765
23.8, 1, 0.168765
23.825, 1, 0.168765
23.85, 1, 0.166341
23.875, 1, 0.164213
23.9, 1, 0.161334
23.925, 1, 0.15595
23.95, 1, 0.15595
23.975, 1, 0.15595
24, 1, 0.15595
24.025, 1, 0.15595
24.05, 1, 0.15595
24.075, 1, 0.15595
24.1, 1, 0.15595
24.125, 1, 0.15595
24.15, 1, 0.15595
24.175, 1, 0.159268
24.2, 1, 0.159268
24.225, 1, 0.160165
24.25, 1, 0.160165
24.275, 1, 0.160165
24.3, 1, 0.160165
24.325, 1, 0.159111
24.35, 1, 0.159111
24.375, 1, 0.158561
24.4, 1, 0.158561
24.425, 1, 0.154641
24.45, 1, 0.154641
24.475, 1, 0.154641
24.5, 1, 0.154641
24.525, 1, 0.154641
24.55, 1, 0.154641
24.575, 1, 0.154641
24.6, 1, 0.154641
24.625, 1, 0.154641
24.65, 1, 0.152238
24.675, 1, 0.152238
24.7, 1, 0.127497
24.725, 1, 0.104373
24.75, 1, 0.104373
24.775, 1, 0.104373
24.8, 1, 0.104373
24.825, 1, 0.117656
24.85, 1, 0.121586
24.875, 1, 0.121586
24.9, 1, 0.121586
24.925, 1, 0.114627
24.95, 1, 0.105979
24.975, 1, 0.105979
25, 1, 0.104886
25.025, 1, 0.104886
25.05, 1, 0.104886
25.075, 1, 0.104886
25.1, 1, 0.104886
25.125, 1, 0.104886
25.15, 1, 0.104886
25.175, 1, 0.104886
25.2, 1, 0.104886
25.225, 1, 0.104886
25.25, 1, 0.108397
25.275, 1, 0.115956
25.3, 1, 0.115956
25.325, 1, 0.115956
25.35, 1, 0.115956
25.375, 1, 0.115302
25.4, 1, 0.115302
25.425, 1, 0.115302
25.45, 1, 0.115302
25.475, 1, 0.115302
25.5, 1, 0.115302
25.525, 1, 0.115302
25.55, 1, 0.115302
25.575, 1, 0.115302
25.6, 1, 0.115302
25.625, 1, 0.115302
25.65, 1, 0.115302
25.675, 1, 0.110099
25.7, 1, 0.110099
25.725, 1, 0.10611
25.75, 1, 0.102243
25.775, 1, 0.102243
25.8, 1, 0.0940316
25.825, 1, 0.0940316
25.85, 1, 0.0940316
25.875, 1, 0.0940316
25.9, 1, 0.0940316
25.925, 1, 0.0940316
25.95, 1, 0.0940316
25.975, 1, 0.0940316
26, 1, 0.0940316
26.025, 1, 0.0940316
26.05, 1, 0.0940316
26.075, 1, 0.0924366
26.1, 1, 0.0924366
26.125, 1, 0.0924366
26.15, 1, 0.103222
26.175, 1, 0.118877
26.2, 1, 0.118877
26.225, 1, 0.118877
26.25, 1, 0.116539
26.275, 1, 0.114726
26.3, 1, 0.114726
26.325, 1, 0.112659
26.35, 1, 0.112659
26.375, 1, 0.112659
26.4, 1, 0.112607
26.425, 1, 0.112552
26.45, 1, 0.112552
26.475, 1, 0.112552
26.5, 1, 0.113279
26.525, 1, 0.113279
26.55, 1, 0.113279
26.575, 1, 0.113279
26.6, 1, 0.113279
26.625, 1, 0.113575
26.65, 1, 0.113575
26.675, 1, 0.113575
26.7, 1, 0.113575
26.725, 1, 0.113575
26.75, 1, 0.115354
26.775, 1, 0.115354
26.8, 1, 0.117862
26.825, 1, 0.117862
26.85, 1, 0.117862
26.875, 1, 0.117862
26.9, 1, 0.121366
26.925, 1, 0.128759
26.95, 1, 0.128759
26.975, 1, 0.128759
27, 1, 0.123597
27.025, 1, 0.12481
27.05, 1, 0.12481
27.075, 1, 0.12481
27.1, 1, 0.128538
27.125, 1, 0.138327
27.15, 1, 0.138327
27.175, 1, 0.138327
27.2, 1, 0.13949
27.225, 1, 0.13949
27.25, 1, 0.13949
27.275, 1, 0.125331
27.3, 1, 0.125331
27.325, 1, 0.113509
27.35, 1, 0.113509
27.375, 1, 0.113509
27.4, 1, 0.113509
27.425, 1, 0.113509
27.45, 1, 0.113509
27.475, 1, 0.113509
27.5, 1, 0.113509
27.525, 1, 0.113509
27.55, 1, 0.113509
27.575, 1, 0.113509
27.6, 1, 0.113509
27.625, 1, 0.113509
27.65, 1, 0.113509
27.675, 1, 0.109449
27.7, 1, 0.102108
27.725, 1, 0.102108
27.75, 1, 0.0884657
27.775, 1, 0.0884657
27.8, 1, 0.0884657
27.825, 1, 0.0884657
27.85, 1, 0.0884657
27.875, 1, 0.0884657
27.9, 1, 0.0884657
27.925, 1, 0.0875318
27.95, 1, 0.0875318
27.975, 1, 0.0875318
28, 1, 0.0829707
28.025, 1, 0.0840728
28.05, 1, 0.0840728
28.075, 1, 0.0840728
28.1, 1, 0.0840728
28.125, 1, 0.0840728
28.15, 1, 0.0840728
28.175, 1, 0.0764523
28.2, 1, 0.0764523
28.225, 1, 0.0764523
28.25, 1, 0.0764523
28.275, 1, 0.0766802
28.3, 1, 0.0820755
28.325, 1, 0.0820755
28.35, 1, 0.0820755
28.375, 1, 0.0820755
28.4, 1, 0.0820755
28.425, 1, 0.0820755
28.45, 1, 0.0820755
28.475, 1, 0.0814773
28.5, 1, 0.0814773
28.525, 1, 0.0814773
28.55, 1, 0.0814246
28.575, 1, 0.0814246
28.6, 1, 0.0814246
28.625, 1, 0.0814246
28.65, 1, 0.0814246
28.675, 1, 0.0814246
28.7, 1, 0.0814246
28.725, 1, 0.0814246
28.75, 1, 0.0814246
28.775, 1, 0.0814246
28.8, 1, 0.0814246
28.825, 1, 0.0802353
28.85, 1, 0.0787944
28.875, 1, 0.072716
28.9, 1, 0.072716
28.925, 1, 0.072716
28.95, 1, 0.0502715
28.975, 1, 0.0502715
29, 1, 0.0365659
29.025, 1, 0.0365659
29.05, 1, 0.0432556
29.075, 1, 0.0472927
29.1, 1, 0.0539678
29.125, 1, 0.0539678
29.15, 1, 0.0615926
29.175, 1, 0.0615926
29.2, 1, 0.0615926
29.225, 1, 0.0615926
29.25, 1, 0.0603973
29.275, 1, 0.0691264
29.3, 1, 0.0783486
29.325, 1, 0.0783486
29.35, 1, 0.0783486
29.375, 1, 0.0786786
29.4, 1, 0.0786786
29.425, 1, 0.0784501
29.45, 1, 0.0784501
29.475, 1, 0.0784501
29.5, 1, 0.0784501
29.525, 1, 0.0784501
29.55, 1, 0.0784501
29.575, 1, 0.0784501
29.6, 1, 0.0784501
29.625, 1, 0.0784501
29.65, 1, 0.0784501
29.675, 1, 0.0784501
29.7, 1, 0.0784501
29.725, 1, 0.0784501
29.75, 1, 0.0784501
29.775, 1, 0.0784501
29.8, 1, 0.11851
29.825, 1, 0.11851
29.85, 1, 0.11851
29.875, 1, 0.11851
29.9, 1, 0.121698
29.925, 1, 0.121698
29.95, 1, 0.121698
29.975, 1, 0.121698
30, 1, 0.121698
30.025, 1, 0.121698
30.05, 1, 0.121698
30.075, 1, 0.126279
30.1, 1, 0.126279
30.125, 1, 0.142284
30.15, 1, 0.142284
30.175, 1, 0.142284
30.2, 1, 0.137134
30.225, 1, 0.132822
30.25, 1, 0.122054
30.275, 1, 0.122054
30.3, 1, 0.118684
30.325, 1, 0.118684
30.35, 1, 0.118684
30.375, 1, 0.118684
30.4, 1, 0.118684
30.425, 1, 0.118684
30.45, 1, 0.118684
30.475, 1, 0.11986
30.5, 1, 0.1203
30.525, 1, 0.120881
30.55, 1, 0.120881
30.575, 1, 0.120881
30.6, 1, 0.120881
30.625, 1, 0.120881
30.65, 1, 0.120881
30.675, 1, 0.120881
30.7, 1, 0.120881
30.725, 1, 0.120881
30.75, 1, 0.120881
30.775, 1, 0.120881
30.8, 1, 0.120881
30.825, 1, 0.120881
30.85, 1, 0.120881
30.875, 1, 0.120881
30.9, 1, 0.120881
30.925, 1, 0.125663
30.95, 1, 0.125663
30.975, 1, 0.125663
31, 1, 0.124336
31.025, 1, 0.12339
31.05, 1, 0.122942
31.075, 1, 0.122942
31.1, 1, 0.122942
31.125, 1, 0.122942
31.15, 1, 0.12401
31.175, 1, 0.12401
31.2, 1, 0.125342
31.225, 1, 0.125342
31.25, 1, 0.123884
31.275, 1, 0.123884
31.3, 1, 0.123884
31.325, 1, 0.124745
31.35, 1, 0.124745
31.375, 1, 0.124745
31.4, 1, 0.12678
31.425, 1, 0.12678
31.45, 1, 0.130482
31.475, 1, 0.130482
31.5, 1, 0.128953
31.525, 1, 0.128953
31.55, 1, 0.128953
31.575, 1, 0.123074
31.6, 1, 0.123074
31.625, 1, 0.125359
31.65, 1, 0.125359
31.675, 1, 0.125359
31.7, 1, 0.125359
31.725, 1, 0.125359
31.75, 1, 0.125359
31.775, 1, 0.125359
31.8, 1, 0.125359
31.825, 1, 0.125359
31.85, 1, 0.124004
31.875, 1, 0.124004
31.9, 1, 0.124004
31.925, 1, 0.10935
31.95, 1, 0.10935
31.975, 1, 0.10935
32, 1, 0.10935
32.025, 1, 0.109595
32.05, 1, 0.106913
32.075, 1, 0.102496
32.1, 1, 0.102496
32.125, 1, 0.102496
32.15, 1, 0.0905297
32.175, 1, 0.0869931
32.2, 1, 0.0869931
32.225, 1, 0.0912146
32.25, 1, 0.0912146
32.275, 1, 0.0912146
32.3, 1, 0.0934761
32.325, 1, 0.0973926
32.35, 1, 0.0973926
32.375, 1, 0.0998326
32.4, 1, 0.0998326
32.425, 1, 0.104188
32.45, 1, 0.104188
32.475, 1, 0.106596
32.5, 1, 0.106596
32.525, 1, 0.107212
32.55, 1, 0.107212
32.575, 1, 0.107212
32.6, 1, 0.107212
32.625, 1, 0.106868
32.65, 1, 0.106868
32.675, 1, 0.106868
32.7, 1, 0.0985842
32.725, 1, 0.0985842
32.75, 1, 0.0985842
32.775, 1, 0.0985842
32.8, 1, 0.0985842
32.825, 1, 0.110235
32.85, 1, 0.110235
32.875, 1, 0.110235
32.9, 1, 0.110235
32.925, 1, 0.110235
32.95, 1, 0.110235
32.975, 1, 0.110235
33, 1, 0.0833295
33.025, 1, 0.0675339
33.05, 1, 0.0623399
33.075, 1, 0.0623399
33.1, 1, 0.0623399
33.125, 1, 0.0623399
33.15, 1, 0.0623399
33.175, 1, 0.0710926
33.2, 1, 0.0710926
33.225, 1, 0.0748972
33.25, 1, 0.0748972
33.275, 1, 0.0775019
33.3, 1, 0.0775019
33.325, 1, 0.0775019
33.35, 1, 0.0775019
33.375, 1, 0.0775019
33.4, 1, 0.0775019
33.425, 1, 0.0775019
33.45, 1, 0.0775019
33.475, 1, 0.0775019
33.5, 1, 0.0775019
33.525, 1, 0.0861743
33.55, 1, 0.0861743
33.575, 1, 0.0861743
33.6, 1, 0.0904766
33.625, 1, 0.102699
33.65, 1, 0.102699
33.675, 1, 0.102699
33.7, 1, 0.10345
33.725, 1, 0.10345
33.75, 1, 0.10345
33.775, 1, 0.10345
33.8, 1, 0.101774
33.825, 1, 0.101774
33.85, 1, 0.101774
33.875, 1, 0.101774
33.9, 1, 0.101774
33.925, 1, 0.101774
33.95, 1, 0.101774
33.975, 1, 0.101774
34, 1, 0.0956063
34.025, 1, 0.0956063
34.05, 1, 0.0938725
34.075, 1, 0.0938725
34.1, 1, 0.0938725
34.125, 1, 0.0938725
34.15, 1, 0.0973425
34.175, 1, 0.100002
34.2, 1, 0.0958284
34.225, 1, 0.0958284
34.25, 1, 0.0958284
34.275, 1, 0.0958284
34.3, 1, 0.0898812
34.325, 1, 0.0898812
34.35, 1, 0.0898812
34.375, 1, 0.0898812
34.4, 1, 0.0898812
34.425, 1, 0.0898812
34.45, 1, 0.0824606
34.475, 1, 0.0824606
34.5, 1, 0.0817469
34.525, 1, 0.0817469
34.55, 1, 0.0817469
34.575, 1, 0.0817469
34.6, 1, 0.0817469
34.625, 1, 0.0801246
34.65, 1, 0.0801246
34.675, 1, 0.0801246
34.7, 1, 0.0801246
34.725, 1, 0.0801246
34.75, 1, 0.0801246
34.775, 1, 0.0801246
34.8, 1, 0.0801246
34.825, 1, 0.0815269
34.85, 1, 0.083122
34.875, 1, 0.083122
34.9, 1, 0.083122
34.925, 1, 0.0812634
34.95, 1, 0.0812634
34.975, 1, 0.0812634
35, 1, 0.0812634
35.025, 1, 0.0812634
35.05, 1, 0.0812634
35.075, 1, 0.0812634
35.1, 1, 0.0812634
35.125, 1, 0.0812634
35.15, 1, 0.0812634
35.175, 1, 0.0812634
35.2, 1, 0.0809074
35.225, 1, 0.0809074
35.25, 1, 0.0809074
35.275, 1, 0.0783324
35.3, 1, 0.0783324
35.325, 1, 0.0783412
35.35, 1, 0.0792491
35.375, 1, 0.0801417
35.4, 1, 0.0848918
35.425, 1, 0.0848918
35.45, 1, 0.0848918
35.475, 1, 0.0816134
35.5, 1, 0.0745593
35.525, 1, 0.0745593
35.55, 1, 0.0595463
35.575, 1, 0.0595463
35.6, 1, 0.0595463
35.625, 1, 0.0595463
35.65, 1, 0.0595463
35.675, 1, 0.0715803
35.7, 1, 0.0762546
35.725, 1, 0.0762546
35.75, 1, 0.0762546
35.775, 1, 0.0762546
35.8, 1, 0.0790191
35.825, 1, 0.0790191
35.85, 1, 0.0790191
35.875, 1, 0.076155
35.9, 1, 0.076155
35.925, 1, 0.076155
35.95, 1, 0.076155
35.975, 1, 0.076155
36, 1, 0.076155
36.025, 1, 0.076155
36.05, 1, 0.076155
36.075, 1, 0.076155
36.1, 1, 0.076155
36.125, 1, 0.0671333
36.15, 1, 0.0671333
36.175, 1, 0.0628762
36.2, 1, 0.0600744
36.225, 1, 0.0582228
36.25, 1, 0.0545167
36.275, 1, 0.0545167
36.3, 1, 0.0545167
36.325, 1, 0.0545167
36.35, 1, 0.0545167
36.375, 1, 0.0545167
36.4, 1, 0.0545167
36.425, 1, 0.0545167
36.45, 1, 0.0606642
36.475, 1, 0.0606642
36.5, 1, 0.0577585
36.525, 1, 0.0577585
36.55, 1, 0.0577585
36.575, 1, 0.0577585
36.6, 1, 0.0577585
36.625, 1, 0.0577585
36.65, 1, 0.0577585
36.675, 1, 0.0593513
36.7, 1, 0.0759498
36.725, 1, 0.0759498
36.75, 1, 0.0765817
36.775, 1, 0.0765817
36.8, 1, 0.0749375
36.825, 1, 0.0764124
36.85, 1, 0.0799668
36.875, 1, 0.0799668
36.9, 1, 0.078077
36.925, 1, 0.078077
36.95, 1, 0.0609101
36.975, 1, 0.0486775
37, 1, 0.0486775
37.025, 1, 0.0486775
37.05, 1, 0.0486775
37.075, 1, 0.0486775
37.1, 1, 0.0486775
37.125, 1, 0.0624314
37.15, 1, 0.0624314
37.175, 1, 0.0624314
37.2, 1, 0.0664414
37.225, 1, 0.0664414
37.25, 1, 0.0664414
37.275, 1, 0.0727979
37.3, 1, 0.0727979
37.325, 1, 0.0842332
37.35, 1, 0.0933329
37.375, 1, 0.0933329
37.4, 1, 0.0949489
37.425, 1, 0.0949489
37.45, 1, 0.0949489
37.475, 1, 0.0949489
37.5, 1, 0.0949489
37.525, 1, 0.0949489
37.55, 1, 0.0949489
37.575, 1, 0.0949489
37.6, 1, 0.0949489
37.625, 1, 0.0949489
37.65, 1, 0.0949489
37.675, 1, 0.0949489
37.7, 1, 0.0949489
37.725, 1, 0.0949489
37.75, 1, 0.0949489
37.775, 1, 0.0949489
37.8, 1, 0.0949489
37.825, 1, 0.0949489
37.85, 1, 0.150002
37.875, 1, 0.150002
37.9, 1, 0.150002
37.925, 1, 0.150002
37.95, 1, 0.152343
37.975, 1, 0.152343
38, 1, 0.152343
38.025, 1, 0.152343
38.05, 1, 0.152343
38.075, 1, 0.152343
38.1, 1, 0.152343
38.125, 1, 0.152343
38.15, 1, 0.152285
38.175, 1, 0.148932
38.2, 1, 0.13942
38.225, 1, 0.13942
38.25, 1, 0.123068
38.275, 1, 0.110213
38.3, 1, 0.11334
38.325, 1, 0.11334
38.35, 1, 0.11334
38.375, 1, 0.13059
38.4, 1, 0.145568
38.425, 1, 0.150683
38.45, 1, 0.147566
38.475, 1, 0.147566
38.5, 1, 0.147566
38.525, 1, 0.147566
38.55, 1, 0.140135
38.575, 1, 0.140135
38.6, 1, 0.135886
38.625, 1, 0.135886
38.65, 1, 0.132675
38.675, 1, 0.133328
38.7, 1, 0.132581
38.725, 1, 0.132581
38.75, 1, 0.130387
38.775, 1, 0.130387
38.8, 1, 0.130387
38.825, 1, 0.130387
38.85, 1, 0.130387
38.875, 1, 0.130387
38.9, 1, 0.130387
38.925, 1, 0.130387
38.95, 1, 0.130387
38.975, 1, 0.130387
39, 1, 0.138699
39.025, 1, 0.138699
39.05, 1, 0.13847
39.075, 1, 0.13847
39.1, 1, 0.13847
39.125, 1, 0.13847
39.15, 1, 0.13847
39.175, 1, 0.13847
39.2, 1, 0.13847
39.225, 1, 0.13847
39.25, 1, 0.13847
39.275, 1, 0.13847
39.3, 1, 0.139887
39.325, 1, 0.139887
39.35, 1, 0.141756
39.375, 1, 0.141756
39.4, 1, 0.141756
39.425, 1, 0.145294
39.45, 1, 0.144498
39.475, 1, 0.144498
39.5, 1, 0.130289
39.525, 1, 0.114378
39.55, 1, 0.102351
39.575, 1, 0.102351
39.6, 1, 0.107179
39.625, 1, 0.107179
39.65, 1, 0.107179
39.675, 1, 0.107179
39.7, 1, 0.107179
39.725, 1, 0.107179
39.75, 1, 0.107179
39.775, 1, 0.107179
39.8, 1, 0.107179
39.825, 1, 0.107179
39.85, 1, 0.107179
39.875, 1, 0.107179
39.9, 1, 0.107179
39.925, 1, 0.107179
39.95, 1, 0.107179
39.975, 1, 0.107179
40, 1, 0.107179
40, 1, 0.112322
40.025, 1, 0.112322
40.05, 1, 0.112355
40.075, 1, 0.112355
40.1, 1, 0.112355
40.125, 1, 0.112513
40.15, 1, 0.112869
40.175, 1, 0.112869
40.2, 1, 0.112869
40.225, 1, 0.112869
40.25, 1, 0.112869
40.275, 1, 0.112869
40.3, 1, 0.112869
40.325, 1, 0.112869
40.35, 1, 0.112869
40.375, 1, 0.112869
40.4, 1, 0.112869
40.425, 1, 0.113334
40.45, 1, 0.113845
40.475, 1, 0.113845
40.5, 1, 0.113845
40.525, 1, 0.113845
40.55, 1, 0.113845
40.575, 1, 0.113845
40.6, 1, 0.114289
40.625, 1, 0.11467
40.65, 1, 0.11467
40.675, 1, 0.11467
40.7, 1, 0.11467
40.725, 1, 0.11467
40.75, 1, 0.11467
40.775, 1, 0.11494
40.8, 1, 0.11494
40.825, 1, 0.11494
40.85, 1, 0.11494
40.875, 1, 0.11494
40.9, 1, 0.115429
40.925, 1, 0.115429
40.95, 1, 0.11608
40.975, 1, 0.11608
41, 1, 0.116744
41.025, 1, 0.117407
41.05, 1, 0.117407
41.075, 1, 0.117407
41.1, 1, 0.118039
41.125, 1, 0.118039
41.15, 1, 0.118039
41.175, 1, 0.118039
41.2, 1, 0.118039
41.225, 1, 0.118039
41.25, 1, 0.118039
41.275, 1, 0.118901
41.3, 1, 0.11973
41.325, 1, 0.120538
41.35, 1, 0.120538
41.375, 1, 0.120538
41.4, 1, 0.120538
41.425, 1, 0.120538
41.45, 1, 0.120538
41.475, 1, 0.120538
41.5, 1, 0.120538
41.525, 1, 0.120538
41.55, 1, 0.120538
41.575, 1, 0.120538
41.6, 1, 0.120538
41.625, 1, 0.120538
41.65, 1, 0.120538
41.675, 1, 0.120538
41.7, 1, 0.120538
41.725, 1, 0.120538
41.75, 1, 0.120538
41.775, 1, 0.120538
41.8, 1, 0.120538
41.825, 1, 0.120538
41.85, 1, 0.120538
41.875, 1, 0.120538
41.9, 1, 0.120538
41.925, 1, 0.120538
41.95, 1, 0.120538
41.975, 1, 0.120538
42, 1, 0.120538
42.025, 1, 0.120538
42.05, 1, 0.120538
42.075, 1, 0.120538
42.1, 1, 0.120538
42.125, 1, 0.120538
42.15, 1, 0.120538
42.175, 1, 0.120538
42.2, 1, 0.120538
42.225, 1, 0.120538
42.25, 1, 0.120538
42.275, 1, 0.120538
42.3, 1, 0.120538
42.325, 1, 0.120538
42.35, 1, 0.120538
42.375, 1, 0.120538
42.4, 1, 0.120538
42.425, 1, 0.120538
42.45, 1, 0.120538
42.475, 1, 0.120538
42.5, 1, 0.120538
42.525, 1, 0.120538
42.55, 1, 0.120538
42.575, 1, 0.120538
42.6, 1, 0.120538
42.625, 1, 0.120538
42.65, 1, 0.120538
42.675, 1, 0.120538
42.7, 1, 0.120538
42.725, 1, 0.120538
42.75, 1, 0.120538
42.775, 1, 0.120538
42.8, 1, 0.120538
42.825, 1, 0.120538
42.85, 1, 0.120538
42.875, 1, 0.120538
42.9, 1, 0.120538
42.925, 1, 0.120538
42.95, 1, 0.120538
42.975, 1, 0.120538
43, 1, 0.120538
43.025, 1, 0.120538
43.05, 1, 0.120538
43.075, 1, 0.120538
43.1, 1, 0.120538
43.125, 1, 0.120538
43.15, 1, 0.120538
43.175, 1, 0.120538
43.2, 1, 0.120538
43.225, 1, 0.120538
43.25, 1, 0.120538
43.275, 1, 0.120538
43.3, 1, 0.120538
43.325, 1, 0.120538
43.35, 1, 0.120538
43.375, 1, 0.120538
43.4, 1, 0.120538
43.425, 1, 0.120538
43.45, 1, 0.120538
43.475, 1, 0.120538
43.5, 1, 0.120538
43.525, 1, 0.120538
43.55, 1, 0.120538
43.575, 1, 0.120538
43.6, 1, 0.120538
43.625, 1, 0.120538
43.65, 1, 0.120538
43.675, 1, 0.120538
43.7, 1, 0.120538
43.725, 1, 0.120538
43.75, 1, 0.120538
43.775, 1, 0.120538
43.8, 1, 0.120538
43.825, 1, 0.120538
43.85, 1, 0.120538
43.875, 1, 0.120538
43.9, 1, 0.120538
43.925, 1, 0.120538
43.95, 1, 0.120538
43.975, 1, 0.120538
44, 1, 0.120538
44.025, 1, 0.120538
44.05, 1, 0.120538
44.075, 1, 0.120538
44.1, 1, 0.120538
44.125, 1, 0.120538
44.15, 1, 0.120538
44.175, 1, 0.120538
44.2, 1, 0.120538
44.225, 1, 0.120538
44.25, 1, 0.120538
44.275, 1, 0.120538
44.3, 1, 0.120538
44.325, 1, 0.120538
44.35, 1, 0.120538
44.375, 1, 0.120538
44.4, 1, 0.120538
44.425, 1, 0.120538
44.45, 1, 0.120538
44.475, 1, 0.120538
44.5, 1, 0.120538
44.525, 1, 0.120538
44.55, 1, 0.120538
44.575, 1, 0.120538
44.6, 1, 0.120538
44.625, 1, 0.120538
44.65, 1, 0.120538
44.675, 1, 0.120538
44.7, 1, 0.120538
44.725, 1, 0.120538
44.75, 1, 0.120538
44.775, 1, 0.120538
44.8, 1, 0.120538
44.825, 1, 0.120538
44.85, 1, 0.120538
44.875, 1, 0.120538
44.9, 1, 0.120538
44.925, 1, 0.120538
44.95, 1, 0.120538
44.975, 1, 0.120538
45, 1, 0.120538
45.025, 1, 0.120538
45.05, 1, 0.120538
45.075, 1, 0.120538
45.1, 1, 0.120538
45.125, 1, 0.120538
45.15, 1, 0.120538
45.175, 1, 0.120538
45.2, 1, 0.120538
45.225, 1, 0.120538
45.25, 1, 0.120538
45.275, 1, 0.120538
45.3, 1, 0.120538
45.325, 1, 0.120538
45.35, 1, 0.120538
45.375, 1, 0.120538
45.4, 1, 0.120538
45.425, 1, 0.120538
45.45, 1, 0.120538
45.475, 1, 0.120538
45.5, 1, 0.120538
45.525, 1, 0.120538
45.55, 1, 0.120538
45.575, 1, 0.120538
45.6, 1, 0.120538
45.625, 1, 0.120538
45.65, 1, 0.120538
45.675, 1, 0.120538
45.7, 1, 0.120538
45.725, 1, 0.120538
45.75, 1, 0.120538
45.775, 1, 0.120538
45.8, 1, 0.120538
45.825, 1, 0.120538
45.85, 1, 0.120538
45.875, 1, 0.120538
45.9, 1, 0.120538
45.925, 1, 0.120538
45.95, 1, 0.120538
45.975, 1, 0.120538
46, 1, 0.120538
46.025, 1, 0.120538
46.05, 1, 0.120538
46.075, 1, 0.120538
46.1, 1, 0.120538
46.125, 1, 0.120538
46.15, 1, 0.120538
46.175, 1, 0.120538
46.2, 1, 0.120538
46.225, 1, 0.120538
46.25, 1, 0.120538
46.275, 1, 0.120538
46.3, 1, 0.120538
46.325, 1, 0.120538
46.35, 1, 0.120538
46.375, 1, 0.120538
46.4, 1, 0.120538
46.425, 1, 0.120538
46.45, 1, 0.120538
46.475, 1, 0.120538
46.5, 1, 0.120538
46.525, 1, 0.120538
46.55, 1, 0.120538
46.575, 1, 0.120538
46.6, 1, 0.120538
46.625, 1, 0.120538
46.65, 1, 0.120538
46.675, 1, 0.120538
46.7, 1, 0.120538
46.725, 1, 0.12134
46.75, 1, 0.122164
46.775, 1, 0.122164
46.8, 1, 0.122164
46.825, 1, 0.122982
46.85, 1, 0.122982
46.875, 1, 0.122982
46.9, 1, 0.122982
46.925, 1, 0.122982
46.95, 1, 0.122982
46.975, 1, 0.122982
47, 1, 0.122982
47.025, 1, 0.122982
47.05, 1, 0.122982
47.075, 1, 0.122982
47.1, 1, 0.122982
47.125, 1, 0.122982
47.15, 1, 0.122982
47.175, 1, 0.122982
47.2, 1, 0.122982
47.225, 1, 0.122982
47.25, 1, 0.122982
47.275, 1, 0.122982
47.3, 1, 0.122982
47.325, 1, 0.122982
47.35, 1, 0.122982
47.375, 1, 0.122982
47.4, 1, 0.122982
47.425, 1, 0.122982
47.45, 1, 0.122982
47.475, 1, 0.122982
47.5, 1, 0.122982
47.525, 1, 0.122982
47.55, 1, 0.122982
47.575, 1, 0.122982
47.6, 1, 0.122982
47.625, 1, 0.122982
47.65, 1, 0.123697
47.675, 1, 0.123697
47.7, 1, 0.123697
47.725, 1, 0.12446
47.75, 1, 0.125194
47.775, 1, 0.125194
47.8, 1, 0.125891
47.825, 1, 0.125891
47.85, 1, 0.126569
47.875, 1, 0.127202
47.9, 1, 0.127202
47.925, 1, 0.127767
47.95, 1, 0.127767
47.975, 1, 0.127767
48, 1, 0.127767
48.025, 1, 0.127767
48.05, 1, 0.12831
48.075, 1, 0.128836
48.1, 1, 0.128836
48.125, 1, 0.129341
48.15, 1, 0.129341
48.175, 1, 0.129796
48.2, 1, 0.129796
48.225, 1, 0.130226
48.25, 1, 0.130226
48.275, 1, 0.130226
48.3, 1, 0.130226
48.325, 1, 0.130226
48.35, 1, 0.130226
48.375, 1, 0.130226
48.4, 1, 0.130226
48.425, 1, 0.130226
48.45, 1, 0.130226
48.475, 1, 0.130226
48.5, 1, 0.130226
48.525, 1, 0.130226
48.55, 1, 0.130226
48.575, 1, 0.130226
48.6, 1, 0.130226
48.625, 1, 0.130226
48.65, 1, 0.130226
48.675, 1, 0.130226
48.7, 1, 0.130226
48.725, 1, 0.130226
48.75, 1, 0.130226
48.775, 1, 0.130226
48.8, 1, 0.130226
48.825, 1, 0.130226
48.85, 1, 0.130226
48.875, 1, 0.130226
48.9, 1, 0.130226
48.925, 1, 0.130226
48.95, 1, 0.130226
48.975, 1, 0.130226
49, 1, 0.130226
49.025, 1, 0.130226
49.05, 1, 0.130226
49.075, 1, 0.130226
49.1, 1, 0.130226
49.125, 1, 0.130226
49.15, 1, 0.130226
49.175, 1, 0.130226
49.2, 1, 0.130226
49.225, 1, 0.130226
49.25, 1, 0.130226
49.275, 1, 0.130226
49.3, 1, 0.130226
49.325, 1, 0.130226
49.35, 1, 0.130226
49.375, 1, 0.130226
49.4, 1, 0.130226
49.425, 1, 0.130226
49.45, 1, 0.130226
49.475, 1, 0.130226
49.5, 1, 0.130226
49.525, 1, 0.130226
49.55, 1, 0.130226
49.575, 1, 0.130226
49.6, 1, 0.130226
49.625, 1, 0.130226
49.65, 1, 0.130226
49.675, 1, 0.130226
49.7, 1, 0.130226
49.725, 1, 0.130226
49.75, 1, 0.130226
49.775, 1, 0.130226
49.8, 1, 0.130226
49.825, 1, 0.130226
49.85, 1, 0.130226
49.875, 1, 0.130226
49.9, 1, 0.130226
49.925, 1, 0.130226
49.95, 1, 0.130226
49.975, 1, 0.130226
50, 1, 0.130226
50, 1, 0.130226
50.025, 1, 0.130226
50.05, 1, 0.130226
50.075, 1, 0.130226
50.1, 1, 0.130226
50.125, 1, 0.130214
50.15, 1, 0.130214
50.175, 1, 0.130214
50.2, 1, 0.130214
50.225, 1, 0.130214
50.25, 1, 0.130214
50.275, 1, 0.130214
50.3, 1, 0.130214
50.325, 1, 0.131146
50.35, 1, 0.133373
50.375, 1, 0.135764
50.4, 1, 0.135764
50.425, 1, 0.137448
50.45, 1, 0.137448
50.475, 1, 0.137448
50.5, 1, 0.137448
50.525, 1, 0.139111
50.55, 1, 0.14116
50.575, 1, 0.143741
50.6, 1, 0.146799
50.625, 1, 0.146799
50.65, 1, 0.149567
50.675, 1, 0.151879
50.7, 1, 0.153717
50.725, 1, 0.155108
50.75, 1, 0.155108
50.775, 1, 0.155108
50.8, 1, 0.156339
50.825, 1, 0.157431
50.85, 1, 0.157431
50.875, 1, 0.157431
50.9, 1, 0.157431
50.925, 1, 0.158533
50.95, 1, 0.159492
50.975, 1, 0.159492
51, 1, 0.159492
51.025, 1, 0.160378
51.05, 1, 0.160378
51.075, 1, 0.161234
51.1, 1, 0.161234
51.125, 1, 0.162068
51.15, 1, 0.162068
51.175, 1, 0.162887
51.2, 1, 0.163671
51.225, 1, 0.164424
51.25, 1, 0.164424
51.275, 1, 0.165165
51.3, 1, 0.165165
51.325, 1, 0.165165
51.35, 1, 0.165956
51.375, 1, 0.165956
51.4, 1, 0.165956
51.425, 1, 0.165956
51.45, 1, 0.165755
51.475, 1, 0.165755
51.5, 1, 0.165755
51.525, 1, 0.165755
51.55, 1, 0.166081
51.575, 1, 0.166081
51.6, 1, 0.166081
51.625, 1, 0.166081
51.65, 1, 0.166081
51.675, 1, 0.166081
51.7, 1, 0.166081
51.725, 1, 0.165142
51.75, 1, 0.165142
51.775, 1, 0.163504
51.8, 1, 0.163504
51.825, 1, 0.163504
51.85, 1, 0.163504
51.875, 1, 0.163504
51.9, 1, 0.163504
51.925, 1, 0.163504
51.95, 1, 0.163504
51.975, 1, 0.163504
52, 1, 0.163504
52.025, 1, 0.163504
52.05, 1, 0.163504
52.075, 1, 0.163504
52.1, 1, 0.163504
52.125, 1, 0.163504
52.15, 1, 0.163504
52.175, 1, 0.163504
52.2, 1, 0.163504
52.225, 1, 0.163504
52.25, 1, 0.163504
52.275, 1, 0.163504
52.3, 1, 0.163504
52.325, 1, 0.163504
52.35, 1, 0.163504
52.375, 1, 0.163504
52.4, 1, 0.163504
52.425, 1, 0.163504
52.45, 1, 0.163504
52.475, 1, 0.163504
52.5, 1, 0.163504
52.525, 1, 0.163504
52.55, 1, 0.163504
52.575, 1, 0.163504
52.6, 1, 0.163504
52.625, 1, 0.163504
52.65, 1, 0.163504
52.675, 1, 0.163504
52.7, 1, 0.163504
52.725, 1, 0.163504
52.75, 1, 0.163504
52.775, 1, 0.163504
52.8, 1, 0.163504
52.825, 1, 0.163504
52.85, 1, 0.163504
52.875, 1, 0.163504
52.9, 1, 0.163504
52.925, 1, 0.163504
52.95, 1, 0.163504
52.975, 1, 0.163504
53, 1, 0.163504
53.025, 1, 0.163504
53.05, 1, 0.163504
53.075, 1, 0.163504
53.1, 1, 0.163504
53.125, 1, 0.163504
53.15, 1, 0.163504
53.175, 1, 0.163504
53.2, 1, 0.163504
53.225, 1, 0.163504
53.25, 1, 0.163504
53.275, 1, 0.163504
53.3, 1, 0.163504
53.325, 1, 0.163504
53.35, 1, 0.163504
53.375, 1, 0.163504
53.4, 1, 0.163504
53.425, 1, 0.163504
53.45, 1, 0.163504
53.475, 1, 0.163504
53.5, 1, 0.163504
53.525, 1, 0.163504
53.55, 1, 0.163504
53.575, 1, 0.163504
53.6, 1, 0.163504
53.625, 1, 0.163504
53.65, 1, 0.163504
53.675, 1, 0.163504
53.7, 1, 0.163504
53.725, 1, 0.163504
53.75, 1, 0.163504
53.775, 1, 0.163504
53.8, 1, 0.163504
53.825, 1, 0.163504
53.85, 1, 0.163504
53.875, 1, 0.163504
53.9, 1, 0.163504
53.925, 1, 0.163504
53.95, 1, 0.163504
53.975, 1, 0.163504
54, 1, 0.163504
54.025, 1, 0.163504
54.05, 1, 0.163504
54.075, 1, 0.163504
54.1, 1, 0.163504
54.125, 1, 0.163504
54.15, 1, 0.163504
54.175, 1, 0.163504
54.2, 1, 0.163504
54.225, 1, 0.163504
54.25, 1, 0.163504
54.275, 1, 0.163504
54.3, 1, 0.163504
54.325, 1, 0.163504
54.35, 1, 0.163504
54.375, 1, 0.163504
54.4, 1, 0.163504
54.425, 1, 0.163504
54.45, 1, 0.163504
54.475, 1, 0.163504
54.5, 1, 0.163504
54.525, 1, 0.163504
54.55, 1, 0.163504
54.575, 1, 0.163504
54.6, 1, 0.163504
54.625, 1, 0.163504
54.65, 1, 0.163504
54.675, 1, 0.163504
54.7, 1, 0.163504
54.725, 1, 0.163504
54.75, 1, 0.163504
54.775, 1, 0.163504
54.8, 1, 0.163504
54.825, 1, 0.163504
54.85, 1, 0.163504
54.875, 1, 0.163504
54.9, 1, 0.163504
54.925, 1, 0.163504
54.95, 1, 0.163504
54.975, 1, 0.163504
55, 1, 0.163504
55.025, 1, 0.163504
55.05, 1, 0.163504
55.075, 1, 0.163504
55.1, 1, 0.163504
55.125, 1, 0.163504
55.15, 1, 0.163504
55.175, 1, 0.163504
55.2, 1, 0.163504
55.225, 1, 0.163504
55.25, 1, 0.163504
55.275, 1, 0.163504
55.3, 1, 0.163504
55.325, 1, 0.163504
55.35, 1, 0.163504
55.375, 1, 0.163504
55.4, 1, 0.163504
55.425, 1, 0.163504
55.45, 1, 0.163504
55.475, 1, 0.163504
55.5, 1, 0.163504
55.525, 1, 0.163504
55.55, 1, 0.163504
55.575, 1, 0.163504
55.6, 1, 0.163504
55.625, 1, 0.163504
55.65, 1, 0.163504
55.675, 1, 0.163504
55.7, 1, 0.163504
55.725, 1, 0.163504
55.75, 1, 0.163504
55.775, 1, 0.163504
55.8, 1, 0.163504
55.825, 1, 0.163504
55.85, 1, 0.163504
55.875, 1, 0.163504
55.9, 1, 0.163504
55.925, 1, 0.163504
55.95, 1, 0.163504
55.975, 1, 0.163504
56, 1, 0.163504
56.025, 1, 0.163504
56.05, 1, 0.163504
56.075, 1, 0.163504
56.1, 1, 0.163504
56.125, 1, 0.163504
56.15, 1, 0.163504
56.175, 1, 0.163504
56.2, 1, 0.163504
56.225, 1, 0.163504
56.25, 1, 0.163504
56.275, 1, 0.163504
56.3, 1, 0.163504
56.325, 1, 0.163504
56.35, 1, 0.163504
56.375, 1, 0.163504
56.4, 1, 0.163504
56.425, 1, 0.163504
56.45, 1, 0.163504
56.475, 1, 0.163504
56.5, 1, 0.163504
56.525, 1, 0.163504
56.55, 1, 0.163504
56.575, 1, 0.163504
56.6, 1, 0.163504
56.625, 1, 0.163504
56.65, 1, 0.163504
56.675, 1, 0.163504
56.7, 1, 0.163504
56.725, 1, 0.163504
56.75, 1, 0.163504
56.775, 1, 0.163504
56.8, 1, 0.163504
56.825, 1, 0.163504
56.85, 1, 0.163504
56.875, 1, 0.163504
56.9, 1, 0.163504
56.925, 1, 0.163504
56.95, 1, 0.163504
56.975, 1, 0.163504
57, 1, 0.163504
57.025, 1, 0.163504
57.05, 1, 0.163504
57.075, 1, 0.163504
57.1, 1, 0.163504
57.125, 1, 0.163504
57.15, 1, 0.163504
57.175, 1, 0.163504
57.2, 1, 0.163504
57.225, 1, 0.163504
57.25, 1, 0.163504
57.275, 1, 0.163504
57.3, 1, 0.163504
57.325, 1, 0.163504
57.35, 1, 0.163504
57.375, 1, 0.163504
57.4, 1, 0.163504
57.425, 1, 0.163504
57.45, 1, 0.163504
57.475, 1, 0.163504
57.5, 1, 0.163504
57.525, 1, 0.163504
57.55, 1, 0.163504
57.575, 1, 0.163504
57.6, 1, 0.163504
57.625, 1, 0.163504
57.65, 1, 0.163504
57.675, 1, 0.163504
57.7, 1, 0.163504
57.725, 1, 0.163504
57.75, 1, 0.163504
57.775, 1, 0.163504
57.8, 1, 0.163504
57.825, 1, 0.163504
57.85, 1, 0.163504
57.875, 1, 0.163504
57.9, 1, 0.163504
57.925, 1, 0.163504
57.95, 1, 0.163504
57.975, 1, 0.163504
58, 1, 0.163504
58.025, 1, 0.163504
58.05, 1, 0.163504
58.075, 1, 0.163504
58.1, 1, 0.163504
58.125, 1, 0.163504
58.15, 1, 0.163504
58.175, 1, 0.163504
58.2, 1, 0.163504
58.225, 1, 0.163504
58.25, 1, 0.163504
58.275, 1, 0.163504
58.3, 1, 0.163504
58.325, 1, 0.163504
58.35, 1, 0.163504
58.375, 1, 0.163504
58.4, 1, 0.163504
58.425, 1, 0.163504
58.45, 1, 0.163504
58.475, 1, 0.163504
58.5, 1, 0.163504
58.525, 1, 0.163504
58.55, 1, 0.163504
58.575, 1, 0.163504
58.6, 1, 0.163504
58.625, 1, 0.163504
58.65, 1, 0.163504
58.675, 1, 0.163504
58.7, 1, 0.163504
58.725, 1, 0.163504
58.75, 1, 0.163504
58.775, 1, 0.162372
58.8, 1, 0.162372
58.825, 1, 0.162372
58.85, 1, 0.162372
58.875, 1, 0.162372
58.9, 1, 0.162372
58.925, 1, 0.161635
58.95, 1, 0.161635
58.975, 1, 0.161635
59, 1, 0.161635
59.025, 1, 0.161635
59.05, 1, 0.160941
59.075, 1, 0.160941
59.1, 1, 0.160941
59.125, 1, 0.160941
59.15, 1, 0.160941
59.175, 1, 0.160941
59.2, 1, 0.160941
59.225, 1, 0.160941
59.25, 1, 0.160941
59.275, 1, 0.160941
59.3, 1, 0.160941
59.325, 1, 0.160941
59.35, 1, 0.160941
59.375, 1, 0.160941
59.4, 1, 0.160941
59.425, 1, 0.160941
59.45, 1, 0.160941
59.475, 1, 0.160941
59.5, 1, 0.160941
59.525, 1, 0.160941
59.55, 1, 0.160941
59.575, 1, 0.160941
59.6, 1, 0.160941
59.625, 1, 0.160941
59.65, 1, 0.160941
59.675, 1, 0.160941
59.7, 1, 0.160941
59.725, 1, 0.160941
59.75, 1, 0.160941
59.775, 1, 0.160941
59.8, 1, 0.160941
59.825, 1, 0.160941
59.85, 1, 0.160941
59.875, 1, 0.160941
59.9, 1, 0.160941
59.925, 1, 0.160941
59.95, 1, 0.160941
59.975, 1, 0.160941
60, 1, 0.160941
60, 1, 0.160941
60.025, 1, 0.160941
60.05, 1, 0.160941
60.075, 1, 0.160941
60.1, 1, 0.160941
60.125, 1, 0.160941
60.15, 1, 0.160262
60.175, 1, 0.160262
60.2, 1, 0.160262
60.225, 1, 0.160262
60.25, 1, 0.160262
60.275, 1, 0.160262
60.3, 1, 0.160262
60.325, 1, 0.160262
60.35, 1, 0.160262
60.375, 1, 0.160262
60.4, 1, 0.160262
60.425, 1, 0.15919
60.45, 1, 0.15919
60.475, 1, 0.157971
60.5, 1, 0.157971
60.525, 1, 0.157971
60.55, 1, 0.157971
60.575, 1, 0.157971
60.6, 1, 0.157971
60.625, 1, 0.15638
60.65, 1, 0.15638
60.675, 1, 0.15638
60.7, 1, 0.15638
60.725, 1, 0.15638
60.75, 1, 0.15638
60.775, 1, 0.15638
60.8, 1, 0.15638
60.825, 1, 0.15638
60.85, 1, 0.154834
60.875, 1, 0.154834
60.9, 1, 0.153528
60.925, 1, 0.152413
60.95, 1, 0.151511
60.975, 1, 0.151511
61, 1, 0.151511
61.025, 1, 0.150584
61.05, 1, 0.149845
61.075, 1, 0.149845
61.1, 1, 0.149845
61.125, 1, 0.149124
61.15, 1, 0.149124
61.175, 1, 0.149124
61.2, 1, 0.148502
61.225, 1, 0.148502
61.25, 1, 0.147925
61.275, 1, 0.147925
61.3, 1, 0.147925
61.325, 1, 0.147925
61.35, 1, 0.147423
61.375, 1, 0.147423
61.4, 1, 0.146907
61.425, 1, 0.146907
61.45, 1, 0.146907
61.475, 1, 0.146907
61.5, 1, 0.146907
61.525, 1, 0.14659
61.55, 1, 0.14659
61.575, 1, 0.146235
61.6, 1, 0.146235
61.625, 1, 0.145757
61.65, 1, 0.145757
61.675, 1, 0.145757
61.7, 1, 0.145285
61.725, 1, 0.145285
61.75, 1, 0.144753
61.775, 1, 0.144753
61.8, 1, 0.144143
61.825, 1, 0.144143
61.85, 1, 0.144143
61.875, 1, 0.144143
61.9, 1, 0.143425
61.925, 1, 0.142482
61.95, 1, 0.141399
61.975, 1, 0.140209
62, 1, 0.140209
62.025, 1, 0.140209
62.05, 1, 0.140209
62.075, 1, 0.140209
62.1, 1, 0.140209
62.125, 1, 0.140209
62.15, 1, 0.140209
62.175, 1, 0.140209
62.2, 1, 0.140209
62.225, 1, 0.140209
62.25, 1, 0.140209
62.275, 1, 0.140209
62.3, 1, 0.140209
62.325, 1, 0.140209
62.35, 1, 0.140209
62.375, 1, 0.140209
62.4, 1, 0.140209
62.425, 1, 0.140209
62.45, 1, 0.140209
62.475, 1, 0.140209
62.5, 1, 0.140209
62.525, 1, 0.140209
62.55, 1, 0.140209
62.575, 1, 0.140209
62.6, 1, 0.140209
62.625, 1, 0.140209
62.65, 1, 0.140209
62.675, 1, 0.140209
62.7, 1, 0.140209
62.725, 1, 0.140209
62.75, 1, 0.140209
62.775, 1, 0.140209
62.8, 1, 0.140209
62.825, 1, 0.140209
62.85, 1, 0.140209
62.875, 1, 0.140209
62.9, 1, 0.140209
62.925, 1, 0.140209
62.95, 1, 0.140209
62.975, 1, 0.140209
63, 1, 0.140209
63.025, 1, 0.140209
63.05, 1, 0.140209
63.075, 1, 0.140209
63.1, 1, 0.140209
63.125, 1, 0.140209
63.15, 1, 0.140209
63.175, 1, 0.140209
63.2, 1, 0.140209
63.225, 1, 0.140209
63.25, 1, 0.140209
63.275, 1, 0.140209
63.3, 1, 0.140209
63.325, 1, 0.140209
63.35, 1, 0.140209
63.375, 1, 0.140209
63.4, 1, 0.140209
63.425, 1, 0.140209
63.45, 1, 0.140209
63.475, 1, 0.140209
63.5, 1, 0.140209
63.525, 1, 0.140209
63.55, 1, 0.140209
63.575, 1, 0.140209
63.6, 1, 0.140209
63.625, 1, 0.140209
63.65, 1, 0.140209
63.675, 1, 0.140209
63.7, 1, 0.140209
63.725, 1, 0.140209
63.75, 1, 0.140209
63.775, 1, 0.140209
63.8, 1, 0.140209
63.825, 1, 0.140209
63.85, 1, 0.140209
63.875, 1, 0.140209
63.9, 1, 0.140209
63.925, 1, 0.140209
63.95, 1, 0.140209
63.975, 1, 0.140209
64, 1, 0.140209
64.025, 1, 0.140209
64.05, 1, 0.140209
64.075, 1, 0.140209
64.1, 1, 0.140209
64.125, 1, 0.140209
64.15, 1, 0.140209
64.175, 1, 0.140209
64.2, 1, 0.140209
64.225, 1, 0.140209
64.25, 1, 0.140209
64.275, 1, 0.140209
64.3, 1, 0.140209
64.325, 1, 0.140209
64.35, 1, 0.140209
64.375, 1, 0.140209
64.4, 1, 0.140209
64.425, 1, 0.140209
64.45, 1, 0.140209
64.475, 1, 0.140209
64.5, 1, 0.140209
64.525, 1, 0.140209
64.55, 1, 0.140209
64.575, 1, 0.140209
64.6, 1, 0.140209
64.625, 1, 0.140209
64.65, 1, 0.140209
64.675, 1, 0.140209
64.7, 1, 0.140209
64.725, 1, 0.140209
64.75, 1, 0.140209
64.775, 1, 0.140209
64.8, 1, 0.140209
64.825, 1, 0.140209
64.85, 1, 0.140209
64.875, 1, 0.140209
64.9, 1, 0.140209
64.925, 1, 0.140209
64.95, 1, 0.140209
64.975, 1, 0.140209
65, 1, 0.140209
65.025, 1, 0.140209
65.05, 1, 0.140209
65.075, 1, 0.140209
65.1, 1, 0.140209
65.125, 1, 0.140209
65.15, 1, 0.140209
65.175, 1, 0.140209
65.2, 1, 0.140209
65.225, 1, 0.140209
65.25, 1, 0.140209
65.275, 1, 0.140209
65.3, 1, 0.140209
65.325, 1, 0.140209
65.35, 1, 0.140209
65.375, 1, 0.140209
65.4, 1, 0.140209
65.425, 1, 0.140209
65.45, 1, 0.140209
65.475, 1, 0.140209
65.5, 1, 0.140209
65.525, 1, 0.140209
65.55, 1, 0.140209
65.575, 1, 0.140209
65.6, 1, 0.140209
65.625, 1, 0.140209
65.65, 1, 0.140209
65.675, 1, 0.140209
65.7, 1, 0.140209
65.725, 1, 0.140209
65.75, 1, 0.140209
65.775, 1, 0.140209
65.8, 1, 0.140209
65.825, 1, 0.140209
65.85, 1, 0.140209
65.875, 1, 0.140209
65.9, 1, 0.140209
65.925, 1, 0.140209
65.95, 1, 0.140209
65.975, 1, 0.140209
66, 1, 0.140209
66.025, 1, 0.140209
66.05, 1, 0.140209
66.075, 1, 0.140209
66.1, 1, 0.140209
66.125, 1, 0.140209
66.15, 1, 0.140209
66.175, 1, 0.140209
66.2, 1, 0.140209
66.225, 1, 0.140209
66.25, 1, 0.140209
66.275, 1, 0.140209
66.3, 1, 0.140209
66.325, 1, 0.140209
66.35, 1, 0.140209
66.375, 1, 0.140209
66.4, 1, 0.140209
66.425, 1, 0.140209
66.45, 1, 0.140209
66.475, 1, 0.140209
66.5, 1, 0.140209
66.525, 1, 0.140209
66.55, 1, 0.140209
66.575, 1, 0.140209
66.6, 1, 0.140209
66.625, 1, 0.140209
66.65, 1, 0.140209
66.675, 1, 0.140209
66.7, 1, 0.140209
66.725, 1, 0.140209
66.75, 1, 0.140209
66.775, 1, 0.140209
66.8, 1, 0.140209
66.825, 1, 0.140209
66.85, 1, 0.140209
66.875, 1, 0.140209
66.9, 1, 0.140209
66.925, 1, 0.140209
66.95, 1, 0.140209
66.975, 1, 0.140209
67, 1, 0.140209
67.025, 1, 0.140209
67.05, 1, 0.140209
67.075, 1, 0.140209
67.1, 1, 0.140209
67.125, 1, 0.140209
67.15, 1, 0.140209
67.175, 1, 0.140209
67.2, 1, 0.140209
67.225, 1, 0.140209
67.25, 1, 0.140209
67.275, 1, 0.140209
67.3, 1, 0.140209
67.325, 1, 0.140209
67.35, 1, 0.140209
67.375, 1, 0.140209
67.4, 1, 0.140209
67.425, 1, 0.140209
67.45, 1, 0.140209
67.475, 1, 0.140209
67.5, 1, 0.140209
67.525, 1, 0.140209
67.55, 1, 0.140209
67.575, 1, 0.140209
67.6, 1, 0.140209
67.625, 1, 0.140209
67.65, 1, 0.140209
67.675, 1, 0.140209
67.7, 1, 0.140209
67.725, 1, 0.140209
67.75, 1, 0.140209
67.775, 1, 0.140209
67.8, 1, 0.140209
67.825, 1, 0.140209
67.85, 1, 0.140209
67.875, 1, 0.140209
67.9, 1, 0.140209
67.925, 1, 0.140209
67.95, 1, 0.140209
67.975, 1, 0.140209
68, 1, 0.140209
68.025, 1, 0.140209
68.05, 1, 0.140209
68.075, 1, 0.140209
68.1, 1, 0.140209
68.125, 1, 0.140209
68.15, 1, 0.140209
68.175, 1, 0.140209
68.2, 1, 0.140209
68.225, 1, 0.140209
68.25, 1, 0.140209
68.275, 1, 0.140209
68.3, 1, 0.140209
68.325, 1, 0.140209
68.35, 1, 0.140209
68.375, 1, 0.140209
68.4, 1, 0.140209
68.425, 1, 0.140209
68.45, 1, 0.140209
68.475, 1, 0.140209
68.5, 1, 0.140209
68.525, 1, 0.140209
68.55, 1, 0.140209
68.575, 1, 0.140209
68.6, 1, 0.140209
68.625, 1, 0.140209
68.65, 1, 0.140209
68.675, 1, 0.140209
68.7, 1, 0.140209
68.725, 1, 0.140209
68.75, 1, 0.140209
68.775, 1, 0.140209
68.8, 1, 0.140209
68.825, 1, 0.140209
68.85, 1, 0.140209
68.875, 1, 0.140209
68.9, 1, 0.140209
68.925, 1, 0.140209
68.95, 1, 0.140209
68.975, 1, 0.140209
69, 1, 0.140209
69.025, 1, 0.140209
69.05, 1, 0.140209
69.075, 1, 0.140209
69.1, 1, 0.140209
69.125, 1, 0.140209
69.15, 1, 0.140209
69.175, 1, 0.140209
69.2, 1, 0.140209
69.225, 1, 0.140209
69.25, 1, 0.140209
69.275, 1, 0.140209
69.3, 1, 0.140209
69.325, 1, 0.140209
69.35, 1, 0.140209
69.375, 1, 0.140209
69.4, 1, 0.140209
69.425, 1, 0.140209
69.45, 1, 0.140209
69.475, 1, 0.140209
69.5, 1, 0.140209
69.525, 1, 0.140209
69.55, 1, 0.140209
69.575, 1, 0.140209
69.6, 1, 0.140209
69.625, 1, 0.140209
69.65, 1, 0.140209
69.675, 1, 0.140209
69.7, 1, 0.140209
69.725, 1, 0.140209
69.75, 1, 0.140209
69.775, 1, 0.140209
69.8, 1, 0.140209
69.825, 1, 0.140209
69.85, 1, 0.140209
69.875, 1, 0.140209
69.9, 1, 0.140209
69.925, 1, 0.140209
69.95, 1, 0.140209
69.975, 1, 0.140209
70, 1, 0.140209
70.025, 1, 0.140209
70.05, 1, 0.140209
70.075, 1, 0.140209
70.1, 1, 0.140209
70.125, 1, 0.140209
70.15, 1, 0.140209
70.175, 1, 0.140209
70.2, 1, 0.140209
70.225, 1, 0.140209
70.25, 1, 0.140209
70.275, 1, 0.140209
70.3, 1, 0.139626
70.325, 1, 0.138892
70.35, 1, 0.138892
70.375, 1, 0.138892
70.4, 1, 0.13774
70.425, 1, 0.13774
70.45, 1, 0.136565
70.475, 1, 0.13539
70.5, 1, 0.13539
70.525, 1, 0.134228
70.55, 1, 0.134228
70.575, 1, 0.134228
70.6, 1, 0.134228
70.625, 1, 0.134228
70.65, 1, 0.13303
70.675, 1, 0.13303
70.7, 1, 0.13303
70.725, 1, 0.13303
70.75, 1, 0.13303
70.775, 1, 0.13303
70.8, 1, 0.131738
70.825, 1, 0.1306
70.85, 1, 0.129663
70.875, 1, 0.128905
70.9, 1, 0.128276
70.925, 1, 0.127746
70.95, 1, 0.127306
70.975, 1, 0.126907
71, 1, 0.126907
71.025, 1, 0.126907
71.05, 1, 0.126527
71.075, 1, 0.126527
71.1, 1, 0.126527
71.125, 1, 0.126124
71.15, 1, 0.125755
71.175, 1, 0.125755
71.2, 1, 0.125755
71.225, 1, 0.125755
71.25, 1, 0.125755
71.275, 1, 0.125755
71.3, 1, 0.125755
71.325, 1, 0.125755
71.35, 1, 0.125755
71.375, 1, 0.125175
71.4, 1, 0.125175
71.425, 1, 0.125175
71.45, 1, 0.124297
71.475, 1, 0.124297
71.5, 1, 0.124297
71.525, 1, 0.123685
71.55, 1, 0.1232
71.575, 1, 0.1232
71.6, 1, 0.1232
71.625, 1, 0.1232
71.65, 1, 0.1232
71.675, 1, 0.122471
71.7, 1, 0.122471
71.725, 1, 0.121711
71.75, 1, 0.121018
71.775, 1, 0.12044
71.8, 1, 0.120007
71.825, 1, 0.120007
71.85, 1, 0.120007
71.875, 1, 0.120007
71.9, 1, 0.120007
71.925, 1, 0.120007
71.95, 1, 0.120007
71.975, 1, 0.120007
72, 1, 0.120007
72.025, 1, 0.120007
72.05, 1, 0.120007
72.075, 1, 0.120007
72.1, 1, 0.120007
72.125, 1, 0.120007
72.15, 1, 0.120007
72.175, 1, 0.120007
72.2, 1, 0.120007
72.225, 1, 0.120007
72.25, 1, 0.120007
72.275, 1, 0.120007
72.3, 1, 0.120007
72.325, 1, 0.120007
72.35, 1, 0.120007
72.375, 1, 0.120007
72.4, 1, 0.120007
72.425, 1, 0.120007
72.45, 1, 0.120007
72.475, 1, 0.120007
72.5, 1, 0.120007
72.525, 1, 0.120007
72.55, 1, 0.120007
72.575, 1, 0.120007
72.6, 1, 0.120007
72.625, 1, 0.120007
72.65, 1, 0.120007
72.675, 1, 0.120007
72.7, 1, 0.120007
72.725, 1, 0.120007
72.75, 1, 0.120007
72.775, 1, 0.120007
72.8, 1, 0.120007
72.825, 1, 0.120007
72.85, 1, 0.120007
72.875, 1, 0.120007
72.9, 1, 0.120007
72.925, 1, 0.120007
72.95, 1, 0.120007
72.975, 1, 0.120007
73, 1, 0.120007
73.025, 1, 0.120007
73.05, 1, 0.120007
73.075, 1, 0.120007
73.1, 1, 0.120007
73.125, 1, 0.120007
73.15, 1, 0.120007
73.175, 1, 0.120007
73.2, 1, 0.120007
73.225, 1, 0.120007
73.25, 1, 0.120007
73.275, 1, 0.120007
73.3, 1, 0.120007
73.325, 1, 0.120007
73.35, 1, 0.120007
73.375, 1, 0.120007
73.4, 1, 0.120007
73.425, 1, 0.120007
73.45, 1, 0.120007
73.475, 1, 0.120007
73.5, 1, 0.120007
73.525, 1, 0.120007
73.55, 1, 0.120007
73.575, 1, 0.120007
73.6, 1, 0.120007
73.625, 1, 0.120007
73.65, 1, 0.120007
73.675, 1, 0.120007
73.7, 1, 0.120007
73.725, 1, 0.119976
73.75, 1, 0.119976
73.775, 1, 0.119976
73.8, 1, 0.119976
73.825, 1, 0.12021
73.85, 1, 0.12021
73.875, 1, 0.120517
73.9, 1, 0.120769
73.925, 1, 0.120769
73.95, 1, 0.120782
73.975, 1, 0.120782
74, 1, 0.120782
74.025, 1, 0.120782
74.05, 1, 0.12124
74.075, 1, 0.12124
74.1, 1, 0.12124
74.125, 1, 0.12179
74.15, 1, 0.122379
74.175, 1, 0.122379
74.2, 1, 0.122379
74.225, 1, 0.122379
74.25, 1, 0.122379
74.275, 1, 0.122379
74.3, 1, 0.122379
74.325, 1, 0.122379
74.35, 1, 0.122379
74.375, 1, 0.122379
74.4, 1, 0.122379
74.425, 1, 0.122379
74.45, 1, 0.122379
74.475, 1, 0.122379
74.5, 1, 0.122379
74.525, 1, 0.122379
74.55, 1, 0.122379
74.575, 1, 0.122379
74.6, 1, 0.122379
74.625, 1, 0.122379
74.65, 1, 0.122379
74.675, 1, 0.122379
74.7, 1, 0.122379
74.725, 1, 0.122379
74.75, 1, 0.122379
74.775, 1, 0.122379
74.8, 1, 0.122379
74.825, 1, 0.122379
74.85, 1, 0.122379
74.875, 1, 0.122379
74.9, 1, 0.122379
74.925, 1, 0.122379
74.95, 1, 0.122379
74.975, 1, 0.122379
75, 1, 0.122379
75.025, 1, 0.122379
75.05, 1, 0.122379
75.075, 1, 0.122379
75.1, 1, 0.122379
75.125, 1, 0.122379
75.15, 1, 0.122379
75.175, 1, 0.122379
75.2, 1, 0.122379
75.225, 1, 0.122379
75.25, 1, 0.122379
75.275, 1, 0.122379
75.3, 1, 0.122379
75.325, 1, 0.122379
75.35, 1, 0.122379
75.375, 1, 0.122379
75.4, 1, 0.122379
75.425, 1, 0.122379
75.45, 1, 0.122379
75.475, 1, 0.122379
75.5, 1, 0.122379
75.525, 1, 0.122379
75.55, 1, 0.122379
75.575, 1, 0.122379
75.6, 1, 0.122379
75.625, 1, 0.122379
75.65, 1, 0.122379
75.675, 1, 0.122379
75.7, 1, 0.122379
75.725, 1, 0.122379
75.75, 1, 0.122379
75.775, 1, 0.122379
75.8, 1, 0.122379
75.825, 1, 0.122379
75.85, 1, 0.122379
75.875, 1, 0.12282
75.9, 1, 0.12282
75.925, 1, 0.123013
75.95, 1, 0.123013
75.975, 1, 0.123013
76, 1, 0.123013
76.025, 1, 0.123013
76.05, 1, 0.123013
76.075, 1, 0.123013
76.1, 1, 0.123013
76.125, 1, 0.123013
76.15, 1, 0.123013
76.175, 1, 0.123177
76.2, 1, 0.123177
76.225, 1, 0.123177
76.25, 1, 0.123177
76.275, 1, 0.123177
76.3, 1, 0.123177
76.325, 1, 0.123177
76.35, 1, 0.123177
76.375, 1, 0.123177
76.4, 1, 0.123177
76.425, 1, 0.123177
76.45, 1, 0.123177
76.475, 1, 0.123177
76.5, 1, 0.123177
76.525, 1, 0.123177
76.55, 1, 0.123177
76.575, 1, 0.123177
76.6, 1, 0.123177
76.625, 1, 0.123177
76.65, 1, 0.123177
76.675, 1, 0.123177
76.7, 1, 0.123177
76.725, 1, 0.123177
76.75, 1, 0.123177
76.775, 1, 0.123177
76.8, 1, 0.123177
76.825, 1, 0.123177
76.85, 1, 0.123177
76.875, 1, 0.123177
76.9, 1, 0.123177
76.925, 1, 0.123177
76.95, 1, 0.123177
76.975, 1, 0.123177
77, 1, 0.123177
77.025, 1, 0.123177
77.05, 1, 0.123177
77.075, 1, 0.123177
77.1, 1, 0.123177
77.125, 1, 0.123177
77.15, 1, 0.123177
77.175, 1, 0.123177
77.2, 1, 0.123177
77.225, 1, 0.123177
77.25, 1, 0.123177
77.275, 1, 0.123177
77.3, 1, 0.123177
77.325, 1, 0.123177
77.35, 1, 0.123177
77.375, 1, 0.123177
77.4, 1, 0.123177
77.425, 1, 0.123177
77.45, 1, 0.123177
77.475, 1, 0.123177
77.5, 1, 0.123177
77.525, 1, 0.123177
77.55, 1, 0.123177
77.575, 1, 0.123177
77.6, 1, 0.123177
77.625, 1, 0.123177
77.65, 1, 0.123177
77.675, 1, 0.123177
77.7, 1, 0.12335
77.725, 1, 0.12335
77.75, 1, 0.12335
77.775, 1, 0.12335
77.8, 1, 0.12335
77.825, 1, 0.12335
77.85, 1, 0.12335
77.875, 1, 0.12357
77.9, 1, 0.12357
77.925, 1, 0.123586
77.95, 1, 0.123265
77.975, 1, 0.123265
78, 1, 0.123265
78.025, 1, 0.122735
78.05, 1, 0.122158
78.075, 1, 0.121637
78.1, 1, 0.121637
78.125, 1, 0.121637
78.15, 1, 0.121637
78.175, 1, 0.121637
78.2, 1, 0.121637
78.225, 1, 0.121637
78.25, 1, 0.121637
78.275, 1, 0.121637
78.3, 1, 0.121637
78.325, 1, 0.121637
78.35, 1, 0.121637
78.375, 1, 0.121637
78.4, 1, 0.121637
78.425, 1, 0.121637
78.45, 1, 0.121637
78.475, 1, 0.121637
78.5, 1, 0.121637
78.525, 1, 0.121637
78.55, 1, 0.121637
78.575, 1, 0.121637
78.6, 1, 0.121637
78.625, 1, 0.121637
78.65, 1, 0.121637
78.675, 1, 0.121637
78.7, 1, 0.121637
78.725, 1, 0.121637
78.75, 1, 0.121637
78.775, 1, 0.121637
78.8, 1, 0.121637
78.825, 1, 0.121637
78.85, 1, 0.121637
78.875, 1, 0.121637
78.9, 1, 0.121637
78.925, 1, 0.121637
78.95, 1, 0.121637
78.975, 1, 0.121637
79, 1, 0.121637
79.025, 1, 0.121637
79.05, 1, 0.121637
79.075, 1, 0.121637
79.1, 1, 0.121637
79.125, 1, 0.121637
79.15, 1, 0.121637
79.175, 1, 0.121637
79.2, 1, 0.121637
79.225, 1, 0.121637
79.25, 1, 0.121637
79.275, 1, 0.121637
79.3, 1, 0.121637
79.325, 1, 0.121637
79.35, 1, 0.121637
79.375, 1, 0.121637
79.4, 1, 0.121637
79.425, 1, 0.121637
79.45, 1, 0.121637
79.475, 1, 0.121637
79.5, 1, 0.121637
79.525, 1, 0.121637
79.55, 1, 0.121637
79.575, 1, 0.121637
79.6, 1, 0.121637
79.625, 1, 0.121637
79.65, 1, 0.121637
79.675, 1, 0.121637
79.7, 1, 0.121637
79.725, 1, 0.121637
79.75, 1, 0.121637
79.775, 1, 0.121637
79.8, 1, 0.121637
79.825, 1, 0.121637
79.85, 1, 0.121637
79.875, 1, 0.121637
79.9, 1, 0.121637
79.925, 1, 0.121637
79.95, 1, 0.121637
79.975, 1, 0.121637
80, 1, 0.121637
80.025, 1, 0.121637
80.05, 1, 0.121637
80.075, 1, 0.121637
80.1, 1, 0.121637
80.125, 1, 0.121637
80.15, 1, 0.120658
80.175, 1, 0.120658
80.2, 1, 0.120658
80.225, 1, 0.119355
80.25, 1, 0.117862
80.275, 1, 0.117862
80.3, 1, 0.117862
80.325, 1, 0.116287
80.35, 1, 0.116287
80.375, 1, 0.116287
80.4, 1, 0.116287
80.425, 1, 0.116287
80.45, 1, 0.116287
80.475, 1, 0.116287
80.5, 1, 0.116287
80.525, 1, 0.116287
80.55, 1, 0.116287
80.575, 1, 0.114697
80.6, 1, 0.114697
80.625, 1, 0.114697
80.65, 1, 0.114065
80.675, 1, 0.114065
80.7, 1, 0.114065
80.725, 1, 0.114065
80.75, 1, 0.113478
80.775, 1, 0.113478
80.8, 1, 0.113314
80.825, 1, 0.113314
80.85, 1, 0.113314
80.875, 1, 0.113314
80.9, 1, 0.113314
80.925, 1, 0.112879
80.95, 1, 0.113337
80.975, 1, 0.113337
81, 1, 0.113337
81.025, 1, 0.113337
81.05, 1, 0.113337
81.075, 1, 0.113337
81.1, 1, 0.11373
81.125, 1, 0.11373
81.15, 1, 0.11373
81.175, 1, 0.11373
81.2, 1, 0.11393
81.225, 1, 0.114355
81.25, 1, 0.114355
81.275, 1, 0.114355
81.3, 1, 0.114355
81.325, 1, 0.114355
81.35, 1, 0.114355
81.375, 1, 0.114355
81.4, 1, 0.114355
81.425, 1, 0.114355
81.45, 1, 0.114355
81.475, 1, 0.114355
81.5, 1, 0.114355
81.525, 1, 0.114355
81.55, 1, 0.114355
81.575, 1, 0.114751
81.6, 1, 0.114751
81.625, 1, 0.115012
81.65, 1, 0.115012
81.675, 1, 0.115311
81.7, 1, 0.115311
81.725, 1, 0.115311
81.75, 1, 0.11559
81.775, 1, 0.11559
81.8, 1, 0.11559
81.825, 1, 0.115708
81.85, 1, 0.115708
81.875, 1, 0.115708
81.9, 1, 0.115815
81.925, 1, 0.115815
81.95, 1, 0.115815
81.975, 1, 0.115815
82, 1, 0.115815
82.025, 1, 0.115928
82.05, 1, 0.116037
82.075, 1, 0.116037
82.1, 1, 0.116061
82.125, 1, 0.116061
82.15, 1, 0.116061
82.175, 1, 0.116006
82.2, 1, 0.116006
82.225, 1, 0.116006
82.25, 1, 0.115923
82.275, 1, 0.115923
82.3, 1, 0.115923
82.325, 1, 0.115923
82.35, 1, 0.115923
82.375, 1, 0.115753
82.4, 1, 0.115559
82.425, 1, 0.115559
82.45, 1, 0.115396
82.475, 1, 0.115396
82.5, 1, 0.115396
82.525, 1, 0.115396
82.55, 1, 0.115396
82.575, 1, 0.115396
82.6, 1, 0.115244
82.625, 1, 0.115244
82.65, 1, 0.115097
82.675, 1, 0.115097
82.7, 1, 0.115097
82.725, 1, 0.115097
82.75, 1, 0.114957
82.775, 1, 0.114824
82.8, 1, 0.114708
82.825, 1, 0.114708
82.85, 1, 0.114708
82.875, 1, 0.114708
82.9, 1, 0.114708
82.925, 1, 0.114708
82.95, 1, 0.114708
82.975, 1, 0.114708
83, 1, 0.114708
83.025, 1, 0.114708
83.05, 1, 0.114708
83.075, 1, 0.114708
83.1, 1, 0.114708
83.125, 1, 0.114708
83.15, 1, 0.114708
83.175, 1, 0.114708
83.2, 1, 0.114708
83.225, 1, 0.114708
83.25, 1, 0.114708
83.275, 1, 0.114708
83.3, 1, 0.114708
83.325, 1, 0.114708
83.35, 1, 0.114708
83.375, 1, 0.114708
83.4, 1, 0.114708
83.425, 1, 0.114708
83.45, 1, 0.114708
83.475, 1, 0.114708
83.5, 1, 0.114708
83.525, 1, 0.114708
83.55, 1, 0.114708
83.575, 1, 0.114708
83.6, 1, 0.114708
83.625, 1, 0.114708
83.65, 1, 0.114708
83.675, 1, 0.114708
83.7, 1, 0.114708
83.725, 1, 0.114708
83.75, 1, 0.114708
83.775, 1, 0.114708
83.8, 1, 0.114708
83.825, 1, 0.114708
83.85, 1, 0.114708
83.875, 1, 0.114708
83.9, 1, 0.114708
83.925, 1, 0.114708
83.95, 1, 0.114708
83.975, 1, 0.114708
84, 1, 0.114708
84.025, 1, 0.114708
84.05, 1, 0.114708
84.075, 1, 0.114708
84.1, 1, 0.114708
84.125, 1, 0.114708
84.15, 1, 0.114708
84.175, 1, 0.114708
84.2, 1, 0.114708
84.225, 1, 0.114708
84.25, 1, 0.114708
84.275, 1, 0.114708
84.3, 1, 0.114708
84.325, 1, 0.114708
84.35, 1, 0.114708
84.375, 1, 0.114708
84.4, 1, 0.114708
84.425, 1, 0.114708
84.45, 1, 0.114708
84.475, 1, 0.114708
84.5, 1, 0.114708
84.525, 1, 0.114708
84.55, 1, 0.114708
84.575, 1, 0.114708
84.6, 1, 0.114708
84.625, 1, 0.114708
84.65, 1, 0.114708
84.675, 1, 0.114708
84.7, 1, 0.114708
84.725, 1, 0.114708
84.75, 1, 0.114708
84.775, 1, 0.114708
84.8, 1, 0.114708
84.825, 1, 0.114708
84.85, 1, 0.114708
84.875, 1, 0.114708
84.9, 1, 0.114708
84.925, 1, 0.114708
84.95, 1, 0.114708
84.975, 1, 0.114708
85, 1, 0.114708
85.025, 1, 0.114708
85.05, 1, 0.114708
85.075, 1, 0.114708
85.1, 1, 0.114708
85.125, 1, 0.114708
85.15, 1, 0.114708
85.175, 1, 0.114708
85.2, 1, 0.114708
85.225, 1, 0.114708
85.25, 1, 0.114708
85.275, 1, 0.114708
85.3, 1, 0.114708
85.325, 1, 0.114708
85.35, 1, 0.114708
85.375, 1, 0.114708
85.4, 1, 0.114708
85.425, 1, 0.114708
85.45, 1, 0.114708
85.475, 1, 0.114708
85.5, 1, 0.114708
85.525, 1, 0.114708
85.55, 1, 0.114708
85.575, 1, 0.114708
85.6, 1, 0.114708
85.625, 1, 0.114708
85.65, 1, 0.114708
85.675, 1, 0.114708
85.7, 1, 0.114708
85.725, 1, 0.114708
85.75, 1, 0.114708
85.775, 1, 0.114708
85.8, 1, 0.114708
85.825, 1, 0.114708
85.85, 1, 0.114708
85.875, 1, 0.114708
85.9, 1, 0.114708
85.925, 1, 0.114708
85.95, 1, 0.114708
85.975, 1, 0.114708
86, 1, 0.114708
86.025, 1, 0.114708
86.05, 1, 0.114708
86.075, 1, 0.114708
86.1, 1, 0.114708
86.125, 1, 0.114708
86.15, 1, 0.114708
86.175, 1, 0.114708
86.2, 1, 0.114708
86.225, 1, 0.114708
86.25, 1, 0.114708
86.275, 1, 0.114708
86.3, 1, 0.114708
86.325, 1, 0.114708
86.35, 1, 0.114708
86.375, 1, 0.114708
86.4, 1, 0.114708
86.425, 1, 0.114708
86.45, 1, 0.114708
86.475, 1, 0.114708
86.5, 1, 0.114708
86.525, 1, 0.114708
86.55, 1, 0.114708
86.575, 1, 0.114708
86.6, 1, 0.114708
86.625, 1, 0.114708
86.65, 1, 0.114708
86.675, 1, 0.114708
86.7, 1, 0.114708
86.725, 1, 0.114746
86.75, 1, 0.114746
86.775, 1, 0.114717
86.8, 1, 0.114717
86.825, 1, 0.114717
86.85, 1, 0.114717
86.875, 1, 0.114717
86.9, 1, 0.114717
86.925, 1, 0.114717
86.95, 1, 0.114717
86.975, 1, 0.114717
87, 1, 0.114717
87.025, 1, 0.114717
87.05, 1, 0.114717
87.075, 1, 0.114717
87.1, 1, 0.114717
87.125, 1, 0.114717
87.15, 1, 0.114717
87.175, 1, 0.114717
87.2, 1, 0.114717
87.225, 1, 0.114717
87.25, 1, 0.114717
87.275, 1, 0.114717
87.3, 1, 0.114717
87.325, 1, 0.114717
87.35, 1, 0.114717
87.375, 1, 0.114717
87.4, 1, 0.114717
87.425, 1, 0.114717
87.45, 1, 0.114717
87.475, 1, 0.114717
87.5, 1, 0.114717
87.525, 1, 0.114717
87.55, 1, 0.114717
87.575, 1, 0.114717
87.6, 1, 0.114717
87.625, 1, 0.114717
87.65, 1, 0.114717
87.675, 1, 0.114717
87.7, 1, 0.114717
87.725, 1, 0.114717
87.75, 1, 0.114717
87.775, 1, 0.114717
87.8, 1, 0.114717
87.825, 1, 0.114717
87.85, 1, 0.114717
87.875, 1, 0.114717
87.9, 1, 0.114717
87.925, 1, 0.114717
87.95, 1, 0.114717
87.975, 1, 0.114717
88, 1, 0.114717
88.025, 1, 0.114717
88.05, 1, 0.114717
88.075, 1, 0.114717
88.1, 1, 0.114717
88.125, 1, 0.114717
88.15, 1, 0.114717
88.175, 1, 0.114717
88.2, 1, 0.114717
88.225, 1, 0.114717
88.25, 1, 0.114717
88.275, 1, 0.114717
88.3, 1, 0.114717
88.325, 1, 0.114717
88.35, 1, 0.114717
88.375, 1, 0.114717
88.4, 1, 0.114717
88.425, 1, 0.114717
88.45, 1, 0.114717
88.475, 1, 0.114717
88.5, 1, 0.114717
88.525, 1, 0.114717
88.55, 1, 0.114717
88.575, 1, 0.114717
88.6, 1, 0.114717
88.625, 1, 0.114717
88.65, 1, 0.114717
88.675, 1, 0.114717
88.7, 1, 0.114717
88.725, 1, 0.114717
88.75, 1, 0.114717
88.775, 1, 0.114717
88.8, 1, 0.114717
88.825, 1, 0.114717
88.85, 1, 0.114717
88.875, 1, 0.114717
88.9, 1, 0.114717
88.925, 1, 0.114717
88.95, 1, 0.114717
88.975, 1, 0.114717
89, 1, 0.114717
89.025, 1, 0.114717
89.05, 1, 0.114717
89.075, 1, 0.114717
89.1, 1, 0.114717
89.125, 1, 0.114717
89.15, 1, 0.114717
89.175, 1, 0.114717
89.2, 1, 0.114717
89.225, 1, 0.114717
89.25, 1, 0.114717
89.275, 1, 0.114717
89.3, 1, 0.114717
89.325, 1, 0.114717
89.35, 1, 0.114717
89.375, 1, 0.114717
89.4, 1, 0.114717
89.425, 1, 0.114717
89.45, 1, 0.114717
89.475, 1, 0.114717
89.5, 1, 0.114717
89.525, 1, 0.114717
89.55, 1, 0.114717
89.575, 1, 0.114717
89.6, 1, 0.114717
89.625, 1, 0.114717
89.65, 1, 0.114717
89.675, 1, 0.114717
89.7, 1, 0.114717
89.725, 1, 0.114717
89.75, 1, 0.114717
89.775, 1, 0.114717
89.8, 1, 0.114717
89.825, 1, 0.114717
89.85, 1, 0.114717
89.875, 1, 0.114717
89.9, 1, 0.114717
89.925, 1, 0.114717
89.95, 1, 0.114717
89.975, 1, 0.114717
90, 1, 0.114717
90.025, 1, 0.114701
90.05, 1, 0.114701
90.075, 1, 0.114717
90.1, 1, 0.114641
90.125, 1, 0.114641
90.15, 1, 0.114641
90.175, 1, 0.114641
90.2, 1, 0.114641
90.225, 1, 0.114641
90.25, 1, 0.114641
90.275, 1, 0.114302
90.3, 1, 0.114302
90.325, 1, 0.114302
90.35, 1, 0.114302
90.375, 1, 0.114302
90.4, 1, 0.114302
90.425, 1, 0.114302
90.45, 1, 0.114302
90.475, 1, 0.114302
90.5, 1, 0.113831
90.525, 1, 0.113831
90.55, 1, 0.113708
90.575, 1, 0.114054
90.6, 1, 0.114054
90.625, 1, 0.114557
90.65, 1, 0.114557
90.675, 1, 0.114557
90.7, 1, 0.115246
90.725, 1, 0.115246
90.75, 1, 0.116127
90.775, 1, 0.116127
90.8, 1, 0.116127
90.825, 1, 0.116127
90.85, 1, 0.116127
90.875, 1, 0.116127
90.9, 1, 0.116127
90.925, 1, 0.116127
90.95, 1, 0.116127
90.975, 1, 0.116127
91, 1, 0.116127
91.025, 1, 0.116127
91.05, 1, 0.116127
91.075, 1, 0.116127
91.1, 1, 0.118135
91.125, 1, 0.118135
91.15, 1, 0.120001
91.175, 1, 0.120001
91.2, 1, 0.121925
91.225, 1, 0.121925
91.25, 1, 0.123883
91.275, 1, 0.125921
91.3, 1, 0.128
91.325, 1, 0.128
91.35, 1, 0.130002
91.375, 1, 0.131975
91.4, 1, 0.133901
91.425, 1, 0.133901
91.45, 1, 0.133901
91.475, 1, 0.133901
91.5, 1, 0.133901
91.525, 1, 0.133901
91.55, 1, 0.133901
91.575, 1, 0.133901
91.6, 1, 0.133901
91.625, 1, 0.133901
91.65, 1, 0.133901
91.675, 1, 0.133901
91.7, 1, 0.133901
91.725, 1, 0.133901
91.75, 1, 0.133901
91.775, 1, 0.133901
91.8, 1, 0.133901
91.825, 1, 0.135531
91.85, 1, 0.135531
91.875, 1, 0.13692
91.9, 1, 0.138164
91.925, 1, 0.138164
91.95, 1, 0.139407
91.975, 1, 0.14072
92, 1, 0.142127
92.025, 1, 0.143643
92.05, 1, 0.145171
92.075, 1, 0.145171
92.1, 1, 0.146579
92.125, 1, 0.146579
92.15, 1, 0.146579
92.175, 1, 0.146579
92.2, 1, 0.146579
92.225, 1, 0.146579
92.25, 1, 0.146579
92.275, 1, 0.148181
92.3, 1, 0.149904
92.325, 1, 0.149904
92.35, 1, 0.151577
92.375, 1, 0.151577
92.4, 1, 0.151577
92.425, 1, 0.151577
92.45, 1, 0.153111
92.475, 1, 0.153111
92.5, 1, 0.154599
92.525, 1, 0.154599
92.55, 1, 0.156096
92.575, 1, 0.157586
92.6, 1, 0.159023
92.625, 1, 0.160381
92.65, 1, 0.16166
92.675, 1, 0.16166
92.7, 1, 0.16166
92.725, 1, 0.16166
92.75, 1, 0.16166
92.775, 1, 0.16166
92.8, 1, 0.162876
92.825, 1, 0.162876
92.85, 1, 0.162876
92.875, 1, 0.163968
92.9, 1, 0.164941
92.925, 1, 0.165801
92.95, 1, 0.165801
92.975, 1, 0.165801
93, 1, 0.165801
93.025, 1, 0.165801
93.05, 1, 0.165801
93.075, 1, 0.166631
93.1, 1, 0.167462
93.125, 1, 0.167462
93.15, 1, 0.167462
93.175, 1, 0.167462
93.2, 1, 0.167462
93.225, 1, 0.167462
93.25, 1, 0.167462
93.275, 1, 0.167462
93.3, 1, 0.167462
93.325, 1, 0.167462
93.35, 1, 0.167462
93.375, 1, 0.167462
93.4, 1, 0.167462
93.425, 1, 0.167462
93.45, 1, 0.167462
93.475, 1, 0.167462
93.5, 1, 0.167462
93.525, 1, 0.167462
93.55, 1, 0.167462
93.575, 1, 0.167462
93.6, 1, 0.167462
93.625, 1, 0.167462
93.65, 1, 0.167462
93.675, 1, 0.167462
93.7, 1, 0.167462
93.725, 1, 0.167462
93.75, 1, 0.167462
93.775, 1, 0.167462
93.8, 1, 0.167462
93.825, 1, 0.167462
93.85, 1, 0.167462
93.875, 1, 0.167462
93.9, 1, 0.167462
93.925, 1, 0.167462
93.95, 1, 0.167462
93.975, 1, 0.167462
94, 1, 0.167462
94.025, 1, 0.167462
94.05, 1, 0.167462
94.075, 1, 0.167462
94.1, 1, 0.167462
94.125, 1, 0.167462
94.15, 1, 0.167462
94.175, 1, 0.167462
94.2, 1, 0.167462
94.225, 1, 0.167462
94.25, 1, 0.167462
94.275, 1, 0.167462
94.3, 1, 0.167462
94.325, 1, 0.167462
94.35, 1, 0.167462
94.375, 1, 0.167462
94.4, 1, 0.167462
94.425, 1, 0.167462
94.45, 1, 0.167462
94.475, 1, 0.167462
94.5, 1, 0.167462
94.525, 1, 0.167462
94.55, 1, 0.167462
94.575, 1, 0.167462
94.6, 1, 0.167462
94.625, 1, 0.167462
94.65, 1, 0.167462
94.675, 1, 0.167462
94.7, 1, 0.167462
94.725, 1, 0.167462
94.75, 1, 0.167462
94.775, 1, 0.167462
94.8, 1, 0.167462
94.825, 1, 0.167462
94.85, 1, 0.167462
94.875, 1, 0.167462
94.9, 1, 0.167462
94.925, 1, 0.167462
94.95, 1, 0.167462
94.975, 1, 0.167462
95, 1, 0.167462
95.025, 1, 0.167462
95.05, 1, 0.167462
95.075, 1, 0.167462
95.1, 1, 0.167462
95.125, 1, 0.167462
95.15, 1, 0.167462
95.175, 1, 0.167462
95.2, 1, 0.167462
95.225, 1, 0.167462
95.25, 1, 0.167462
95.275, 1, 0.167462
95.3, 1, 0.167462
95.325, 1, 0.167462
95.35, 1, 0.167462
95.375, 1, 0.167462
95.4, 1, 0.167462
95.425, 1, 0.167462
95.45, 1, 0.167462
95.475, 1, 0.167462
95.5, 1, 0.167462
95.525, 1, 0.167462
95.55, 1, 0.167462
95.575, 1, 0.167462
95.6, 1, 0.167462
95.625, 1, 0.167462
95.65, 1, 0.167462
95.675, 1, 0.167462
95.7, 1, 0.167462
95.725, 1, 0.167462
95.75, 1, 0.167462
95.775, 1, 0.167462
95.8, 1, 0.167462
95.825, 1, 0.167462
95.85, 1, 0.167462
95.875, 1, 0.167462
95.9, 1, 0.167462
95.925, 1, 0.167462
95.95, 1, 0.167462
95.975, 1, 0.167462
96, 1, 0.167462
96.025, 1, 0.167462
96.05, 1, 0.167462
96.075, 1, 0.167462
96.1, 1, 0.167462
96.125, 1, 0.167462
96.15, 1, 0.167462
96.175, 1, 0.167462
96.2, 1, 0.167462
96.225, 1, 0.167462
96.25, 1, 0.167462
96.275, 1, 0.167462
96.3, 1, 0.167462
96.325, 1, 0.167462
96.35, 1, 0.167462
96.375, 1, 0.167462
96.4, 1, 0.167462
96.425, 1, 0.167462
96.45, 1, 0.167462
96.475, 1, 0.167462
96.5, 1, 0.167462
96.525, 1, 0.167462
96.55, 1, 0.167462
96.575, 1, 0.167462
96.6, 1, 0.167462
96.625, 1, 0.167462
96.65, 1, 0.167462
96.675, 1, 0.167462
96.7, 1, 0.167462
96.725, 1, 0.167462
96.75, 1, 0.167462
96.775, 1, 0.167462
96.8, 1, 0.167462
96.825, 1, 0.167462
96.85, 1, 0.167462
96.875, 1, 0.167462
96.9, 1, 0.167462
96.925, 1, 0.167462
96.95, 1, 0.167462
96.975, 1, 0.167462
97, 1, 0.167462
97.025, 1, 0.167462
97.05, 1, 0.167462
97.075, 1, 0.167462
97.1, 1, 0.167462
97.125, 1, 0.167462
97.15, 1, 0.167462
97.175, 1, 0.167462
97.2, 1, 0.167462
97.225, 1, 0.167462
97.25, 1, 0.167462
97.275, 1, 0.167462
97.3, 1, 0.167462
97.325, 1, 0.167462
97.35, 1, 0.167462
97.375, 1, 0.167462
97.4, 1, 0.167462
97.425, 1, 0.167462
97.45, 1, 0.167462
97.475, 1, 0.167462
97.5, 1, 0.167462
97.525, 1, 0.167462
97.55, 1, 0.167462
97.575, 1, 0.167462
97.6, 1, 0.167462
97.625, 1, 0.167462
97.65, 1, 0.167462
97.675, 1, 0.167462
97.7, 1, 0.167462
97.725, 1, 0.167462
97.75, 1, 0.167462
97.775, 1, 0.167462
97.8, 1, 0.167462
97.825, 1, 0.167462
97.85, 1, 0.167462
97.875, 1, 0.167462
97.9, 1, 0.167462
97.925, 1, 0.167462
97.95, 1, 0.167462
97.975, 1, 0.167462
98, 1, 0.167462
98.025, 1, 0.167462
98.05, 1, 0.167462
98.075, 1, 0.167462
98.1, 1, 0.167462
98.125, 1, 0.167462
98.15, 1, 0.167462
98.175, 1, 0.167462
98.2, 1, 0.167462
98.225, 1, 0.167462
98.25, 1, 0.167462
98.275, 1, 0.167462
98.3, 1, 0.167462
98.325, 1, 0.167462
98.35, 1, 0.167462
98.375, 1, 0.167462
98.4, 1, 0.167462
98.425, 1, 0.167462
98.45, 1, 0.167462
98.475, 1, 0.167462
98.5, 1, 0.167462
98.525, 1, 0.167462
98.55, 1, 0.167462
98.575, 1, 0.167462
98.6, 1, 0.167462
98.625, 1, 0.167462
98.65, 1, 0.167462
98.675, 1, 0.167462
98.7, 1, 0.167462
98.725, 1, 0.167462
98.75, 1, 0.167462
98.775, 1, 0.167462
98.8, 1, 0.167462
98.825, 1, 0.167462
98.85, 1, 0.167462
98.875, 1, 0.167462
98.9, 1, 0.167462
98.925, 1, 0.167462
98.95, 1, 0.167462
98.975, 1, 0.167462
99, 1, 0.167462
99.025, 1, 0.167462
99.05, 1, 0.167462
99.075, 1, 0.167462
99.1, 1, 0.167462
99.125, 1, 0.167462
99.15, 1, 0.167462
99.175, 1, 0.167462
99.2, 1, 0.167462
99.225, 1, 0.167462
99.25, 1, 0.167462
99.275, 1, 0.167462
99.3, 1, 0.167462
99.325, 1, 0.167462
99.35, 1, 0.167462
99.375, 1, 0.167462
99.4, 1, 0.167462
99.425, 1, 0.167462
99.45, 1, 0.167462
99.475, 1, 0.167462
99.5, 1, 0.167462
99.525, 1, 0.167462
99.55, 1, 0.167462
99.575, 1, 0.167462
99.6, 1, 0.167462
99.625, 1, 0.167462
99.65, 1, 0.167462
99.675, 1, 0.167462
99.7, 1, 0.167462
99.725, 1, 0.167462
99.75, 1, 0.167462
99.775, 1, 0.167462
99.8, 1, 0.167462
99.825, 1, 0.167462
99.85, 1, 0.167462
99.875, 1, 0.167462
99.9, 1, 0.167462
99.925, 1, 0.167462
99.95, 1, 0.167462
99.975, 1, 0.167462
100, 1, 0.167462
100.025, 1, 0.167462
100.05, 1, 0.167462
100.075, 1, 0.167462
100.1, 1, 0.167462
100.125, 1, 0.168104
100.15, 1, 0.168499
100.175, 1, 0.168499
100.2, 1, 0.168499
100.225, 1, 0.168499
100.25, 1, 0.168499
100.275, 1, 0.168499
100.3, 1, 0.167483
100.325, 1, 0.167483
100.35, 1, 0.166391
100.375, 1, 0.166391
100.4, 1, 0.166391
100.425, 1, 0.165193
100.45, 1, 0.165193
100.475, 1, 0.163859
100.5, 1, 0.163859
100.525, 1, 0.16259
100.55, 1, 0.16259
100.575, 1, 0.16259
100.6, 1, 0.16259
100.625, 1, 0.161386
100.65, 1, 0.160494
100.675, 1, 0.160494
100.7, 1, 0.160494
100.725, 1, 0.160494
100.75, 1, 0.160494
100.775, 1, 0.159624
100.8, 1, 0.159624
100.825, 1, 0.159084
100.85, 1, 0.159084
100.875, 1, 0.158864
100.9, 1, 0.158864
100.925, 1, 0.158754
100.95, 1, 0.158754
100.975, 1, 0.158754
101, 1, 0.158677
101.025, 1, 0.158677
101.05, 1, 0.158677
101.075, 1, 0.158677
101.1, 1, 0.158677
101.125, 1, 0.158677
101.15, 1, 0.158677
101.175, 1, 0.158677
101.2, 1, 0.158677
101.225, 1, 0.158673
101.25, 1, 0.158906
101.275, 1, 0.158906
101.3, 1, 0.158906
101.325, 1, 0.158906
101.35, 1, 0.158906
101.375, 1, 0.159469
101.4, 1, 0.159397
101.425, 1, 0.15874
101.45, 1, 0.157927
101.475, 1, 0.157253
101.5, 1, 0.156742
101.525, 1, 0.156742
101.55, 1, 0.156742
101.575, 1, 0.156742
101.6, 1, 0.156742
101.625, 1, 0.156064
101.65, 1, 0.156064
101.675, 1, 0.156064
101.7, 1, 0.155248
101.725, 1, 0.155248
101.75, 1, 0.155248
101.775, 1, 0.155248
101.8, 1, 0.155248
101.825, 1, 0.155248
101.85, 1, 0.155248
101.875, 1, 0.155248
101.9, 1, 0.155248
101.925, 1, 0.155248
101.95, 1, 0.155248
101.975, 1, 0.155248
102, 1, 0.155248
102.025, 1, 0.155248
102.05, 1, 0.155248
102.075, 1, 0.155248
102.1, 1, 0.155248
102.125, 1, 0.155248
102.15, 1, 0.155248
102.175, 1, 0.155248
102.2, 1, 0.155248
102.225, 1, 0.155248
102.25, 1, 0.155248
102.275, 1, 0.155248
102.3, 1, 0.154806
102.325, 1, 0.154806
102.35, 1, 0.154806
102.375, 1, 0.154806
102.4, 1, 0.154806
102.425, 1, 0.154806
102.45, 1, 0.154806
102.475, 1, 0.154434
102.5, 1, 0.154434
102.525, 1, 0.154344
102.55, 1, 0.154478
102.575, 1, 0.154843
102.6, 1, 0.155278
102.625, 1, 0.155278
102.65, 1, 0.155278
102.675, 1, 0.155278
102.7, 1, 0.155278
102.725, 1, 0.155278
102.75, 1, 0.155639
102.775, 1, 0.155639
102.8, 1, 0.155639
102.825, 1, 0.156136
102.85, 1, 0.156136
102.875, 1, 0.156562
102.9, 1, 0.156562
102.925, 1, 0.156736
102.95, 1, 0.156736
102.975, 1, 0.156736
103, 1, 0.156736
103.025, 1, 0.156736
103.05, 1, 0.156736
103.075, 1, 0.156743
103.1, 1, 0.156743
103.125, 1, 0.156743
103.15, 1, 0.156564
103.175, 1, 0.156564
103.2, 1, 0.156564
103.225, 1, 0.156209
103.25, 1, 0.156209
103.275, 1, 0.155689
103.3, 1, 0.155689
103.325, 1, 0.155689
103.35, 1, 0.155025
103.375, 1, 0.154249
103.4, 1, 0.154249
103.425, 1, 0.154249
103.45, 1, 0.153549
103.475, 1, 0.152929
103.5, 1, 0.152929
103.525, 1, 0.1523
103.55, 1, 0.1523
103.575, 1, 0.1523
103.6, 1, 0.1523
103.625, 1, 0.1523
103.65, 1, 0.151816
103.675, 1, 0.151816
103.7, 1, 0.151816
103.725, 1, 0.151816
103.75, 1, 0.151816
103.775, 1, 0.151816
103.8, 1, 0.151816
103.825, 1, 0.151816
103.85, 1, 0.151816
103.875, 1, 0.151816
103.9, 1, 0.151816
103.925, 1, 0.151816
103.95, 1, 0.151816
103.975, 1, 0.151816
104, 1, 0.151816
104.025, 1, 0.151816
104.05, 1, 0.151816
104.075, 1, 0.151816
104.1, 1, 0.151816
104.125, 1, 0.151816
104.15, 1, 0.151816
104.175, 1, 0.151816
104.2, 1, 0.151816
104.225, 1, 0.151816
104.25, 1, 0.151816
104.275, 1, 0.151816
104.3, 1, 0.151816
104.325, 1, 0.151816
104.35, 1, 0.151816
104.375, 1, 0.151816
104.4, 1, 0.151816
104.425, 1, 0.151816
104.45, 1, 0.151816
104.475, 1, 0.151816
104.5, 1, 0.151816
104.525, 1, 0.151816
104.55, 1, 0.151816
104.575, 1, 0.151816
104.6, 1, 0.151816
104.625, 1, 0.151816
104.65, 1, 0.151816
104.675, 1, 0.151816
104.7, 1, 0.151816
104.725, 1, 0.151816
104.75, 1, 0.151816
104.775, 1, 0.151816
104.8, 1, 0.151816
104.825, 1, 0.151816
104.85, 1, 0.151816
104.875, 1, 0.151816
104.9, 1, 0.151816
104.925, 1, 0.151816
104.95, 1, 0.151816
104.975, 1, 0.151816
105, 1, 0.151816
105.025, 1, 0.151816
105.05, 1, 0.151816
105.075, 1, 0.151816
105.1, 1, 0.151816
105.125, 1, 0.151816
105.15, 1, 0.151816
105.175, 1, 0.151816
105.2, 1, 0.151816
105.225, 1, 0.151816
105.25, 1, 0.151816
105.275, 1, 0.151816
105.3, 1, 0.151816
105.325, 1, 0.151816
105.35, 1, 0.151816
105.375, 1, 0.151816
105.4, 1, 0.151816
105.425, 1, 0.151816
105.45, 1, 0.151816
105.475, 1, 0.151816
105.5, 1, 0.151816
105.525, 1, 0.151816
105.55, 1, 0.151816
105.575, 1, 0.151816
105.6, 1, 0.151816
105.625, 1, 0.151816
105.65, 1, 0.151816
105.675, 1, 0.151816
105.7, 1, 0.151816
105.725, 1, 0.151816
105.75, 1, 0.151816
105.775, 1, 0.151816
105.8, 1, 0.151816
105.825, 1, 0.151816
105.85, 1, 0.151816
105.875, 1, 0.151816
105.9, 1, 0.151816
105.925, 1, 0.151816
105.95, 1, 0.151816
105.975, 1, 0.151816
106, 1, 0.151816
106.025, 1, 0.151816
106.05, 1, 0.151816
106.075, 1, 0.151816
106.1, 1, 0.151816
106.125, 1, 0.151816
106.15, 1, 0.151816
106.175, 1, 0.151816
106.2, 1, 0.151816
106.225, 1, 0.151816
106.25, 1, 0.151816
106.275, 1, 0.151816
106.3, 1, 0.151816
106.325, 1, 0.151816
106.35, 1, 0.151816
106.375, 1, 0.151816
106.4, 1, 0.151816
106.425, 1, 0.151816
106.45, 1, 0.151816
106.475, 1, 0.151816
106.5, 1, 0.151816
106.525, 1, 0.151816
106.55, 1, 0.151816
106.575, 1, 0.151816
106.6, 1, 0.151816
106.625, 1, 0.151816
106.65, 1, 0.151816
106.675, 1, 0.151816
106.7, 1, 0.151816
106.725, 1, 0.151816
106.75, 1, 0.151816
106.775, 1, 0.151816
106.8, 1, 0.151816
106.825, 1, 0.151816
106.85, 1, 0.151816
106.875, 1, 0.151816
106.9, 1, 0.151816
106.925, 1, 0.151816
106.95, 1, 0.151816
106.975, 1, 0.151816
107, 1, 0.151816
107.025, 1, 0.151816
107.05, 1, 0.151816
107.075, 1, 0.151816
107.1, 1, 0.151816
107.125, 1, 0.151816
107.15, 1, 0.151816
107.175, 1, 0.151816
107.2, 1, 0.151816
107.225, 1, 0.151816
107.25, 1, 0.151816
107.275, 1, 0.151816
107.3, 1, 0.151816
107.325, 1, 0.151816
107.35, 1, 0.151816
107.375, 1, 0.151816
107.4, 1, 0.151816
107.425, 1, 0.151816
107.45, 1, 0.151816
107.475, 1, 0.151816
107.5, 1, 0.151816
107.525, 1, 0.151816
107.55, 1, 0.151816
107.575, 1, 0.151816
107.6, 1, 0.151816
107.625, 1, 0.151816
107.65, 1, 0.151816
107.675, 1, 0.151816
107.7, 1, 0.151816
107.725, 1, 0.151816
107.75, 1, 0.151816
107.775, 1, 0.151816
107.8, 1, 0.151816
107.825, 1, 0.151816
107.85, 1, 0.151816
107.875, 1, 0.151816
107.9, 1, 0.151816
107.925, 1, 0.151816
107.95, 1, 0.151816
107.975, 1, 0.151816
108, 1, 0.151816
108.025, 1, 0.151816
108.05, 1, 0.151816
108.075, 1, 0.151816
108.1, 1, 0.151816
108.125, 1, 0.151816
108.15, 1, 0.151816
108.175, 1, 0.151816
108.2, 1, 0.151816
108.225, 1, 0.151816
108.25, 1, 0.151816
108.275, 1, 0.151816
108.3, 1, 0.151816
108.325, 1, 0.151816
108.35, 1, 0.151816
108.375, 1, 0.151816
108.4, 1, 0.151816
108.425, 1, 0.151816
108.45, 1, 0.151816
108.475, 1, 0.151816
108.5, 1, 0.151816
108.525, 1, 0.151816
108.55, 1, 0.151816
108.575, 1, 0.151816
108.6, 1, 0.151816
108.625, 1, 0.151816
108.65, 1, 0.151816
108.675, 1, 0.151816
108.7, 1, 0.151816
108.725, 1, 0.151816
108.75, 1, 0.151816
108.775, 1, 0.151816
108.8, 1, 0.151816
108.825, 1, 0.151816
108.85, 1, 0.151816
108.875, 1, 0.151816
108.9, 1, 0.151816
108.925, 1, 0.151816
108.95, 1, 0.151816
108.975, 1, 0.151816
109, 1, 0.151816
109.025, 1, 0.151816
109.05, 1, 0.151816
109.075, 1, 0.151816
109.1, 1, 0.151816
109.125, 1, 0.151816
109.15, 1, 0.151816
109.175, 1, 0.151816
109.2, 1, 0.151816
109.225, 1, 0.151816
109.25, 1, 0.151816
109.275, 1, 0.151816
109.3, 1, 0.151816
109.325, 1, 0.151816
109.35, 1, 0.151816
109.375, 1, 0.151816
109.4, 1, 0.151816
109.425, 1, 0.151816
109.45, 1, 0.151816
109.475, 1, 0.151816
109.5, 1, 0.151816
109.525, 1, 0.151816
109.55, 1, 0.151816
109.575, 1, 0.151816
109.6, 1, 0.151816
109.625, 1, 0.151816
109.65, 1, 0.151816
109.675, 1, 0.151816
109.7, 1, 0.151816
109.725, 1, 0.151816
109.75, 1, 0.151816
109.775, 1, 0.151816
109.8, 1, 0.151816
109.825, 1, 0.151816
109.85, 1, 0.151816
109.875, 1, 0.151816
109.9, 1, 0.151816
109.925, 1, 0.151816
109.95, 1, 0.151816
109.975, 1, 0.151816
