0, 1, 2.00202
0.025, 1, 2.00202
0.05, 1, 2.00202
0.075, 1, 2.00202
0.1, 1, 1.42221
0.125, 1, 1.42221
0.15, 1, 1.42221
0.175, 1, 1.42221
0.2, 1, 1.42221
0.225, 1, -0.30735
0.25, 1, 0.0485038
0.275, 1, 0.0485038
0.3, 1, 0.0485038
0.325, 1, 0.0485038
0.35, 1, 0.0485038
0.375, 1, 0.0485038
0.4, 1, 0.0485038
0.425, 1, 0.0485038
0.45, 1, 0.0485038
0.475, 1, 0.0485038
0.5, 1, 0.0485038
0.525, 1, 0.501701
0.55, 1, 0.631045
0.575, 1, 0.631045
0.6, 1, 0.631045
0.625, 1, 0.631045
0.65, 1, 0.631045
0.675, 1, 0.893679
0.7, 1, 0.893679
0.725, 1, 0.893679
0.75, 1, 0.893679
0.775, 1, 0.893679
0.8, 1, 0.893679
0.825, 1, 0.893679
0.85, 1, 0.893679
0.875, 1, 0.893679
0.9, 1, 0.893679
0.925, 1, 0.893679
0.95, 1, 0.893679
0.975, 1, 0.893679
1, 1, 0.893679
1.025, 1, 0.893679
1.05, 1, 0.893679
1.075, 1, 0.893679
1.1, 1, 0.893679
1.125, 1, 0.893679
1.15, 1, 0.893679
1.175, 1, 0.893679
1.2, 1, 0.893679
1.225, 1, 0.893679
1.25, 1, 0.806497
1.275, 1, 0.771427
1.3, 1, 0.771427
1.325, 1, 0.771427
1.35, 1, 0.771427
1.375, 1, 0.771427
1.4, 1, 0.771427
1.425, 1, 0.734815
1.45, 1, 0.734815
1.475, 1, 0.734815
1.5, 1, 0.734815
1.525, 1, 0.734815
1.55, 1, 0.734815
1.575, 1, 0.734815
1.6, 1, 0.734815
1.625, 1, 0.734815
1.65, 1, 0.734815
1.675, 1, 0.734815
1.7, 1, 0.734815
1.725, 1, 0.734815
1.75, 1, 0.734815
1.775, 1, 0.734815
1.8, 1, 0.734815
1.825, 1, 0.734815
1.85, 1, 0.734815
1.875, 1, 0.734815
1.9, 1, 0.734815
1.925, 1, 0.600129
1.95, 1, 0.600129
1.975, 1, 0.600129
2, 1, 0.600129
2.025, 1, 0.600129
2.05, 1, 0.574131
2.075, 1, 0.574131
2.1, 1, 0.574131
2.125, 1, 0.574131
2.15, 1, 0.574131
2.175, 1, 0.550954
2.2, 1, 0.550954
2.225, 1, 0.550954
2.25, 1, 0.545927
2.275, 1, 0.540911
2.3, 1, 0.540911
2.325, 1, 0.540911
2.35, 1, 0.540911
2.375, 1, 0.540911
2.4, 1, 0.540911
2.425, 1, 0.541884
2.45, 1, 0.541884
2.475, 1, 0.537544
2.5, 1, 0.537544
2.525, 1, 0.537544
2.55, 1, 0.537544
2.575, 1, 0.536921
2.6, 1, 0.536921
2.625, 1, 0.536921
2.65, 1, 0.536921
2.675, 1, 0.536921
2.7, 1, 0.537395
2.725, 1, 0.537395
2.75, 1, 0.537395
2.775, 1, 0.534806
2.8, 1, 0.534806
2.825, 1, 0.534806
2.85, 1, 0.532413
2.875, 1, 0.532413
2.9, 1, 0.532413
2.925, 1, 0.532413
2.95, 1, 0.532413
2.975, 1, 0.53247
3, 1, 0.53247
3.025, 1, 0.532416
3.05, 1, 0.532416
3.075, 1, 0.532416
3.1, 1, 0.532416
3.125, 1, 0.532416
3.15, 1, 0.532416
3.175, 1, 0.532416
3.2, 1, 0.532416
3.225, 1, 0.532416
3.25, 1, 0.530177
3.275, 1, 0.529102
3.3, 1, 0.529102
3.325, 1, 0.529102
3.35, 1, 0.526555
3.375, 1, 0.526555
3.4, 1, 0.526555
3.425, 1, 0.526365
3.45, 1, 0.526365
3.475, 1, 0.526365
3.5, 1, 0.526365
3.525, 1, 0.526365
3.55, 1, 0.526365
3.575, 1, 0.526365
3.6, 1, 0.526365
3.625, 1, 0.526365
3.65, 1, 0.526365
3.675, 1, 0.526365
3.7, 1, 0.526365
3.725, 1, 0.526365
3.75, 1, 0.526365
3.775, 1, 0.526365
3.8, 1, 0.526365
3.825, 1, 0.526365
3.85, 1, 0.526365
3.875, 1, 0.526365
3.9, 1, 0.526365
3.925, 1, 0.526365
3.95, 1, 0.526365
3.975, 1, 0.526365
4, 1, 0.526365
4.025, 1, 0.526365
4.05, 1, 0.526365
4.075, 1, 0.526365
4.1, 1, 0.53872
4.125, 1, 0.53872
4.15, 1, 0.53872
4.175, 1, 0.53872
4.2, 1, 0.53872
4.225, 1, 0.53872
4.25, 1, 0.53872
4.275, 1, 0.528331
4.3, 1, 0.528331
4.325, 1, 0.528331
4.35, 1, 0.528331
4.375, 1, 0.528331
4.4, 1, 0.528331
4.425, 1, 0.534209
4.45, 1, 0.529874
4.475, 1, 0.529874
4.5, 1, 0.529874
4.525, 1, 0.529874
4.55, 1, 0.529874
4.575, 1, 0.529874
4.6, 1, 0.529874
4.625, 1, 0.529874
4.65, 1, 0.529874
4.675, 1, 0.529874
4.7, 1, 0.529874
4.725, 1, 0.529874
4.75, 1, 0.529874
4.775, 1, 0.529874
4.8, 1, 0.529874
4.825, 1, 0.529874
4.85, 1, 0.529874
4.875, 1, 0.529874
4.9, 1, 0.529874
4.925, 1, 0.529874
4.95, 1, 0.529874
4.975, 1, 0.529874
5, 1, 0.529874
5.025, 1, 0.529874
5.05, 1, 0.529874
5.075, 1, 0.529874
5.1, 1, 0.529874
5.125, 1, 0.529874
5.15, 1, 0.529874
5.175, 1, 0.529874
5.2, 1, 0.529874
5.225, 1, 0.529874
5.25, 1, 0.529874
5.275, 1, 0.529874
5.3, 1, 0.529874
5.325, 1, 0.529874
5.35, 1, 0.529874
5.375, 1, 0.529874
5.4, 1, 0.529874
5.425, 1, 0.529874
5.45, 1, 0.529874
5.475, 1, 0.529874
5.5, 1, 0.529874
5.525, 1, 0.523758
5.55, 1, 0.523758
5.575, 1, 0.523758
5.6, 1, 0.523758
5.625, 1, 0.523758
5.65, 1, 0.523758
5.675, 1, 0.511774
5.7, 1, 0.511774
5.725, 1, 0.494954
5.75, 1, 0.480048
5.775, 1, 0.480048
5.8, 1, 0.480048
5.825, 1, 0.469818
5.85, 1, 0.469818
5.875, 1, 0.469818
5.9, 1, 0.469818
5.925, 1, 0.469818
5.95, 1, 0.469818
5.975, 1, 0.469818
6, 1, 0.458444
6.025, 1, 0.458444
6.05, 1, 0.458444
6.075, 1, 0.458444
6.1, 1, 0.452361
6.125, 1, 0.452361
6.15, 1, 0.452361
6.175, 1, 0.446631
6.2, 1, 0.446631
6.225, 1, 0.446631
6.25, 1, 0.446631
6.275, 1, 0.446631
6.3, 1, 0.446631
6.325, 1, 0.4294
6.35, 1, 0.417573
6.375, 1, 0.417573
6.4, 1, 0.417573
6.425, 1, 0.417573
6.45, 1, 0.414579
6.475, 1, 0.412889
6.5, 1, 0.412889
6.525, 1, 0.412889
6.55, 1, 0.412889
6.575, 1, 0.412889
6.6, 1, 0.412889
6.625, 1, 0.412889
6.65, 1, 0.412889
6.675, 1, 0.412889
6.7, 1, 0.412889
6.725, 1, 0.412889
6.75, 1, 0.412889
6.775, 1, 0.412889
6.8, 1, 0.412889
6.825, 1, 0.412889
6.85, 1, 0.412889
6.875, 1, 0.412889
6.9, 1, 0.412889
6.925, 1, 0.412889
6.95, 1, 0.412889
6.975, 1, 0.412889
7, 1, 0.412889
7.025, 1, 0.412889
7.05, 1, 0.412889
7.075, 1, 0.412889
7.1, 1, 0.412889
7.125, 1, 0.412889
7.15, 1, 0.412889
7.175, 1, 0.412889
7.2, 1, 0.412889
7.225, 1, 0.412889
7.25, 1, 0.412889
7.275, 1, 0.412889
7.3, 1, 0.360694
7.325, 1, 0.360694
7.35, 1, 0.328308
7.375, 1, 0.328308
7.4, 1, 0.29982
7.425, 1, 0.278067
7.45, 1, 0.278067
7.475, 1, 0.278067
7.5, 1, 0.278067
7.525, 1, 0.263048
7.55, 1, 0.263048
7.575, 1, 0.251458
7.6, 1, 0.251458
7.625, 1, 0.241694
7.65, 1, 0.241694
7.675, 1, 0.232285
7.7, 1, 0.232285
7.725, 1, 0.232285
7.75, 1, 0.232285
7.775, 1, 0.232285
7.8, 1, 0.228167
7.825, 1, 0.228167
7.85, 1, 0.228167
7.875, 1, 0.228167
7.9, 1, 0.228167
7.925, 1, 0.228167
7.95, 1, 0.228167
7.975, 1, 0.229285
8, 1, 0.229285
8.025, 1, 0.229285
8.05, 1, 0.229285
8.075, 1, 0.229285
8.1, 1, 0.229285
8.125, 1, 0.229285
8.15, 1, 0.229066
8.175, 1, 0.229066
8.2, 1, 0.229066
8.225, 1, 0.227279
8.25, 1, 0.227279
8.275, 1, 0.227279
8.3, 1, 0.224776
8.325, 1, 0.224776
8.35, 1, 0.224776
8.375, 1, 0.224776
8.4, 1, 0.224776
8.425, 1, 0.224776
8.45, 1, 0.224776
8.475, 1, 0.224776
8.5, 1, 0.224776
8.525, 1, 0.224776
8.55, 1, 0.224776
8.575, 1, 0.224776
8.6, 1, 0.224776
8.625, 1, 0.224776
8.65, 1, 0.224776
8.675, 1, 0.224776
8.7, 1, 0.215532
8.725, 1, 0.215532
8.75, 1, 0.207177
8.775, 1, 0.19735
8.8, 1, 0.19735
8.825, 1, 0.19735
8.85, 1, 0.19735
8.875, 1, 0.19735
8.9, 1, 0.19735
8.925, 1, 0.19735
8.95, 1, 0.19735
8.975, 1, 0.19735
9, 1, 0.196552
9.025, 1, 0.196552
9.05, 1, 0.196552
9.075, 1, 0.196552
9.1, 1, 0.183883
9.125, 1, 0.1711
9.15, 1, 0.160892
9.175, 1, 0.160892
9.2, 1, 0.154603
9.225, 1, 0.154603
9.25, 1, 0.154603
9.275, 1, 0.154603
9.3, 1, 0.154603
9.325, 1, 0.154603
9.35, 1, 0.154603
9.375, 1, 0.145242
9.4, 1, 0.145242
9.425, 1, 0.145242
9.45, 1, 0.145242
9.475, 1, 0.145242
9.5, 1, 0.145242
9.525, 1, 0.145242
9.55, 1, 0.145242
9.575, 1, 0.145242
9.6, 1, 0.140889
9.625, 1, 0.139022
9.65, 1, 0.139022
9.675, 1, 0.139022
9.7, 1, 0.139022
9.725, 1, 0.139022
9.75, 1, 0.139022
9.775, 1, 0.139022
9.8, 1, 0.137374
9.825, 1, 0.137374
9.85, 1, 0.137374
9.875, 1, 0.137374
9.9, 1, 0.137374
9.925, 1, 0.137374
9.95, 1, 0.137374
9.975, 1, 0.137374
10, 1, 0.137374
10.025, 1, 0.137374
10.05, 1, 0.137374
10.075, 1, 0.137374
10.1, 1, 0.137374
10.125, 1, 0.137374
10.15, 1, 0.137374
10.175, 1, 0.137374
10.2, 1, 0.137374
10.225, 1, 0.137374
10.25, 1, 0.137374
10.275, 1, 0.137374
10.3, 1, 0.137374
10.325, 1, 0.137374
10.35, 1, 0.137374
10.375, 1, 0.137374
10.4, 1, 0.137374
10.425, 1, 0.137374
10.45, 1, 0.137374
10.475, 1, 0.137374
10.5, 1, 0.137374
10.525, 1, 0.114512
10.55, 1, 0.114512
10.575, 1, 0.114512
10.6, 1, 0.114512
10.625, 1, 0.114512
10.65, 1, 0.114512
10.675, 1, 0.104175
10.7, 1, 0.104175
10.725, 1, 0.100087
10.75, 1, 0.100087
10.775, 1, 0.0977782
10.8, 1, 0.0977782
10.825, 1, 0.0977782
10.85, 1, 0.0991401
10.875, 1, 0.0991401
10.9, 1, 0.0991401
10.925, 1, 0.0991401
10.95, 1, 0.0991401
10.975, 1, 0.0985848
11, 1, 0.0983126
11.025, 1, 0.0983126
11.05, 1, 0.0983126
11.075, 1, 0.0983126
11.1, 1, 0.0983126
11.125, 1, 0.103812
11.15, 1, 0.103812
11.175, 1, 0.103812
11.2, 1, 0.103812
11.225, 1, 0.103812
11.25, 1, 0.103812
11.275, 1, 0.103812
11.3, 1, 0.103812
11.325, 1, 0.103812
11.35, 1, 0.103812
11.375, 1, 0.103812
11.4, 1, 0.103812
11.425, 1, 0.103812
11.45, 1, 0.103812
11.475, 1, 0.103812
11.5, 1, 0.103812
11.525, 1, 0.103812
11.55, 1, 0.103812
11.575, 1, 0.103812
11.6, 1, 0.110668
11.625, 1, 0.110668
11.65, 1, 0.110668
11.675, 1, 0.110668
11.7, 1, 0.110668
11.725, 1, 0.110668
11.75, 1, 0.110668
11.775, 1, 0.110668
11.8, 1, 0.110668
11.825, 1, 0.110668
11.85, 1, 0.110668
11.875, 1, 0.110668
11.9, 1, 0.110668
11.925, 1, 0.110668
11.95, 1, 0.101003
11.975, 1, 0.101003
12, 1, 0.101003
12.025, 1, 0.101003
12.05, 1, 0.101003
12.075, 1, 0.101003
12.1, 1, 0.101003
12.125, 1, 0.101003
12.15, 1, 0.101003
12.175, 1, 0.101003
12.2, 1, 0.101003
12.225, 1, 0.101003
12.25, 1, 0.101003
12.275, 1, 0.101003
12.3, 1, 0.0819705
12.325, 1, 0.0819705
12.35, 1, 0.0819705
12.375, 1, 0.0819705
12.4, 1, 0.0793078
12.425, 1, 0.0793078
12.45, 1, 0.0793078
12.475, 1, 0.0793078
12.5, 1, 0.0793078
12.525, 1, 0.0793078
12.55, 1, 0.0793078
12.575, 1, 0.0793078
12.6, 1, 0.067272
12.625, 1, 0.067272
12.65, 1, 0.067272
12.675, 1, 0.067272
12.7, 1, 0.0680083
12.725, 1, 0.0680083
12.75, 1, 0.0680083
12.775, 1, 0.0680083
12.8, 1, 0.0680083
12.825, 1, 0.0680083
12.85, 1, 0.0680083
12.875, 1, 0.0694588
12.9, 1, 0.0694588
12.925, 1, 0.0694588
12.95, 1, 0.0694588
12.975, 1, 0.0699651
13, 1, 0.0699563
13.025, 1, 0.0699563
13.05, 1, 0.0699563
13.075, 1, 0.0699563
13.1, 1, 0.0699563
13.125, 1, 0.0699563
13.15, 1, 0.0696517
13.175, 1, 0.0696517
13.2, 1, 0.0696517
13.225, 1, 0.0696517
13.25, 1, 0.0696517
13.275, 1, 0.0696517
13.3, 1, 0.0696517
13.325, 1, 0.0696517
13.35, 1, 0.0651707
13.375, 1, 0.0635283
13.4, 1, 0.0635283
13.425, 1, 0.0635283
13.45, 1, 0.0635283
13.475, 1, 0.0665973
13.5, 1, 0.0665973
13.525, 1, 0.0665973
13.55, 1, 0.0665973
13.575, 1, 0.0665973
13.6, 1, 0.0665973
13.625, 1, 0.0665973
13.65, 1, 0.0665973
13.675, 1, 0.0616336
13.7, 1, 0.0616336
13.725, 1, 0.0616336
13.75, 1, 0.0616336
13.775, 1, 0.0616336
13.8, 1, 0.0616336
13.825, 1, 0.0616336
13.85, 1, 0.0616336
13.875, 1, 0.0616336
13.9, 1, 0.072374
13.925, 1, 0.072374
13.95, 1, 0.072374
13.975, 1, 0.072374
14, 1, 0.072374
14.025, 1, 0.072374
14.05, 1, 0.072374
14.075, 1, 0.072374
14.1, 1, 0.0765073
14.125, 1, 0.0767306
14.15, 1, 0.0767306
14.175, 1, 0.0767306
14.2, 1, 0.0767306
14.225, 1, 0.0767306
14.25, 1, 0.0767306
14.275, 1, 0.0767306
14.3, 1, 0.0767306
14.325, 1, 0.0767306
14.35, 1, 0.0767306
14.375, 1, 0.0767306
14.4, 1, 0.0767306
14.425, 1, 0.0767306
14.45, 1, 0.0767306
14.475, 1, 0.0767306
14.5, 1, 0.0767306
14.525, 1, 0.0767306
14.55, 1, 0.0767306
14.575, 1, 0.0767306
14.6, 1, 0.0767306
14.625, 1, 0.0767306
14.65, 1, 0.0798354
14.675, 1, 0.0798354
14.7, 1, 0.0798354
14.725, 1, 0.0798354
14.75, 1, 0.0843292
14.775, 1, 0.0843292
14.8, 1, 0.0843292
14.825, 1, 0.0843292
14.85, 1, 0.0843292
14.875, 1, 0.0843292
14.9, 1, 0.0849894
14.925, 1, 0.0849894
14.95, 1, 0.0849894
14.975, 1, 0.0849894
15, 1, 0.0849894
15.025, 1, 0.0849894
15.05, 1, 0.0849894
15.075, 1, 0.0849894
15.1, 1, 0.0729521
15.125, 1, 0.0729521
15.15, 1, 0.0729521
15.175, 1, 0.0729521
15.2, 1, 0.0729521
15.225, 1, 0.0729521
15.25, 1, 0.0729521
15.275, 1, 0.0729521
15.3, 1, 0.0729521
15.325, 1, 0.0729521
15.35, 1, 0.0729521
15.375, 1, 0.0729521
15.4, 1, 0.0729521
15.425, 1, 0.0729521
15.45, 1, 0.0729521
15.475, 1, 0.0729521
15.5, 1, 0.0729521
15.525, 1, 0.0729521
15.55, 1, 0.0563667
15.575, 1, 0.0563667
15.6, 1, 0.0563667
15.625, 1, 0.0477121
15.65, 1, 0.0477121
15.675, 1, 0.0477121
15.7, 1, 0.0477121
15.725, 1, 0.0477121
15.75, 1, 0.0478042
15.775, 1, 0.0478042
15.8, 1, 0.0495118
15.825, 1, 0.0495118
15.85, 1, 0.0495118
15.875, 1, 0.0495118
15.9, 1, 0.0495118
15.925, 1, 0.0533213
15.95, 1, 0.0533213
15.975, 1, 0.0533213
16, 1, 0.0533213
16.025, 1, 0.0556553
16.05, 1, 0.0556553
16.075, 1, 0.0556553
16.1, 1, 0.0556553
16.125, 1, 0.0556553
16.15, 1, 0.0556553
16.175, 1, 0.0556553
16.2, 1, 0.0556553
16.225, 1, 0.0556553
16.25, 1, 0.0556553
16.275, 1, 0.0556553
16.3, 1, 0.0552585
16.325, 1, 0.0552585
16.35, 1, 0.0552585
16.375, 1, 0.0552585
16.4, 1, 0.0540901
16.425, 1, 0.0540901
16.45, 1, 0.0540901
16.475, 1, 0.0540901
16.5, 1, 0.0540901
16.525, 1, 0.0540901
16.55, 1, 0.0540901
16.575, 1, 0.0528965
16.6, 1, 0.0528965
16.625, 1, 0.0504966
16.65, 1, 0.0468391
16.675, 1, 0.0468391
16.7, 1, 0.0468391
16.725, 1, 0.0588316
16.75, 1, 0.0588316
16.775, 1, 0.0588316
16.8, 1, 0.0588316
16.825, 1, 0.0588316
16.85, 1, 0.0588316
16.875, 1, 0.0588316
16.9, 1, 0.0588316
16.925, 1, 0.0588316
16.95, 1, 0.0588316
16.975, 1, 0.0588316
17, 1, 0.0588316
17.025, 1, 0.0588316
17.05, 1, 0.0588316
17.075, 1, 0.0588316
17.1, 1, 0.0588316
17.125, 1, 0.0588316
17.15, 1, 0.0588316
17.175, 1, 0.0588316
17.2, 1, 0.0588316
17.225, 1, 0.0588316
17.25, 1, 0.0588316
17.275, 1, 0.0588316
17.3, 1, 0.0607032
17.325, 1, 0.0607032
17.35, 1, 0.0607032
17.375, 1, 0.0564242
17.4, 1, 0.0529798
17.425, 1, 0.0529798
17.45, 1, 0.0529798
17.475, 1, 0.0529798
17.5, 1, 0.0509974
17.525, 1, 0.0509974
17.55, 1, 0.0511364
17.575, 1, 0.0511364
17.6, 1, 0.0511364
17.625, 1, 0.0511364
17.65, 1, 0.0513899
17.675, 1, 0.0513899
17.7, 1, 0.0513899
17.725, 1, 0.0513899
17.75, 1, 0.0513899
17.775, 1, 0.0515
17.8, 1, 0.0515
17.825, 1, 0.0515
17.85, 1, 0.0515
17.875, 1, 0.0515
17.9, 1, 0.0515
17.925, 1, 0.0515
17.95, 1, 0.0515
17.975, 1, 0.0515
18, 1, 0.0515
18.025, 1, 0.0515
18.05, 1, 0.0515
18.075, 1, 0.0515
18.1, 1, 0.0515
18.125, 1, 0.0295048
18.15, 1, 0.0054859
18.175, 1, 0.0054859
18.2, 1, 0.0054859
18.225, 1, 0.0054859
18.25, 1, 0.0054859
18.275, 1, -0.00816851
18.3, 1, -0.00168745
18.325, 1, 0.00175841
18.35, 1, 0.0020299
18.375, 1, 0.0020299
18.4, 1, 0.0020299
18.425, 1, 0.0020299
18.45, 1, 0.0020299
18.475, 1, 0.0020299
18.5, 1, 0.0020299
18.525, 1, 0.0020299
18.55, 1, 0.0020299
18.575, 1, 0.0020299
18.6, 1, 0.0020299
18.625, 1, 0.0020299
18.65, 1, 0.0020299
18.675, 1, 0.0020299
18.7, 1, 0.0020299
18.725, 1, 0.0020299
18.75, 1, 0.0020299
18.775, 1, 0.0020299
18.8, 1, 0.0020299
18.825, 1, 0.0020299
18.85, 1, 0.0020299
18.875, 1, 0.0114349
18.9, 1, 0.0114349
18.925, 1, 0.0114349
18.95, 1, 0.0114349
18.975, 1, 0.0114349
19, 1, 0.0114349
19.025, 1, 0.0130993
19.05, 1, 0.0130993
19.075, 1, 0.0130993
19.1, 1, 0.0141904
19.125, 1, 0.0141904
19.15, 1, 0.0141904
19.175, 1, 0.0141904
19.2, 1, 0.0141904
19.225, 1, 0.0149001
19.25, 1, 0.0149001
19.275, 1, 0.0149001
19.3, 1, 0.0148628
19.325, 1, 0.0148628
19.35, 1, 0.0148628
19.375, 1, 0.0149131
19.4, 1, 0.0149131
19.425, 1, 0.0149131
19.45, 1, 0.0149131
19.475, 1, 0.0149131
19.5, 1, 0.0149131
19.525, 1, 0.0149131
19.55, 1, 0.0149131
19.575, 1, 0.0152817
19.6, 1, 0.0152817
19.625, 1, 0.0152817
19.65, 1, 0.0152817
19.675, 1, 0.0152817
19.7, 1, 0.015939
19.725, 1, 0.015939
19.75, 1, 0.0165448
19.775, 1, 0.0196847
19.8, 1, 0.0196847
19.825, 1, 0.0196847
19.85, 1, 0.0196847
19.875, 1, 0.0196847
19.9, 1, 0.0196847
19.925, 1, 0.0196847
19.95, 1, 0.0290476
19.975, 1, 0.0290476
20, 1, 0.0290476
20.025, 1, 0.0290476
20.05, 1, 0.0290476
20.075, 1, 0.0290476
20.1, 1, 0.02564
20.125, 1, 0.02564
20.15, 1, 0.02564
20.175, 1, 0.0232858
20.2, 1, 0.0232858
20.225, 1, 0.0232858
20.25, 1, 0.0232858
20.275, 1, 0.0232858
20.3, 1, 0.0232858
20.325, 1, 0.0181628
20.35, 1, 0.0147175
20.375, 1, 0.0121062
20.4, 1, 0.0104573
20.425, 1, 0.0104573
20.45, 1, 0.00876949
20.475, 1, 0.00876949
20.5, 1, 0.00876949
20.525, 1, 0.00701481
20.55, 1, 0.00701481
20.575, 1, 0.00701481
20.6, 1, 0.00701481
20.625, 1, 0.00701481
20.65, 1, 0.00701481
20.675, 1, 0.00701481
20.7, 1, 0.00701481
20.725, 1, 0.00701481
20.75, 1, 0.00701481
20.775, 1, 0.00701481
20.8, 1, 0.00709511
20.825, 1, 0.00709511
20.85, 1, 0.00709511
20.875, 1, 0.00778164
20.9, 1, 0.00778164
20.925, 1, 0.00778164
20.95, 1, 0.00778164
20.975, 1, 0.00778164
21, 1, 0.00778164
21.025, 1, -0.0297323
21.05, 1, -0.0297323
21.075, 1, -0.0352168
21.1, 1, -0.0352168
21.125, 1, -0.0310484
21.15, 1, -0.0310484
21.175, 1, -0.0310484
21.2, 1, -0.0310484
21.225, 1, -0.0401278
21.25, 1, -0.0401278
21.275, 1, -0.0483891
21.3, 1, -0.0483891
21.325, 1, -0.0483891
21.35, 1, -0.0483891
21.375, 1, -0.0483891
21.4, 1, -0.0483891
21.425, 1, -0.0483891
21.45, 1, -0.0333602
21.475, 1, -0.0333602
21.5, 1, -0.0333602
21.525, 1, -0.0333602
21.55, 1, -0.0333602
21.575, 1, -0.0333602
21.6, 1, -0.0333602
21.625, 1, -0.0333602
21.65, 1, -0.0333602
21.675, 1, -0.0333602
21.7, 1, -0.0333602
21.725, 1, -0.0333602
21.75, 1, -0.0333602
21.775, 1, -0.0333602
21.8, 1, -0.0333602
21.825, 1, -0.0333602
21.85, 1, -0.0333602
21.875, 1, -0.0154294
21.9, 1, -0.0154294
21.925, 1, -0.0154294
21.95, 1, -0.0154294
21.975, 1, -0.0154294
22, 1, -0.0154294
22.025, 1, -0.0154294
22.05, 1, -0.0154294
22.075, 1, -0.0154294
22.1, 1, -0.011363
22.125, 1, -0.011363
22.15, 1, -0.011363
22.175, 1, -0.011363
22.2, 1, -0.011363
22.225, 1, -0.011363
22.25, 1, -0.011363
22.275, 1, -0.011363
22.3, 1, -0.011363
22.325, 1, -0.0107067
22.35, 1, -0.0107067
22.375, 1, -0.0107067
22.4, 1, -0.0107067
22.425, 1, -0.0107067
22.45, 1, -0.0107067
22.475, 1, -0.0107067
22.5, 1, -0.0107067
22.525, 1, -0.0107067
22.55, 1, -0.0107067
22.575, 1, -0.0107067
22.6, 1, -0.0107067
22.625, 1, -0.0107067
22.65, 1, -0.0107067
22.675, 1, -0.0107067
22.7, 1, -0.0107067
22.725, 1, -0.0107067
22.75, 1, -0.0107067
22.775, 1, -0.0107067
22.8, 1, -0.0107067
22.825, 1, -0.0107067
22.85, 1, -0.0107067
22.875, 1, -0.0107067
22.9, 1, -0.0107067
22.925, 1, -0.0102919
22.95, 1, -0.0102919
22.975, 1, -0.0102919
23, 1, -0.0102919
23.025, 1, -0.0102919
23.05, 1, -0.0102919
23.075, 1, -0.0102919
23.1, 1, -0.0102919
23.125, 1, -0.0102919
23.15, 1, -0.0102919
23.175, 1, -0.0102919
23.2, 1, -0.0102919
23.225, 1, -0.0126888
23.25, 1, -0.0126888
23.275, 1, -0.0126888
23.3, 1, -0.0126888
23.325, 1, -0.0126888
23.35, 1, -0.0126888
23.375, 1, -0.0126888
23.4, 1, -0.0126888
23.425, 1, -0.0120902
23.45, 1, -0.0120902
23.475, 1, -0.0120902
23.5, 1, -0.0120902
23.525, 1, -0.0120902
23.55, 1, -0.0120902
23.575, 1, -0.0120902
23.6, 1, -0.0120902
23.625, 1, -0.0120902
23.65, 1, -0.0120902
23.675, 1, -0.0123054
23.7, 1, -0.0123054
23.725, 1, -0.0123054
23.75, 1, -0.0123054
23.775, 1, -0.0123054
23.8, 1, -0.0123054
23.825, 1, -0.0123054
23.85, 1, -0.0123054
23.875, 1, -0.0123054
23.9, 1, -0.0123054
23.925, 1, -0.0123054
23.95, 1, -0.0131559
23.975, 1, -0.0131559
24, 1, -0.0131559
24.025, 1, -0.0131559
24.05, 1, -0.0131559
24.075, 1, -0.0131559
24.1, 1, -0.0155169
24.125, 1, -0.0155169
24.15, 1, -0.0131542
24.175, 1, -0.00933962
24.2, 1, -0.00933962
24.225, 1, -0.00933962
24.25, 1, -0.00933962
24.275, 1, -0.00564377
24.3, 1, -0.00564377
24.325, 1, -0.00564377
24.35, 1, -0.00513149
24.375, 1, -0.00513149
24.4, 1, -0.00513149
24.425, 1, -0.00513149
24.45, 1, -0.00513149
24.475, 1, -0.00513149
24.5, 1, -0.00513149
24.525, 1, -0.00513149
24.55, 1, -0.00513149
24.575, 1, 0.000933354
24.6, 1, 0.000933354
24.625, 1, 0.00410445
24.65, 1, 0.00410445
24.675, 1, 0.00505359
24.7, 1, 0.00505359
24.725, 1, 0.00505359
24.75, 1, 0.00505359
24.775, 1, 0.00505359
24.8, 1, 0.0049272
24.825, 1, 0.0049272
24.85, 1, 0.00518494
24.875, 1, 0.00518494
24.9, 1, 0.00518494
24.925, 1, 0.00518494
24.95, 1, 0.00518494
24.975, 1, 0.00518494
25, 1, 0.00518494
25.025, 1, 0.00518494
25.05, 1, 0.00661159
25.075, 1, 0.00661159
25.1, 1, 0.00661159
25.125, 1, 0.00681596
25.15, 1, 0.00623494
25.175, 1, 0.00623494
25.2, 1, 0.00623494
25.225, 1, -0.000666484
25.25, 1, -0.00677133
25.275, 1, -0.00677133
25.3, 1, -0.00677133
25.325, 1, -0.00677133
25.35, 1, -0.00677133
25.375, 1, -0.00677133
25.4, 1, -0.00677133
25.425, 1, -0.00677133
25.45, 1, -0.00677133
25.475, 1, -0.0113616
25.5, 1, -0.0113616
25.525, 1, -0.0113616
25.55, 1, -0.0113616
25.575, 1, -0.0113616
25.6, 1, -0.0113616
25.625, 1, -0.0113616
25.65, 1, -0.0113616
25.675, 1, -0.0113616
25.7, 1, -0.0113616
25.725, 1, -0.0113616
25.75, 1, -0.0113616
25.775, 1, -0.0113616
25.8, 1, -0.0113616
25.825, 1, -0.0113616
25.85, 1, -0.0113616
25.875, 1, -0.0113616
25.9, 1, -0.0113616
25.925, 1, -0.0144654
25.95, 1, -0.0144654
25.975, 1, -0.0175029
26, 1, -0.0175029
26.025, 1, -0.0175029
26.05, 1, -0.0205252
26.075, 1, -0.0205252
26.1, 1, -0.0205252
26.125, 1, -0.0205252
26.15, 1, -0.0205252
26.175, 1, -0.0205252
26.2, 1, -0.0205252
26.225, 1, -0.0210762
26.25, 1, -0.0214021
26.275, 1, -0.0214021
26.3, 1, -0.0214021
26.325, 1, -0.0214021
26.35, 1, -0.0214021
26.375, 1, -0.0214021
26.4, 1, -0.0221317
26.425, 1, -0.0221317
26.45, 1, -0.0221317
26.475, 1, -0.0207989
26.5, 1, -0.0207989
26.525, 1, -0.0207989
26.55, 1, -0.0207989
26.575, 1, -0.0207989
26.6, 1, -0.0124878
26.625, 1, -0.0124878
26.65, 1, -0.0217005
26.675, 1, -0.0217005
26.7, 1, -0.0217005
26.725, 1, -0.0217005
26.75, 1, -0.0217005
26.775, 1, -0.0217005
26.8, 1, -0.0217005
26.825, 1, -0.0217005
26.85, 1, -0.0217005
26.875, 1, -0.023796
26.9, 1, -0.023796
26.925, 1, -0.023796
26.95, 1, -0.023796
26.975, 1, -0.023796
27, 1, -0.023796
27.025, 1, -0.023796
27.05, 1, -0.023796
27.075, 1, -0.023796
27.1, 1, -0.023796
27.125, 1, -0.023796
27.15, 1, -0.023796
27.175, 1, -0.0216594
27.2, 1, -0.0783599
27.225, 1, -0.0783599
27.25, 1, -0.0783599
27.275, 1, -0.0783599
27.3, 1, -0.0783599
27.325, 1, -0.0783599
27.35, 1, -0.0783599
27.375, 1, -0.0783599
27.4, 1, -0.0722288
27.425, 1, -0.0722288
27.45, 1, -0.0722288
27.475, 1, -0.0722288
27.5, 1, -0.0638382
27.525, 1, -0.0636487
27.55, 1, -0.0636487
27.575, 1, -0.0636487
27.6, 1, -0.0636487
27.625, 1, -0.0636487
27.65, 1, -0.0636487
27.675, 1, -0.0636487
27.7, 1, -0.0636487
27.725, 1, -0.0636487
27.75, 1, -0.0636487
27.775, 1, -0.0636487
27.8, 1, -0.0636487
27.825, 1, -0.0636487
27.85, 1, -0.0636487
27.875, 1, -0.0636487
27.9, 1, -0.0636487
27.925, 1, -0.0636487
27.95, 1, -0.0636487
27.975, 1, -0.0636487
28, 1, -0.0636487
28.025, 1, -0.0636487
28.05, 1, -0.0636487
28.075, 1, -0.0636487
28.1, 1, -0.0636487
28.125, 1, -0.0636487
28.15, 1, -0.0636487
28.175, 1, -0.0636487
28.2, 1, -0.0636487
28.225, 1, -0.0636487
28.25, 1, -0.0636487
28.275, 1, -0.0636487
28.3, 1, -0.0636487
28.325, 1, -0.0636487
28.35, 1, -0.0322487
28.375, 1, -0.0322487
28.4, 1, -0.0322487
28.425, 1, -0.0322487
28.45, 1, -0.0322487
28.475, 1, -0.0322487
28.5, 1, -0.0322487
28.525, 1, -0.0205491
28.55, 1, -0.0205491
28.575, 1, -0.0205491
28.6, 1, -0.0205491
28.625, 1, -0.0114831
28.65, 1, -0.0114831
28.675, 1, -0.0114831
28.7, 1, -0.0114831
28.725, 1, -0.0114831
28.75, 1, -0.0114831
28.775, 1, -0.0114831
28.8, 1, -0.0114831
28.825, 1, -0.0114831
28.85, 1, -0.00937275
28.875, 1, -0.00937275
28.9, 1, -0.00937275
28.925, 1, -0.00937275
28.95, 1, -0.00641108
28.975, 1, -0.00641108
29, 1, -0.00641108
29.025, 1, -0.00641108
29.05, 1, -0.00641108
29.075, 1, -0.00641108
29.1, 1, -0.00641108
29.125, 1, -0.00641108
29.15, 1, -0.00641108
29.175, 1, -0.00641108
29.2, 1, -0.00641108
29.225, 1, -0.00641108
29.25, 1, -0.00536573
29.275, 1, -0.00536573
29.3, 1, -0.00536573
29.325, 1, -0.00559334
29.35, 1, -0.00559334
29.375, 1, -0.00578208
29.4, 1, -0.00552246
29.425, 1, -0.00552246
29.45, 1, -0.00552246
29.475, 1, -0.00552246
29.5, 1, -0.00552246
29.525, 1, -0.00552246
29.55, 1, -0.00552246
29.575, 1, -0.00552246
29.6, 1, -0.00552246
29.625, 1, -0.00552246
29.65, 1, -0.00552246
29.675, 1, -0.00552246
29.7, 1, -0.00552246
29.725, 1, -0.00552246
29.75, 1, -0.00552246
29.775, 1, -0.00552246
29.8, 1, -0.00467457
29.825, 1, -0.00467457
29.85, 1, -0.00467457
29.875, 1, -0.00467457
29.9, 1, -0.00467457
29.925, 1, -0.00467457
29.95, 1, -0.00467457
29.975, 1, -0.00467457
30, 1, -0.00371206
30.025, 1, -0.00339762
30.05, 1, -0.00339762
30.075, 1, -0.00339762
30.1, 1, -0.00339762
30.125, 1, -0.00339762
30.15, 1, -0.00339762
30.175, 1, -0.00339762
30.2, 1, -0.00333982
30.225, 1, -0.00333982
30.25, 1, -0.00311371
30.275, 1, -0.00301863
30.3, 1, -0.00301863
30.325, 1, -0.00301863
30.35, 1, -0.00301863
30.375, 1, -0.00368687
30.4, 1, -0.00445552
30.425, 1, -0.00516165
30.45, 1, -0.00516165
30.475, 1, -0.00559448
30.5, 1, -0.00559448
30.525, 1, -0.00559448
30.55, 1, -0.00559448
30.575, 1, -0.00559448
30.6, 1, -0.00559448
30.625, 1, -0.00559448
30.65, 1, -0.00559448
30.675, 1, -0.00559448
30.7, 1, -0.00559448
30.725, 1, -0.00559448
30.75, 1, -0.00559448
30.775, 1, -0.00559448
30.8, 1, -0.00559448
30.825, 1, -0.00311583
30.85, 1, -0.00311583
30.875, 1, -0.00311583
30.9, 1, -0.00311583
30.925, 1, -0.00311583
30.95, 1, -0.00311583
30.975, 1, -0.00311583
31, 1, -0.00311583
31.025, 1, -0.00311583
31.05, 1, -0.00311583
31.075, 1, -0.00311583
31.1, 1, -0.00311583
31.125, 1, -0.00311583
31.15, 1, -0.00311583
31.175, 1, -0.00311583
31.2, 1, -0.00311583
31.225, 1, -0.00311583
31.25, 1, -0.00311583
31.275, 1, -0.00311583
31.3, 1, -0.00311583
31.325, 1, -0.00311583
31.35, 1, -0.00361687
31.375, 1, -0.00361687
31.4, 1, -0.00361687
31.425, 1, -0.00361687
31.45, 1, -0.00361687
31.475, 1, -0.00361687
31.5, 1, -0.00276874
31.525, 1, -0.000613642
31.55, 1, -0.000613642
31.575, 1, -0.000613642
31.6, 1, -0.000613642
31.625, 1, -0.000613642
31.65, 1, -0.000613642
31.675, 1, -0.000613642
31.7, 1, -0.000613642
31.725, 1, -0.000613642
31.75, 1, -0.000613642
31.775, 1, -0.000613642
31.8, 1, -0.000613642
31.825, 1, -0.000613642
31.85, 1, -0.000613642
31.875, 1, -0.000613642
31.9, 1, -0.000613642
31.925, 1, -0.000613642
31.95, 1, -0.000613642
31.975, 1, -0.000613642
32, 1, -0.000613642
32.025, 1, -0.000613642
32.05, 1, -0.000613642
32.075, 1, -0.000613642
32.1, 1, -0.000613642
32.125, 1, -0.000613642
32.15, 1, -0.000613642
32.175, 1, -0.000613642
32.2, 1, -0.000613642
32.225, 1, -0.000613642
32.25, 1, -0.000613642
32.275, 1, -0.000613642
32.3, 1, 0.00369977
32.325, 1, 0.00369977
32.35, 1, 0.00155683
32.375, 1, 0.00155683
32.4, 1, 0.000740424
32.425, 1, 0.000279241
32.45, 1, 0.000279241
32.475, 1, 0.000279241
32.5, 1, 0.000279241
32.525, 1, 0.000279241
32.55, 1, 0.000279241
32.575, 1, 0.000279241
32.6, 1, 0.0005105
32.625, 1, 0.0005105
32.65, 1, 0.0005105
32.675, 1, 0.0005105
32.7, 1, 0.0005105
32.725, 1, 0.0005105
32.75, 1, 0.0005105
32.775, 1, 0.0005105
32.8, 1, 0.0005105
32.825, 1, 0.0005105
32.85, 1, 0.0005105
32.875, 1, 0.0005105
32.9, 1, 0.0005105
32.925, 1, 0.0005105
32.95, 1, 0.0005105
32.975, 1, 0.0005105
33, 1, 0.0005105
33.025, 1, 0.00217371
33.05, 1, 0.00217371
33.075, 1, 0.00217371
33.1, 1, 0.00217371
33.125, 1, 0.00217371
33.15, 1, 0.00217371
33.175, 1, 0.00217371
33.2, 1, 0.00317207
33.225, 1, 0.00317207
33.25, 1, 0.00317207
33.275, 1, 0.00317207
33.3, 1, 0.00317207
33.325, 1, 0.00317207
33.35, 1, 0.00317207
33.375, 1, 0.00317207
33.4, 1, 0.00317207
33.425, 1, 0.00317207
33.45, 1, 0.00317207
33.475, 1, 0.00317207
33.5, 1, 0.00317207
33.525, 1, 0.00317207
33.55, 1, 0.00441793
33.575, 1, 0.00441793
33.6, 1, 0.00441793
33.625, 1, 0.00441793
33.65, 1, 0.00441793
33.675, 1, 0.0064899
33.7, 1, 0.00835215
33.725, 1, 0.00835215
33.75, 1, 0.00967742
33.775, 1, 0.00967742
33.8, 1, 0.00967742
33.825, 1, 0.00967742
33.85, 1, 0.00967742
33.875, 1, 0.00967742
33.9, 1, 0.00967742
33.925, 1, 0.00967742
33.95, 1, 0.0103473
33.975, 1, 0.0116289
34, 1, 0.0116289
34.025, 1, 0.0116289
34.05, 1, 0.0116289
34.075, 1, 0.0116289
34.1, 1, 0.0120014
34.125, 1, 0.0120014
34.15, 1, 0.0120014
34.175, 1, 0.0120014
34.2, 1, 0.0120014
34.225, 1, 0.0122423
34.25, 1, 0.0122423
34.275, 1, 0.0126242
34.3, 1, 0.0126242
34.325, 1, 0.0126242
34.35, 1, 0.0126242
34.375, 1, 0.0126242
34.4, 1, 0.0126242
34.425, 1, 0.0126242
34.45, 1, 0.0126242
34.475, 1, 0.0126242
34.5, 1, 0.0126242
34.525, 1, 0.012614
34.55, 1, 0.012614
34.575, 1, 0.0126482
34.6, 1, 0.0126482
34.625, 1, 0.012658
34.65, 1, 0.012658
34.675, 1, 0.012658
34.7, 1, 0.012658
34.725, 1, 0.012658
34.75, 1, 0.0126545
34.775, 1, 0.012643
34.8, 1, 0.012643
34.825, 1, 0.012643
34.85, 1, 0.0127272
34.875, 1, 0.0127272
34.9, 1, 0.0127272
34.925, 1, 0.0127272
34.95, 1, 0.0127272
34.975, 1, 0.0127272
35, 1, 0.0127272
35.025, 1, 0.0127272
35.05, 1, 0.0127272
35.075, 1, 0.0127272
35.1, 1, 0.0127272
35.125, 1, 0.0127272
35.15, 1, 0.0127272
35.175, 1, 0.0127272
35.2, 1, 0.0127272
35.225, 1, 0.0127272
35.25, 1, 0.0127272
35.275, 1, 0.0127272
35.3, 1, 0.0126666
35.325, 1, 0.0126666
35.35, 1, 0.0126666
35.375, 1, 0.0126666
35.4, 1, 0.0126666
35.425, 1, 0.0126666
35.45, 1, 0.0126666
35.475, 1, 0.0126666
35.5, 1, 0.013009
35.525, 1, 0.013009
35.55, 1, 0.013009
35.575, 1, 0.013009
35.6, 1, 0.0131767
35.625, 1, 0.0131767
35.65, 1, 0.0131767
35.675, 1, 0.0131767
35.7, 1, 0.0131767
35.725, 1, 0.0131767
35.75, 1, 0.0131767
35.775, 1, 0.0131767
35.8, 1, 0.0131767
35.825, 1, 0.0131767
35.85, 1, 0.0131767
35.875, 1, 0.0132892
35.9, 1, 0.0132892
35.925, 1, 0.0132892
35.95, 1, 0.0132892
35.975, 1, 0.0132892
36, 1, 0.0132892
36.025, 1, 0.0132892
36.05, 1, 0.0132892
36.075, 1, 0.0132892
36.1, 1, 0.0132892
36.125, 1, 0.0132892
36.15, 1, 0.0132892
36.175, 1, 0.0132892
36.2, 1, 0.0132892
36.225, 1, 0.0132892
36.25, 1, 0.0132892
36.275, 1, 0.0132892
36.3, 1, 0.0132892
36.325, 1, 0.0131262
36.35, 1, 0.0127845
36.375, 1, 0.0127845
36.4, 1, 0.0127845
36.425, 1, 0.0127845
36.45, 1, 0.0127845
36.475, 1, 0.0127845
36.5, 1, 0.0129738
36.525, 1, 0.0129738
36.55, 1, 0.0128955
36.575, 1, 0.0128955
36.6, 1, 0.0128955
36.625, 1, 0.0125615
36.65, 1, 0.0125615
36.675, 1, 0.0131224
36.7, 1, 0.0131224
36.725, 1, 0.0131224
36.75, 1, 0.0136971
36.775, 1, 0.0136971
36.8, 1, 0.0136971
36.825, 1, 0.0136971
36.85, 1, 0.0136971
36.875, 1, 0.0137771
36.9, 1, 0.0137771
36.925, 1, 0.0137771
36.95, 1, 0.0137771
36.975, 1, 0.0137771
37, 1, 0.0137771
37.025, 1, 0.0137771
37.05, 1, 0.0137771
37.075, 1, 0.0137771
37.1, 1, 0.0136504
37.125, 1, 0.0136504
37.15, 1, 0.0139251
37.175, 1, 0.0139251
37.2, 1, 0.0141565
37.225, 1, 0.0144463
37.25, 1, 0.0146701
37.275, 1, 0.0146701
37.3, 1, 0.0146701
37.325, 1, 0.0147773
37.35, 1, 0.0147773
37.375, 1, 0.0147773
37.4, 1, 0.0147773
37.425, 1, 0.0147773
37.45, 1, 0.0144856
37.475, 1, 0.0144856
37.5, 1, 0.0144856
37.525, 1, 0.0144856
37.55, 1, 0.0144856
37.575, 1, 0.0144856
37.6, 1, 0.0144856
37.625, 1, 0.0144856
37.65, 1, 0.0144856
37.675, 1, 0.0144856
37.7, 1, 0.0138958
37.725, 1, 0.0138958
37.75, 1, 0.0138958
37.775, 1, 0.0138958
37.8, 1, 0.0138958
37.825, 1, 0.0138958
37.85, 1, 0.0137511
37.875, 1, 0.0136117
37.9, 1, 0.0134739
37.925, 1, 0.0134739
37.95, 1, 0.0134739
37.975, 1, 0.0134739
38, 1, 0.0126325
38.025, 1, 0.0126325
38.05, 1, 0.0126325
38.075, 1, 0.0126325
38.1, 1, 0.0126325
38.125, 1, 0.0126325
38.15, 1, 0.0126325
38.175, 1, 0.0126325
38.2, 1, 0.0126325
38.225, 1, 0.0126325
38.25, 1, 0.0126325
38.275, 1, 0.0126325
38.3, 1, 0.0126442
38.325, 1, 0.0126442
38.35, 1, 0.0126442
38.375, 1, 0.0126442
38.4, 1, 0.0126567
38.425, 1, 0.0126567
38.45, 1, 0.0126567
38.475, 1, 0.0126567
38.5, 1, 0.0126567
38.525, 1, 0.0126567
38.55, 1, 0.0132506
38.575, 1, 0.0132506
38.6, 1, 0.0132506
38.625, 1, 0.0132506
38.65, 1, 0.0132506
38.675, 1, 0.0138022
38.7, 1, 0.0138022
38.725, 1, 0.0138022
38.75, 1, 0.0138022
38.775, 1, 0.0138022
38.8, 1, 0.0141965
38.825, 1, 0.0141965
38.85, 1, 0.0141965
38.875, 1, 0.0141965
38.9, 1, 0.0141854
38.925, 1, 0.0141854
38.95, 1, 0.0141854
38.975, 1, 0.0141854
39, 1, 0.0141854
39.025, 1, 0.0141854
39.05, 1, 0.0141854
39.075, 1, 0.0141854
39.1, 1, 0.0141854
39.125, 1, 0.0141854
39.15, 1, 0.0141854
39.175, 1, 0.0141854
39.2, 1, 0.0141854
39.225, 1, 0.0141854
39.25, 1, 0.0141854
39.275, 1, 0.0141854
39.3, 1, 0.0141854
39.325, 1, 0.0141854
39.35, 1, 0.0141854
39.375, 1, 0.0141854
39.4, 1, 0.0141854
39.425, 1, 0.0141854
39.45, 1, 0.0141854
39.475, 1, 0.0141854
39.5, 1, 0.0141854
39.525, 1, 0.0141854
39.55, 1, 0.0141854
39.575, 1, 0.0150681
39.6, 1, 0.0152008
39.625, 1, 0.0152008
39.65, 1, 0.0152008
39.675, 1, 0.0152008
39.7, 1, 0.0152008
39.725, 1, 0.0152008
39.75, 1, 0.0152008
39.775, 1, 0.0152008
39.8, 1, 0.0151435
39.825, 1, 0.0153117
39.85, 1, 0.0153478
39.875, 1, 0.0151851
39.9, 1, 0.0151851
39.925, 1, 0.0151851
39.95, 1, 0.0151851
39.975, 1, 0.0151851
40, 1, 0.0148519
40, 1, 0.0105666
40.025, 1, 0.0105666
40.05, 1, 0.0105666
40.075, 1, 0.0105666
40.1, 1, 0.0105666
40.125, 1, 0.0105666
40.15, 1, 0.0105666
40.175, 1, 0.0106187
40.2, 1, 0.0106187
40.225, 1, 0.0106831
40.25, 1, 0.0106831
40.275, 1, 0.0106831
40.3, 1, 0.0106831
40.325, 1, 0.0106831
40.35, 1, 0.0106831
40.375, 1, 0.0106831
40.4, 1, 0.0106831
40.425, 1, 0.0106831
40.45, 1, 0.0106831
40.475, 1, 0.0106831
40.5, 1, 0.0106831
40.525, 1, 0.0106831
40.55, 1, 0.0106831
40.575, 1, 0.0106831
40.6, 1, 0.0106831
40.625, 1, 0.0104275
40.65, 1, 0.00970749
40.675, 1, 0.00970749
40.7, 1, 0.00970749
40.725, 1, 0.00970749
40.75, 1, 0.00970749
40.775, 1, 0.00970749
40.8, 1, 0.00970749
40.825, 1, 0.00970749
40.85, 1, 0.00970749
40.875, 1, 0.00970749
40.9, 1, 0.00970749
40.925, 1, 0.00970749
40.95, 1, 0.00970749
40.975, 1, 0.0104502
41, 1, 0.0104502
41.025, 1, 0.0104502
41.05, 1, 0.0104502
41.075, 1, 0.0104502
41.1, 1, 0.0104502
41.125, 1, 0.0104502
41.15, 1, 0.0104502
41.175, 1, 0.0104502
41.2, 1, 0.0104502
41.225, 1, 0.0104502
41.25, 1, 0.0103592
41.275, 1, 0.0100021
41.3, 1, 0.00956106
41.325, 1, 0.00956106
41.35, 1, 0.00956106
41.375, 1, 0.00943595
41.4, 1, 0.00943595
41.425, 1, 0.00943595
41.45, 1, 0.00943595
41.475, 1, 0.00943595
41.5, 1, 0.00943595
41.525, 1, 0.00943595
41.55, 1, 0.00903326
41.575, 1, 0.00903326
41.6, 1, 0.00903326
41.625, 1, 0.00903577
41.65, 1, 0.00903577
41.675, 1, 0.00903577
41.7, 1, 0.00903577
41.725, 1, 0.00900558
41.75, 1, 0.00860024
41.775, 1, 0.00860024
41.8, 1, 0.00795304
41.825, 1, 0.00795304
41.85, 1, 0.00795304
41.875, 1, 0.00795304
41.9, 1, 0.00795304
41.925, 1, 0.00795304
41.95, 1, 0.0074856
41.975, 1, 0.0074856
42, 1, 0.0074856
42.025, 1, 0.0074856
42.05, 1, 0.0074856
42.075, 1, 0.0074856
42.1, 1, 0.0074856
42.125, 1, 0.0074856
42.15, 1, 0.0074856
42.175, 1, 0.0074856
42.2, 1, 0.0074856
42.225, 1, 0.0074856
42.25, 1, 0.0074856
42.275, 1, 0.0074856
42.3, 1, 0.0074856
42.325, 1, 0.0074856
42.35, 1, 0.0074856
42.375, 1, 0.0074856
42.4, 1, 0.0074856
42.425, 1, 0.00618403
42.45, 1, 0.00618403
42.475, 1, 0.00618403
42.5, 1, 0.00618403
42.525, 1, 0.00618403
42.55, 1, 0.00618403
42.575, 1, 0.00521455
42.6, 1, 0.00521455
42.625, 1, 0.00521455
42.65, 1, 0.00521455
42.675, 1, 0.00521455
42.7, 1, 0.00521455
42.725, 1, 0.0051773
42.75, 1, 0.0051773
42.775, 1, 0.0051773
42.8, 1, 0.00527597
42.825, 1, 0.00527597
42.85, 1, 0.00563088
42.875, 1, 0.0060831
42.9, 1, 0.00656886
42.925, 1, 0.00656886
42.95, 1, 0.00656886
42.975, 1, 0.00683459
43, 1, 0.00683459
43.025, 1, 0.00683459
43.05, 1, 0.00683459
43.075, 1, 0.00683459
43.1, 1, 0.00683459
43.125, 1, 0.00683459
43.15, 1, 0.00683459
43.175, 1, 0.00683459
43.2, 1, 0.00683459
43.225, 1, 0.00694979
43.25, 1, 0.00694979
43.275, 1, 0.00694979
43.3, 1, 0.00694979
43.325, 1, 0.00694979
43.35, 1, 0.00694979
43.375, 1, 0.00694979
43.4, 1, 0.00694979
43.425, 1, 0.00694979
43.45, 1, 0.00694979
43.475, 1, 0.00694979
43.5, 1, 0.00694979
43.525, 1, 0.00694979
43.55, 1, 0.00707536
43.575, 1, 0.00707536
43.6, 1, 0.00707536
43.625, 1, 0.00707536
43.65, 1, 0.00707536
43.675, 1, 0.00707536
43.7, 1, 0.00707536
43.725, 1, 0.00707536
43.75, 1, 0.00707536
43.775, 1, 0.00707536
43.8, 1, 0.00707536
43.825, 1, 0.00707536
43.85, 1, 0.00707536
43.875, 1, 0.00707536
43.9, 1, 0.00707536
43.925, 1, 0.00707536
43.95, 1, 0.00707536
43.975, 1, 0.00707536
44, 1, 0.00707536
44.025, 1, 0.00707536
44.05, 1, 0.00707536
44.075, 1, 0.00707536
44.1, 1, 0.00707536
44.125, 1, 0.00707536
44.15, 1, 0.00707536
44.175, 1, 0.00707536
44.2, 1, 0.00707536
44.225, 1, 0.00707536
44.25, 1, 0.00707536
44.275, 1, 0.00707536
44.3, 1, 0.00707536
44.325, 1, 0.00707536
44.35, 1, 0.00707536
44.375, 1, 0.00707536
44.4, 1, 0.00707536
44.425, 1, 0.00707536
44.45, 1, 0.00707536
44.475, 1, 0.00707536
44.5, 1, 0.00707536
44.525, 1, 0.00707536
44.55, 1, 0.00707536
44.575, 1, 0.00707536
44.6, 1, 0.00707536
44.625, 1, 0.00707536
44.65, 1, 0.00707536
44.675, 1, 0.00707536
44.7, 1, 0.00707536
44.725, 1, 0.00707536
44.75, 1, 0.00707536
44.775, 1, 0.00707536
44.8, 1, 0.00707536
44.825, 1, 0.00707536
44.85, 1, 0.00707536
44.875, 1, 0.00707536
44.9, 1, 0.00707536
44.925, 1, 0.00707536
44.95, 1, 0.00707536
44.975, 1, 0.00707536
45, 1, 0.00707536
45.025, 1, 0.00707536
45.05, 1, 0.00707536
45.075, 1, 0.00707536
45.1, 1, 0.00707536
45.125, 1, 0.00707536
45.15, 1, 0.00707536
45.175, 1, 0.00707536
45.2, 1, 0.00707536
45.225, 1, 0.00707536
45.25, 1, 0.00707536
45.275, 1, 0.00707536
45.3, 1, 0.00707536
45.325, 1, 0.00707536
45.35, 1, 0.00707536
45.375, 1, 0.00707536
45.4, 1, 0.00707536
45.425, 1, 0.00707536
45.45, 1, 0.00707536
45.475, 1, 0.00707536
45.5, 1, 0.00707536
45.525, 1, 0.00707536
45.55, 1, 0.00707536
45.575, 1, 0.00766083
45.6, 1, 0.00766083
45.625, 1, 0.00766083
45.65, 1, 0.00766083
45.675, 1, 0.00766083
45.7, 1, 0.00812171
45.725, 1, 0.00812171
45.75, 1, 0.00812171
45.775, 1, 0.00812171
45.8, 1, 0.00852151
45.825, 1, 0.00852151
45.85, 1, 0.00852151
45.875, 1, 0.0088818
45.9, 1, 0.0088818
45.925, 1, 0.0088818
45.95, 1, 0.0088818
45.975, 1, 0.0088818
46, 1, 0.0088818
46.025, 1, 0.0088818
46.05, 1, 0.0088818
46.075, 1, 0.0088818
46.1, 1, 0.0088818
46.125, 1, 0.0088818
46.15, 1, 0.0088818
46.175, 1, 0.0088818
46.2, 1, 0.00915653
46.225, 1, 0.00915653
46.25, 1, 0.00957124
46.275, 1, 0.00957124
46.3, 1, 0.00957124
46.325, 1, 0.00957124
46.35, 1, 0.00957124
46.375, 1, 0.0100154
46.4, 1, 0.0100154
46.425, 1, 0.0100154
46.45, 1, 0.0100154
46.475, 1, 0.0100154
46.5, 1, 0.0100154
46.525, 1, 0.0100154
46.55, 1, 0.0100154
46.575, 1, 0.0100154
46.6, 1, 0.010256
46.625, 1, 0.010256
46.65, 1, 0.010256
46.675, 1, 0.010256
46.7, 1, 0.010256
46.725, 1, 0.010256
46.75, 1, 0.0104623
46.775, 1, 0.0104623
46.8, 1, 0.0104623
46.825, 1, 0.0107136
46.85, 1, 0.0107136
46.875, 1, 0.0107136
46.9, 1, 0.0107136
46.925, 1, 0.0107136
46.95, 1, 0.0107136
46.975, 1, 0.0109637
47, 1, 0.011137
47.025, 1, 0.011137
47.05, 1, 0.011137
47.075, 1, 0.011137
47.1, 1, 0.011137
47.125, 1, 0.011137
47.15, 1, 0.011137
47.175, 1, 0.011137
47.2, 1, 0.011137
47.225, 1, 0.011137
47.25, 1, 0.0113107
47.275, 1, 0.0113107
47.3, 1, 0.011478
47.325, 1, 0.011478
47.35, 1, 0.011478
47.375, 1, 0.0116374
47.4, 1, 0.0116374
47.425, 1, 0.0116374
47.45, 1, 0.0116374
47.475, 1, 0.0116374
47.5, 1, 0.0116374
47.525, 1, 0.0116374
47.55, 1, 0.0116374
47.575, 1, 0.0118422
47.6, 1, 0.0118422
47.625, 1, 0.0118422
47.65, 1, 0.0118422
47.675, 1, 0.0118422
47.7, 1, 0.0118422
47.725, 1, 0.0118422
47.75, 1, 0.0122232
47.775, 1, 0.0122232
47.8, 1, 0.0122232
47.825, 1, 0.0122232
47.85, 1, 0.0122232
47.875, 1, 0.0122232
47.9, 1, 0.0122232
47.925, 1, 0.0122232
47.95, 1, 0.0122232
47.975, 1, 0.0122232
48, 1, 0.0122232
48.025, 1, 0.0122232
48.05, 1, 0.0122402
48.075, 1, 0.0122402
48.1, 1, 0.0122671
48.125, 1, 0.0122671
48.15, 1, 0.0122671
48.175, 1, 0.0122671
48.2, 1, 0.0122671
48.225, 1, 0.0122671
48.25, 1, 0.0122671
48.275, 1, 0.0122671
48.3, 1, 0.0122671
48.325, 1, 0.0122671
48.35, 1, 0.0122671
48.375, 1, 0.0122671
48.4, 1, 0.0122671
48.425, 1, 0.0122671
48.45, 1, 0.0122671
48.475, 1, 0.0122671
48.5, 1, 0.0122671
48.525, 1, 0.0122671
48.55, 1, 0.0122671
48.575, 1, 0.0122671
48.6, 1, 0.0122671
48.625, 1, 0.0122671
48.65, 1, 0.0122671
48.675, 1, 0.0122671
48.7, 1, 0.0122671
48.725, 1, 0.0122671
48.75, 1, 0.0122671
48.775, 1, 0.0122671
48.8, 1, 0.0122671
48.825, 1, 0.0122671
48.85, 1, 0.0122671
48.875, 1, 0.0122859
48.9, 1, 0.0122859
48.925, 1, 0.0122859
48.95, 1, 0.012354
48.975, 1, 0.0124738
49, 1, 0.0124738
49.025, 1, 0.0124738
49.05, 1, 0.0124738
49.075, 1, 0.0124738
49.1, 1, 0.0124738
49.125, 1, 0.0124738
49.15, 1, 0.0124738
49.175, 1, 0.0124738
49.2, 1, 0.0124738
49.225, 1, 0.0124738
49.25, 1, 0.0124738
49.275, 1, 0.0124738
49.3, 1, 0.0124738
49.325, 1, 0.0124559
49.35, 1, 0.0124559
49.375, 1, 0.0123278
49.4, 1, 0.0123278
49.425, 1, 0.0123278
49.45, 1, 0.0123278
49.475, 1, 0.0123411
49.5, 1, 0.012528
49.525, 1, 0.012528
49.55, 1, 0.012528
49.575, 1, 0.012528
49.6, 1, 0.012528
49.625, 1, 0.012528
49.65, 1, 0.012528
49.675, 1, 0.012528
49.7, 1, 0.0128076
49.725, 1, 0.0128076
49.75, 1, 0.0128076
49.775, 1, 0.0129819
49.8, 1, 0.0130945
49.825, 1, 0.0130945
49.85, 1, 0.0130945
49.875, 1, 0.0130945
49.9, 1, 0.0130945
49.925, 1, 0.0130945
49.95, 1, 0.0130945
49.975, 1, 0.0130945
50, 1, 0.0130945
50, 1, 0.0130945
50.025, 1, 0.0130945
50.05, 1, 0.0130945
50.075, 1, 0.0130945
50.1, 1, 0.0130945
50.125, 1, 0.0130945
50.15, 1, 0.0133729
50.175, 1, 0.013867
50.2, 1, 0.013867
50.225, 1, 0.0148535
50.25, 1, 0.0148535
50.275, 1, 0.0148535
50.3, 1, 0.0148535
50.325, 1, 0.0148535
50.35, 1, 0.0148535
50.375, 1, 0.0159801
50.4, 1, 0.0159801
50.425, 1, 0.0170283
50.45, 1, 0.0178174
50.475, 1, 0.0183911
50.5, 1, 0.0183911
50.525, 1, 0.0183911
50.55, 1, 0.0183911
50.575, 1, 0.0183911
50.6, 1, 0.0190689
50.625, 1, 0.0190689
50.65, 1, 0.0190689
50.675, 1, 0.0190689
50.7, 1, 0.0198308
50.725, 1, 0.0206225
50.75, 1, 0.0214105
50.775, 1, 0.0214105
50.8, 1, 0.0214105
50.825, 1, 0.0214105
50.85, 1, 0.0214105
50.875, 1, 0.0214105
50.9, 1, 0.0214105
50.925, 1, 0.0214105
50.95, 1, 0.0214105
50.975, 1, 0.0214105
51, 1, 0.0214105
51.025, 1, 0.0214105
51.05, 1, 0.0221675
51.075, 1, 0.0221675
51.1, 1, 0.0229048
51.125, 1, 0.0229048
51.15, 1, 0.0236256
51.175, 1, 0.0236256
51.2, 1, 0.0236256
51.225, 1, 0.0236256
51.25, 1, 0.0243186
51.275, 1, 0.0243186
51.3, 1, 0.0243186
51.325, 1, 0.0243186
51.35, 1, 0.0243186
51.375, 1, 0.0243186
51.4, 1, 0.0243186
51.425, 1, 0.0243186
51.45, 1, 0.0249922
51.475, 1, 0.0249922
51.5, 1, 0.0249922
51.525, 1, 0.0249922
51.55, 1, 0.0249922
51.575, 1, 0.0249922
51.6, 1, 0.0256413
51.625, 1, 0.0256413
51.65, 1, 0.0256413
51.675, 1, 0.0256413
51.7, 1, 0.0256413
51.725, 1, 0.0256413
51.75, 1, 0.0256413
51.775, 1, 0.0256413
51.8, 1, 0.0256413
51.825, 1, 0.0256413
51.85, 1, 0.0256413
51.875, 1, 0.0256413
51.9, 1, 0.0256413
51.925, 1, 0.0256413
51.95, 1, 0.0256413
51.975, 1, 0.0256413
52, 1, 0.0262259
52.025, 1, 0.0262259
52.05, 1, 0.0262259
52.075, 1, 0.0262259
52.1, 1, 0.0267944
52.125, 1, 0.0267944
52.15, 1, 0.0267944
52.175, 1, 0.0267944
52.2, 1, 0.0267944
52.225, 1, 0.0267944
52.25, 1, 0.0267944
52.275, 1, 0.0267944
52.3, 1, 0.0267944
52.325, 1, 0.0267944
52.35, 1, 0.0267944
52.375, 1, 0.0267944
52.4, 1, 0.0267944
52.425, 1, 0.027356
52.45, 1, 0.027356
52.475, 1, 0.027356
52.5, 1, 0.027356
52.525, 1, 0.027356
52.55, 1, 0.027356
52.575, 1, 0.027356
52.6, 1, 0.027356
52.625, 1, 0.027356
52.65, 1, 0.0278961
52.675, 1, 0.0284156
52.7, 1, 0.0284156
52.725, 1, 0.0284156
52.75, 1, 0.0284156
52.775, 1, 0.0284156
52.8, 1, 0.0284156
52.825, 1, 0.0284156
52.85, 1, 0.0284156
52.875, 1, 0.0284156
52.9, 1, 0.0284156
52.925, 1, 0.0284156
52.95, 1, 0.0284156
52.975, 1, 0.0284156
53, 1, 0.0284156
53.025, 1, 0.0289177
53.05, 1, 0.0289177
53.075, 1, 0.0289177
53.1, 1, 0.0289177
53.125, 1, 0.0289177
53.15, 1, 0.0294035
53.175, 1, 0.0294035
53.2, 1, 0.0294035
53.225, 1, 0.0294035
53.25, 1, 0.0294035
53.275, 1, 0.0294035
53.3, 1, 0.0294035
53.325, 1, 0.0298606
53.35, 1, 0.0298606
53.375, 1, 0.0302887
53.4, 1, 0.0302887
53.425, 1, 0.0302887
53.45, 1, 0.0302887
53.475, 1, 0.0302887
53.5, 1, 0.0302887
53.525, 1, 0.0307072
53.55, 1, 0.0307072
53.575, 1, 0.0307072
53.6, 1, 0.0307072
53.625, 1, 0.0307072
53.65, 1, 0.0307072
53.675, 1, 0.0307072
53.7, 1, 0.0307072
53.725, 1, 0.0311189
53.75, 1, 0.0311189
53.775, 1, 0.0311189
53.8, 1, 0.0311189
53.825, 1, 0.0311189
53.85, 1, 0.0311189
53.875, 1, 0.0311189
53.9, 1, 0.0311189
53.925, 1, 0.0311189
53.95, 1, 0.0311189
53.975, 1, 0.0315332
54, 1, 0.0315332
54.025, 1, 0.0315332
54.05, 1, 0.0315332
54.075, 1, 0.0315332
54.1, 1, 0.0315332
54.125, 1, 0.0315332
54.15, 1, 0.0315332
54.175, 1, 0.0319364
54.2, 1, 0.0319364
54.225, 1, 0.0319364
54.25, 1, 0.0319364
54.275, 1, 0.0319364
54.3, 1, 0.0319364
54.325, 1, 0.0319364
54.35, 1, 0.0319364
54.375, 1, 0.0323316
54.4, 1, 0.0323316
54.425, 1, 0.0327233
54.45, 1, 0.0327233
54.475, 1, 0.0331104
54.5, 1, 0.0331104
54.525, 1, 0.0331104
54.55, 1, 0.0331104
54.575, 1, 0.0331104
54.6, 1, 0.0331104
54.625, 1, 0.0331104
54.65, 1, 0.0331104
54.675, 1, 0.0334844
54.7, 1, 0.0334844
54.725, 1, 0.0338032
54.75, 1, 0.0338032
54.775, 1, 0.0338032
54.8, 1, 0.0341404
54.825, 1, 0.0341404
54.85, 1, 0.0341404
54.875, 1, 0.0341404
54.9, 1, 0.0341404
54.925, 1, 0.0341404
54.95, 1, 0.0341404
54.975, 1, 0.0341404
55, 1, 0.0341404
55.025, 1, 0.0344844
55.05, 1, 0.0344844
55.075, 1, 0.0344844
55.1, 1, 0.0348459
55.125, 1, 0.0348459
55.15, 1, 0.0348459
55.175, 1, 0.0348459
55.2, 1, 0.0352094
55.225, 1, 0.0352094
55.25, 1, 0.0352094
55.275, 1, 0.035567
55.3, 1, 0.035567
55.325, 1, 0.035567
55.35, 1, 0.035567
55.375, 1, 0.035567
55.4, 1, 0.035567
55.425, 1, 0.035567
55.45, 1, 0.035567
55.475, 1, 0.035567
55.5, 1, 0.035567
55.525, 1, 0.035567
55.55, 1, 0.035567
55.575, 1, 0.0359152
55.6, 1, 0.0362556
55.625, 1, 0.0362556
55.65, 1, 0.0362556
55.675, 1, 0.036592
55.7, 1, 0.036592
55.725, 1, 0.036592
55.75, 1, 0.036592
55.775, 1, 0.036592
55.8, 1, 0.036592
55.825, 1, 0.036592
55.85, 1, 0.036592
55.875, 1, 0.036592
55.9, 1, 0.036592
55.925, 1, 0.036592
55.95, 1, 0.036592
55.975, 1, 0.036592
56, 1, 0.036592
56.025, 1, 0.036592
56.05, 1, 0.036592
56.075, 1, 0.036592
56.1, 1, 0.036592
56.125, 1, 0.036592
56.15, 1, 0.036592
56.175, 1, 0.036916
56.2, 1, 0.036916
56.225, 1, 0.036916
56.25, 1, 0.036916
56.275, 1, 0.036916
56.3, 1, 0.036916
56.325, 1, 0.037243
56.35, 1, 0.037243
56.375, 1, 0.037243
56.4, 1, 0.0375655
56.425, 1, 0.0375655
56.45, 1, 0.0375655
56.475, 1, 0.0378864
56.5, 1, 0.0378864
56.525, 1, 0.0381889
56.55, 1, 0.038455
56.575, 1, 0.038455
56.6, 1, 0.038455
56.625, 1, 0.038455
56.65, 1, 0.038455
56.675, 1, 0.038455
56.7, 1, 0.038455
56.725, 1, 0.038455
56.75, 1, 0.038455
56.775, 1, 0.038455
56.8, 1, 0.038455
56.825, 1, 0.038455
56.85, 1, 0.038455
56.875, 1, 0.0387196
56.9, 1, 0.0387196
56.925, 1, 0.0387196
56.95, 1, 0.0387196
56.975, 1, 0.0387196
57, 1, 0.0387196
57.025, 1, 0.0387196
57.05, 1, 0.0387196
57.075, 1, 0.0387196
57.1, 1, 0.0387196
57.125, 1, 0.0387196
57.15, 1, 0.0387196
57.175, 1, 0.0387196
57.2, 1, 0.0387196
57.225, 1, 0.0387196
57.25, 1, 0.0387196
57.275, 1, 0.0387196
57.3, 1, 0.0387196
57.325, 1, 0.0387196
57.35, 1, 0.0387196
57.375, 1, 0.0387196
57.4, 1, 0.0387196
57.425, 1, 0.0387196
57.45, 1, 0.0387196
57.475, 1, 0.0387196
57.5, 1, 0.0389675
57.525, 1, 0.0389675
57.55, 1, 0.0389675
57.575, 1, 0.0389675
57.6, 1, 0.0389675
57.625, 1, 0.0389675
57.65, 1, 0.039207
57.675, 1, 0.039207
57.7, 1, 0.039207
57.725, 1, 0.039207
57.75, 1, 0.039207
57.775, 1, 0.039207
57.8, 1, 0.039207
57.825, 1, 0.0394401
57.85, 1, 0.03967
57.875, 1, 0.03967
57.9, 1, 0.03967
57.925, 1, 0.0398991
57.95, 1, 0.0398991
57.975, 1, 0.0398991
58, 1, 0.0401232
58.025, 1, 0.0401232
58.05, 1, 0.0401232
58.075, 1, 0.0401232
58.1, 1, 0.0401232
58.125, 1, 0.0401232
58.15, 1, 0.0401232
58.175, 1, 0.0401232
58.2, 1, 0.0401232
58.225, 1, 0.0401232
58.25, 1, 0.0401232
58.275, 1, 0.0401232
58.3, 1, 0.0401232
58.325, 1, 0.0401232
58.35, 1, 0.0401232
58.375, 1, 0.0401232
58.4, 1, 0.0401232
58.425, 1, 0.0401232
58.45, 1, 0.0403275
58.475, 1, 0.0403275
58.5, 1, 0.0403275
58.525, 1, 0.0405169
58.55, 1, 0.0405169
58.575, 1, 0.0405169
58.6, 1, 0.0405169
58.625, 1, 0.0405169
58.65, 1, 0.0405169
58.675, 1, 0.0405169
58.7, 1, 0.0405169
58.725, 1, 0.0405169
58.75, 1, 0.0407231
58.775, 1, 0.0407231
58.8, 1, 0.0407231
58.825, 1, 0.040927
58.85, 1, 0.0411242
58.875, 1, 0.0411242
58.9, 1, 0.0411242
58.925, 1, 0.0411242
58.95, 1, 0.0411242
58.975, 1, 0.041314
59, 1, 0.041314
59.025, 1, 0.041314
59.05, 1, 0.041314
59.075, 1, 0.041314
59.1, 1, 0.041314
59.125, 1, 0.041314
59.15, 1, 0.041314
59.175, 1, 0.041314
59.2, 1, 0.041314
59.225, 1, 0.041314
59.25, 1, 0.0415048
59.275, 1, 0.0415048
59.3, 1, 0.0415048
59.325, 1, 0.0416686
59.35, 1, 0.0416686
59.375, 1, 0.0416686
59.4, 1, 0.0416686
59.425, 1, 0.0416686
59.45, 1, 0.0416686
59.475, 1, 0.0416686
59.5, 1, 0.0416686
59.525, 1, 0.0416686
59.55, 1, 0.0416686
59.575, 1, 0.0418364
59.6, 1, 0.0418364
59.625, 1, 0.0418364
59.65, 1, 0.0418364
59.675, 1, 0.0418364
59.7, 1, 0.0418364
59.725, 1, 0.0419952
59.75, 1, 0.0421515
59.775, 1, 0.0421515
59.8, 1, 0.0421515
59.825, 1, 0.0421515
59.85, 1, 0.0421515
59.875, 1, 0.0421515
59.9, 1, 0.0423044
59.925, 1, 0.0423044
59.95, 1, 0.0423044
59.975, 1, 0.0423044
60, 1, 0.0423044
60, 1, 0.0423044
60.025, 1, 0.0423044
60.05, 1, 0.0423044
60.075, 1, 0.0426481
60.1, 1, 0.0426481
60.125, 1, 0.0426481
60.15, 1, 0.0426481
60.175, 1, 0.0427949
60.2, 1, 0.0427949
60.225, 1, 0.0427949
60.25, 1, 0.0428691
60.275, 1, 0.0428691
60.3, 1, 0.0428691
60.325, 1, 0.0428691
60.35, 1, 0.0428691
60.375, 1, 0.0428691
60.4, 1, 0.0433336
60.425, 1, 0.0433336
60.45, 1, 0.0433336
60.475, 1, 0.0433336
60.5, 1, 0.0438236
60.525, 1, 0.0438236
60.55, 1, 0.0438236
60.575, 1, 0.0438236
60.6, 1, 0.0438236
60.625, 1, 0.0438236
60.65, 1, 0.0438236
60.675, 1, 0.0438236
60.7, 1, 0.0438236
60.725, 1, 0.0438236
60.75, 1, 0.0438236
60.775, 1, 0.0438236
60.8, 1, 0.0438236
60.825, 1, 0.0438236
60.85, 1, 0.0437609
60.875, 1, 0.0437609
60.9, 1, 0.0437609
60.925, 1, 0.0437609
60.95, 1, 0.0437609
60.975, 1, 0.0437609
61, 1, 0.0437609
61.025, 1, 0.0437609
61.05, 1, 0.0437609
61.075, 1, 0.0437609
61.1, 1, 0.0437609
61.125, 1, 0.0437609
61.15, 1, 0.0437609
61.175, 1, 0.0437609
61.2, 1, 0.0437609
61.225, 1, 0.0437609
61.25, 1, 0.0437609
61.275, 1, 0.0437609
61.3, 1, 0.0437609
61.325, 1, 0.043713
61.35, 1, 0.0437692
61.375, 1, 0.0437692
61.4, 1, 0.0438188
61.425, 1, 0.0438188
61.45, 1, 0.0438188
61.475, 1, 0.0438188
61.5, 1, 0.0438188
61.525, 1, 0.0438188
61.55, 1, 0.0438188
61.575, 1, 0.0438188
61.6, 1, 0.0438188
61.625, 1, 0.0438188
61.65, 1, 0.0438188
61.675, 1, 0.0438188
61.7, 1, 0.0438188
61.725, 1, 0.0438188
61.75, 1, 0.0438188
61.775, 1, 0.0438188
61.8, 1, 0.0438188
61.825, 1, 0.0438188
61.85, 1, 0.0438188
61.875, 1, 0.0441129
61.9, 1, 0.0441129
61.925, 1, 0.0441129
61.95, 1, 0.0441129
61.975, 1, 0.0441129
62, 1, 0.0441129
62.025, 1, 0.0441129
62.05, 1, 0.0441129
62.075, 1, 0.0441129
62.1, 1, 0.0441129
62.125, 1, 0.0441129
62.15, 1, 0.0441129
62.175, 1, 0.0441129
62.2, 1, 0.0441129
62.225, 1, 0.0441129
62.25, 1, 0.0441129
62.275, 1, 0.0441129
62.3, 1, 0.0444538
62.325, 1, 0.0444538
62.35, 1, 0.0448196
62.375, 1, 0.0448196
62.4, 1, 0.0448196
62.425, 1, 0.0448196
62.45, 1, 0.0448196
62.475, 1, 0.0448196
62.5, 1, 0.0448196
62.525, 1, 0.0448196
62.55, 1, 0.0448196
62.575, 1, 0.0448196
62.6, 1, 0.0448196
62.625, 1, 0.0448196
62.65, 1, 0.0448196
62.675, 1, 0.0448196
62.7, 1, 0.0448196
62.725, 1, 0.0448196
62.75, 1, 0.0451729
62.775, 1, 0.0455146
62.8, 1, 0.0455146
62.825, 1, 0.0455146
62.85, 1, 0.0455146
62.875, 1, 0.0455146
62.9, 1, 0.0455146
62.925, 1, 0.0455146
62.95, 1, 0.0455146
62.975, 1, 0.0456708
63, 1, 0.0456708
63.025, 1, 0.0456708
63.05, 1, 0.0456708
63.075, 1, 0.0456708
63.1, 1, 0.0456708
63.125, 1, 0.0456708
63.15, 1, 0.0456708
63.175, 1, 0.0456708
63.2, 1, 0.0456708
63.225, 1, 0.0456708
63.25, 1, 0.0456708
63.275, 1, 0.0456708
63.3, 1, 0.0456708
63.325, 1, 0.0456708
63.35, 1, 0.0456708
63.375, 1, 0.0459857
63.4, 1, 0.0459857
63.425, 1, 0.0459857
63.45, 1, 0.0459857
63.475, 1, 0.0459857
63.5, 1, 0.0463784
63.525, 1, 0.0468382
63.55, 1, 0.0473238
63.575, 1, 0.0473238
63.6, 1, 0.0473238
63.625, 1, 0.0473238
63.65, 1, 0.0473238
63.675, 1, 0.0473238
63.7, 1, 0.0473238
63.725, 1, 0.0473238
63.75, 1, 0.0473238
63.775, 1, 0.0473238
63.8, 1, 0.0473238
63.825, 1, 0.0477805
63.85, 1, 0.0477805
63.875, 1, 0.0477805
63.9, 1, 0.0477805
63.925, 1, 0.0477805
63.95, 1, 0.0477805
63.975, 1, 0.0477805
64, 1, 0.0477805
64.025, 1, 0.0477805
64.05, 1, 0.0482259
64.075, 1, 0.0482259
64.1, 1, 0.0482259
64.125, 1, 0.0482259
64.15, 1, 0.0482259
64.175, 1, 0.0482259
64.2, 1, 0.048667
64.225, 1, 0.048667
64.25, 1, 0.0490954
64.275, 1, 0.0490954
64.3, 1, 0.0490954
64.325, 1, 0.0490954
64.35, 1, 0.0490954
64.375, 1, 0.0490954
64.4, 1, 0.0490954
64.425, 1, 0.0490954
64.45, 1, 0.0490954
64.475, 1, 0.0490954
64.5, 1, 0.0490954
64.525, 1, 0.0490954
64.55, 1, 0.0490954
64.575, 1, 0.0490954
64.6, 1, 0.0495645
64.625, 1, 0.0495645
64.65, 1, 0.0495645
64.675, 1, 0.0495645
64.7, 1, 0.0495645
64.725, 1, 0.0495645
64.75, 1, 0.0495645
64.775, 1, 0.0495645
64.8, 1, 0.0495645
64.825, 1, 0.0495645
64.85, 1, 0.0495645
64.875, 1, 0.0495645
64.9, 1, 0.050025
64.925, 1, 0.050025
64.95, 1, 0.050025
64.975, 1, 0.050025
65, 1, 0.050025
65.025, 1, 0.0504789
65.05, 1, 0.0504789
65.075, 1, 0.0509258
65.1, 1, 0.0509258
65.125, 1, 0.0509258
65.15, 1, 0.0509258
65.175, 1, 0.0509258
65.2, 1, 0.0509258
65.225, 1, 0.0509258
65.25, 1, 0.0509258
65.275, 1, 0.0509258
65.3, 1, 0.0509258
65.325, 1, 0.0509258
65.35, 1, 0.0509258
65.375, 1, 0.0509258
65.4, 1, 0.0509258
65.425, 1, 0.0509258
65.45, 1, 0.0509258
65.475, 1, 0.0513754
65.5, 1, 0.0513754
65.525, 1, 0.0513754
65.55, 1, 0.0513754
65.575, 1, 0.0513754
65.6, 1, 0.0513754
65.625, 1, 0.0513754
65.65, 1, 0.0513754
65.675, 1, 0.0513754
65.7, 1, 0.0513754
65.725, 1, 0.0513754
65.75, 1, 0.0513754
65.775, 1, 0.0513754
65.8, 1, 0.0513754
65.825, 1, 0.0513754
65.85, 1, 0.0513754
65.875, 1, 0.0513754
65.9, 1, 0.0513754
65.925, 1, 0.0513754
65.95, 1, 0.0513754
65.975, 1, 0.0513754
66, 1, 0.0513754
66.025, 1, 0.0513754
66.05, 1, 0.0513754
66.075, 1, 0.0513754
66.1, 1, 0.0513754
66.125, 1, 0.0513754
66.15, 1, 0.0513754
66.175, 1, 0.0518094
66.2, 1, 0.0518094
66.225, 1, 0.0518094
66.25, 1, 0.0518094
66.275, 1, 0.0518094
66.3, 1, 0.0518094
66.325, 1, 0.0518094
66.35, 1, 0.0518094
66.375, 1, 0.0518094
66.4, 1, 0.0518094
66.425, 1, 0.0518094
66.45, 1, 0.0518094
66.475, 1, 0.0518094
66.5, 1, 0.0518094
66.525, 1, 0.0518094
66.55, 1, 0.0518094
66.575, 1, 0.0518094
66.6, 1, 0.0518094
66.625, 1, 0.0518094
66.65, 1, 0.0518094
66.675, 1, 0.0518094
66.7, 1, 0.0518094
66.725, 1, 0.0518094
66.75, 1, 0.0518094
66.775, 1, 0.0518094
66.8, 1, 0.0518094
66.825, 1, 0.0518094
66.85, 1, 0.0518094
66.875, 1, 0.0518094
66.9, 1, 0.0518094
66.925, 1, 0.0518094
66.95, 1, 0.0518094
66.975, 1, 0.0518094
67, 1, 0.0518094
67.025, 1, 0.0518094
67.05, 1, 0.0518094
67.075, 1, 0.0518094
67.1, 1, 0.0518094
67.125, 1, 0.0518094
67.15, 1, 0.0518094
67.175, 1, 0.0518094
67.2, 1, 0.0518094
67.225, 1, 0.0518094
67.25, 1, 0.0518094
67.275, 1, 0.0518094
67.3, 1, 0.0518094
67.325, 1, 0.0518094
67.35, 1, 0.0518094
67.375, 1, 0.0518094
67.4, 1, 0.0518094
67.425, 1, 0.0518094
67.45, 1, 0.0518094
67.475, 1, 0.0518094
67.5, 1, 0.0518094
67.525, 1, 0.0518094
67.55, 1, 0.0518094
67.575, 1, 0.0518094
67.6, 1, 0.0518094
67.625, 1, 0.0525662
67.65, 1, 0.05341
67.675, 1, 0.05341
67.7, 1, 0.05341
67.725, 1, 0.05341
67.75, 1, 0.05341
67.775, 1, 0.054273
67.8, 1, 0.054273
67.825, 1, 0.054273
67.85, 1, 0.054273
67.875, 1, 0.054273
67.9, 1, 0.054273
67.925, 1, 0.054273
67.95, 1, 0.054273
67.975, 1, 0.054273
68, 1, 0.054273
68.025, 1, 0.054273
68.05, 1, 0.054273
68.075, 1, 0.054273
68.1, 1, 0.054273
68.125, 1, 0.054273
68.15, 1, 0.054273
68.175, 1, 0.054273
68.2, 1, 0.054273
68.225, 1, 0.054273
68.25, 1, 0.054273
68.275, 1, 0.054273
68.3, 1, 0.054273
68.325, 1, 0.054273
68.35, 1, 0.054273
68.375, 1, 0.054273
68.4, 1, 0.054273
68.425, 1, 0.054273
68.45, 1, 0.054273
68.475, 1, 0.0553673
68.5, 1, 0.0553673
68.525, 1, 0.0553673
68.55, 1, 0.0553673
68.575, 1, 0.0553673
68.6, 1, 0.0553673
68.625, 1, 0.0564871
68.65, 1, 0.0564871
68.675, 1, 0.0564871
68.7, 1, 0.0564871
68.725, 1, 0.0564871
68.75, 1, 0.0564871
68.775, 1, 0.0564871
68.8, 1, 0.0564871
68.825, 1, 0.0564871
68.85, 1, 0.0564871
68.875, 1, 0.0564871
68.9, 1, 0.0564871
68.925, 1, 0.0564871
68.95, 1, 0.0564871
68.975, 1, 0.0564871
69, 1, 0.0564871
69.025, 1, 0.0564871
69.05, 1, 0.057656
69.075, 1, 0.057656
69.1, 1, 0.057656
69.125, 1, 0.057656
69.15, 1, 0.057656
69.175, 1, 0.057656
69.2, 1, 0.057656
69.225, 1, 0.057656
69.25, 1, 0.057656
69.275, 1, 0.057656
69.3, 1, 0.057656
69.325, 1, 0.057656
69.35, 1, 0.057656
69.375, 1, 0.057656
69.4, 1, 0.057656
69.425, 1, 0.057656
69.45, 1, 0.057656
69.475, 1, 0.057656
69.5, 1, 0.057656
69.525, 1, 0.057656
69.55, 1, 0.057656
69.575, 1, 0.057656
69.6, 1, 0.057656
69.625, 1, 0.057656
69.65, 1, 0.057656
69.675, 1, 0.057656
69.7, 1, 0.057656
69.725, 1, 0.0587588
69.75, 1, 0.0587588
69.775, 1, 0.0597167
69.8, 1, 0.0597167
69.825, 1, 0.0597167
69.85, 1, 0.0597167
69.875, 1, 0.0597167
69.9, 1, 0.0606464
69.925, 1, 0.0615509
69.95, 1, 0.0624483
69.975, 1, 0.0624483
70, 1, 0.0624483
70.025, 1, 0.0624483
70.05, 1, 0.0624483
70.075, 1, 0.0624483
70.1, 1, 0.0633141
70.125, 1, 0.0633141
70.15, 1, 0.0633141
70.175, 1, 0.0639106
70.2, 1, 0.0639106
70.225, 1, 0.0639885
70.25, 1, 0.0639885
70.275, 1, 0.0639885
70.3, 1, 0.0639885
70.325, 1, 0.0639885
70.35, 1, 0.0639885
70.375, 1, 0.0639885
70.4, 1, 0.0639885
70.425, 1, 0.0639885
70.45, 1, 0.0639885
70.475, 1, 0.0639885
70.5, 1, 0.0639885
70.525, 1, 0.064139
70.55, 1, 0.064139
70.575, 1, 0.064139
70.6, 1, 0.0644839
70.625, 1, 0.0650092
70.65, 1, 0.0656871
70.675, 1, 0.0664936
70.7, 1, 0.0664936
70.725, 1, 0.0664936
70.75, 1, 0.0674046
70.775, 1, 0.0674046
70.8, 1, 0.0674046
70.825, 1, 0.0674046
70.85, 1, 0.0674046
70.875, 1, 0.0674046
70.9, 1, 0.0674046
70.925, 1, 0.0674046
70.95, 1, 0.0674046
70.975, 1, 0.0674046
71, 1, 0.0684797
71.025, 1, 0.0684797
71.05, 1, 0.0684797
71.075, 1, 0.0684797
71.1, 1, 0.0684797
71.125, 1, 0.0684797
71.15, 1, 0.0684797
71.175, 1, 0.0684797
71.2, 1, 0.0684797
71.225, 1, 0.0684797
71.25, 1, 0.0684797
71.275, 1, 0.0684797
71.3, 1, 0.0684797
71.325, 1, 0.0684797
71.35, 1, 0.0684797
71.375, 1, 0.0695349
71.4, 1, 0.0695349
71.425, 1, 0.070706
71.45, 1, 0.070706
71.475, 1, 0.070706
71.5, 1, 0.070706
71.525, 1, 0.070706
71.55, 1, 0.070706
71.575, 1, 0.070706
71.6, 1, 0.070706
71.625, 1, 0.070706
71.65, 1, 0.070706
71.675, 1, 0.070706
71.7, 1, 0.070706
71.725, 1, 0.070706
71.75, 1, 0.070706
71.775, 1, 0.070706
71.8, 1, 0.070706
71.825, 1, 0.070706
71.85, 1, 0.070706
71.875, 1, 0.070706
71.9, 1, 0.070706
71.925, 1, 0.070706
71.95, 1, 0.070706
71.975, 1, 0.070706
72, 1, 0.070706
72.025, 1, 0.070706
72.05, 1, 0.070706
72.075, 1, 0.070706
72.1, 1, 0.0719082
72.125, 1, 0.0719082
72.15, 1, 0.0719082
72.175, 1, 0.0719082
72.2, 1, 0.0719082
72.225, 1, 0.0719082
72.25, 1, 0.0719082
72.275, 1, 0.0719082
72.3, 1, 0.0719082
72.325, 1, 0.0719082
72.35, 1, 0.0719082
72.375, 1, 0.0719082
72.4, 1, 0.0719082
72.425, 1, 0.0719082
72.45, 1, 0.0719082
72.475, 1, 0.0719082
72.5, 1, 0.0719082
72.525, 1, 0.0719082
72.55, 1, 0.0730785
72.575, 1, 0.0730785
72.6, 1, 0.0730785
72.625, 1, 0.0730785
72.65, 1, 0.0730785
72.675, 1, 0.0730785
72.7, 1, 0.0730785
72.725, 1, 0.0730785
72.75, 1, 0.0730785
72.775, 1, 0.0730785
72.8, 1, 0.0730785
72.825, 1, 0.0730785
72.85, 1, 0.0730785
72.875, 1, 0.0730785
72.9, 1, 0.0730785
72.925, 1, 0.0730785
72.95, 1, 0.0730785
72.975, 1, 0.0730785
73, 1, 0.074199
73.025, 1, 0.074199
73.05, 1, 0.0751693
73.075, 1, 0.0751693
73.1, 1, 0.0751693
73.125, 1, 0.0751693
73.15, 1, 0.0760271
73.175, 1, 0.0760271
73.2, 1, 0.0760271
73.225, 1, 0.0760271
73.25, 1, 0.0760271
73.275, 1, 0.0760271
73.3, 1, 0.0760271
73.325, 1, 0.0760271
73.35, 1, 0.0760271
73.375, 1, 0.0760271
73.4, 1, 0.0760271
73.425, 1, 0.0760271
73.45, 1, 0.0760271
73.475, 1, 0.0760271
73.5, 1, 0.0760271
73.525, 1, 0.0760271
73.55, 1, 0.0760271
73.575, 1, 0.0760271
73.6, 1, 0.0760271
73.625, 1, 0.0760271
73.65, 1, 0.0760271
73.675, 1, 0.0760271
73.7, 1, 0.0760271
73.725, 1, 0.0760271
73.75, 1, 0.0760271
73.775, 1, 0.0760271
73.8, 1, 0.0760271
73.825, 1, 0.0760271
73.85, 1, 0.0760271
73.875, 1, 0.0760271
73.9, 1, 0.0760271
73.925, 1, 0.0760271
73.95, 1, 0.0760271
73.975, 1, 0.0760271
74, 1, 0.0760271
74.025, 1, 0.0760271
74.05, 1, 0.0760271
74.075, 1, 0.0760271
74.1, 1, 0.0760271
74.125, 1, 0.0760271
74.15, 1, 0.0760271
74.175, 1, 0.0760271
74.2, 1, 0.0760271
74.225, 1, 0.0760271
74.25, 1, 0.0760271
74.275, 1, 0.0760271
74.3, 1, 0.0760271
74.325, 1, 0.0760271
74.35, 1, 0.0760271
74.375, 1, 0.0760271
74.4, 1, 0.0760271
74.425, 1, 0.0760271
74.45, 1, 0.0760271
74.475, 1, 0.0760271
74.5, 1, 0.0760271
74.525, 1, 0.0760271
74.55, 1, 0.0760271
74.575, 1, 0.0760271
74.6, 1, 0.0760271
74.625, 1, 0.0760271
74.65, 1, 0.0760271
74.675, 1, 0.0760271
74.7, 1, 0.0772559
74.725, 1, 0.0772559
74.75, 1, 0.0772559
74.775, 1, 0.0772559
74.8, 1, 0.0772559
74.825, 1, 0.0772559
74.85, 1, 0.0772559
74.875, 1, 0.0772559
74.9, 1, 0.0772559
74.925, 1, 0.0772559
74.95, 1, 0.0772559
74.975, 1, 0.0772559
75, 1, 0.0772559
75.025, 1, 0.0772559
75.05, 1, 0.0772559
75.075, 1, 0.0772559
75.1, 1, 0.0785032
75.125, 1, 0.0785032
75.15, 1, 0.0785032
75.175, 1, 0.0785032
75.2, 1, 0.0785032
75.225, 1, 0.0785032
75.25, 1, 0.0785032
75.275, 1, 0.0785032
75.3, 1, 0.0785032
75.325, 1, 0.0785032
75.35, 1, 0.0785032
75.375, 1, 0.0785032
75.4, 1, 0.0785032
75.425, 1, 0.0785032
75.45, 1, 0.0785032
75.475, 1, 0.0785032
75.5, 1, 0.0785032
75.525, 1, 0.0785032
75.55, 1, 0.0785032
75.575, 1, 0.0785032
75.6, 1, 0.0785032
75.625, 1, 0.0785032
75.65, 1, 0.0785032
75.675, 1, 0.0785032
75.7, 1, 0.0785032
75.725, 1, 0.0796301
75.75, 1, 0.0796301
75.775, 1, 0.0796301
75.8, 1, 0.0796301
75.825, 1, 0.0796301
75.85, 1, 0.0796301
75.875, 1, 0.0796301
75.9, 1, 0.0796301
75.925, 1, 0.0796301
75.95, 1, 0.0796301
75.975, 1, 0.0796301
76, 1, 0.0796301
76.025, 1, 0.0796301
76.05, 1, 0.0796301
76.075, 1, 0.0796301
76.1, 1, 0.0796301
76.125, 1, 0.0796301
76.15, 1, 0.0796301
76.175, 1, 0.0796301
76.2, 1, 0.0796301
76.225, 1, 0.0796301
76.25, 1, 0.0796301
76.275, 1, 0.0796301
76.3, 1, 0.0807625
76.325, 1, 0.0807625
76.35, 1, 0.0807625
76.375, 1, 0.0807625
76.4, 1, 0.0807625
76.425, 1, 0.0819158
76.45, 1, 0.0819158
76.475, 1, 0.0830775
76.5, 1, 0.0830775
76.525, 1, 0.0830775
76.55, 1, 0.0830775
76.575, 1, 0.0830775
76.6, 1, 0.0830775
76.625, 1, 0.0830775
76.65, 1, 0.0830775
76.675, 1, 0.0830775
76.7, 1, 0.0830775
76.725, 1, 0.0830775
76.75, 1, 0.0830775
76.775, 1, 0.0830775
76.8, 1, 0.0830775
76.825, 1, 0.0841868
76.85, 1, 0.0841868
76.875, 1, 0.085178
76.9, 1, 0.085178
76.925, 1, 0.085178
76.95, 1, 0.085178
76.975, 1, 0.085178
77, 1, 0.085178
77.025, 1, 0.085178
77.05, 1, 0.085178
77.075, 1, 0.085178
77.1, 1, 0.085178
77.125, 1, 0.0861734
77.15, 1, 0.0861734
77.175, 1, 0.0861734
77.2, 1, 0.0861734
77.225, 1, 0.0861734
77.25, 1, 0.0861734
77.275, 1, 0.0861734
77.3, 1, 0.0871982
77.325, 1, 0.0871982
77.35, 1, 0.0871982
77.375, 1, 0.0871982
77.4, 1, 0.0871982
77.425, 1, 0.0871982
77.45, 1, 0.0871982
77.475, 1, 0.0871982
77.5, 1, 0.0871982
77.525, 1, 0.0871982
77.55, 1, 0.0871982
77.575, 1, 0.0871982
77.6, 1, 0.0871982
77.625, 1, 0.0871982
77.65, 1, 0.0871982
77.675, 1, 0.0871982
77.7, 1, 0.0871982
77.725, 1, 0.0871982
77.75, 1, 0.0882003
77.775, 1, 0.0882003
77.8, 1, 0.0882003
77.825, 1, 0.0882003
77.85, 1, 0.0882003
77.875, 1, 0.0882003
77.9, 1, 0.0882003
77.925, 1, 0.0882003
77.95, 1, 0.0882003
77.975, 1, 0.0882003
78, 1, 0.0882003
78.025, 1, 0.0882003
78.05, 1, 0.0882003
78.075, 1, 0.0882003
78.1, 1, 0.0882003
78.125, 1, 0.0882003
78.15, 1, 0.0882003
78.175, 1, 0.0882003
78.2, 1, 0.0882003
78.225, 1, 0.0882003
78.25, 1, 0.0882003
78.275, 1, 0.0882003
78.3, 1, 0.0882003
78.325, 1, 0.0882003
78.35, 1, 0.0882003
78.375, 1, 0.0882003
78.4, 1, 0.0882003
78.425, 1, 0.0882003
78.45, 1, 0.0882003
78.475, 1, 0.0882003
78.5, 1, 0.0882003
78.525, 1, 0.0882003
78.55, 1, 0.0882003
78.575, 1, 0.0882003
78.6, 1, 0.0882003
78.625, 1, 0.0882003
78.65, 1, 0.0882003
78.675, 1, 0.0882003
78.7, 1, 0.0882003
78.725, 1, 0.0882003
78.75, 1, 0.0882003
78.775, 1, 0.0882003
78.8, 1, 0.0882003
78.825, 1, 0.0882003
78.85, 1, 0.0882003
78.875, 1, 0.0882003
78.9, 1, 0.0882003
78.925, 1, 0.0882003
78.95, 1, 0.0882003
78.975, 1, 0.0882003
79, 1, 0.0882003
79.025, 1, 0.0882003
79.05, 1, 0.0882003
79.075, 1, 0.0882003
79.1, 1, 0.0882003
79.125, 1, 0.0882003
79.15, 1, 0.0882003
79.175, 1, 0.0882003
79.2, 1, 0.0882003
79.225, 1, 0.0882003
79.25, 1, 0.0882003
79.275, 1, 0.0882003
79.3, 1, 0.0882003
79.325, 1, 0.0882003
79.35, 1, 0.0882003
79.375, 1, 0.0882003
79.4, 1, 0.0882003
79.425, 1, 0.0882003
79.45, 1, 0.0882003
79.475, 1, 0.0882003
79.5, 1, 0.0882003
79.525, 1, 0.0882003
79.55, 1, 0.0882003
79.575, 1, 0.0882003
79.6, 1, 0.0882003
79.625, 1, 0.0882003
79.65, 1, 0.0882003
79.675, 1, 0.0882003
79.7, 1, 0.0882003
79.725, 1, 0.0882003
79.75, 1, 0.0882003
79.775, 1, 0.0882003
79.8, 1, 0.0882003
79.825, 1, 0.0882003
79.85, 1, 0.0882003
79.875, 1, 0.0882003
79.9, 1, 0.0882003
79.925, 1, 0.0882003
79.95, 1, 0.0882003
79.975, 1, 0.0882003
80, 1, 0.0882003
80.025, 1, 0.0882003
80.05, 1, 0.089418
80.075, 1, 0.089418
80.1, 1, 0.089418
80.125, 1, 0.089418
80.15, 1, 0.089418
80.175, 1, 0.0900553
80.2, 1, 0.0900553
80.225, 1, 0.0900553
80.25, 1, 0.0900553
80.275, 1, 0.0904647
80.3, 1, 0.0904647
80.325, 1, 0.0904647
80.35, 1, 0.0904647
80.375, 1, 0.0904647
80.4, 1, 0.0904647
80.425, 1, 0.0907188
80.45, 1, 0.0907188
80.475, 1, 0.0907188
80.5, 1, 0.0910646
80.525, 1, 0.0910646
80.55, 1, 0.0910646
80.575, 1, 0.0910646
80.6, 1, 0.0910646
80.625, 1, 0.0910646
80.65, 1, 0.0910646
80.675, 1, 0.0910646
80.7, 1, 0.0910646
80.725, 1, 0.0910646
80.75, 1, 0.0910646
80.775, 1, 0.0915407
80.8, 1, 0.0915407
80.825, 1, 0.0915407
80.85, 1, 0.0915407
80.875, 1, 0.0915407
80.9, 1, 0.0915407
80.925, 1, 0.0915407
80.95, 1, 0.0915407
80.975, 1, 0.0915407
81, 1, 0.0915407
81.025, 1, 0.0915407
81.05, 1, 0.0915407
81.075, 1, 0.0915407
81.1, 1, 0.0915407
81.125, 1, 0.0915407
81.15, 1, 0.0915407
81.175, 1, 0.0915407
81.2, 1, 0.0915407
81.225, 1, 0.0915407
81.25, 1, 0.0915407
81.275, 1, 0.0915407
81.3, 1, 0.0915407
81.325, 1, 0.0915407
81.35, 1, 0.0915407
81.375, 1, 0.0915407
81.4, 1, 0.0915407
81.425, 1, 0.0915407
81.45, 1, 0.0915407
81.475, 1, 0.0915407
81.5, 1, 0.0915407
81.525, 1, 0.0915407
81.55, 1, 0.0915407
81.575, 1, 0.0915407
81.6, 1, 0.0915407
81.625, 1, 0.0915407
81.65, 1, 0.0915407
81.675, 1, 0.0915407
81.7, 1, 0.0915407
81.725, 1, 0.0915407
81.75, 1, 0.0915407
81.775, 1, 0.0915407
81.8, 1, 0.0915407
81.825, 1, 0.0915407
81.85, 1, 0.0915407
81.875, 1, 0.0915407
81.9, 1, 0.0915407
81.925, 1, 0.0915407
81.95, 1, 0.0915407
81.975, 1, 0.0915407
82, 1, 0.0915407
82.025, 1, 0.0915407
82.05, 1, 0.0915407
82.075, 1, 0.0915407
82.1, 1, 0.0915407
82.125, 1, 0.0915407
82.15, 1, 0.0915407
82.175, 1, 0.0915407
82.2, 1, 0.0915407
82.225, 1, 0.0915407
82.25, 1, 0.0915407
82.275, 1, 0.0915407
82.3, 1, 0.0915407
82.325, 1, 0.0915407
82.35, 1, 0.0915407
82.375, 1, 0.0915407
82.4, 1, 0.0915407
82.425, 1, 0.0915407
82.45, 1, 0.0915407
82.475, 1, 0.0915407
82.5, 1, 0.0915407
82.525, 1, 0.0915407
82.55, 1, 0.0915407
82.575, 1, 0.0915407
82.6, 1, 0.0915407
82.625, 1, 0.0915407
82.65, 1, 0.0915407
82.675, 1, 0.0915407
82.7, 1, 0.0915407
82.725, 1, 0.0915407
82.75, 1, 0.0915407
82.775, 1, 0.0915407
82.8, 1, 0.0915407
82.825, 1, 0.0915407
82.85, 1, 0.0915407
82.875, 1, 0.0915407
82.9, 1, 0.0915407
82.925, 1, 0.0915407
82.95, 1, 0.0915407
82.975, 1, 0.0915407
83, 1, 0.0915407
83.025, 1, 0.0915407
83.05, 1, 0.0915407
83.075, 1, 0.0915407
83.1, 1, 0.0915407
83.125, 1, 0.0915407
83.15, 1, 0.0915407
83.175, 1, 0.0915407
83.2, 1, 0.0915407
83.225, 1, 0.0915407
83.25, 1, 0.0915407
83.275, 1, 0.0915407
83.3, 1, 0.0915407
83.325, 1, 0.0915407
83.35, 1, 0.0915407
83.375, 1, 0.0915407
83.4, 1, 0.0915407
83.425, 1, 0.0915407
83.45, 1, 0.0915407
83.475, 1, 0.0915407
83.5, 1, 0.0915407
83.525, 1, 0.0915407
83.55, 1, 0.0915407
83.575, 1, 0.0915407
83.6, 1, 0.0915407
83.625, 1, 0.0915407
83.65, 1, 0.0915407
83.675, 1, 0.0915407
83.7, 1, 0.0915407
83.725, 1, 0.0915407
83.75, 1, 0.0915407
83.775, 1, 0.0915407
83.8, 1, 0.0915407
83.825, 1, 0.0915407
83.85, 1, 0.0915407
83.875, 1, 0.0915407
83.9, 1, 0.0915407
83.925, 1, 0.0915407
83.95, 1, 0.0915407
83.975, 1, 0.0915407
84, 1, 0.0915407
84.025, 1, 0.0915407
84.05, 1, 0.0915407
84.075, 1, 0.0915407
84.1, 1, 0.0915407
84.125, 1, 0.0915407
84.15, 1, 0.0915407
84.175, 1, 0.0915407
84.2, 1, 0.0915407
84.225, 1, 0.092613
84.25, 1, 0.092613
84.275, 1, 0.092613
84.3, 1, 0.092613
84.325, 1, 0.092613
84.35, 1, 0.092613
84.375, 1, 0.092613
84.4, 1, 0.092613
84.425, 1, 0.092613
84.45, 1, 0.092613
84.475, 1, 0.092613
84.5, 1, 0.092613
84.525, 1, 0.092613
84.55, 1, 0.0935783
84.575, 1, 0.0935783
84.6, 1, 0.0935783
84.625, 1, 0.0935783
84.65, 1, 0.0935783
84.675, 1, 0.0935783
84.7, 1, 0.0935783
84.725, 1, 0.0935783
84.75, 1, 0.0935783
84.775, 1, 0.0935783
84.8, 1, 0.0935783
84.825, 1, 0.0935783
84.85, 1, 0.0935783
84.875, 1, 0.0935783
84.9, 1, 0.0935783
84.925, 1, 0.0935783
84.95, 1, 0.0935783
84.975, 1, 0.0935783
85, 1, 0.0935783
85.025, 1, 0.0935783
85.05, 1, 0.0935783
85.075, 1, 0.0945331
85.1, 1, 0.0945331
85.125, 1, 0.0945331
85.15, 1, 0.0945331
85.175, 1, 0.0945331
85.2, 1, 0.0945331
85.225, 1, 0.0945331
85.25, 1, 0.0945331
85.275, 1, 0.0945331
85.3, 1, 0.0945331
85.325, 1, 0.0945331
85.35, 1, 0.0945331
85.375, 1, 0.0954202
85.4, 1, 0.0954202
85.425, 1, 0.0954202
85.45, 1, 0.0954202
85.475, 1, 0.0954202
85.5, 1, 0.0954202
85.525, 1, 0.0962963
85.55, 1, 0.0962963
85.575, 1, 0.0962963
85.6, 1, 0.0962963
85.625, 1, 0.0962963
85.65, 1, 0.0962963
85.675, 1, 0.0962963
85.7, 1, 0.0962963
85.725, 1, 0.0962963
85.75, 1, 0.0962963
85.775, 1, 0.0962963
85.8, 1, 0.0962963
85.825, 1, 0.0962963
85.85, 1, 0.0962963
85.875, 1, 0.0962963
85.9, 1, 0.0962963
85.925, 1, 0.0962963
85.95, 1, 0.0962963
85.975, 1, 0.0962963
86, 1, 0.0962963
86.025, 1, 0.0962963
86.05, 1, 0.0962963
86.075, 1, 0.0962963
86.1, 1, 0.0962963
86.125, 1, 0.0971714
86.15, 1, 0.0971714
86.175, 1, 0.0971714
86.2, 1, 0.0971714
86.225, 1, 0.0980081
86.25, 1, 0.0980081
86.275, 1, 0.0980081
86.3, 1, 0.0980081
86.325, 1, 0.0980081
86.35, 1, 0.0980081
86.375, 1, 0.0980081
86.4, 1, 0.0988062
86.425, 1, 0.0988062
86.45, 1, 0.0988062
86.475, 1, 0.0988062
86.5, 1, 0.0988062
86.525, 1, 0.0988062
86.55, 1, 0.0988062
86.575, 1, 0.0988062
86.6, 1, 0.0988062
86.625, 1, 0.0988062
86.65, 1, 0.0988062
86.675, 1, 0.0988062
86.7, 1, 0.0988062
86.725, 1, 0.0988062
86.75, 1, 0.0988062
86.775, 1, 0.0988062
86.8, 1, 0.0988062
86.825, 1, 0.0995882
86.85, 1, 0.0995882
86.875, 1, 0.100333
86.9, 1, 0.100333
86.925, 1, 0.100333
86.95, 1, 0.100333
86.975, 1, 0.100333
87, 1, 0.101053
87.025, 1, 0.101053
87.05, 1, 0.101053
87.075, 1, 0.101053
87.1, 1, 0.101053
87.125, 1, 0.101053
87.15, 1, 0.101053
87.175, 1, 0.101053
87.2, 1, 0.101053
87.225, 1, 0.101053
87.25, 1, 0.101687
87.275, 1, 0.101687
87.3, 1, 0.101687
87.325, 1, 0.101687
87.35, 1, 0.101687
87.375, 1, 0.101687
87.4, 1, 0.101687
87.425, 1, 0.101687
87.45, 1, 0.101687
87.475, 1, 0.101687
87.5, 1, 0.101687
87.525, 1, 0.101687
87.55, 1, 0.101687
87.575, 1, 0.101687
87.6, 1, 0.101687
87.625, 1, 0.101687
87.65, 1, 0.101687
87.675, 1, 0.101687
87.7, 1, 0.101687
87.725, 1, 0.101687
87.75, 1, 0.101687
87.775, 1, 0.101687
87.8, 1, 0.101687
87.825, 1, 0.101687
87.85, 1, 0.101687
87.875, 1, 0.101687
87.9, 1, 0.101687
87.925, 1, 0.101687
87.95, 1, 0.101687
87.975, 1, 0.101687
88, 1, 0.102316
88.025, 1, 0.102316
88.05, 1, 0.102316
88.075, 1, 0.102316
88.1, 1, 0.102316
88.125, 1, 0.102316
88.15, 1, 0.102316
88.175, 1, 0.102316
88.2, 1, 0.102316
88.225, 1, 0.102316
88.25, 1, 0.102316
88.275, 1, 0.102316
88.3, 1, 0.102316
88.325, 1, 0.102316
88.35, 1, 0.102316
88.375, 1, 0.102316
88.4, 1, 0.102316
88.425, 1, 0.102316
88.45, 1, 0.102316
88.475, 1, 0.102316
88.5, 1, 0.102316
88.525, 1, 0.102316
88.55, 1, 0.102316
88.575, 1, 0.102316
88.6, 1, 0.102316
88.625, 1, 0.102316
88.65, 1, 0.102316
88.675, 1, 0.102316
88.7, 1, 0.102316
88.725, 1, 0.102316
88.75, 1, 0.102316
88.775, 1, 0.102316
88.8, 1, 0.102316
88.825, 1, 0.102316
88.85, 1, 0.102316
88.875, 1, 0.102316
88.9, 1, 0.102316
88.925, 1, 0.102316
88.95, 1, 0.102316
88.975, 1, 0.102316
89, 1, 0.102316
89.025, 1, 0.102316
89.05, 1, 0.102316
89.075, 1, 0.102316
89.1, 1, 0.102316
89.125, 1, 0.102316
89.15, 1, 0.102316
89.175, 1, 0.102316
89.2, 1, 0.102316
89.225, 1, 0.102316
89.25, 1, 0.102316
89.275, 1, 0.102316
89.3, 1, 0.102316
89.325, 1, 0.102316
89.35, 1, 0.102316
89.375, 1, 0.102316
89.4, 1, 0.102316
89.425, 1, 0.102316
89.45, 1, 0.102316
89.475, 1, 0.102316
89.5, 1, 0.102316
89.525, 1, 0.102316
89.55, 1, 0.102316
89.575, 1, 0.102316
89.6, 1, 0.102316
89.625, 1, 0.102316
89.65, 1, 0.102316
89.675, 1, 0.102316
89.7, 1, 0.102316
89.725, 1, 0.102316
89.75, 1, 0.102316
89.775, 1, 0.102316
89.8, 1, 0.102316
89.825, 1, 0.102316
89.85, 1, 0.102316
89.875, 1, 0.102316
89.9, 1, 0.102316
89.925, 1, 0.102316
89.95, 1, 0.102316
89.975, 1, 0.102316
90, 1, 0.102954
90.025, 1, 0.102954
90.05, 1, 0.102954
90.075, 1, 0.103633
90.1, 1, 0.103633
90.125, 1, 0.103633
90.15, 1, 0.103633
90.175, 1, 0.103633
90.2, 1, 0.103633
90.225, 1, 0.103633
90.25, 1, 0.103633
90.275, 1, 0.103633
90.3, 1, 0.103633
90.325, 1, 0.103633
90.35, 1, 0.103633
90.375, 1, 0.103633
90.4, 1, 0.103633
90.425, 1, 0.104274
90.45, 1, 0.104274
90.475, 1, 0.104274
90.5, 1, 0.104274
90.525, 1, 0.104536
90.55, 1, 0.104536
90.575, 1, 0.104536
90.6, 1, 0.104925
90.625, 1, 0.104925
90.65, 1, 0.104925
90.675, 1, 0.104925
90.7, 1, 0.104925
90.725, 1, 0.104925
90.75, 1, 0.104925
90.775, 1, 0.104925
90.8, 1, 0.104925
90.825, 1, 0.104925
90.85, 1, 0.104925
90.875, 1, 0.104925
90.9, 1, 0.104925
90.925, 1, 0.104925
90.95, 1, 0.104925
90.975, 1, 0.104925
91, 1, 0.104925
91.025, 1, 0.104925
91.05, 1, 0.105518
91.075, 1, 0.105518
91.1, 1, 0.105518
91.125, 1, 0.105518
91.15, 1, 0.105518
91.175, 1, 0.105518
91.2, 1, 0.105518
91.225, 1, 0.105518
91.25, 1, 0.105518
91.275, 1, 0.105518
91.3, 1, 0.105518
91.325, 1, 0.105518
91.35, 1, 0.105518
91.375, 1, 0.105518
91.4, 1, 0.105518
91.425, 1, 0.105518
91.45, 1, 0.105518
91.475, 1, 0.106708
91.5, 1, 0.106708
91.525, 1, 0.106708
91.55, 1, 0.106708
91.575, 1, 0.106708
91.6, 1, 0.106708
91.625, 1, 0.106708
91.65, 1, 0.106708
91.675, 1, 0.106708
91.7, 1, 0.106708
91.725, 1, 0.106708
91.75, 1, 0.106708
91.775, 1, 0.106708
91.8, 1, 0.106708
91.825, 1, 0.106708
91.85, 1, 0.106708
91.875, 1, 0.106708
91.9, 1, 0.106708
91.925, 1, 0.106708
91.95, 1, 0.108124
91.975, 1, 0.108124
92, 1, 0.108124
92.025, 1, 0.108124
92.05, 1, 0.108124
92.075, 1, 0.108124
92.1, 1, 0.108124
92.125, 1, 0.108124
92.15, 1, 0.108124
92.175, 1, 0.108124
92.2, 1, 0.108124
92.225, 1, 0.108124
92.25, 1, 0.108124
92.275, 1, 0.108124
92.3, 1, 0.108124
92.325, 1, 0.108124
92.35, 1, 0.108124
92.375, 1, 0.108124
92.4, 1, 0.108124
92.425, 1, 0.108124
92.45, 1, 0.108124
92.475, 1, 0.108124
92.5, 1, 0.108124
92.525, 1, 0.108124
92.55, 1, 0.108124
92.575, 1, 0.108124
92.6, 1, 0.108124
92.625, 1, 0.108124
92.65, 1, 0.108124
92.675, 1, 0.108124
92.7, 1, 0.108124
92.725, 1, 0.108124
92.75, 1, 0.108124
92.775, 1, 0.108124
92.8, 1, 0.108124
92.825, 1, 0.108124
92.85, 1, 0.108124
92.875, 1, 0.109519
92.9, 1, 0.109519
92.925, 1, 0.109519
92.95, 1, 0.109519
92.975, 1, 0.109519
93, 1, 0.109519
93.025, 1, 0.109519
93.05, 1, 0.109519
93.075, 1, 0.109519
93.1, 1, 0.109519
93.125, 1, 0.109519
93.15, 1, 0.109519
93.175, 1, 0.109519
93.2, 1, 0.109519
93.225, 1, 0.109519
93.25, 1, 0.109519
93.275, 1, 0.109519
93.3, 1, 0.109519
93.325, 1, 0.109519
93.35, 1, 0.110835
93.375, 1, 0.111984
93.4, 1, 0.111984
93.425, 1, 0.112951
93.45, 1, 0.112951
93.475, 1, 0.11383
93.5, 1, 0.11383
93.525, 1, 0.11383
93.55, 1, 0.11383
93.575, 1, 0.11383
93.6, 1, 0.11383
93.625, 1, 0.11383
93.65, 1, 0.11383
93.675, 1, 0.11383
93.7, 1, 0.11383
93.725, 1, 0.11383
93.75, 1, 0.114786
93.775, 1, 0.114786
93.8, 1, 0.114786
93.825, 1, 0.114786
93.85, 1, 0.114786
93.875, 1, 0.114786
93.9, 1, 0.114786
93.925, 1, 0.114786
93.95, 1, 0.114786
93.975, 1, 0.114786
94, 1, 0.114786
94.025, 1, 0.114786
94.05, 1, 0.114786
94.075, 1, 0.114786
94.1, 1, 0.114786
94.125, 1, 0.114786
94.15, 1, 0.114786
94.175, 1, 0.114786
94.2, 1, 0.114786
94.225, 1, 0.114786
94.25, 1, 0.114786
94.275, 1, 0.114786
94.3, 1, 0.114786
94.325, 1, 0.114786
94.35, 1, 0.114786
94.375, 1, 0.114786
94.4, 1, 0.114786
94.425, 1, 0.114786
94.45, 1, 0.114786
94.475, 1, 0.114786
94.5, 1, 0.114786
94.525, 1, 0.114786
94.55, 1, 0.114786
94.575, 1, 0.114786
94.6, 1, 0.114786
94.625, 1, 0.114786
94.65, 1, 0.114786
94.675, 1, 0.114786
94.7, 1, 0.114786
94.725, 1, 0.114786
94.75, 1, 0.114786
94.775, 1, 0.114786
94.8, 1, 0.114786
94.825, 1, 0.114786
94.85, 1, 0.114786
94.875, 1, 0.114786
94.9, 1, 0.114786
94.925, 1, 0.114786
94.95, 1, 0.114786
94.975, 1, 0.114786
95, 1, 0.114786
95.025, 1, 0.114786
95.05, 1, 0.114786
95.075, 1, 0.114786
95.1, 1, 0.114786
95.125, 1, 0.114786
95.15, 1, 0.114786
95.175, 1, 0.114786
95.2, 1, 0.114786
95.225, 1, 0.114786
95.25, 1, 0.114786
95.275, 1, 0.114786
95.3, 1, 0.114786
95.325, 1, 0.114786
95.35, 1, 0.114786
95.375, 1, 0.114786
95.4, 1, 0.114786
95.425, 1, 0.114786
95.45, 1, 0.114786
95.475, 1, 0.114786
95.5, 1, 0.114786
95.525, 1, 0.114786
95.55, 1, 0.114786
95.575, 1, 0.114786
95.6, 1, 0.114786
95.625, 1, 0.114786
95.65, 1, 0.114786
95.675, 1, 0.114786
95.7, 1, 0.114786
95.725, 1, 0.114786
95.75, 1, 0.114786
95.775, 1, 0.114786
95.8, 1, 0.114786
95.825, 1, 0.114786
95.85, 1, 0.114786
95.875, 1, 0.114786
95.9, 1, 0.115674
95.925, 1, 0.115674
95.95, 1, 0.115674
95.975, 1, 0.115674
96, 1, 0.115674
96.025, 1, 0.115674
96.05, 1, 0.115674
96.075, 1, 0.115674
96.1, 1, 0.115674
96.125, 1, 0.115674
96.15, 1, 0.115674
96.175, 1, 0.116537
96.2, 1, 0.116537
96.225, 1, 0.116537
96.25, 1, 0.116537
96.275, 1, 0.116537
96.3, 1, 0.116537
96.325, 1, 0.116537
96.35, 1, 0.116537
96.375, 1, 0.116537
96.4, 1, 0.116537
96.425, 1, 0.116537
96.45, 1, 0.116537
96.475, 1, 0.116537
96.5, 1, 0.116537
96.525, 1, 0.116537
96.55, 1, 0.116537
96.575, 1, 0.116537
96.6, 1, 0.116537
96.625, 1, 0.116537
96.65, 1, 0.116537
96.675, 1, 0.116537
96.7, 1, 0.116537
96.725, 1, 0.116537
96.75, 1, 0.116537
96.775, 1, 0.116537
96.8, 1, 0.116537
96.825, 1, 0.116537
96.85, 1, 0.116537
96.875, 1, 0.116537
96.9, 1, 0.116537
96.925, 1, 0.116537
96.95, 1, 0.116537
96.975, 1, 0.116537
97, 1, 0.116537
97.025, 1, 0.116537
97.05, 1, 0.116537
97.075, 1, 0.116537
97.1, 1, 0.116537
97.125, 1, 0.116537
97.15, 1, 0.116537
97.175, 1, 0.116537
97.2, 1, 0.116537
97.225, 1, 0.117133
97.25, 1, 0.117133
97.275, 1, 0.117133
97.3, 1, 0.117133
97.325, 1, 0.117133
97.35, 1, 0.117133
97.375, 1, 0.117133
97.4, 1, 0.117133
97.425, 1, 0.117133
97.45, 1, 0.117133
97.475, 1, 0.117133
97.5, 1, 0.117133
97.525, 1, 0.117133
97.55, 1, 0.117133
97.575, 1, 0.117133
97.6, 1, 0.117133
97.625, 1, 0.117133
97.65, 1, 0.117802
97.675, 1, 0.117802
97.7, 1, 0.117802
97.725, 1, 0.117802
97.75, 1, 0.117802
97.775, 1, 0.117802
97.8, 1, 0.117802
97.825, 1, 0.117802
97.85, 1, 0.11836
97.875, 1, 0.11836
97.9, 1, 0.11836
97.925, 1, 0.11836
97.95, 1, 0.11836
97.975, 1, 0.11836
98, 1, 0.11836
98.025, 1, 0.11836
98.05, 1, 0.11836
98.075, 1, 0.11836
98.1, 1, 0.11836
98.125, 1, 0.11836
98.15, 1, 0.11836
98.175, 1, 0.11836
98.2, 1, 0.11836
98.225, 1, 0.11836
98.25, 1, 0.11836
98.275, 1, 0.11836
98.3, 1, 0.11836
98.325, 1, 0.11836
98.35, 1, 0.11836
98.375, 1, 0.118628
98.4, 1, 0.118628
98.425, 1, 0.118628
98.45, 1, 0.118628
98.475, 1, 0.118628
98.5, 1, 0.118628
98.525, 1, 0.118628
98.55, 1, 0.118628
98.575, 1, 0.118628
98.6, 1, 0.118628
98.625, 1, 0.118628
98.65, 1, 0.118628
98.675, 1, 0.118628
98.7, 1, 0.118628
98.725, 1, 0.118628
98.75, 1, 0.118628
98.775, 1, 0.118628
98.8, 1, 0.118628
98.825, 1, 0.118628
98.85, 1, 0.118628
98.875, 1, 0.118628
98.9, 1, 0.118628
98.925, 1, 0.118628
98.95, 1, 0.118628
98.975, 1, 0.118628
99, 1, 0.118628
99.025, 1, 0.118628
99.05, 1, 0.118628
99.075, 1, 0.118628
99.1, 1, 0.118628
99.125, 1, 0.118628
99.15, 1, 0.118628
99.175, 1, 0.118628
99.2, 1, 0.118628
99.225, 1, 0.118628
99.25, 1, 0.118628
99.275, 1, 0.118628
99.3, 1, 0.118628
99.325, 1, 0.118628
99.35, 1, 0.118628
99.375, 1, 0.118628
99.4, 1, 0.118628
99.425, 1, 0.118628
99.45, 1, 0.118628
99.475, 1, 0.118628
99.5, 1, 0.118628
99.525, 1, 0.118628
99.55, 1, 0.118628
99.575, 1, 0.118628
99.6, 1, 0.118628
99.625, 1, 0.118628
99.65, 1, 0.118628
99.675, 1, 0.118628
99.7, 1, 0.118628
99.725, 1, 0.118628
99.75, 1, 0.118628
99.775, 1, 0.118628
99.8, 1, 0.118628
99.825, 1, 0.118628
99.85, 1, 0.118705
99.875, 1, 0.118705
99.9, 1, 0.118705
99.925, 1, 0.118705
99.95, 1, 0.118705
99.975, 1, 0.118705
100, 1, 0.118705
100.025, 1, 0.118705
100.05, 1, 0.118705
100.075, 1, 0.118751
100.1, 1, 0.118751
100.125, 1, 0.118751
100.15, 1, 0.11876
100.175, 1, 0.11876
100.2, 1, 0.11876
100.225, 1, 0.11876
100.25, 1, 0.11876
100.275, 1, 0.11876
100.3, 1, 0.11876
100.325, 1, 0.11876
100.35, 1, 0.11876
100.375, 1, 0.11876
100.4, 1, 0.11876
100.425, 1, 0.11876
100.45, 1, 0.118576
100.475, 1, 0.118576
100.5, 1, 0.118576
100.525, 1, 0.118576
100.55, 1, 0.118576
100.575, 1, 0.118576
100.6, 1, 0.118576
100.625, 1, 0.118576
100.65, 1, 0.118576
100.675, 1, 0.118576
100.7, 1, 0.118576
100.725, 1, 0.118576
100.75, 1, 0.118576
100.775, 1, 0.118576
100.8, 1, 0.118576
100.825, 1, 0.118576
100.85, 1, 0.118992
100.875, 1, 0.118992
100.9, 1, 0.118992
100.925, 1, 0.118992
100.95, 1, 0.118992
100.975, 1, 0.118992
101, 1, 0.118992
101.025, 1, 0.118992
101.05, 1, 0.118992
101.075, 1, 0.118992
101.1, 1, 0.118992
101.125, 1, 0.118992
101.15, 1, 0.118992
101.175, 1, 0.118992
101.2, 1, 0.118992
101.225, 1, 0.118992
101.25, 1, 0.118992
101.275, 1, 0.118992
101.3, 1, 0.119756
101.325, 1, 0.119756
101.35, 1, 0.119756
101.375, 1, 0.119756
101.4, 1, 0.119756
101.425, 1, 0.119756
101.45, 1, 0.119756
101.475, 1, 0.119756
101.5, 1, 0.119756
101.525, 1, 0.119756
101.55, 1, 0.12041
101.575, 1, 0.12041
101.6, 1, 0.120612
101.625, 1, 0.120612
101.65, 1, 0.120612
101.675, 1, 0.120612
101.7, 1, 0.120612
101.725, 1, 0.120612
101.75, 1, 0.120612
101.775, 1, 0.120612
101.8, 1, 0.120612
101.825, 1, 0.120612
101.85, 1, 0.120612
101.875, 1, 0.120612
101.9, 1, 0.120612
101.925, 1, 0.120612
101.95, 1, 0.120612
101.975, 1, 0.120612
102, 1, 0.120612
102.025, 1, 0.120612
102.05, 1, 0.120612
102.075, 1, 0.120612
102.1, 1, 0.120612
102.125, 1, 0.120612
102.15, 1, 0.120612
102.175, 1, 0.120612
102.2, 1, 0.120612
102.225, 1, 0.120612
102.25, 1, 0.120612
102.275, 1, 0.120612
102.3, 1, 0.120612
102.325, 1, 0.120612
102.35, 1, 0.120612
102.375, 1, 0.120612
102.4, 1, 0.120612
102.425, 1, 0.120612
102.45, 1, 0.120612
102.475, 1, 0.120612
102.5, 1, 0.120612
102.525, 1, 0.120612
102.55, 1, 0.120612
102.575, 1, 0.120612
102.6, 1, 0.120612
102.625, 1, 0.121151
102.65, 1, 0.121151
102.675, 1, 0.121151
102.7, 1, 0.121151
102.725, 1, 0.121151
102.75, 1, 0.121151
102.775, 1, 0.121151
102.8, 1, 0.121151
102.825, 1, 0.121151
102.85, 1, 0.121151
102.875, 1, 0.121151
102.9, 1, 0.121151
102.925, 1, 0.121151
102.95, 1, 0.121151
102.975, 1, 0.121151
103, 1, 0.121151
103.025, 1, 0.121151
103.05, 1, 0.121151
103.075, 1, 0.121151
103.1, 1, 0.121151
103.125, 1, 0.121151
103.15, 1, 0.121151
103.175, 1, 0.121151
103.2, 1, 0.121151
103.225, 1, 0.121151
103.25, 1, 0.121151
103.275, 1, 0.121151
103.3, 1, 0.121151
103.325, 1, 0.121775
103.35, 1, 0.121775
103.375, 1, 0.121775
103.4, 1, 0.122557
103.425, 1, 0.122557
103.45, 1, 0.122557
103.475, 1, 0.122557
103.5, 1, 0.122557
103.525, 1, 0.122557
103.55, 1, 0.122557
103.575, 1, 0.122557
103.6, 1, 0.122557
103.625, 1, 0.122557
103.65, 1, 0.122557
103.675, 1, 0.122557
103.7, 1, 0.122557
103.725, 1, 0.122557
103.75, 1, 0.122557
103.775, 1, 0.122557
103.8, 1, 0.122557
103.825, 1, 0.122557
103.85, 1, 0.122557
103.875, 1, 0.122557
103.9, 1, 0.122557
103.925, 1, 0.122557
103.95, 1, 0.122557
103.975, 1, 0.122557
104, 1, 0.122557
104.025, 1, 0.122557
104.05, 1, 0.122557
104.075, 1, 0.122557
104.1, 1, 0.122557
104.125, 1, 0.122557
104.15, 1, 0.122557
104.175, 1, 0.122557
104.2, 1, 0.122557
104.225, 1, 0.122557
104.25, 1, 0.122557
104.275, 1, 0.122557
104.3, 1, 0.122557
104.325, 1, 0.122557
104.35, 1, 0.122557
104.375, 1, 0.122557
104.4, 1, 0.122557
104.425, 1, 0.122557
104.45, 1, 0.122557
104.475, 1, 0.122557
104.5, 1, 0.123215
104.525, 1, 0.123215
104.55, 1, 0.123215
104.575, 1, 0.123215
104.6, 1, 0.123215
104.625, 1, 0.123215
104.65, 1, 0.123215
104.675, 1, 0.123215
104.7, 1, 0.123215
104.725, 1, 0.123215
104.75, 1, 0.123215
104.775, 1, 0.123215
104.8, 1, 0.123215
104.825, 1, 0.123215
104.85, 1, 0.12391
104.875, 1, 0.12391
104.9, 1, 0.12391
104.925, 1, 0.12391
104.95, 1, 0.12391
104.975, 1, 0.12391
105, 1, 0.12391
105.025, 1, 0.12391
105.05, 1, 0.12391
105.075, 1, 0.12391
105.1, 1, 0.12391
105.125, 1, 0.12391
105.15, 1, 0.12391
105.175, 1, 0.12391
105.2, 1, 0.12391
105.225, 1, 0.12391
105.25, 1, 0.124479
105.275, 1, 0.124479
105.3, 1, 0.124479
105.325, 1, 0.124479
105.35, 1, 0.124479
105.375, 1, 0.124479
105.4, 1, 0.124479
105.425, 1, 0.124479
105.45, 1, 0.124479
105.475, 1, 0.124479
105.5, 1, 0.124479
105.525, 1, 0.124479
105.55, 1, 0.124479
105.575, 1, 0.124479
105.6, 1, 0.124989
105.625, 1, 0.124989
105.65, 1, 0.124989
105.675, 1, 0.124989
105.7, 1, 0.124989
105.725, 1, 0.124989
105.75, 1, 0.124989
105.775, 1, 0.124989
105.8, 1, 0.124989
105.825, 1, 0.124989
105.85, 1, 0.124989
105.875, 1, 0.124989
105.9, 1, 0.124989
105.925, 1, 0.124989
105.95, 1, 0.124989
105.975, 1, 0.124989
106, 1, 0.124989
106.025, 1, 0.124989
106.05, 1, 0.124989
106.075, 1, 0.124989
106.1, 1, 0.124989
106.125, 1, 0.124989
106.15, 1, 0.124989
106.175, 1, 0.124989
106.2, 1, 0.124989
106.225, 1, 0.124989
106.25, 1, 0.124989
106.275, 1, 0.124989
106.3, 1, 0.124989
106.325, 1, 0.124989
106.35, 1, 0.124989
106.375, 1, 0.124989
106.4, 1, 0.124989
106.425, 1, 0.124989
106.45, 1, 0.124989
106.475, 1, 0.124989
106.5, 1, 0.124989
106.525, 1, 0.124989
106.55, 1, 0.124989
106.575, 1, 0.124989
106.6, 1, 0.124989
106.625, 1, 0.124989
106.65, 1, 0.124989
106.675, 1, 0.124989
106.7, 1, 0.124989
106.725, 1, 0.124989
106.75, 1, 0.124989
106.775, 1, 0.124989
106.8, 1, 0.124989
106.825, 1, 0.124989
106.85, 1, 0.124989
106.875, 1, 0.124989
106.9, 1, 0.124989
106.925, 1, 0.124989
106.95, 1, 0.124989
106.975, 1, 0.124989
107, 1, 0.124989
107.025, 1, 0.124989
107.05, 1, 0.124989
107.075, 1, 0.124989
107.1, 1, 0.124989
107.125, 1, 0.124989
107.15, 1, 0.124989
107.175, 1, 0.124989
107.2, 1, 0.124989
107.225, 1, 0.124989
107.25, 1, 0.124989
107.275, 1, 0.124989
107.3, 1, 0.124989
107.325, 1, 0.124989
107.35, 1, 0.124989
107.375, 1, 0.124989
107.4, 1, 0.124989
107.425, 1, 0.124989
107.45, 1, 0.124989
107.475, 1, 0.124989
107.5, 1, 0.124989
107.525, 1, 0.124989
107.55, 1, 0.124989
107.575, 1, 0.124989
107.6, 1, 0.124989
107.625, 1, 0.124989
107.65, 1, 0.124989
107.675, 1, 0.124989
107.7, 1, 0.124989
107.725, 1, 0.124989
107.75, 1, 0.124989
107.775, 1, 0.124989
107.8, 1, 0.124989
107.825, 1, 0.124989
107.85, 1, 0.124989
107.875, 1, 0.124989
107.9, 1, 0.124989
107.925, 1, 0.124989
107.95, 1, 0.124989
107.975, 1, 0.124989
108, 1, 0.124989
108.025, 1, 0.124989
108.05, 1, 0.124989
108.075, 1, 0.124989
108.1, 1, 0.124989
108.125, 1, 0.124989
108.15, 1, 0.124989
108.175, 1, 0.12525
108.2, 1, 0.12525
108.225, 1, 0.12525
108.25, 1, 0.12525
108.275, 1, 0.125159
108.3, 1, 0.125159
108.325, 1, 0.125159
108.35, 1, 0.125159
108.375, 1, 0.125159
108.4, 1, 0.125159
108.425, 1, 0.125159
108.45, 1, 0.125159
108.475, 1, 0.125159
108.5, 1, 0.125159
108.525, 1, 0.125159
108.55, 1, 0.125159
108.575, 1, 0.125159
108.6, 1, 0.125159
108.625, 1, 0.125159
108.65, 1, 0.125159
108.675, 1, 0.125159
108.7, 1, 0.125159
108.725, 1, 0.125159
108.75, 1, 0.125159
108.775, 1, 0.125159
108.8, 1, 0.125159
108.825, 1, 0.125159
108.85, 1, 0.125159
108.875, 1, 0.125159
108.9, 1, 0.125159
108.925, 1, 0.125159
108.95, 1, 0.125159
108.975, 1, 0.125159
109, 1, 0.125159
109.025, 1, 0.125159
109.05, 1, 0.125159
109.075, 1, 0.125159
109.1, 1, 0.125159
109.125, 1, 0.125159
109.15, 1, 0.125159
109.175, 1, 0.125159
109.2, 1, 0.125159
109.225, 1, 0.125159
109.25, 1, 0.125159
109.275, 1, 0.125159
109.3, 1, 0.125159
109.325, 1, 0.125159
109.35, 1, 0.125159
109.375, 1, 0.125159
109.4, 1, 0.125159
109.425, 1, 0.125159
109.45, 1, 0.125159
109.475, 1, 0.125159
109.5, 1, 0.125159
109.525, 1, 0.125159
109.55, 1, 0.125159
109.575, 1, 0.125159
109.6, 1, 0.125159
109.625, 1, 0.125159
109.65, 1, 0.125159
109.675, 1, 0.125159
109.7, 1, 0.125159
109.725, 1, 0.124807
109.75, 1, 0.124807
109.775, 1, 0.124807
109.8, 1, 0.124807
109.825, 1, 0.124807
109.85, 1, 0.124807
109.875, 1, 0.124807
109.9, 1, 0.124807
109.925, 1, 0.124807
109.95, 1, 0.124807
109.975, 1, 0.124807
