0, -nan, -nan, -nan, -nan
0.025, 1, 1, -1.0246, 0.0248015
0.05, 1, 1, -1.0246, 0.0248015
0.075, 1, 1, -0.922546, -0.000921701
0.1, 1, 1, -0.922546, -0.000921701
0.125, 1, 1, -0.735661, -0.00413292
0.15, 1, 1, -0.735661, -0.00413292
0.175, 1, 1, -0.735661, -0.00413292
0.2, 1, 1, -0.735661, -0.00413292
0.225, 1, 1, -0.735661, -0.00413292
0.25, 1, 1, -1.05537, 0.00132245
0.275, 1, 1, -1.05537, 0.00132245
0.3, 1, 1, -1.05193, 0.00124957
0.325, 1, 1, -1.05193, 0.00124957
0.35, 1, 1, -1.05407, 0.00116126
0.375, 1, 1, -1.06631, 0.00109558
0.4, 1, 1, -1.08683, 0.0010708
0.425, 1, 1, -1.08683, 0.0010708
0.45, 1, 1, -1.08069, 0.00106092
0.475, 1, 1, -1.07764, 0.00106245
0.5, 1, 1, -1.07764, 0.00106245
0.525, 1, 1, -1.09504, 0.00112038
0.55, 1, 1, -1.09905, 0.00111699
0.575, 1, 1, -1.09905, 0.00111699
0.6, 1, 1, -1.07927, 0.000977942
0.625, 1, 1, -1.06639, 0.00106858
0.65, 1, 1, -1.06639, 0.00106858
0.675, 1, 1, -1.04906, 0.000936429
0.7, 1, 1, -1.03725, 0.00116168
0.725, 1, 1, -1.03725, 0.00116168
0.75, 1, 1, -1.03725, 0.00116168
0.775, 1, 1, -1.03203, 0.000995786
0.8, 1, 1, -1.03203, 0.000995786
0.825, 1, 1, -1.03167, 0.000997231
0.85, 1, 1, -1.03004, 0.00110927
0.875, 1, 1, -1.02779, 0.00125884
0.9, 1, 1, -1.02779, 0.00125884
0.925, 1, 1, -1.02779, 0.00125884
0.95, 1, 1, -1.02779, 0.00125884
0.975, 1, 1, -1.02779, 0.00125884
1, 1, 1, -1.02171, 4.71809e-05
1.025, 1, 1, -1.02061, 0.000389096
1.05, 1, 1, -1.0196, 0.000669094
1.075, 1, 1, -1.0187, 0.000911329
1.1, 1, 1, -1.01786, 0.00113034
1.125, 1, 1, -1.01705, 0.0013295
1.15, 1, 1, -1.01705, 0.0013295
1.175, 1, 1, -1.01705, 0.0013295
1.2, 1, 1, -1.01705, 0.0013295
1.225, 1, 1, -1.01705, 0.0013295
1.25, 1, 1, -1.01705, 0.0013295
1.275, 1, 1, -1.01705, 0.0013295
1.3, 1, 1, -1.01705, 0.0013295
1.325, 1, 1, -1.01705, 0.0013295
1.35, 1, 1, -1.01705, 0.0013295
1.375, 1, 1, -1.0105, -0.0024419
1.4, 1, 1, -1.01025, -0.00155718
1.425, 1, 1, -1.01025, -0.00155718
1.45, 1, 1, -1.01025, -0.00155718
1.475, 1, 1, -1.00951, -0.00113292
1.5, 1, 1, -1.00951, -0.00113292
1.525, 1, 1, -1.00951, -0.00113292
1.55, 1, 1, -1.00951, -0.00113292
1.575, 1, 1, -1.00951, -0.00113292
1.6, 1, 1, -1.00951, -0.00113292
1.625, 1, 1, -1.0082, -0.000760789
1.65, 1, 1, -1.0082, -0.000760789
1.675, 1, 1, -1.0082, -0.000760789
1.7, 1, 1, -1.0082, -0.000760789
1.725, 1, 1, -1.0082, -0.000760789
1.75, 1, 1, -1.0082, -0.000760789
1.775, 1, 1, -1.00576, 0.000104189
1.8, 1, 1, -1.00576, 0.000104189
1.825, 1, 1, -1.00576, 0.000104189
1.85, 1, 1, -1.00764, 0.00483417
1.875, 1, 1, -1.00846, 0.00697261
1.9, 1, 1, -1.00867, 0.00753229
1.925, 1, 1, -1.00867, 0.00753229
1.95, 1, 1, -1.00867, 0.00753229
1.975, 1, 1, -1.00867, 0.00753229
2, 1, 1, -1.00867, 0.00753229
2.025, 1, 1, -1.00868, 0.00801684
2.05, 1, 1, -1.00897, 0.00876476
2.075, 1, 1, -1.00897, 0.00876476
2.1, 1, 1, -1.00897, 0.00876476
2.125, 1, 1, -1.00897, 0.00876476
2.15, 1, 1, -1.00897, 0.00876476
2.175, 1, 1, -1.00982, 0.010096
2.2, 1, 1, -1.00982, 0.010096
2.225, 1, 1, -1.01031, 0.0110437
2.25, 1, 1, -1.01031, 0.0110437
2.275, 1, 1, -1.01031, 0.0110437
2.3, 1, 1, -1.01029, 0.0110015
2.325, 1, 1, -1.01029, 0.0110015
2.35, 1, 1, -1.01029, 0.0110015
2.375, 1, 1, -1.01033, 0.0111784
2.4, 1, 1, -1.01033, 0.0111784
2.425, 1, 1, -1.01033, 0.0111784
2.45, 1, 1, -1.01033, 0.0111784
2.475, 1, 1, -1.01033, 0.0111784
2.5, 1, 1, -1.01033, 0.0111784
2.525, 1, 1, -1.01033, 0.0111784
2.55, 1, 1, -1.01001, 0.0110751
2.575, 1, 1, -1.01001, 0.0110751
2.6, 1, 1, -1.01001, 0.0110751
2.625, 1, 1, -1.01001, 0.0110751
2.65, 1, 1, -1.01001, 0.0110751
2.675, 1, 1, -1.01071, 0.0121666
2.7, 1, 1, -1.01132, 0.0129778
2.725, 1, 1, -1.01142, 0.0131105
2.75, 1, 1, -1.01142, 0.0131105
2.775, 1, 1, -1.01143, 0.0131499
2.8, 1, 1, -1.01143, 0.0131499
2.825, 1, 1, -1.01143, 0.0131499
2.85, 1, 1, -1.01143, 0.0131499
2.875, 1, 1, -1.01143, 0.0131499
2.9, 1, 1, -1.01171, 0.0133811
2.925, 1, 1, -1.01171, 0.0133811
2.95, 1, 1, -1.01172, 0.0133565
2.975, 1, 1, -1.0118, 0.0134744
3, 1, 1, -1.01192, 0.0136249
3.025, 1, 1, -1.01196, 0.0136911
3.05, 1, 1, -1.01173, 0.0133581
3.075, 1, 1, -1.01149, 0.0129014
3.1, 1, 1, -1.0115, 0.0125671
3.125, 1, 1, -1.01192, 0.0124836
3.15, 1, 1, -1.01192, 0.0124836
3.175, 1, 1, -1.01412, 0.0142725
3.2, 1, 1, -1.01424, 0.0141979
3.225, 1, 1, -1.01424, 0.0141979
3.25, 1, 1, -1.01424, 0.0141979
3.275, 1, 1, -1.01419, 0.0141594
3.3, 1, 1, -1.01419, 0.0141594
3.325, 1, 1, -1.01419, 0.0141594
3.35, 1, 1, -1.01419, 0.0141594
3.375, 1, 1, -1.01419, 0.0141594
3.4, 1, 1, -1.01419, 0.0141594
3.425, 1, 1, -1.01419, 0.0141594
3.45, 1, 1, -1.01419, 0.0141594
3.475, 1, 1, -1.01419, 0.0141594
3.5, 1, 1, -1.01343, 0.0134743
3.525, 1, 1, -1.01333, 0.0132567
3.55, 1, 1, -1.01333, 0.0132567
3.575, 1, 1, -1.01333, 0.0132567
3.6, 1, 1, -1.01333, 0.0132567
3.625, 1, 1, -1.01367, 0.0133854
3.65, 1, 1, -1.01367, 0.0133639
3.675, 1, 1, -1.01367, 0.0133639
3.7, 1, 1, -1.01358, 0.013233
3.725, 1, 1, -1.01358, 0.013233
3.75, 1, 1, -1.01348, 0.0130282
3.775, 1, 1, -1.01348, 0.0130282
3.8, 1, 1, -1.01344, 0.0128976
3.825, 1, 1, -1.01344, 0.0128976
3.85, 1, 1, -1.01344, 0.0128976
3.875, 1, 1, -1.01344, 0.0128976
3.9, 1, 1, -1.01344, 0.0128976
3.925, 1, 1, -1.01344, 0.0128976
3.95, 1, 1, -1.01441, 0.0139311
3.975, 1, 1, -1.01441, 0.0139311
4, 1, 1, -1.01456, 0.0141336
4.025, 1, 1, -1.01456, 0.0141336
4.05, 1, 1, -1.01456, 0.0141336
4.075, 1, 1, -1.01456, 0.0141336
4.1, 1, 1, -1.01456, 0.0141336
4.125, 1, 1, -1.01594, 0.0156041
4.15, 1, 1, -1.01581, 0.0155606
4.175, 1, 1, -1.01581, 0.0155606
4.2, 1, 1, -1.01619, 0.0160197
4.225, 1, 1, -1.01616, 0.0160754
4.25, 1, 1, -1.01624, 0.0162546
4.275, 1, 1, -1.01624, 0.0162546
4.3, 1, 1, -1.01624, 0.0162546
4.325, 1, 1, -1.01624, 0.0162546
4.35, 1, 1, -1.01624, 0.0162546
4.375, 1, 1, -1.02003, 0.0201584
4.4, 1, 1, -1.02003, 0.0201584
4.425, 1, 1, -1.02264, 0.0229699
4.45, 1, 1, -1.02264, 0.0229699
4.475, 1, 1, -1.02546, 0.0259352
4.5, 1, 1, -1.02653, 0.0271166
4.525, 1, 1, -1.02701, 0.0276586
4.55, 1, 1, -1.0272, 0.027883
4.575, 1, 1, -1.02722, 0.0279059
4.6, 1, 1, -1.02722, 0.0279059
4.625, 1, 1, -1.02748, 0.0282521
4.65, 1, 1, -1.02748, 0.0282521
4.675, 1, 1, -1.02748, 0.0282521
4.7, 1, 1, -1.02748, 0.0282521
4.725, 1, 1, -1.02748, 0.0282521
4.75, 1, 1, -1.02748, 0.0282521
4.775, 1, 1, -1.02834, 0.0291517
4.8, 1, 1, -1.02834, 0.0291517
4.825, 1, 1, -1.02834, 0.0291517
4.85, 1, 1, -1.02834, 0.0291517
4.875, 1, 1, -1.02808, 0.0289013
4.9, 1, 1, -1.02808, 0.0289013
4.925, 1, 1, -1.02807, 0.0289034
4.95, 1, 1, -1.02807, 0.0289034
4.975, 1, 1, -1.02807, 0.0289034
5, 1, 1, -1.02807, 0.0289034
5.025, 1, 1, -1.02807, 0.0289034
5.05, 1, 1, -1.02807, 0.0289034
5.075, 1, 1, -1.02807, 0.0289034
5.1, 1, 1, -1.02807, 0.0289034
5.125, 1, 1, -1.02807, 0.0289034
5.15, 1, 1, -1.02807, 0.0289034
5.175, 1, 1, -1.02901, 0.0298268
5.2, 1, 1, -1.02887, 0.0296267
5.225, 1, 1, -1.02887, 0.0296267
5.25, 1, 1, -1.02887, 0.0296267
5.275, 1, 1, -1.02887, 0.0296267
5.3, 1, 1, -1.03028, 0.0309848
5.325, 1, 1, -1.03028, 0.0309848
5.35, 1, 1, -1.0306, 0.0312375
5.375, 1, 1, -1.0306, 0.0312375
5.4, 1, 1, -1.0306, 0.0312375
5.425, 1, 1, -1.0306, 0.0312375
5.45, 1, 1, -1.0306, 0.0312375
5.475, 1, 1, -1.03564, 0.036119
5.5, 1, 1, -1.03564, 0.036119
5.525, 1, 1, -1.0359, 0.0363573
5.55, 1, 1, -1.03591, 0.0363576
5.575, 1, 1, -1.03591, 0.0363576
5.6, 1, 1, -1.03591, 0.0363576
5.625, 1, 1, -1.03676, 0.0369999
5.65, 1, 1, -1.03943, 0.0394596
5.675, 1, 1, -1.03943, 0.0394596
5.7, 1, 1, -1.04215, 0.0420254
5.725, 1, 1, -1.04282, 0.0426338
5.75, 1, 1, -1.04243, 0.0422973
5.775, 1, 1, -1.04243, 0.0422973
5.8, 1, 1, -1.04243, 0.0422973
5.825, 1, 1, -1.04243, 0.0422973
5.85, 1, 1, -1.04243, 0.0422973
5.875, 1, 1, -1.04243, 0.0422973
5.9, 1, 1, -1.04243, 0.0422973
5.925, 1, 1, -1.04243, 0.0422973
5.95, 1, 1, -1.04243, 0.0422973
5.975, 1, 1, -1.04243, 0.0422973
6, 1, 1, -1.04243, 0.0422973
6.025, 1, 1, -1.04558, 0.0454827
6.05, 1, 1, -1.04558, 0.0454827
6.075, 1, 1, -1.04558, 0.0454827
6.1, 1, 1, -1.04747, 0.0474635
6.125, 1, 1, -1.04747, 0.0474635
6.15, 1, 1, -1.04747, 0.0474635
6.175, 1, 1, -1.04747, 0.0474635
6.2, 1, 1, -1.04968, 0.0497351
6.225, 1, 1, -1.04968, 0.0497351
6.25, 1, 1, -1.04968, 0.0497351
6.275, 1, 1, -1.05067, 0.0507695
6.3, 1, 1, -1.05067, 0.0507695
6.325, 1, 1, -1.05158, 0.0517891
6.35, 1, 1, -1.0517, 0.0520511
6.375, 1, 1, -1.0517, 0.0520511
6.4, 1, 1, -1.05481, 0.0552958
6.425, 1, 1, -1.05481, 0.0552958
6.45, 1, 1, -1.05481, 0.0552958
6.475, 1, 1, -1.05481, 0.0552958
6.5, 1, 1, -1.05481, 0.0552958
6.525, 1, 1, -1.05481, 0.0552958
6.55, 1, 1, -1.05481, 0.0552958
6.575, 1, 1, -1.05481, 0.0552958
6.6, 1, 1, -1.05481, 0.0552958
6.625, 1, 1, -1.05481, 0.0552958
6.65, 1, 1, -1.05481, 0.0552958
6.675, 1, 1, -1.05481, 0.0552958
6.7, 1, 1, -1.05481, 0.0552958
6.725, 1, 1, -1.05481, 0.0552958
6.75, 1, 1, -1.0565, 0.0569979
6.775, 1, 1, -1.05774, 0.0583202
6.8, 1, 1, -1.05847, 0.0590864
6.825, 1, 1, -1.05847, 0.0590864
6.85, 1, 1, -1.05847, 0.0590864
6.875, 1, 1, -1.05847, 0.0590864
6.9, 1, 1, -1.05823, 0.0588652
6.925, 1, 1, -1.05824, 0.0588791
6.95, 1, 1, -1.05824, 0.0588791
6.975, 1, 1, -1.05826, 0.0589118
7, 1, 1, -1.05826, 0.0589118
7.025, 1, 1, -1.05826, 0.0589118
7.05, 1, 1, -1.05826, 0.0589118
7.075, 1, 1, -1.05807, 0.0587387
7.1, 1, 1, -1.05779, 0.0584383
7.125, 1, 1, -1.05746, 0.0580736
7.15, 1, 1, -1.05746, 0.0580736
7.175, 1, 1, -1.05749, 0.0580995
7.2, 1, 1, -1.05757, 0.0581825
7.225, 1, 1, -1.05757, 0.0581825
7.25, 1, 1, -1.05757, 0.0581825
7.275, 1, 1, -1.0573, 0.0579323
7.3, 1, 1, -1.05688, 0.0574946
7.325, 1, 1, -1.05688, 0.0574946
7.35, 1, 1, -1.059, 0.0595168
7.375, 1, 1, -1.059, 0.0595168
7.4, 1, 1, -1.06105, 0.0615076
7.425, 1, 1, -1.06136, 0.0617501
7.45, 1, 1, -1.06153, 0.0618861
7.475, 1, 1, -1.06153, 0.0618861
7.5, 1, 1, -1.06177, 0.0621123
7.525, 1, 1, -1.06177, 0.0621123
7.55, 1, 1, -1.0635, 0.0637266
7.575, 1, 1, -1.06572, 0.0657884
7.6, 1, 1, -1.06803, 0.0679747
7.625, 1, 1, -1.06803, 0.0679747
7.65, 1, 1, -1.06803, 0.0679747
7.675, 1, 1, -1.07275, 0.072565
7.7, 1, 1, -1.07275, 0.072565
7.725, 1, 1, -1.07275, 0.072565
7.75, 1, 1, -1.07275, 0.072565
7.775, 1, 1, -1.07275, 0.072565
7.8, 1, 1, -1.07275, 0.072565
7.825, 1, 1, -1.07362, 0.0734027
7.85, 1, 1, -1.07362, 0.0734027
7.875, 1, 1, -1.07362, 0.0734027
7.9, 1, 1, -1.07362, 0.0734027
7.925, 1, 1, -1.07362, 0.0734027
7.95, 1, 1, -1.07362, 0.0734027
7.975, 1, 1, -1.07362, 0.0734027
8, 1, 1, -1.07362, 0.0734027
8.025, 1, 1, -1.07362, 0.0734027
8.05, 1, 1, -1.07362, 0.0734027
8.075, 1, 1, -1.07362, 0.0734027
8.1, 1, 1, -1.0745, 0.0743145
8.125, 1, 1, -1.0745, 0.0743145
8.15, 1, 1, -1.0745, 0.0743145
8.175, 1, 1, -1.0745, 0.0743145
8.2, 1, 1, -1.0742, 0.0740016
8.225, 1, 1, -1.0742, 0.0740016
8.25, 1, 1, -1.07397, 0.0738348
8.275, 1, 1, -1.07254, 0.0725097
8.3, 1, 1, -1.07142, 0.071489
8.325, 1, 1, -1.07036, 0.0705164
8.35, 1, 1, -1.07036, 0.0705164
8.375, 1, 1, -1.07036, 0.0705164
8.4, 1, 1, -1.07036, 0.0705164
8.425, 1, 1, -1.07373, 0.0739243
8.45, 1, 1, -1.07373, 0.0739243
8.475, 1, 1, -1.0772, 0.0775189
8.5, 1, 1, -1.07836, 0.0788068
8.525, 1, 1, -1.07935, 0.0799148
8.55, 1, 1, -1.08013, 0.0807919
8.575, 1, 1, -1.08089, 0.0816453
8.6, 1, 1, -1.08089, 0.0816453
8.625, 1, 1, -1.08089, 0.0816453
8.65, 1, 1, -1.0895, 0.0903489
8.675, 1, 1, -1.0895, 0.0903489
8.7, 1, 1, -1.0895, 0.0903489
8.725, 1, 1, -1.09487, 0.0957699
8.75, 1, 1, -1.09676, 0.097717
8.775, 1, 1, -1.09676, 0.097717
8.8, 1, 1, -1.09676, 0.097717
8.825, 1, 1, -1.09676, 0.097717
8.85, 1, 1, -1.09676, 0.097717
8.875, 1, 1, -1.09676, 0.097717
8.9, 1, 1, -1.09596, 0.0970249
8.925, 1, 1, -1.10006, 0.101192
8.95, 1, 1, -1.10006, 0.101192
8.975, 1, 1, -1.10006, 0.101192
9, 1, 1, -1.10006, 0.101192
9.025, 1, 1, -1.10006, 0.101192
9.05, 1, 1, -1.10006, 0.101192
9.075, 1, 1, -1.10006, 0.101192
9.1, 1, 1, -1.10006, 0.101192
9.125, 1, 1, -1.09342, 0.0946329
9.15, 1, 1, -1.09342, 0.0946329
9.175, 1, 1, -1.09336, 0.0945525
9.2, 1, 1, -1.09336, 0.0945525
9.225, 1, 1, -1.09336, 0.0945525
9.25, 1, 1, -1.09336, 0.0945525
9.275, 1, 1, -1.09336, 0.0945525
9.3, 1, 1, -1.09392, 0.0951065
9.325, 1, 1, -1.09392, 0.0951065
9.35, 1, 1, -1.09392, 0.0951065
9.375, 1, 1, -1.09794, 0.0990506
9.4, 1, 1, -1.09764, 0.0986726
9.425, 1, 1, -1.09764, 0.0986726
9.45, 1, 1, -1.09764, 0.0986726
9.475, 1, 1, -1.09764, 0.0986726
9.5, 1, 1, -1.09764, 0.0986726
9.525, 1, 1, -1.09803, 0.0990532
9.55, 1, 1, -1.09803, 0.0990532
9.575, 1, 1, -1.09803, 0.0990532
9.6, 1, 1, -1.09803, 0.0990532
9.625, 1, 1, -1.09803, 0.0990532
9.65, 1, 1, -1.09803, 0.0990532
9.675, 1, 1, -1.1114, 0.112281
9.7, 1, 1, -1.11469, 0.115404
9.725, 1, 1, -1.1169, 0.117467
9.75, 1, 1, -1.1169, 0.117467
9.775, 1, 1, -1.1169, 0.117467
9.8, 1, 1, -1.1169, 0.117467
9.825, 1, 1, -1.12349, 0.123895
9.85, 1, 1, -1.1266, 0.126871
9.875, 1, 1, -1.12833, 0.128514
9.9, 1, 1, -1.12833, 0.128514
9.925, 1, 1, -1.12833, 0.128514
9.95, 1, 1, -1.12833, 0.128514
9.975, 1, 1, -1.12833, 0.128514
10, 1, 1, -1.12833, 0.128514
10.025, 1, 1, -1.12833, 0.128514
10.05, 1, 1, -1.12833, 0.128514
10.075, 1, 1, -1.12848, 0.128749
10.1, 1, 1, -1.12748, 0.127848
10.125, 1, 1, -1.12683, 0.127295
10.15, 1, 1, -1.12672, 0.127204
10.175, 1, 1, -1.12713, 0.127595
10.2, 1, 1, -1.12713, 0.127595
10.225, 1, 1, -1.12794, 0.128341
10.25, 1, 1, -1.12794, 0.128341
10.275, 1, 1, -1.12781, 0.128223
10.3, 1, 1, -1.12781, 0.128223
10.325, 1, 1, -1.12781, 0.128223
10.35, 1, 1, -1.12781, 0.128223
10.375, 1, 1, -1.12781, 0.128223
10.4, 1, 1, -1.12781, 0.128223
10.425, 1, 1, -1.12697, 0.127379
10.45, 1, 1, -1.12735, 0.127844
10.475, 1, 1, -1.12735, 0.127844
10.5, 1, 1, -1.12848, 0.129006
10.525, 1, 1, -1.12848, 0.129006
10.55, 1, 1, -1.12848, 0.129006
10.575, 1, 1, -1.13018, 0.130741
10.6, 1, 1, -1.13018, 0.130741
10.625, 1, 1, -1.13018, 0.130741
10.65, 1, 1, -1.13018, 0.130741
10.675, 1, 1, -1.13018, 0.130741
10.7, 1, 1, -1.13233, 0.132905
10.725, 1, 1, -1.13233, 0.132905
10.75, 1, 1, -1.1381, 0.138766
10.775, 1, 1, -1.1381, 0.138766
10.8, 1, 1, -1.14328, 0.14401
10.825, 1, 1, -1.14602, 0.14681
10.85, 1, 1, -1.14602, 0.14681
10.875, 1, 1, -1.14602, 0.14681
10.9, 1, 1, -1.14602, 0.14681
10.925, 1, 1, -1.14602, 0.14681
10.95, 1, 1, -1.14602, 0.14681
10.975, 1, 1, -1.14602, 0.14681
11, 1, 1, -1.14655, 0.147367
11.025, 1, 1, -1.14713, 0.147962
11.05, 1, 1, -1.14713, 0.147962
11.075, 1, 1, -1.14713, 0.147962
11.1, 1, 1, -1.14713, 0.147962
11.125, 1, 1, -1.14748, 0.148302
11.15, 1, 1, -1.14662, 0.147417
11.175, 1, 1, -1.14678, 0.147579
11.2, 1, 1, -1.14678, 0.147579
11.225, 1, 1, -1.14678, 0.147579
11.25, 1, 1, -1.14678, 0.147579
11.275, 1, 1, -1.14678, 0.147579
11.3, 1, 1, -1.14678, 0.147579
11.325, 1, 1, -1.14678, 0.147579
11.35, 1, 1, -1.14662, 0.147421
11.375, 1, 1, -1.14662, 0.147421
11.4, 1, 1, -1.14662, 0.147421
11.425, 1, 1, -1.14662, 0.147421
11.45, 1, 1, -1.14054, 0.141403
11.475, 1, 1, -1.14054, 0.141403
11.5, 1, 1, -1.14054, 0.141403
11.525, 1, 1, -1.14054, 0.141403
11.55, 1, 1, -1.14054, 0.141403
11.575, 1, 1, -1.14134, 0.142179
11.6, 1, 1, -1.14134, 0.142179
11.625, 1, 1, -1.14228, 0.14306
11.65, 1, 1, -1.14228, 0.14306
11.675, 1, 1, -1.14228, 0.14306
11.7, 1, 1, -1.14228, 0.14306
11.725, 1, 1, -1.14228, 0.14306
11.75, 1, 1, -1.14228, 0.14306
11.775, 1, 1, -1.14228, 0.14306
11.8, 1, 1, -1.14228, 0.14306
11.825, 1, 1, -1.14228, 0.14306
11.85, 1, 1, -1.14228, 0.14306
11.875, 1, 1, -1.14228, 0.14306
11.9, 1, 1, -1.13457, 0.135388
11.925, 1, 1, -1.13918, 0.139821
11.95, 1, 1, -1.1425, 0.143033
11.975, 1, 1, -1.14436, 0.144813
12, 1, 1, -1.14436, 0.144813
12.025, 1, 1, -1.14494, 0.145364
12.05, 1, 1, -1.14523, 0.145646
12.075, 1, 1, -1.14523, 0.145646
12.1, 1, 1, -1.14536, 0.145753
12.125, 1, 1, -1.14536, 0.145753
12.15, 1, 1, -1.14536, 0.145753
12.175, 1, 1, -1.14538, 0.145707
12.2, 1, 1, -1.14495, 0.145291
12.225, 1, 1, -1.14495, 0.145291
12.25, 1, 1, -1.1453, 0.145682
12.275, 1, 1, -1.1453, 0.145682
12.3, 1, 1, -1.14618, 0.146604
12.325, 1, 1, -1.14561, 0.146071
12.35, 1, 1, -1.14561, 0.146071
12.375, 1, 1, -1.14634, 0.146835
12.4, 1, 1, -1.14634, 0.146835
12.425, 1, 1, -1.14892, 0.149472
12.45, 1, 1, -1.14892, 0.149472
12.475, 1, 1, -1.14892, 0.149472
12.5, 1, 1, -1.14828, 0.148826
12.525, 1, 1, -1.14828, 0.148826
12.55, 1, 1, -1.14915, 0.149723
12.575, 1, 1, -1.14915, 0.149723
12.6, 1, 1, -1.14915, 0.149723
12.625, 1, 1, -1.15711, 0.157773
12.65, 1, 1, -1.15711, 0.157773
12.675, 1, 1, -1.15711, 0.157773
12.7, 1, 1, -1.15711, 0.157773
12.725, 1, 1, -1.15711, 0.157773
12.75, 1, 1, -1.15711, 0.157773
12.775, 1, 1, -1.15711, 0.157773
12.8, 1, 1, -1.15711, 0.157773
12.825, 1, 1, -1.15711, 0.157773
12.85, 1, 1, -1.15711, 0.157773
12.875, 1, 1, -1.15711, 0.157773
12.9, 1, 1, -1.15711, 0.157773
12.925, 1, 1, -1.15711, 0.157773
12.95, 1, 1, -1.15711, 0.157773
12.975, 1, 1, -1.15711, 0.157773
13, 1, 1, -1.10151, 0.101992
13.025, 1, 1, -1.10151, 0.101992
13.05, 1, 1, -1.10151, 0.101992
13.075, 1, 1, -1.10161, 0.102141
13.1, 1, 1, -1.10161, 0.102141
13.125, 1, 1, -1.10161, 0.102141
13.15, 1, 1, -1.10161, 0.102141
13.175, 1, 1, -1.10199, 0.102508
13.2, 1, 1, -1.10199, 0.102508
13.225, 1, 1, -1.10199, 0.102508
13.25, 1, 1, -1.10123, 0.101787
13.275, 1, 1, -1.10123, 0.101787
13.3, 1, 1, -1.10123, 0.101787
13.325, 1, 1, -1.10123, 0.101787
13.35, 1, 1, -1.10123, 0.101787
13.375, 1, 1, -1.10178, 0.102316
13.4, 1, 1, -1.10178, 0.102316
13.425, 1, 1, -1.10214, 0.102647
13.45, 1, 1, -1.10176, 0.102231
13.475, 1, 1, -1.10176, 0.102231
13.5, 1, 1, -1.10176, 0.102231
13.525, 1, 1, -1.10153, 0.102002
13.55, 1, 1, -1.10153, 0.102002
13.575, 1, 1, -1.10169, 0.102143
13.6, 1, 1, -1.10169, 0.102143
13.625, 1, 1, -1.10169, 0.102143
13.65, 1, 1, -1.10169, 0.102143
13.675, 1, 1, -1.10169, 0.102143
13.7, 1, 1, -1.10169, 0.102143
13.725, 1, 1, -1.1008, 0.101262
13.75, 1, 1, -1.1008, 0.101262
13.775, 1, 1, -1.1008, 0.101262
13.8, 1, 1, -1.1008, 0.101262
13.825, 1, 1, -1.1008, 0.101262
13.85, 1, 1, -1.1008, 0.101262
13.875, 1, 1, -1.10632, 0.106725
13.9, 1, 1, -1.10632, 0.106725
13.925, 1, 1, -1.10632, 0.106725
13.95, 1, 1, -1.10984, 0.110184
13.975, 1, 1, -1.10984, 0.110184
14, 1, 1, -1.10994, 0.11028
14.025, 1, 1, -1.10994, 0.11028
14.05, 1, 1, -1.10993, 0.110282
14.075, 1, 1, -1.10996, 0.110347
14.1, 1, 1, -1.10996, 0.110347
14.125, 1, 1, -1.10996, 0.110347
14.15, 1, 1, -1.10937, 0.109719
14.175, 1, 1, -1.10937, 0.109719
14.2, 1, 1, -1.10937, 0.109719
14.225, 1, 1, -1.10937, 0.109719
14.25, 1, 1, -1.1099, 0.110206
14.275, 1, 1, -1.1099, 0.110206
14.3, 1, 1, -1.10975, 0.110075
14.325, 1, 1, -1.10975, 0.110075
14.35, 1, 1, -1.10975, 0.110075
14.375, 1, 1, -1.10975, 0.110075
14.4, 1, 1, -1.10975, 0.110075
14.425, 1, 1, -1.10777, 0.108066
14.45, 1, 1, -1.108, 0.10827
14.475, 1, 1, -1.108, 0.10827
14.5, 1, 1, -1.108, 0.10827
14.525, 1, 1, -1.108, 0.10827
14.55, 1, 1, -1.108, 0.10827
14.575, 1, 1, -1.10838, 0.108661
14.6, 1, 1, -1.10838, 0.108661
14.625, 1, 1, -1.10838, 0.108661
14.65, 1, 1, -1.10838, 0.108661
14.675, 1, 1, -1.10876, 0.109056
14.7, 1, 1, -1.10876, 0.109056
14.725, 1, 1, -1.10951, 0.109834
14.75, 1, 1, -1.10967, 0.110046
14.775, 1, 1, -1.10967, 0.110046
14.8, 1, 1, -1.11061, 0.111022
14.825, 1, 1, -1.11061, 0.111022
14.85, 1, 1, -1.11061, 0.111022
14.875, 1, 1, -1.11061, 0.111022
14.9, 1, 1, -1.11061, 0.111022
14.925, 1, 1, -1.11291, 0.113336
14.95, 1, 1, -1.11291, 0.113336
14.975, 1, 1, -1.11291, 0.113336
15, 1, 1, -1.11291, 0.113336
15.025, 1, 1, -1.11695, 0.117421
15.05, 1, 1, -1.11695, 0.117421
15.075, 1, 1, -1.11682, 0.11729
15.1, 1, 1, -1.11682, 0.11729
15.125, 1, 1, -1.11718, 0.117669
15.15, 1, 1, -1.11718, 0.117669
15.175, 1, 1, -1.1207, 0.121283
15.2, 1, 1, -1.12603, 0.126718
15.225, 1, 1, -1.12603, 0.126718
15.25, 1, 1, -1.12603, 0.126718
15.275, 1, 1, -1.12381, 0.124471
15.3, 1, 1, -1.12381, 0.124471
15.325, 1, 1, -1.12381, 0.124471
15.35, 1, 1, -1.12381, 0.124471
15.375, 1, 1, -1.12433, 0.124983
15.4, 1, 1, -1.12433, 0.124983
15.425, 1, 1, -1.12433, 0.124983
15.45, 1, 1, -1.1237, 0.124412
15.475, 1, 1, -1.1237, 0.124412
15.5, 1, 1, -1.1237, 0.124412
15.525, 1, 1, -1.12384, 0.124564
15.55, 1, 1, -1.12384, 0.124564
15.575, 1, 1, -1.12358, 0.124277
15.6, 1, 1, -1.12358, 0.124277
15.625, 1, 1, -1.12382, 0.124492
15.65, 1, 1, -1.12382, 0.124492
15.675, 1, 1, -1.12382, 0.124492
15.7, 1, 1, -1.12382, 0.124492
15.725, 1, 1, -1.12382, 0.124492
15.75, 1, 1, -1.12382, 0.124492
15.775, 1, 1, -1.12382, 0.124492
15.8, 1, 1, -1.12382, 0.124492
15.825, 1, 1, -1.11508, 0.115803
15.85, 1, 1, -1.1148, 0.115481
15.875, 1, 1, -1.11479, 0.115412
15.9, 1, 1, -1.11479, 0.115412
15.925, 1, 1, -1.11711, 0.117663
15.95, 1, 1, -1.11812, 0.118604
15.975, 1, 1, -1.11812, 0.118604
16, 1, 1, -1.11812, 0.118604
16.025, 1, 1, -1.11919, 0.11965
16.05, 1, 1, -1.11919, 0.11965
16.075, 1, 1, -1.1208, 0.121198
16.1, 1, 1, -1.1208, 0.121198
16.125, 1, 1, -1.1255, 0.125775
16.15, 1, 1, -1.1255, 0.125775
16.175, 1, 1, -1.1255, 0.125775
16.2, 1, 1, -1.12728, 0.127529
16.225, 1, 1, -1.12728, 0.127529
16.25, 1, 1, -1.1285, 0.128687
16.275, 1, 1, -1.1285, 0.128687
16.3, 1, 1, -1.12974, 0.129895
16.325, 1, 1, -1.13038, 0.13051
16.35, 1, 1, -1.13008, 0.13022
16.375, 1, 1, -1.13008, 0.13022
16.4, 1, 1, -1.13037, 0.130537
16.425, 1, 1, -1.13019, 0.130382
16.45, 1, 1, -1.13019, 0.130382
16.475, 1, 1, -1.13019, 0.130382
16.5, 1, 1, -1.13019, 0.130382
16.525, 1, 1, -1.12823, 0.128342
16.55, 1, 1, -1.12778, 0.127902
16.575, 1, 1, -1.12778, 0.127902
16.6, 1, 1, -1.12948, 0.129687
16.625, 1, 1, -1.13158, 0.131925
16.65, 1, 1, -1.13158, 0.131925
16.675, 1, 1, -1.14504, 0.145508
16.7, 1, 1, -1.14504, 0.145508
16.725, 1, 1, -1.14798, 0.148476
16.75, 1, 1, -1.14798, 0.148476
16.775, 1, 1, -1.14798, 0.148476
16.8, 1, 1, -1.14798, 0.148476
16.825, 1, 1, -1.14798, 0.148476
16.85, 1, 1, -1.14798, 0.148476
16.875, 1, 1, -1.14798, 0.148476
16.9, 1, 1, -1.14798, 0.148476
16.925, 1, 1, -1.12737, 0.127791
16.95, 1, 1, -1.12737, 0.127791
16.975, 1, 1, -1.12801, 0.128455
17, 1, 1, -1.1283, 0.12877
17.025, 1, 1, -1.1283, 0.12877
17.05, 1, 1, -1.1293, 0.129812
17.075, 1, 1, -1.1293, 0.129812
17.1, 1, 1, -1.1293, 0.129812
17.125, 1, 1, -1.12894, 0.129443
17.15, 1, 1, -1.12894, 0.129443
17.175, 1, 1, -1.12894, 0.129443
17.2, 1, 1, -1.1292, 0.129684
17.225, 1, 1, -1.129, 0.129462
17.25, 1, 1, -1.129, 0.129462
17.275, 1, 1, -1.12904, 0.129535
17.3, 1, 1, -1.1291, 0.129599
17.325, 1, 1, -1.1291, 0.129599
17.35, 1, 1, -1.1291, 0.129599
17.375, 1, 1, -1.12941, 0.129886
17.4, 1, 1, -1.12941, 0.129886
17.425, 1, 1, -1.12941, 0.129886
17.45, 1, 1, -1.12862, 0.129127
17.475, 1, 1, -1.12862, 0.129127
17.5, 1, 1, -1.12896, 0.129486
17.525, 1, 1, -1.1291, 0.12963
17.55, 1, 1, -1.1291, 0.12963
17.575, 1, 1, -1.1291, 0.12963
17.6, 1, 1, -1.1291, 0.12963
17.625, 1, 1, -1.1291, 0.12963
17.65, 1, 1, -1.12873, 0.12926
17.675, 1, 1, -1.12873, 0.12926
17.7, 1, 1, -1.12873, 0.12926
17.725, 1, 1, -1.12873, 0.12926
17.75, 1, 1, -1.12873, 0.12926
17.775, 1, 1, -1.12518, 0.125749
17.8, 1, 1, -1.1251, 0.125661
17.825, 1, 1, -1.1251, 0.125661
17.85, 1, 1, -1.1251, 0.125661
17.875, 1, 1, -1.1251, 0.125661
17.9, 1, 1, -1.1251, 0.125661
17.925, 1, 1, -1.1251, 0.125661
17.95, 1, 1, -1.12855, 0.129075
17.975, 1, 1, -1.12855, 0.129075
18, 1, 1, -1.12855, 0.129075
18.025, 1, 1, -1.12855, 0.129075
18.05, 1, 1, -1.12855, 0.129075
18.075, 1, 1, -1.12855, 0.129075
18.1, 1, 1, -1.12855, 0.129075
18.125, 1, 1, -1.12855, 0.129075
18.15, 1, 1, -1.12855, 0.129075
18.175, 1, 1, -1.12855, 0.129075
18.2, 1, 1, -1.12855, 0.129075
18.225, 1, 1, -1.12855, 0.129075
18.25, 1, 1, -1.13055, 0.131055
18.275, 1, 1, -1.13179, 0.132248
18.3, 1, 1, -1.13347, 0.133856
18.325, 1, 1, -1.13555, 0.135863
18.35, 1, 1, -1.13555, 0.135863
18.375, 1, 1, -1.13555, 0.135863
18.4, 1, 1, -1.13555, 0.135863
18.425, 1, 1, -1.13555, 0.135863
18.45, 1, 1, -1.13555, 0.135863
18.475, 1, 1, -1.13555, 0.135863
18.5, 1, 1, -1.13554, 0.135856
18.525, 1, 1, -1.13539, 0.135711
18.55, 1, 1, -1.13503, 0.135373
18.575, 1, 1, -1.13446, 0.134824
18.6, 1, 1, -1.13446, 0.134824
18.625, 1, 1, -1.13446, 0.134824
18.65, 1, 1, -1.13446, 0.134824
18.675, 1, 1, -1.13358, 0.133928
18.7, 1, 1, -1.1327, 0.133091
18.725, 1, 1, -1.1327, 0.133091
18.75, 1, 1, -1.1327, 0.133091
18.775, 1, 1, -1.13341, 0.133801
18.8, 1, 1, -1.13341, 0.133801
18.825, 1, 1, -1.13349, 0.133891
18.85, 1, 1, -1.1328, 0.133229
18.875, 1, 1, -1.13238, 0.132842
18.9, 1, 1, -1.13227, 0.132783
18.925, 1, 1, -1.1335, 0.134087
18.95, 1, 1, -1.1335, 0.134087
18.975, 1, 1, -1.14694, 0.14764
19, 1, 1, -1.15202, 0.152801
19.025, 1, 1, -1.15409, 0.154917
19.05, 1, 1, -1.15409, 0.154917
19.075, 1, 1, -1.15309, 0.153898
19.1, 1, 1, -1.15327, 0.154098
19.125, 1, 1, -1.15415, 0.15502
19.15, 1, 1, -1.15776, 0.158736
19.175, 1, 1, -1.15776, 0.158736
19.2, 1, 1, -1.15776, 0.158736
19.225, 1, 1, -1.15776, 0.158736
19.25, 1, 1, -1.15776, 0.158736
19.275, 1, 1, -1.15776, 0.158736
19.3, 1, 1, -1.14303, 0.143945
19.325, 1, 1, -1.14303, 0.143945
19.35, 1, 1, -1.14303, 0.143945
19.375, 1, 1, -1.14303, 0.143945
19.4, 1, 1, -1.14254, 0.143483
19.425, 1, 1, -1.14254, 0.143483
19.45, 1, 1, -1.14254, 0.143483
19.475, 1, 1, -1.14254, 0.143483
19.5, 1, 1, -1.142, 0.142977
19.525, 1, 1, -1.142, 0.142977
19.55, 1, 1, -1.142, 0.142977
19.575, 1, 1, -1.142, 0.142977
19.6, 1, 1, -1.14196, 0.142941
19.625, 1, 1, -1.14196, 0.142941
19.65, 1, 1, -1.14275, 0.143692
19.675, 1, 1, -1.14155, 0.14243
19.7, 1, 1, -1.14075, 0.141579
19.725, 1, 1, -1.14008, 0.140863
19.75, 1, 1, -1.14008, 0.140863
19.775, 1, 1, -1.14008, 0.140863
19.8, 1, 1, -1.14008, 0.140863
19.825, 1, 1, -1.13721, 0.138018
19.85, 1, 1, -1.13721, 0.138018
19.875, 1, 1, -1.13828, 0.139063
19.9, 1, 1, -1.13828, 0.139063
19.925, 1, 1, -1.13828, 0.139063
19.95, 1, 1, -1.14043, 0.141184
19.975, 1, 1, -1.13981, 0.14052
20, 1, 1, -1.13939, 0.140043
20, 1, 1, -1.13633, 0.136994
20.025, 1, 1, -1.13633, 0.136994
20.05, 1, 1, -1.13633, 0.136994
20.075, 1, 1, -1.13633, 0.136994
20.1, 1, 1, -1.13633, 0.136994
20.125, 1, 1, -1.13633, 0.136994
20.15, 1, 1, -1.13633, 0.136994
20.175, 1, 1, -1.13591, 0.13657
20.2, 1, 1, -1.13591, 0.13657
20.225, 1, 1, -1.13591, 0.13657
20.25, 1, 1, -1.13555, 0.13621
20.275, 1, 1, -1.13527, 0.135931
20.3, 1, 1, -1.13527, 0.135931
20.325, 1, 1, -1.13514, 0.135803
20.35, 1, 1, -1.13515, 0.135815
20.375, 1, 1, -1.13515, 0.135815
20.4, 1, 1, -1.13515, 0.135815
20.425, 1, 1, -1.13527, 0.135935
20.45, 1, 1, -1.13527, 0.135935
20.475, 1, 1, -1.13527, 0.135935
20.5, 1, 1, -1.13527, 0.135935
20.525, 1, 1, -1.13527, 0.135935
20.55, 1, 1, -1.13527, 0.135935
20.575, 1, 1, -1.13527, 0.135935
20.6, 1, 1, -1.13217, 0.132846
20.625, 1, 1, -1.12916, 0.129833
20.65, 1, 1, -1.12619, 0.126876
20.675, 1, 1, -1.12317, 0.12386
20.7, 1, 1, -1.12317, 0.12386
20.725, 1, 1, -1.1203, 0.120988
20.75, 1, 1, -1.1203, 0.120988
20.775, 1, 1, -1.1203, 0.120988
20.8, 1, 1, -1.1203, 0.120988
20.825, 1, 1, -1.11789, 0.118576
20.85, 1, 1, -1.11789, 0.118576
20.875, 1, 1, -1.11789, 0.118576
20.9, 1, 1, -1.11569, 0.116384
20.925, 1, 1, -1.11339, 0.114075
20.95, 1, 1, -1.11339, 0.114075
20.975, 1, 1, -1.11124, 0.11192
21, 1, 1, -1.11124, 0.11192
21.025, 1, 1, -1.11124, 0.11192
21.05, 1, 1, -1.10935, 0.110023
21.075, 1, 1, -1.10935, 0.110023
21.1, 1, 1, -1.10935, 0.110023
21.125, 1, 1, -1.10935, 0.110023
21.15, 1, 1, -1.10935, 0.110023
21.175, 1, 1, -1.10935, 0.110023
21.2, 1, 1, -1.10935, 0.110023
21.225, 1, 1, -1.10935, 0.110023
21.25, 1, 1, -1.10935, 0.110023
21.275, 1, 1, -1.10745, 0.108114
21.3, 1, 1, -1.10745, 0.108114
21.325, 1, 1, -1.10562, 0.106271
21.35, 1, 1, -1.10562, 0.106271
21.375, 1, 1, -1.10386, 0.104492
21.4, 1, 1, -1.10386, 0.104492
21.425, 1, 1, -1.10386, 0.104492
21.45, 1, 1, -1.10221, 0.102821
21.475, 1, 1, -1.10221, 0.102821
21.5, 1, 1, -1.10061, 0.101196
21.525, 1, 1, -1.09901, 0.0995622
21.55, 1, 1, -1.09741, 0.0979283
21.575, 1, 1, -1.09581, 0.096289
21.6, 1, 1, -1.09581, 0.096289
21.625, 1, 1, -1.09581, 0.096289
21.65, 1, 1, -1.09581, 0.096289
21.675, 1, 1, -1.09581, 0.096289
21.7, 1, 1, -1.09581, 0.096289
21.725, 1, 1, -1.09581, 0.096289
21.75, 1, 1, -1.09581, 0.096289
21.775, 1, 1, -1.09401, 0.0944501
21.8, 1, 1, -1.09401, 0.0944501
21.825, 1, 1, -1.09224, 0.092647
21.85, 1, 1, -1.09224, 0.092647
21.875, 1, 1, -1.09224, 0.092647
21.9, 1, 1, -1.09224, 0.092647
21.925, 1, 1, -1.09064, 0.0910081
21.95, 1, 1, -1.09064, 0.0910081
21.975, 1, 1, -1.09064, 0.0910081
22, 1, 1, -1.09064, 0.0910081
22.025, 1, 1, -1.09064, 0.0910081
22.05, 1, 1, -1.08904, 0.0893736
22.075, 1, 1, -1.08904, 0.0893736
22.1, 1, 1, -1.08904, 0.0893736
22.125, 1, 1, -1.08904, 0.0893736
22.15, 1, 1, -1.08904, 0.0893736
22.175, 1, 1, -1.08904, 0.0893736
22.2, 1, 1, -1.0875, 0.0878034
22.225, 1, 1, -1.086, 0.0862772
22.25, 1, 1, -1.08459, 0.0848388
22.275, 1, 1, -1.08459, 0.0848388
22.3, 1, 1, -1.08336, 0.0835901
22.325, 1, 1, -1.08336, 0.0835901
22.35, 1, 1, -1.08225, 0.0824562
22.375, 1, 1, -1.08225, 0.0824562
22.4, 1, 1, -1.08116, 0.0813531
22.425, 1, 1, -1.08116, 0.0813531
22.45, 1, 1, -1.08116, 0.0813531
22.475, 1, 1, -1.08116, 0.0813531
22.5, 1, 1, -1.0801, 0.0802871
22.525, 1, 1, -1.07909, 0.0792604
22.55, 1, 1, -1.07812, 0.0782729
22.575, 1, 1, -1.07717, 0.0773189
22.6, 1, 1, -1.07717, 0.0773189
22.625, 1, 1, -1.07717, 0.0773189
22.65, 1, 1, -1.07626, 0.0763957
22.675, 1, 1, -1.07537, 0.0754949
22.7, 1, 1, -1.07537, 0.0754949
22.725, 1, 1, -1.07537, 0.0754949
22.75, 1, 1, -1.07537, 0.0754949
22.775, 1, 1, -1.07537, 0.0754949
22.8, 1, 1, -1.07537, 0.0754949
22.825, 1, 1, -1.07451, 0.0746194
22.85, 1, 1, -1.07368, 0.0737807
22.875, 1, 1, -1.07368, 0.0737807
22.9, 1, 1, -1.07368, 0.0737807
22.925, 1, 1, -1.07289, 0.0729841
22.95, 1, 1, -1.07289, 0.0729841
22.975, 1, 1, -1.07212, 0.0722073
23, 1, 1, -1.07212, 0.0722073
23.025, 1, 1, -1.07138, 0.0714517
23.05, 1, 1, -1.07065, 0.0707111
23.075, 1, 1, -1.07065, 0.0707111
23.1, 1, 1, -1.07065, 0.0707111
23.125, 1, 1, -1.07065, 0.0707111
23.15, 1, 1, -1.07065, 0.0707111
23.175, 1, 1, -1.07065, 0.0707111
23.2, 1, 1, -1.07065, 0.0707111
23.225, 1, 1, -1.06995, 0.0700037
23.25, 1, 1, -1.06995, 0.0700037
23.275, 1, 1, -1.06995, 0.0700037
23.3, 1, 1, -1.06995, 0.0700037
23.325, 1, 1, -1.06995, 0.0700037
23.35, 1, 1, -1.06942, 0.06946
23.375, 1, 1, -1.06942, 0.06946
23.4, 1, 1, -1.06886, 0.0688966
23.425, 1, 1, -1.06886, 0.0688966
23.45, 1, 1, -1.06886, 0.0688966
23.475, 1, 1, -1.06886, 0.0688966
23.5, 1, 1, -1.06886, 0.0688966
23.525, 1, 1, -1.06834, 0.0683675
23.55, 1, 1, -1.06834, 0.0683675
23.575, 1, 1, -1.06785, 0.0678653
23.6, 1, 1, -1.06737, 0.0673764
23.625, 1, 1, -1.06737, 0.0673764
23.65, 1, 1, -1.06692, 0.0669227
23.675, 1, 1, -1.06651, 0.0665035
23.7, 1, 1, -1.06651, 0.0665035
23.725, 1, 1, -1.06612, 0.0661144
23.75, 1, 1, -1.06612, 0.0661144
23.775, 1, 1, -1.06612, 0.0661144
23.8, 1, 1, -1.06612, 0.0661144
23.825, 1, 1, -1.06612, 0.0661144
23.85, 1, 1, -1.06574, 0.0657249
23.875, 1, 1, -1.06537, 0.0653487
23.9, 1, 1, -1.06502, 0.0649967
23.925, 1, 1, -1.06468, 0.0646569
23.95, 1, 1, -1.06435, 0.0643227
23.975, 1, 1, -1.06435, 0.0643227
24, 1, 1, -1.06408, 0.0640458
24.025, 1, 1, -1.06398, 0.0639298
24.05, 1, 1, -1.06423, 0.0641606
24.075, 1, 1, -1.06423, 0.0641606
24.1, 1, 1, -1.06511, 0.0650191
24.125, 1, 1, -1.06511, 0.0650191
24.15, 1, 1, -1.06511, 0.0650191
24.175, 1, 1, -1.06511, 0.0650191
24.2, 1, 1, -1.06617, 0.066055
24.225, 1, 1, -1.06617, 0.066055
24.25, 1, 1, -1.06722, 0.0670857
24.275, 1, 1, -1.06822, 0.0680674
24.3, 1, 1, -1.06822, 0.0680674
24.325, 1, 1, -1.06822, 0.0680674
24.35, 1, 1, -1.06822, 0.0680674
24.375, 1, 1, -1.06944, 0.0692719
24.4, 1, 1, -1.06944, 0.0692719
24.425, 1, 1, -1.06944, 0.0692719
24.45, 1, 1, -1.06944, 0.0692719
24.475, 1, 1, -1.07075, 0.0705604
24.5, 1, 1, -1.07075, 0.0705604
24.525, 1, 1, -1.07075, 0.0705604
24.55, 1, 1, -1.07075, 0.0705604
24.575, 1, 1, -1.07075, 0.0705604
24.6, 1, 1, -1.0729, 0.0727076
24.625, 1, 1, -1.0729, 0.0727076
24.65, 1, 1, -1.0729, 0.0727076
24.675, 1, 1, -1.0729, 0.0727076
24.7, 1, 1, -1.07495, 0.074744
24.725, 1, 1, -1.07495, 0.074744
24.75, 1, 1, -1.07495, 0.074744
24.775, 1, 1, -1.07701, 0.0768011
24.8, 1, 1, -1.07701, 0.0768011
24.825, 1, 1, -1.07701, 0.0768011
24.85, 1, 1, -1.07701, 0.0768011
24.875, 1, 1, -1.07701, 0.0768011
24.9, 1, 1, -1.07934, 0.0791293
24.925, 1, 1, -1.08173, 0.0815133
24.95, 1, 1, -1.08173, 0.0815133
24.975, 1, 1, -1.0841, 0.0838854
25, 1, 1, -1.08644, 0.0862317
25.025, 1, 1, -1.08875, 0.0885461
25.05, 1, 1, -1.09102, 0.0908185
25.075, 1, 1, -1.09325, 0.0930496
25.1, 1, 1, -1.09544, 0.0952457
25.125, 1, 1, -1.09544, 0.0952457
25.15, 1, 1, -1.09544, 0.0952457
25.175, 1, 1, -1.09544, 0.0952457
25.2, 1, 1, -1.09544, 0.0952457
25.225, 1, 1, -1.09544, 0.0952457
25.25, 1, 1, -1.09544, 0.0952457
25.275, 1, 1, -1.09757, 0.0973834
25.3, 1, 1, -1.09964, 0.0994649
25.325, 1, 1, -1.10167, 0.101496
25.35, 1, 1, -1.10167, 0.101496
25.375, 1, 1, -1.10364, 0.103476
25.4, 1, 1, -1.10556, 0.105397
25.425, 1, 1, -1.10556, 0.105397
25.45, 1, 1, -1.10556, 0.105397
25.475, 1, 1, -1.10556, 0.105397
25.5, 1, 1, -1.10743, 0.107277
25.525, 1, 1, -1.10743, 0.107277
25.55, 1, 1, -1.10925, 0.109105
25.575, 1, 1, -1.10925, 0.109105
25.6, 1, 1, -1.10925, 0.109105
25.625, 1, 1, -1.10925, 0.109105
25.65, 1, 1, -1.10925, 0.109105
25.675, 1, 1, -1.11098, 0.110847
25.7, 1, 1, -1.11098, 0.110847
25.725, 1, 1, -1.11098, 0.110847
25.75, 1, 1, -1.1127, 0.112578
25.775, 1, 1, -1.1127, 0.112578
25.8, 1, 1, -1.1127, 0.112578
25.825, 1, 1, -1.11434, 0.114221
25.85, 1, 1, -1.11434, 0.114221
25.875, 1, 1, -1.11594, 0.115824
25.9, 1, 1, -1.11594, 0.115824
25.925, 1, 1, -1.11594, 0.115824
25.95, 1, 1, -1.11743, 0.117322
25.975, 1, 1, -1.11743, 0.117322
26, 1, 1, -1.11743, 0.117322
26.025, 1, 1, -1.11889, 0.118796
26.05, 1, 1, -1.12041, 0.120323
26.075, 1, 1, -1.12041, 0.120323
26.1, 1, 1, -1.12181, 0.121727
26.125, 1, 1, -1.12315, 0.123077
26.15, 1, 1, -1.12315, 0.123077
26.175, 1, 1, -1.12315, 0.123077
26.2, 1, 1, -1.12446, 0.124392
26.225, 1, 1, -1.12446, 0.124392
26.25, 1, 1, -1.12571, 0.125652
26.275, 1, 1, -1.12571, 0.125652
26.3, 1, 1, -1.12694, 0.126881
26.325, 1, 1, -1.12694, 0.126881
26.35, 1, 1, -1.12811, 0.128065
26.375, 1, 1, -1.12811, 0.128065
26.4, 1, 1, -1.12811, 0.128065
26.425, 1, 1, -1.12811, 0.128065
26.45, 1, 1, -1.12811, 0.128065
26.475, 1, 1, -1.12925, 0.129208
26.5, 1, 1, -1.13035, 0.130315
26.525, 1, 1, -1.13035, 0.130315
26.55, 1, 1, -1.13142, 0.131392
26.575, 1, 1, -1.13246, 0.132435
26.6, 1, 1, -1.13246, 0.132435
26.625, 1, 1, -1.13246, 0.132435
26.65, 1, 1, -1.13246, 0.132435
26.675, 1, 1, -1.13246, 0.132435
26.7, 1, 1, -1.13246, 0.132435
26.725, 1, 1, -1.13246, 0.132435
26.75, 1, 1, -1.13246, 0.132435
26.775, 1, 1, -1.13345, 0.133428
26.8, 1, 1, -1.13345, 0.133428
26.825, 1, 1, -1.13345, 0.133428
26.85, 1, 1, -1.13345, 0.133428
26.875, 1, 1, -1.13345, 0.133428
26.9, 1, 1, -1.13436, 0.134339
26.925, 1, 1, -1.13523, 0.13522
26.95, 1, 1, -1.13523, 0.13522
26.975, 1, 1, -1.13608, 0.136069
27, 1, 1, -1.13608, 0.136069
27.025, 1, 1, -1.13709, 0.137083
27.05, 1, 1, -1.13709, 0.137083
27.075, 1, 1, -1.13834, 0.13833
27.1, 1, 1, -1.13834, 0.13833
27.125, 1, 1, -1.13834, 0.13833
27.15, 1, 1, -1.13834, 0.13833
27.175, 1, 1, -1.13834, 0.13833
27.2, 1, 1, -1.13962, 0.13961
27.225, 1, 1, -1.14092, 0.140924
27.25, 1, 1, -1.14092, 0.140924
27.275, 1, 1, -1.14092, 0.140924
27.3, 1, 1, -1.14092, 0.140924
27.325, 1, 1, -1.14227, 0.142275
27.35, 1, 1, -1.14364, 0.143643
27.375, 1, 1, -1.14364, 0.143643
27.4, 1, 1, -1.14487, 0.144872
27.425, 1, 1, -1.14487, 0.144872
27.45, 1, 1, -1.14618, 0.146186
27.475, 1, 1, -1.14618, 0.146186
27.5, 1, 1, -1.14741, 0.147421
27.525, 1, 1, -1.1486, 0.148616
27.55, 1, 1, -1.1486, 0.148616
27.575, 1, 1, -1.1486, 0.148616
27.6, 1, 1, -1.14975, 0.149773
27.625, 1, 1, -1.15087, 0.150892
27.65, 1, 1, -1.15194, 0.151971
27.675, 1, 1, -1.15194, 0.151971
27.7, 1, 1, -1.15194, 0.151971
27.725, 1, 1, -1.15194, 0.151971
27.75, 1, 1, -1.15194, 0.151971
27.775, 1, 1, -1.15298, 0.153012
27.8, 1, 1, -1.15298, 0.153012
27.825, 1, 1, -1.15399, 0.154029
27.85, 1, 1, -1.15399, 0.154029
27.875, 1, 1, -1.15498, 0.155014
27.9, 1, 1, -1.15593, 0.155969
27.925, 1, 1, -1.15593, 0.155969
27.95, 1, 1, -1.15685, 0.156896
27.975, 1, 1, -1.15685, 0.156896
28, 1, 1, -1.15777, 0.157817
28.025, 1, 1, -1.15777, 0.157817
28.05, 1, 1, -1.15777, 0.157817
28.075, 1, 1, -1.15777, 0.157817
28.1, 1, 1, -1.15873, 0.158786
28.125, 1, 1, -1.15873, 0.158786
28.15, 1, 1, -1.15967, 0.159722
28.175, 1, 1, -1.16053, 0.160589
28.2, 1, 1, -1.16053, 0.160589
28.225, 1, 1, -1.16053, 0.160589
28.25, 1, 1, -1.16053, 0.160589
28.275, 1, 1, -1.16053, 0.160589
28.3, 1, 1, -1.16102, 0.161082
28.325, 1, 1, -1.1615, 0.161573
28.35, 1, 1, -1.1615, 0.161573
28.375, 1, 1, -1.1615, 0.161573
28.4, 1, 1, -1.1615, 0.161573
28.425, 1, 1, -1.1615, 0.161573
28.45, 1, 1, -1.1615, 0.161573
28.475, 1, 1, -1.1615, 0.161573
28.5, 1, 1, -1.1615, 0.161573
28.525, 1, 1, -1.16204, 0.162115
28.55, 1, 1, -1.16204, 0.162115
28.575, 1, 1, -1.16249, 0.162567
28.6, 1, 1, -1.16289, 0.162975
28.625, 1, 1, -1.16289, 0.162975
28.65, 1, 1, -1.16323, 0.163321
28.675, 1, 1, -1.16323, 0.163321
28.7, 1, 1, -1.16364, 0.163728
28.725, 1, 1, -1.16364, 0.163728
28.75, 1, 1, -1.16364, 0.163728
28.775, 1, 1, -1.16364, 0.163728
28.8, 1, 1, -1.16484, 0.164934
28.825, 1, 1, -1.16645, 0.166542
28.85, 1, 1, -1.16819, 0.168276
28.875, 1, 1, -1.16819, 0.168276
28.9, 1, 1, -1.16991, 0.169994
28.925, 1, 1, -1.16991, 0.169994
28.95, 1, 1, -1.16991, 0.169994
28.975, 1, 1, -1.16991, 0.169994
29, 1, 1, -1.17157, 0.17165
29.025, 1, 1, -1.17319, 0.173271
29.05, 1, 1, -1.17319, 0.173271
29.075, 1, 1, -1.17319, 0.173271
29.1, 1, 1, -1.17479, 0.174862
29.125, 1, 1, -1.17479, 0.174862
29.15, 1, 1, -1.17632, 0.176391
29.175, 1, 1, -1.17783, 0.177904
29.2, 1, 1, -1.17935, 0.179427
29.225, 1, 1, -1.18081, 0.180885
29.25, 1, 1, -1.18081, 0.180885
29.275, 1, 1, -1.18225, 0.182326
29.3, 1, 1, -1.18369, 0.183763
29.325, 1, 1, -1.18369, 0.183763
29.35, 1, 1, -1.18369, 0.183763
29.375, 1, 1, -1.18369, 0.183763
29.4, 1, 1, -1.18509, 0.185168
29.425, 1, 1, -1.18509, 0.185168
29.45, 1, 1, -1.18509, 0.185168
29.475, 1, 1, -1.18509, 0.185168
29.5, 1, 1, -1.18509, 0.185168
29.525, 1, 1, -1.18509, 0.185168
29.55, 1, 1, -1.18594, 0.186023
29.575, 1, 1, -1.18679, 0.18687
29.6, 1, 1, -1.18679, 0.18687
29.625, 1, 1, -1.18679, 0.18687
29.65, 1, 1, -1.18679, 0.18687
29.675, 1, 1, -1.18679, 0.18687
29.7, 1, 1, -1.1876, 0.187682
29.725, 1, 1, -1.1876, 0.187682
29.75, 1, 1, -1.1876, 0.187682
29.775, 1, 1, -1.1876, 0.187682
29.8, 1, 1, -1.18868, 0.188764
29.825, 1, 1, -1.18868, 0.188764
29.85, 1, 1, -1.18868, 0.188764
29.875, 1, 1, -1.18947, 0.189559
29.9, 1, 1, -1.18947, 0.189559
29.925, 1, 1, -1.19044, 0.190523
29.95, 1, 1, -1.19044, 0.190523
29.975, 1, 1, -1.19044, 0.190523
30, 1, 1, -1.19109, 0.191173
30.025, 1, 1, -1.19109, 0.191173
30.05, 1, 1, -1.19176, 0.191843
30.075, 1, 1, -1.19176, 0.191843
30.1, 1, 1, -1.19242, 0.192502
30.125, 1, 1, -1.19242, 0.192502
30.15, 1, 1, -1.19305, 0.193134
30.175, 1, 1, -1.19305, 0.193134
30.2, 1, 1, -1.19367, 0.193755
30.225, 1, 1, -1.19431, 0.194397
30.25, 1, 1, -1.19431, 0.194397
30.275, 1, 1, -1.19487, 0.194956
30.3, 1, 1, -1.19487, 0.194956
30.325, 1, 1, -1.19542, 0.195504
30.35, 1, 1, -1.19596, 0.196043
30.375, 1, 1, -1.19596, 0.196043
30.4, 1, 1, -1.19596, 0.196043
30.425, 1, 1, -1.19596, 0.196043
30.45, 1, 1, -1.19653, 0.196613
30.475, 1, 1, -1.19713, 0.197212
30.5, 1, 1, -1.19775, 0.197828
30.525, 1, 1, -1.19775, 0.197828
30.55, 1, 1, -1.19775, 0.197828
30.575, 1, 1, -1.19834, 0.198423
30.6, 1, 1, -1.19894, 0.199014
30.625, 1, 1, -1.19894, 0.199014
30.65, 1, 1, -1.19954, 0.199614
30.675, 1, 1, -1.19954, 0.199614
30.7, 1, 1, -1.19954, 0.199614
30.725, 1, 1, -1.20017, 0.200244
30.75, 1, 1, -1.2008, 0.200869
30.775, 1, 1, -1.2014, 0.201473
30.8, 1, 1, -1.2014, 0.201473
30.825, 1, 1, -1.2014, 0.201473
30.85, 1, 1, -1.20199, 0.202057
30.875, 1, 1, -1.20199, 0.202057
30.9, 1, 1, -1.20199, 0.202057
30.925, 1, 1, -1.20199, 0.202057
30.95, 1, 1, -1.20257, 0.202631
30.975, 1, 1, -1.20257, 0.202631
31, 1, 1, -1.20257, 0.202631
31.025, 1, 1, -1.20257, 0.202631
31.05, 1, 1, -1.20257, 0.202631
31.075, 1, 1, -1.20257, 0.202631
31.1, 1, 1, -1.2031, 0.203166
31.125, 1, 1, -1.2031, 0.203166
31.15, 1, 1, -1.20368, 0.203746
31.175, 1, 1, -1.20368, 0.203746
31.2, 1, 1, -1.20468, 0.204742
31.225, 1, 1, -1.20601, 0.206068
31.25, 1, 1, -1.20742, 0.207479
31.275, 1, 1, -1.20875, 0.208818
31.3, 1, 1, -1.21003, 0.210101
31.325, 1, 1, -1.21129, 0.211361
31.35, 1, 1, -1.21129, 0.211361
31.375, 1, 1, -1.21129, 0.211361
31.4, 1, 1, -1.21129, 0.211361
31.425, 1, 1, -1.21129, 0.211361
31.45, 1, 1, -1.21129, 0.211361
31.475, 1, 1, -1.21129, 0.211361
31.5, 1, 1, -1.21129, 0.211361
31.525, 1, 1, -1.21259, 0.212656
31.55, 1, 1, -1.21385, 0.213919
31.575, 1, 1, -1.21385, 0.213919
31.6, 1, 1, -1.21508, 0.215143
31.625, 1, 1, -1.21628, 0.216344
31.65, 1, 1, -1.21628, 0.216344
31.675, 1, 1, -1.21628, 0.216344
31.7, 1, 1, -1.21628, 0.216344
31.725, 1, 1, -1.21628, 0.216344
31.75, 1, 1, -1.21628, 0.216344
31.775, 1, 1, -1.21728, 0.217343
31.8, 1, 1, -1.21728, 0.217343
31.825, 1, 1, -1.21824, 0.218308
31.85, 1, 1, -1.21824, 0.218308
31.875, 1, 1, -1.21824, 0.218308
31.9, 1, 1, -1.21918, 0.219245
31.925, 1, 1, -1.21918, 0.219245
31.95, 1, 1, -1.22009, 0.22016
31.975, 1, 1, -1.22009, 0.22016
32, 1, 1, -1.22009, 0.22016
32.025, 1, 1, -1.22096, 0.22103
32.05, 1, 1, -1.22096, 0.22103
32.075, 1, 1, -1.22096, 0.22103
32.1, 1, 1, -1.22096, 0.22103
32.125, 1, 1, -1.22181, 0.221874
32.15, 1, 1, -1.22262, 0.222689
32.175, 1, 1, -1.2234, 0.223474
32.2, 1, 1, -1.22416, 0.224234
32.225, 1, 1, -1.22416, 0.224234
32.25, 1, 1, -1.22416, 0.224234
32.275, 1, 1, -1.22491, 0.224984
32.3, 1, 1, -1.22491, 0.224984
32.325, 1, 1, -1.22491, 0.224984
32.35, 1, 1, -1.22491, 0.224984
32.375, 1, 1, -1.22567, 0.225735
32.4, 1, 1, -1.22567, 0.225735
32.425, 1, 1, -1.22639, 0.22646
32.45, 1, 1, -1.22712, 0.227188
32.475, 1, 1, -1.22799, 0.228053
32.5, 1, 1, -1.22892, 0.228983
32.525, 1, 1, -1.22892, 0.228983
32.55, 1, 1, -1.22892, 0.228983
32.575, 1, 1, -1.22979, 0.229854
32.6, 1, 1, -1.22979, 0.229854
32.625, 1, 1, -1.22979, 0.229854
32.65, 1, 1, -1.22979, 0.229854
32.675, 1, 1, -1.23026, 0.230315
32.7, 1, 1, -1.23073, 0.230783
32.725, 1, 1, -1.23119, 0.231245
32.75, 1, 1, -1.23163, 0.23168
32.775, 1, 1, -1.23209, 0.232142
32.8, 1, 1, -1.23254, 0.232589
32.825, 1, 1, -1.23254, 0.232589
32.85, 1, 1, -1.23301, 0.233057
32.875, 1, 1, -1.23301, 0.233057
32.9, 1, 1, -1.23301, 0.233057
32.925, 1, 1, -1.23365, 0.233691
32.95, 1, 1, -1.23428, 0.234324
32.975, 1, 1, -1.23428, 0.234324
33, 1, 1, -1.23428, 0.234324
33.025, 1, 1, -1.23428, 0.234324
33.05, 1, 1, -1.23496, 0.234998
33.075, 1, 1, -1.23496, 0.234998
33.1, 1, 1, -1.23563, 0.235673
33.125, 1, 1, -1.23629, 0.236331
33.15, 1, 1, -1.23629, 0.236331
33.175, 1, 1, -1.237, 0.23704
33.2, 1, 1, -1.237, 0.23704
33.225, 1, 1, -1.23758, 0.237618
33.25, 1, 1, -1.23758, 0.237618
33.275, 1, 1, -1.23811, 0.23814
33.3, 1, 1, -1.23811, 0.23814
33.325, 1, 1, -1.23811, 0.23814
33.35, 1, 1, -1.23811, 0.23814
33.375, 1, 1, -1.23811, 0.23814
33.4, 1, 1, -1.23811, 0.23814
33.425, 1, 1, -1.23811, 0.23814
33.45, 1, 1, -1.23811, 0.23814
33.475, 1, 1, -1.23711, 0.237138
33.5, 1, 1, -1.23711, 0.237138
33.525, 1, 1, -1.23597, 0.235996
33.55, 1, 1, -1.23597, 0.235996
33.575, 1, 1, -1.23478, 0.234808
33.6, 1, 1, -1.23377, 0.2338
33.625, 1, 1, -1.23297, 0.233001
33.65, 1, 1, -1.23243, 0.232461
33.675, 1, 1, -1.23243, 0.232461
33.7, 1, 1, -1.23243, 0.232461
33.725, 1, 1, -1.23243, 0.232461
33.75, 1, 1, -1.23288, 0.232912
33.775, 1, 1, -1.23383, 0.233868
33.8, 1, 1, -1.23491, 0.234948
33.825, 1, 1, -1.23491, 0.234948
33.85, 1, 1, -1.23491, 0.234948
33.875, 1, 1, -1.23491, 0.234948
33.9, 1, 1, -1.23491, 0.234948
33.925, 1, 1, -1.23491, 0.234948
33.95, 1, 1, -1.23491, 0.234948
33.975, 1, 1, -1.23546, 0.235503
34, 1, 1, -1.23599, 0.23604
34.025, 1, 1, -1.23599, 0.23604
34.05, 1, 1, -1.23651, 0.236559
34.075, 1, 1, -1.23651, 0.236559
34.1, 1, 1, -1.23651, 0.236559
34.125, 1, 1, -1.23651, 0.236559
34.15, 1, 1, -1.23651, 0.236559
34.175, 1, 1, -1.23704, 0.237098
34.2, 1, 1, -1.23704, 0.237098
34.225, 1, 1, -1.23704, 0.237098
34.25, 1, 1, -1.2374, 0.237454
34.275, 1, 1, -1.23774, 0.237797
34.3, 1, 1, -1.23807, 0.238135
34.325, 1, 1, -1.23807, 0.238135
34.35, 1, 1, -1.23807, 0.238135
34.375, 1, 1, -1.23832, 0.238387
34.4, 1, 1, -1.23832, 0.238387
34.425, 1, 1, -1.23832, 0.238387
34.45, 1, 1, -1.23832, 0.238387
34.475, 1, 1, -1.23832, 0.238387
34.5, 1, 1, -1.23832, 0.238387
34.525, 1, 1, -1.23924, 0.239305
34.55, 1, 1, -1.23924, 0.239305
34.575, 1, 1, -1.23924, 0.239305
34.6, 1, 1, -1.24041, 0.240485
34.625, 1, 1, -1.24041, 0.240485
34.65, 1, 1, -1.24041, 0.240485
34.675, 1, 1, -1.24041, 0.240485
34.7, 1, 1, -1.24041, 0.240485
34.725, 1, 1, -1.24041, 0.240485
34.75, 1, 1, -1.24348, 0.243561
34.775, 1, 1, -1.24348, 0.243561
34.8, 1, 1, -1.24648, 0.246564
34.825, 1, 1, -1.24648, 0.246564
34.85, 1, 1, -1.24988, 0.249976
34.875, 1, 1, -1.24988, 0.249976
34.9, 1, 1, -1.25344, 0.253545
34.925, 1, 1, -1.25344, 0.253545
34.95, 1, 1, -1.25733, 0.25744
34.975, 1, 1, -1.26128, 0.261407
35, 1, 1, -1.26128, 0.261407
35.025, 1, 1, -1.2649, 0.265044
35.05, 1, 1, -1.2649, 0.265044
35.075, 1, 1, -1.26818, 0.268333
35.1, 1, 1, -1.26818, 0.268333
35.125, 1, 1, -1.27141, 0.271585
35.15, 1, 1, -1.27141, 0.271585
35.175, 1, 1, -1.27141, 0.271585
35.2, 1, 1, -1.27141, 0.271585
35.225, 1, 1, -1.27141, 0.271585
35.25, 1, 1, -1.27141, 0.271585
35.275, 1, 1, -1.27141, 0.271585
35.3, 1, 1, -1.27475, 0.274932
35.325, 1, 1, -1.27849, 0.278683
35.35, 1, 1, -1.27849, 0.278683
35.375, 1, 1, -1.28161, 0.281809
35.4, 1, 1, -1.28161, 0.281809
35.425, 1, 1, -1.28161, 0.281809
35.45, 1, 1, -1.28426, 0.284475
35.475, 1, 1, -1.28426, 0.284475
35.5, 1, 1, -1.28683, 0.287055
35.525, 1, 1, -1.28683, 0.287055
35.55, 1, 1, -1.28683, 0.287055
35.575, 1, 1, -1.28683, 0.287055
35.6, 1, 1, -1.28928, 0.289523
35.625, 1, 1, -1.28928, 0.289523
35.65, 1, 1, -1.29168, 0.291932
35.675, 1, 1, -1.29168, 0.291932
35.7, 1, 1, -1.29168, 0.291932
35.725, 1, 1, -1.29168, 0.291932
35.75, 1, 1, -1.29397, 0.294235
35.775, 1, 1, -1.29397, 0.294235
35.8, 1, 1, -1.29397, 0.294235
35.825, 1, 1, -1.29397, 0.294235
35.85, 1, 1, -1.29622, 0.296489
35.875, 1, 1, -1.29622, 0.296489
35.9, 1, 1, -1.29841, 0.298694
35.925, 1, 1, -1.29841, 0.298694
35.95, 1, 1, -1.30056, 0.300846
35.975, 1, 1, -1.30263, 0.302927
36, 1, 1, -1.30463, 0.30493
36.025, 1, 1, -1.30463, 0.30493
36.05, 1, 1, -1.30463, 0.30493
36.075, 1, 1, -1.30656, 0.306864
36.1, 1, 1, -1.30842, 0.308735
36.125, 1, 1, -1.30842, 0.308735
36.15, 1, 1, -1.30842, 0.308735
36.175, 1, 1, -1.3102, 0.310512
36.2, 1, 1, -1.3102, 0.310512
36.225, 1, 1, -1.3102, 0.310512
36.25, 1, 1, -1.31189, 0.312212
36.275, 1, 1, -1.31189, 0.312212
36.3, 1, 1, -1.31189, 0.312212
36.325, 1, 1, -1.31353, 0.313855
36.35, 1, 1, -1.31353, 0.313855
36.375, 1, 1, -1.31516, 0.315489
36.4, 1, 1, -1.31516, 0.315489
36.425, 1, 1, -1.31516, 0.315489
36.45, 1, 1, -1.31667, 0.317006
36.475, 1, 1, -1.31814, 0.31848
36.5, 1, 1, -1.31814, 0.31848
36.525, 1, 1, -1.31814, 0.31848
36.55, 1, 1, -1.31814, 0.31848
36.575, 1, 1, -1.31814, 0.31848
36.6, 1, 1, -1.31814, 0.31848
36.625, 1, 1, -1.31949, 0.319831
36.65, 1, 1, -1.31949, 0.319831
36.675, 1, 1, -1.31949, 0.319831
36.7, 1, 1, -1.31949, 0.319831
36.725, 1, 1, -1.31949, 0.319831
36.75, 1, 1, -1.32085, 0.321194
36.775, 1, 1, -1.32085, 0.321194
36.8, 1, 1, -1.32085, 0.321194
36.825, 1, 1, -1.32202, 0.322366
36.85, 1, 1, -1.32202, 0.322366
36.875, 1, 1, -1.32202, 0.322366
36.9, 1, 1, -1.32312, 0.323472
36.925, 1, 1, -1.32312, 0.323472
36.95, 1, 1, -1.32312, 0.323472
36.975, 1, 1, -1.3242, 0.324555
37, 1, 1, -1.3242, 0.324555
37.025, 1, 1, -1.32532, 0.325677
37.05, 1, 1, -1.32532, 0.325677
37.075, 1, 1, -1.32635, 0.326708
37.1, 1, 1, -1.32735, 0.327707
37.125, 1, 1, -1.32735, 0.327707
37.15, 1, 1, -1.32735, 0.327707
37.175, 1, 1, -1.3283, 0.32866
37.2, 1, 1, -1.32921, 0.329573
37.225, 1, 1, -1.33008, 0.330451
37.25, 1, 1, -1.33008, 0.330451
37.275, 1, 1, -1.33094, 0.331305
37.3, 1, 1, -1.33176, 0.332131
37.325, 1, 1, -1.33176, 0.332131
37.35, 1, 1, -1.33176, 0.332131
37.375, 1, 1, -1.33256, 0.33293
37.4, 1, 1, -1.33256, 0.33293
37.425, 1, 1, -1.33256, 0.33293
37.45, 1, 1, -1.33256, 0.33293
37.475, 1, 1, -1.33333, 0.333701
37.5, 1, 1, -1.33333, 0.333701
37.525, 1, 1, -1.33407, 0.334441
37.55, 1, 1, -1.33407, 0.334441
37.575, 1, 1, -1.33407, 0.334441
37.6, 1, 1, -1.33407, 0.334441
37.625, 1, 1, -1.33407, 0.334441
37.65, 1, 1, -1.3348, 0.33517
37.675, 1, 1, -1.33551, 0.335881
37.7, 1, 1, -1.33551, 0.335881
37.725, 1, 1, -1.3362, 0.336569
37.75, 1, 1, -1.33686, 0.33723
37.775, 1, 1, -1.3375, 0.337863
37.8, 1, 1, -1.3375, 0.337863
37.825, 1, 1, -1.3375, 0.337863
37.85, 1, 1, -1.33812, 0.338481
37.875, 1, 1, -1.33873, 0.33909
37.9, 1, 1, -1.33934, 0.339697
37.925, 1, 1, -1.33934, 0.339697
37.95, 1, 1, -1.33934, 0.339697
37.975, 1, 1, -1.33934, 0.339697
38, 1, 1, -1.33986, 0.340216
38.025, 1, 1, -1.34046, 0.340817
38.05, 1, 1, -1.34046, 0.340817
38.075, 1, 1, -1.34046, 0.340817
38.1, 1, 1, -1.34046, 0.340817
38.125, 1, 1, -1.34046, 0.340817
38.15, 1, 1, -1.34046, 0.340817
38.175, 1, 1, -1.34036, 0.340709
38.2, 1, 1, -1.34025, 0.340597
38.225, 1, 1, -1.34025, 0.340597
38.25, 1, 1, -1.34025, 0.340597
38.275, 1, 1, -1.34025, 0.340597
38.3, 1, 1, -1.34024, 0.340588
38.325, 1, 1, -1.34024, 0.340588
38.35, 1, 1, -1.34018, 0.340524
38.375, 1, 1, -1.34018, 0.340524
38.4, 1, 1, -1.34011, 0.340447
38.425, 1, 1, -1.34011, 0.340447
38.45, 1, 1, -1.34011, 0.340447
38.475, 1, 1, -1.34009, 0.340422
38.5, 1, 1, -1.34002, 0.340351
38.525, 1, 1, -1.33996, 0.340284
38.55, 1, 1, -1.33988, 0.340205
38.575, 1, 1, -1.33981, 0.340128
38.6, 1, 1, -1.33981, 0.340128
38.625, 1, 1, -1.33981, 0.340128
38.65, 1, 1, -1.33981, 0.340128
38.675, 1, 1, -1.33981, 0.340128
38.7, 1, 1, -1.33971, 0.340032
38.725, 1, 1, -1.33971, 0.340032
38.75, 1, 1, -1.33971, 0.340032
38.775, 1, 1, -1.33968, 0.339996
38.8, 1, 1, -1.33966, 0.339976
38.825, 1, 1, -1.33966, 0.33997
38.85, 1, 1, -1.33966, 0.33997
38.875, 1, 1, -1.33992, 0.34023
38.9, 1, 1, -1.34034, 0.340645
38.925, 1, 1, -1.34034, 0.340645
38.95, 1, 1, -1.34087, 0.341167
38.975, 1, 1, -1.34087, 0.341167
39, 1, 1, -1.34138, 0.341665
39.025, 1, 1, -1.34138, 0.341665
39.05, 1, 1, -1.3419, 0.342174
39.075, 1, 1, -1.3419, 0.342174
39.1, 1, 1, -1.3419, 0.342174
39.125, 1, 1, -1.3419, 0.342174
39.15, 1, 1, -1.33996, 0.340232
39.175, 1, 1, -1.33996, 0.340232
39.2, 1, 1, -1.33996, 0.340232
39.225, 1, 1, -1.33812, 0.338383
39.25, 1, 1, -1.33812, 0.338383
39.275, 1, 1, -1.33812, 0.338383
39.3, 1, 1, -1.33609, 0.336347
39.325, 1, 1, -1.3341, 0.334348
39.35, 1, 1, -1.33233, 0.332578
39.375, 1, 1, -1.33233, 0.332578
39.4, 1, 1, -1.33233, 0.332578
39.425, 1, 1, -1.33233, 0.332578
39.45, 1, 1, -1.33233, 0.332578
39.475, 1, 1, -1.33233, 0.332578
39.5, 1, 1, -1.33233, 0.332578
39.525, 1, 1, -1.33233, 0.332578
39.55, 1, 1, -1.32643, 0.326664
39.575, 1, 1, -1.32643, 0.326664
39.6, 1, 1, -1.32074, 0.320963
39.625, 1, 1, -1.32074, 0.320963
39.65, 1, 1, -1.31533, 0.315535
39.675, 1, 1, -1.31533, 0.315535
39.7, 1, 1, -1.31043, 0.310624
39.725, 1, 1, -1.30571, 0.305887
39.75, 1, 1, -1.30571, 0.305887
39.775, 1, 1, -1.30137, 0.301525
39.8, 1, 1, -1.29758, 0.297711
39.825, 1, 1, -1.29431, 0.294409
39.85, 1, 1, -1.29431, 0.294409
39.875, 1, 1, -1.29431, 0.294409
39.9, 1, 1, -1.29431, 0.294409
39.925, 1, 1, -1.29431, 0.294409
39.95, 1, 1, -1.29431, 0.294409
39.975, 1, 1, -1.29431, 0.294409
40, 1, 1, -1.29431, 0.294409
40.025, 1, 1, -1.2886, 0.288674
40.05, 1, 1, -1.2886, 0.288674
40.075, 1, 1, -1.28548, 0.285538
40.1, 1, 1, -1.28548, 0.285538
40.125, 1, 1, -1.28548, 0.285538
40.15, 1, 1, -1.28548, 0.285538
40.175, 1, 1, -1.28548, 0.285538
40.2, 1, 1, -1.28222, 0.282252
40.225, 1, 1, -1.28222, 0.282252
40.25, 1, 1, -1.27949, 0.279516
40.275, 1, 1, -1.27949, 0.279516
40.3, 1, 1, -1.2772, 0.277218
40.325, 1, 1, -1.2772, 0.277218
40.35, 1, 1, -1.2751, 0.275118
40.375, 1, 1, -1.2751, 0.275118
40.4, 1, 1, -1.27306, 0.273086
40.425, 1, 1, -1.27306, 0.273086
40.45, 1, 1, -1.27306, 0.273086
40.475, 1, 1, -1.27306, 0.273086
40.5, 1, 1, -1.27306, 0.273086
40.525, 1, 1, -1.27306, 0.273086
40.55, 1, 1, -1.27306, 0.273086
40.575, 1, 1, -1.27306, 0.273086
40.6, 1, 1, -1.27111, 0.271138
40.625, 1, 1, -1.2691, 0.269134
40.65, 1, 1, -1.26717, 0.267206
40.675, 1, 1, -1.26717, 0.267206
40.7, 1, 1, -1.26717, 0.267206
40.725, 1, 1, -1.26717, 0.267206
40.75, 1, 1, -1.26717, 0.267206
40.775, 1, 1, -1.26717, 0.267206
40.8, 1, 1, -1.26497, 0.265019
40.825, 1, 1, -1.26497, 0.265019
40.85, 1, 1, -1.26283, 0.262886
40.875, 1, 1, -1.26283, 0.262886
40.9, 1, 1, -1.26283, 0.262886
40.925, 1, 1, -1.26283, 0.262886
40.95, 1, 1, -1.26283, 0.262886
40.975, 1, 1, -1.26283, 0.262886
41, 1, 1, -1.26095, 0.261007
41.025, 1, 1, -1.26095, 0.261007
41.05, 1, 1, -1.26095, 0.261007
41.075, 1, 1, -1.26095, 0.261007
41.1, 1, 1, -1.26095, 0.261007
41.125, 1, 1, -1.25901, 0.259076
41.15, 1, 1, -1.25901, 0.259076
41.175, 1, 1, -1.25901, 0.259076
41.2, 1, 1, -1.25901, 0.259076
41.225, 1, 1, -1.25901, 0.259076
41.25, 1, 1, -1.25901, 0.259076
41.275, 1, 1, -1.25901, 0.259076
41.3, 1, 1, -1.25715, 0.257214
41.325, 1, 1, -1.25715, 0.257214
41.35, 1, 1, -1.25715, 0.257214
41.375, 1, 1, -1.25715, 0.257214
41.4, 1, 1, -1.25715, 0.257214
41.425, 1, 1, -1.25527, 0.25535
41.45, 1, 1, -1.25527, 0.25535
41.475, 1, 1, -1.25527, 0.25535
41.5, 1, 1, -1.25347, 0.253547
41.525, 1, 1, -1.25347, 0.253547
41.55, 1, 1, -1.25172, 0.251806
41.575, 1, 1, -1.25172, 0.251806
41.6, 1, 1, -1.25172, 0.251806
41.625, 1, 1, -1.25172, 0.251806
41.65, 1, 1, -1.25172, 0.251806
41.675, 1, 1, -1.25172, 0.251806
41.7, 1, 1, -1.25172, 0.251806
41.725, 1, 1, -1.25003, 0.250123
41.75, 1, 1, -1.25003, 0.250123
41.775, 1, 1, -1.25003, 0.250123
41.8, 1, 1, -1.25003, 0.250123
41.825, 1, 1, -1.25003, 0.250123
41.85, 1, 1, -1.25003, 0.250123
41.875, 1, 1, -1.25003, 0.250123
41.9, 1, 1, -1.25003, 0.250123
41.925, 1, 1, -1.25003, 0.250123
41.95, 1, 1, -1.24836, 0.248454
41.975, 1, 1, -1.24836, 0.248454
42, 1, 1, -1.24836, 0.248454
42.025, 1, 1, -1.24836, 0.248454
42.05, 1, 1, -1.24674, 0.246833
42.075, 1, 1, -1.24674, 0.246833
42.1, 1, 1, -1.24674, 0.246833
42.125, 1, 1, -1.24526, 0.24536
42.15, 1, 1, -1.24397, 0.24407
42.175, 1, 1, -1.24281, 0.24291
42.2, 1, 1, -1.24175, 0.241847
42.225, 1, 1, -1.24076, 0.24085
42.25, 1, 1, -1.23979, 0.239877
42.275, 1, 1, -1.23885, 0.238932
42.3, 1, 1, -1.23885, 0.238932
42.325, 1, 1, -1.23885, 0.238932
42.35, 1, 1, -1.23789, 0.237976
42.375, 1, 1, -1.23789, 0.237976
42.4, 1, 1, -1.23701, 0.23709
42.425, 1, 1, -1.2362, 0.236277
42.45, 1, 1, -1.23546, 0.235525
42.475, 1, 1, -1.23546, 0.235525
42.5, 1, 1, -1.23546, 0.235525
42.525, 1, 1, -1.23471, 0.234769
42.55, 1, 1, -1.23398, 0.234042
42.575, 1, 1, -1.23398, 0.234042
42.6, 1, 1, -1.23398, 0.234042
42.625, 1, 1, -1.23398, 0.234042
42.65, 1, 1, -1.23398, 0.234042
42.675, 1, 1, -1.23328, 0.233335
42.7, 1, 1, -1.23328, 0.233335
42.725, 1, 1, -1.2326, 0.232652
42.75, 1, 1, -1.2326, 0.232652
42.775, 1, 1, -1.2326, 0.232652
42.8, 1, 1, -1.2326, 0.232652
42.825, 1, 1, -1.23196, 0.232003
42.85, 1, 1, -1.23196, 0.232003
42.875, 1, 1, -1.23196, 0.232003
42.9, 1, 1, -1.23196, 0.232003
42.925, 1, 1, -1.23196, 0.232003
42.95, 1, 1, -1.23196, 0.232003
42.975, 1, 1, -1.23196, 0.232003
43, 1, 1, -1.23196, 0.232003
43.025, 1, 1, -1.2314, 0.231441
43.05, 1, 1, -1.2314, 0.231441
43.075, 1, 1, -1.2314, 0.231441
43.1, 1, 1, -1.2314, 0.231441
43.125, 1, 1, -1.2314, 0.231441
43.15, 1, 1, -1.2314, 0.231441
43.175, 1, 1, -1.23076, 0.230798
43.2, 1, 1, -1.23076, 0.230798
43.225, 1, 1, -1.23014, 0.23018
43.25, 1, 1, -1.23014, 0.23018
43.275, 1, 1, -1.23014, 0.23018
43.3, 1, 1, -1.22955, 0.229581
43.325, 1, 1, -1.22899, 0.229017
43.35, 1, 1, -1.22848, 0.228505
43.375, 1, 1, -1.22803, 0.228063
43.4, 1, 1, -1.22803, 0.228063
43.425, 1, 1, -1.22803, 0.228063
43.45, 1, 1, -1.22803, 0.228063
43.475, 1, 1, -1.22774, 0.227772
43.5, 1, 1, -1.22774, 0.227772
43.525, 1, 1, -1.22774, 0.227772
43.55, 1, 1, -1.22774, 0.227772
43.575, 1, 1, -1.2272, 0.227229
43.6, 1, 1, -1.2272, 0.227229
43.625, 1, 1, -1.2272, 0.227229
43.65, 1, 1, -1.2272, 0.227229
43.675, 1, 1, -1.22651, 0.22654
43.7, 1, 1, -1.22651, 0.22654
43.725, 1, 1, -1.22589, 0.225923
43.75, 1, 1, -1.22589, 0.225923
43.775, 1, 1, -1.22525, 0.225278
43.8, 1, 1, -1.22525, 0.225278
43.825, 1, 1, -1.22525, 0.225278
43.85, 1, 1, -1.22525, 0.225278
43.875, 1, 1, -1.22525, 0.225278
43.9, 1, 1, -1.2245, 0.224535
43.925, 1, 1, -1.2245, 0.224535
43.95, 1, 1, -1.22379, 0.223819
43.975, 1, 1, -1.22379, 0.223819
44, 1, 1, -1.22379, 0.223819
44.025, 1, 1, -1.22306, 0.223096
44.05, 1, 1, -1.22306, 0.223096
44.075, 1, 1, -1.22306, 0.223096
44.1, 1, 1, -1.22306, 0.223096
44.125, 1, 1, -1.22306, 0.223096
44.15, 1, 1, -1.22306, 0.223096
44.175, 1, 1, -1.22306, 0.223096
44.2, 1, 1, -1.22306, 0.223096
44.225, 1, 1, -1.22229, 0.222331
44.25, 1, 1, -1.22229, 0.222331
44.275, 1, 1, -1.22229, 0.222331
44.3, 1, 1, -1.22154, 0.221583
44.325, 1, 1, -1.22084, 0.220879
44.35, 1, 1, -1.22084, 0.220879
44.375, 1, 1, -1.22084, 0.220879
44.4, 1, 1, -1.22084, 0.220879
44.425, 1, 1, -1.22021, 0.220254
44.45, 1, 1, -1.22021, 0.220254
44.475, 1, 1, -1.22021, 0.220254
44.5, 1, 1, -1.21961, 0.219663
44.525, 1, 1, -1.2191, 0.219162
44.55, 1, 1, -1.21864, 0.218703
44.575, 1, 1, -1.21864, 0.218703
44.6, 1, 1, -1.21864, 0.218703
44.625, 1, 1, -1.21832, 0.218386
44.65, 1, 1, -1.21832, 0.218386
44.675, 1, 1, -1.21832, 0.218386
44.7, 1, 1, -1.21832, 0.218386
44.725, 1, 1, -1.21812, 0.218196
44.75, 1, 1, -1.21794, 0.218022
44.775, 1, 1, -1.21794, 0.218022
44.8, 1, 1, -1.21794, 0.218022
44.825, 1, 1, -1.21794, 0.218022
44.85, 1, 1, -1.21794, 0.218022
44.875, 1, 1, -1.21772, 0.217816
44.9, 1, 1, -1.21772, 0.217816
44.925, 1, 1, -1.21772, 0.217816
44.95, 1, 1, -1.21772, 0.217816
44.975, 1, 1, -1.21792, 0.218015
45, 1, 1, -1.21792, 0.218015
45.025, 1, 1, -1.21792, 0.218015
45.05, 1, 1, -1.21792, 0.218015
45.075, 1, 1, -1.21792, 0.218015
45.1, 1, 1, -1.21792, 0.218015
45.125, 1, 1, -1.21792, 0.218015
45.15, 1, 1, -1.21695, 0.217053
45.175, 1, 1, -1.21605, 0.216167
45.2, 1, 1, -1.21605, 0.216167
45.225, 1, 1, -1.21605, 0.216167
45.25, 1, 1, -1.21517, 0.215287
45.275, 1, 1, -1.21517, 0.215287
45.3, 1, 1, -1.21517, 0.215287
45.325, 1, 1, -1.2143, 0.214424
45.35, 1, 1, -1.2143, 0.214424
45.375, 1, 1, -1.2143, 0.214424
45.4, 1, 1, -1.2143, 0.214424
45.425, 1, 1, -1.2143, 0.214424
45.45, 1, 1, -1.2143, 0.214424
45.475, 1, 1, -1.2134, 0.213535
45.5, 1, 1, -1.2134, 0.213535
45.525, 1, 1, -1.2134, 0.213535
45.55, 1, 1, -1.2134, 0.213535
45.575, 1, 1, -1.2134, 0.213535
45.6, 1, 1, -1.2134, 0.213535
45.625, 1, 1, -1.2134, 0.213535
45.65, 1, 1, -1.21255, 0.212691
45.675, 1, 1, -1.21255, 0.212691
45.7, 1, 1, -1.21255, 0.212691
45.725, 1, 1, -1.21178, 0.211929
45.75, 1, 1, -1.21178, 0.211929
45.775, 1, 1, -1.21109, 0.211237
45.8, 1, 1, -1.21109, 0.211237
45.825, 1, 1, -1.21049, 0.210638
45.85, 1, 1, -1.21049, 0.210638
45.875, 1, 1, -1.21049, 0.210638
45.9, 1, 1, -1.21049, 0.210638
45.925, 1, 1, -1.21049, 0.210638
45.95, 1, 1, -1.20988, 0.210032
45.975, 1, 1, -1.20988, 0.210032
46, 1, 1, -1.20988, 0.210032
46.025, 1, 1, -1.20988, 0.210032
46.05, 1, 1, -1.20927, 0.20943
46.075, 1, 1, -1.2087, 0.20886
46.1, 1, 1, -1.20811, 0.208271
46.125, 1, 1, -1.20811, 0.208271
46.15, 1, 1, -1.20757, 0.20773
46.175, 1, 1, -1.20757, 0.20773
46.2, 1, 1, -1.20704, 0.207204
46.225, 1, 1, -1.20704, 0.207204
46.25, 1, 1, -1.20704, 0.207204
46.275, 1, 1, -1.2067, 0.206866
46.3, 1, 1, -1.20642, 0.206594
46.325, 1, 1, -1.20613, 0.206309
46.35, 1, 1, -1.20613, 0.206309
46.375, 1, 1, -1.20585, 0.20603
46.4, 1, 1, -1.20557, 0.205751
46.425, 1, 1, -1.20534, 0.205516
46.45, 1, 1, -1.20534, 0.205516
46.475, 1, 1, -1.20534, 0.205516
46.5, 1, 1, -1.20534, 0.205516
46.525, 1, 1, -1.20534, 0.205516
46.55, 1, 1, -1.20526, 0.205436
46.575, 1, 1, -1.20541, 0.205587
46.6, 1, 1, -1.20541, 0.205587
46.625, 1, 1, -1.20533, 0.20551
46.65, 1, 1, -1.20533, 0.20551
46.675, 1, 1, -1.20533, 0.20551
46.7, 1, 1, -1.20533, 0.20551
46.725, 1, 1, -1.20533, 0.20551
46.75, 1, 1, -1.20525, 0.205438
46.775, 1, 1, -1.20525, 0.205438
46.8, 1, 1, -1.20525, 0.205438
46.825, 1, 1, -1.20515, 0.20534
46.85, 1, 1, -1.20515, 0.20534
46.875, 1, 1, -1.20506, 0.205243
46.9, 1, 1, -1.20506, 0.205243
46.925, 1, 1, -1.20506, 0.205243
46.95, 1, 1, -1.20495, 0.205141
46.975, 1, 1, -1.20485, 0.205043
47, 1, 1, -1.20485, 0.205043
47.025, 1, 1, -1.20485, 0.205043
47.05, 1, 1, -1.20485, 0.205043
47.075, 1, 1, -1.20485, 0.205043
47.1, 1, 1, -1.20485, 0.205043
47.125, 1, 1, -1.20485, 0.205043
47.15, 1, 1, -1.20485, 0.205043
47.175, 1, 1, -1.20485, 0.205043
47.2, 1, 1, -1.20485, 0.205043
47.225, 1, 1, -1.20485, 0.205043
47.25, 1, 1, -1.20485, 0.205043
47.275, 1, 1, -1.20485, 0.205043
47.3, 1, 1, -1.20485, 0.205043
47.325, 1, 1, -1.20485, 0.205043
47.35, 1, 1, -1.20485, 0.205043
47.375, 1, 1, -1.20469, 0.204876
47.4, 1, 1, -1.20455, 0.204746
47.425, 1, 1, -1.20445, 0.204647
47.45, 1, 1, -1.20445, 0.204647
47.475, 1, 1, -1.20442, 0.20462
47.5, 1, 1, -1.20442, 0.20462
47.525, 1, 1, -1.20442, 0.20462
47.55, 1, 1, -1.20442, 0.20462
47.575, 1, 1, -1.20442, 0.20462
47.6, 1, 1, -1.20442, 0.20462
47.625, 1, 1, -1.20427, 0.204475
47.65, 1, 1, -1.20427, 0.204475
47.675, 1, 1, -1.20429, 0.204492
47.7, 1, 1, -1.20446, 0.204666
47.725, 1, 1, -1.20476, 0.20498
47.75, 1, 1, -1.2051, 0.205325
47.775, 1, 1, -1.2051, 0.205325
47.8, 1, 1, -1.2051, 0.205325
47.825, 1, 1, -1.2051, 0.205325
47.85, 1, 1, -1.20544, 0.205664
47.875, 1, 1, -1.20544, 0.205664
47.9, 1, 1, -1.20544, 0.205664
47.925, 1, 1, -1.20544, 0.205664
47.95, 1, 1, -1.20567, 0.205898
47.975, 1, 1, -1.20588, 0.20612
48, 1, 1, -1.20608, 0.206327
48.025, 1, 1, -1.20608, 0.206327
48.05, 1, 1, -1.20608, 0.206327
48.075, 1, 1, -1.20654, 0.206786
48.1, 1, 1, -1.20654, 0.206786
48.125, 1, 1, -1.20654, 0.206786
48.15, 1, 1, -1.20719, 0.207437
48.175, 1, 1, -1.20801, 0.208261
48.2, 1, 1, -1.20896, 0.209218
48.225, 1, 1, -1.20999, 0.210249
48.25, 1, 1, -1.21107, 0.211326
48.275, 1, 1, -1.21107, 0.211326
48.3, 1, 1, -1.21211, 0.212369
48.325, 1, 1, -1.21211, 0.212369
48.35, 1, 1, -1.21211, 0.212369
48.375, 1, 1, -1.21211, 0.212369
48.4, 1, 1, -1.21314, 0.213393
48.425, 1, 1, -1.21314, 0.213393
48.45, 1, 1, -1.21314, 0.213393
48.475, 1, 1, -1.21411, 0.214372
48.5, 1, 1, -1.21506, 0.215318
48.525, 1, 1, -1.21506, 0.215318
48.55, 1, 1, -1.21596, 0.216218
48.575, 1, 1, -1.21596, 0.216218
48.6, 1, 1, -1.21683, 0.217087
48.625, 1, 1, -1.21771, 0.217958
48.65, 1, 1, -1.21852, 0.218769
48.675, 1, 1, -1.21852, 0.218769
48.7, 1, 1, -1.21852, 0.218769
48.725, 1, 1, -1.21852, 0.218769
48.75, 1, 1, -1.21852, 0.218769
48.775, 1, 1, -1.21852, 0.218769
48.8, 1, 1, -1.21941, 0.219658
48.825, 1, 1, -1.21941, 0.219658
48.85, 1, 1, -1.21941, 0.219658
48.875, 1, 1, -1.21941, 0.219658
48.9, 1, 1, -1.21941, 0.219658
48.925, 1, 1, -1.21938, 0.219631
48.95, 1, 1, -1.21935, 0.219597
48.975, 1, 1, -1.21935, 0.219597
49, 1, 1, -1.21935, 0.219597
49.025, 1, 1, -1.21926, 0.219508
49.05, 1, 1, -1.21926, 0.219508
49.075, 1, 1, -1.21926, 0.219508
49.1, 1, 1, -1.21926, 0.219508
49.125, 1, 1, -1.21926, 0.219508
49.15, 1, 1, -1.21922, 0.219471
49.175, 1, 1, -1.21919, 0.219439
49.2, 1, 1, -1.21919, 0.219439
49.225, 1, 1, -1.21919, 0.219439
49.25, 1, 1, -1.21923, 0.219476
49.275, 1, 1, -1.21939, 0.219634
49.3, 1, 1, -1.21939, 0.219634
49.325, 1, 1, -1.21941, 0.21966
49.35, 1, 1, -1.21941, 0.21966
49.375, 1, 1, -1.21943, 0.219679
49.4, 1, 1, -1.21945, 0.219692
49.425, 1, 1, -1.21945, 0.219692
49.45, 1, 1, -1.21946, 0.219702
49.475, 1, 1, -1.21946, 0.219702
49.5, 1, 1, -1.21946, 0.219702
49.525, 1, 1, -1.21946, 0.219702
49.55, 1, 1, -1.21946, 0.219702
49.575, 1, 1, -1.21946, 0.219702
49.6, 1, 1, -1.21946, 0.219702
49.625, 1, 1, -1.21946, 0.219702
49.65, 1, 1, -1.21946, 0.219702
49.675, 1, 1, -1.21946, 0.219702
49.7, 1, 1, -1.21907, 0.219317
49.725, 1, 1, -1.21907, 0.219317
49.75, 1, 1, -1.21907, 0.219317
49.775, 1, 1, -1.21878, 0.219022
49.8, 1, 1, -1.21878, 0.219022
49.825, 1, 1, -1.21878, 0.219022
49.85, 1, 1, -1.21866, 0.218898
49.875, 1, 1, -1.21863, 0.218867
49.9, 1, 1, -1.21867, 0.218906
49.925, 1, 1, -1.21867, 0.218906
49.95, 1, 1, -1.21867, 0.218906
49.975, 1, 1, -1.21867, 0.218906
50, 1, 1, -1.21867, 0.218906
