0, nan, -nan
0.025, 1.82663, -1.68245
0.05, 1.82663, -1.68245
0.075, 2.83115, -0.868969
0.1, 2.83115, -0.868969
0.125, 2.45963, -0.359376
0.15, 2.45963, -0.359376
0.175, 2.45963, -0.359376
0.2, 2.45963, -0.359376
0.225, 2.45963, -0.359376
0.25, 0.473404, -2.2956
0.275, 0.473404, -2.2956
0.3, 0.570633, -2.26638
0.325, 0.570633, -2.26638
0.35, 0.651338, -2.2858
0.375, 0.623916, -2.3835
0.4, 0.519226, -2.51497
0.425, 0.519226, -2.51497
0.45, 0.557272, -2.47943
0.475, 0.578327, -2.46065
0.5, 0.578327, -2.46065
0.525, 0.454884, -2.55808
0.55, 0.427843, -2.57767
0.575, 0.427843, -2.57767
0.6, 0.590226, -2.47123
0.625, 0.724068, -2.38427
0.65, 0.724068, -2.38427
0.675, 0.944679, -2.24329
0.7, 1.12085, -2.12518
0.725, 1.12085, -2.12518
0.75, 1.12085, -2.12518
0.775, 1.20661, -2.07046
0.8, 1.20661, -2.07046
0.825, 1.21331, -2.06646
0.85, 1.24716, -2.04691
0.875, 1.29605, -2.0195
0.9, 1.29605, -2.0195
0.925, 1.29605, -2.0195
0.95, 1.29605, -2.0195
0.975, 1.29605, -2.0195
1, 1.41657, -1.96149
1.025, 1.45256, -1.94414
1.05, 1.48635, -1.92839
1.075, 1.51722, -1.9144
1.1, 1.5472, -1.90122
1.125, 1.57693, -1.88862
1.15, 1.57693, -1.88862
1.175, 1.57693, -1.88862
1.2, 1.57693, -1.88862
1.225, 1.57693, -1.88862
1.25, 1.57693, -1.88862
1.275, 1.57693, -1.88862
1.3, 1.57693, -1.88862
1.325, 1.57693, -1.88862
1.35, 1.57693, -1.88862
1.375, 1.69592, -1.85239
1.4, 1.74069, -1.83814
1.425, 1.74069, -1.83814
1.45, 1.74069, -1.83814
1.475, 1.79105, -1.82318
1.5, 1.79105, -1.82318
1.525, 1.79105, -1.82318
1.55, 1.79105, -1.82318
1.575, 1.79105, -1.82318
1.6, 1.79105, -1.82318
1.625, 1.86955, -1.80146
1.65, 1.86955, -1.80146
1.675, 1.86955, -1.80146
1.7, 1.86955, -1.80146
1.725, 1.86955, -1.80146
1.75, 1.86955, -1.80146
1.775, 2.03376, -1.75832
1.8, 2.03376, -1.75832
1.825, 2.03376, -1.75832
1.85, 2.16821, -1.72111
1.875, 2.23023, -1.70375
1.9, 2.24662, -1.69909
1.925, 2.24662, -1.69909
1.95, 2.24662, -1.69909
1.975, 2.24662, -1.69909
2, 2.24662, -1.69909
2.025, 2.26865, -1.69279
2.05, 2.28968, -1.68674
2.075, 2.28968, -1.68674
2.1, 2.28968, -1.68674
2.125, 2.28968, -1.68674
2.15, 2.28968, -1.68674
2.175, 2.30645, -1.68036
2.2, 2.30645, -1.68036
2.225, 2.32195, -1.67423
2.25, 2.32195, -1.67423
2.275, 2.32195, -1.67423
2.3, 2.32092, -1.6746
2.325, 2.32092, -1.6746
2.35, 2.32092, -1.6746
2.375, 2.32366, -1.67271
2.4, 2.32366, -1.67271
2.425, 2.32366, -1.67271
2.45, 2.32366, -1.67271
2.475, 2.32366, -1.67271
2.5, 2.32366, -1.67271
2.525, 2.32366, -1.67271
2.55, 2.32501, -1.66974
2.575, 2.32501, -1.66974
2.6, 2.32501, -1.66974
2.625, 2.32501, -1.66974
2.65, 2.32501, -1.66974
2.675, 2.31103, -1.66462
2.7, 2.30303, -1.66192
2.725, 2.30158, -1.66143
2.75, 2.30158, -1.66143
2.775, 2.30048, -1.66112
2.8, 2.30048, -1.66112
2.825, 2.30048, -1.66112
2.85, 2.30048, -1.66112
2.875, 2.30048, -1.66112
2.9, 2.30159, -1.66174
2.925, 2.30159, -1.66174
2.95, 2.30208, -1.66221
2.975, 2.30135, -1.66173
3, 2.30032, -1.66122
3.025, 2.29985, -1.66099
3.05, 2.3014, -1.66229
3.075, 2.29976, -1.66522
3.1, 2.29023, -1.66989
3.125, 2.26585, -1.67668
3.15, 2.26585, -1.67668
3.175, 2.23043, -1.68236
3.2, 2.21499, -1.68497
3.225, 2.21499, -1.68497
3.25, 2.21499, -1.68497
3.275, 2.21649, -1.68478
3.3, 2.21649, -1.68478
3.325, 2.21649, -1.68478
3.35, 2.21649, -1.68478
3.375, 2.21649, -1.68478
3.4, 2.21649, -1.68478
3.425, 2.21649, -1.68478
3.45, 2.21649, -1.68478
3.475, 2.21649, -1.68478
3.5, 2.23066, -1.68377
3.525, 2.20835, -1.68534
3.55, 2.20835, -1.68534
3.575, 2.20835, -1.68534
3.6, 2.20835, -1.68534
3.625, 2.16124, -1.68818
3.65, 2.15595, -1.6885
3.675, 2.15595, -1.6885
3.7, 2.14723, -1.68901
3.725, 2.14723, -1.68901
3.75, 2.12111, -1.69042
3.775, 2.12111, -1.69042
3.8, 2.09954, -1.69154
3.825, 2.09954, -1.69154
3.85, 2.09954, -1.69154
3.875, 2.09954, -1.69154
3.9, 2.09954, -1.69154
3.925, 2.09954, -1.69154
3.95, 2.11166, -1.69087
3.975, 2.11166, -1.69087
4, 2.12595, -1.69011
4.025, 2.12595, -1.69011
4.05, 2.12595, -1.69011
4.075, 2.12595, -1.69011
4.1, 2.12595, -1.69011
4.125, 2.1413, -1.68909
4.15, 2.16073, -1.6879
4.175, 2.16073, -1.6879
4.2, 2.17605, -1.68683
4.225, 2.19239, -1.68563
4.25, 2.20736, -1.68433
4.275, 2.20736, -1.68433
4.3, 2.20736, -1.68433
4.325, 2.20736, -1.68433
4.35, 2.20736, -1.68433
4.375, 2.20631, -1.68306
4.4, 2.20631, -1.68306
4.425, 2.20004, -1.68059
4.45, 2.20004, -1.68059
4.475, 2.18165, -1.67874
4.5, 2.16744, -1.67733
4.525, 2.15865, -1.67655
4.55, 2.15359, -1.67612
4.575, 2.15292, -1.67605
4.6, 2.15292, -1.67605
4.625, 2.13731, -1.67483
4.65, 2.13731, -1.67483
4.675, 2.13731, -1.67483
4.7, 2.13731, -1.67483
4.725, 2.13731, -1.67483
4.75, 2.13731, -1.67483
4.775, 2.11818, -1.6744
4.8, 2.11818, -1.6744
4.825, 2.11818, -1.6744
4.85, 2.11818, -1.6744
4.875, 2.11405, -1.67423
4.9, 2.11405, -1.67423
4.925, 2.11116, -1.67414
4.95, 2.11116, -1.67414
4.975, 2.11116, -1.67414
5, 2.11116, -1.67414
5.025, 2.11116, -1.67414
5.05, 2.11116, -1.67414
5.075, 2.11116, -1.67414
5.1, 2.11116, -1.67414
5.125, 2.11116, -1.67414
5.15, 2.11116, -1.67414
5.175, 2.11137, -1.67436
5.2, 2.12092, -1.67517
5.225, 2.12092, -1.67517
5.25, 2.12092, -1.67517
5.275, 2.12092, -1.67517
5.3, 2.1217, -1.67605
5.325, 2.1217, -1.67605
5.35, 2.12349, -1.67695
5.375, 2.12349, -1.67695
5.4, 2.12349, -1.67695
5.425, 2.12349, -1.67695
5.45, 2.12349, -1.67695
5.475, 2.08725, -1.67946
5.5, 2.08725, -1.67946
5.525, 2.0824, -1.67984
5.55, 2.08158, -1.6799
5.575, 2.08158, -1.6799
5.6, 2.08158, -1.6799
5.625, 2.01639, -1.68279
5.65, 1.93444, -1.68597
5.675, 1.93444, -1.68597
5.7, 1.86474, -1.68834
5.725, 1.83906, -1.6892
5.75, 1.86201, -1.68843
5.775, 1.86201, -1.68843
5.8, 1.86201, -1.68843
5.825, 1.86201, -1.68843
5.85, 1.86201, -1.68843
5.875, 1.86201, -1.68843
5.9, 1.86201, -1.68843
5.925, 1.86201, -1.68843
5.95, 1.86201, -1.68843
5.975, 1.86201, -1.68843
6, 1.86201, -1.68843
6.025, 1.86829, -1.68819
6.05, 1.86829, -1.68819
6.075, 1.86829, -1.68819
6.1, 1.89915, -1.68716
6.125, 1.89915, -1.68716
6.15, 1.89915, -1.68716
6.175, 1.89915, -1.68716
6.2, 1.91275, -1.68651
6.225, 1.91275, -1.68651
6.25, 1.91275, -1.68651
6.275, 1.92568, -1.68585
6.3, 1.92568, -1.68585
6.325, 1.94602, -1.68446
6.35, 1.9703, -1.68242
6.375, 1.9703, -1.68242
6.4, 1.97068, -1.68085
6.425, 1.97068, -1.68085
6.45, 1.97068, -1.68085
6.475, 1.97068, -1.68085
6.5, 1.97068, -1.68085
6.525, 1.97068, -1.68085
6.55, 1.97068, -1.68085
6.575, 1.97068, -1.68085
6.6, 1.97068, -1.68085
6.625, 1.97068, -1.68085
6.65, 1.97068, -1.68085
6.675, 1.97068, -1.68085
6.7, 1.97068, -1.68085
6.725, 1.97068, -1.68085
6.75, 1.95773, -1.68081
6.775, 1.90613, -1.67975
6.8, 1.87691, -1.67921
6.825, 1.87691, -1.67921
6.85, 1.87691, -1.67921
6.875, 1.87691, -1.67921
6.9, 1.86862, -1.67896
6.925, 1.86773, -1.67894
6.95, 1.86773, -1.67894
6.975, 1.86007, -1.67878
7, 1.86007, -1.67878
7.025, 1.86007, -1.67878
7.05, 1.86007, -1.67878
7.075, 1.85056, -1.67856
7.1, 1.86595, -1.67883
7.125, 1.88956, -1.67925
7.15, 1.88956, -1.67925
7.175, 1.89171, -1.6793
7.2, 1.88739, -1.67923
7.225, 1.88739, -1.67923
7.25, 1.88739, -1.67923
7.275, 1.87363, -1.6789
7.3, 1.89128, -1.67923
7.325, 1.89128, -1.67923
7.35, 1.91812, -1.68064
7.375, 1.91812, -1.68064
7.4, 1.93353, -1.68178
7.425, 1.94919, -1.68262
7.45, 1.95571, -1.68311
7.475, 1.95571, -1.68311
7.5, 1.95575, -1.68336
7.525, 1.95575, -1.68336
7.55, 1.94465, -1.68514
7.575, 1.92748, -1.68758
7.6, 1.90976, -1.68956
7.625, 1.90976, -1.68956
7.65, 1.90976, -1.68956
7.675, 1.87252, -1.69178
7.7, 1.87252, -1.69178
7.725, 1.87252, -1.69178
7.75, 1.87252, -1.69178
7.775, 1.87252, -1.69178
7.8, 1.87252, -1.69178
7.825, 1.85938, -1.6923
7.85, 1.85938, -1.6923
7.875, 1.85938, -1.6923
7.9, 1.85938, -1.6923
7.925, 1.85938, -1.6923
7.95, 1.85938, -1.6923
7.975, 1.85938, -1.6923
8, 1.85938, -1.6923
8.025, 1.85938, -1.6923
8.05, 1.85938, -1.6923
8.075, 1.85938, -1.6923
8.1, 1.87233, -1.69197
8.125, 1.87233, -1.69197
8.15, 1.87233, -1.69197
8.175, 1.87233, -1.69197
8.2, 1.86331, -1.69219
8.225, 1.86331, -1.69219
8.25, 1.89794, -1.69121
8.275, 1.9499, -1.68962
8.3, 1.998, -1.68813
8.325, 2.04172, -1.6868
8.35, 2.04172, -1.6868
8.375, 2.04172, -1.6868
8.4, 2.04172, -1.6868
8.425, 2.04995, -1.68648
8.45, 2.04995, -1.68648
8.475, 2.0744, -1.68494
8.5, 2.09795, -1.68318
8.525, 2.11399, -1.68168
8.55, 2.12641, -1.68025
8.575, 2.1317, -1.67903
8.6, 2.1317, -1.67903
8.625, 2.1317, -1.67903
8.65, 2.08502, -1.67831
8.675, 2.08502, -1.67831
8.7, 2.08502, -1.67831
8.725, 2.03598, -1.67795
8.75, 1.99592, -1.67721
8.775, 1.99592, -1.67721
8.8, 1.99592, -1.67721
8.825, 1.99592, -1.67721
8.85, 1.99592, -1.67721
8.875, 1.99592, -1.67721
8.9, 1.91683, -1.67569
8.925, 1.82101, -1.67489
8.95, 1.82101, -1.67489
8.975, 1.82101, -1.67489
9, 1.82101, -1.67489
9.025, 1.82101, -1.67489
9.05, 1.82101, -1.67489
9.075, 1.82101, -1.67489
9.1, 1.82101, -1.67489
9.125, 1.78927, -1.6733
9.15, 1.78927, -1.6733
9.175, 1.80633, -1.67356
9.2, 1.80633, -1.67356
9.225, 1.80633, -1.67356
9.25, 1.80633, -1.67356
9.275, 1.80633, -1.67356
9.3, 1.80922, -1.67371
9.325, 1.80922, -1.67371
9.35, 1.80922, -1.67371
9.375, 1.82939, -1.67517
9.4, 1.86495, -1.67627
9.425, 1.86495, -1.67627
9.45, 1.86495, -1.67627
9.475, 1.86495, -1.67627
9.5, 1.86495, -1.67627
9.525, 1.86497, -1.67637
9.55, 1.86497, -1.67637
9.575, 1.86497, -1.67637
9.6, 1.86497, -1.67637
9.625, 1.86497, -1.67637
9.65, 1.86497, -1.67637
9.675, 1.80629, -1.67952
9.7, 1.77695, -1.68238
9.725, 1.75093, -1.68468
9.75, 1.75093, -1.68468
9.775, 1.75093, -1.68468
9.8, 1.75093, -1.68468
9.825, 1.67054, -1.68769
9.85, 1.60886, -1.68999
9.875, 1.56788, -1.69152
9.9, 1.56788, -1.69152
9.925, 1.56788, -1.69152
9.95, 1.56788, -1.69152
9.975, 1.56788, -1.69152
10, 1.56788, -1.69152
10.025, 1.56788, -1.69152
10.05, 1.56788, -1.69152
10.075, 1.61268, -1.69027
10.1, 1.67219, -1.68862
10.125, 1.72535, -1.68708
10.15, 1.73579, -1.68677
10.175, 1.72018, -1.6872
10.2, 1.72018, -1.6872
10.225, 1.68237, -1.68813
10.25, 1.68237, -1.68813
10.275, 1.68845, -1.68798
10.3, 1.68845, -1.68798
10.325, 1.68845, -1.68798
10.35, 1.68845, -1.68798
10.375, 1.68845, -1.68798
10.4, 1.68845, -1.68798
10.425, 1.68971, -1.68799
10.45, 1.71988, -1.68675
10.475, 1.71988, -1.68675
10.5, 1.7284, -1.68628
10.525, 1.7284, -1.68628
10.55, 1.7284, -1.68628
10.575, 1.72445, -1.68602
10.6, 1.72445, -1.68602
10.625, 1.72445, -1.68602
10.65, 1.72445, -1.68602
10.675, 1.72445, -1.68602
10.7, 1.71434, -1.68593
10.725, 1.71434, -1.68593
10.75, 1.65573, -1.68502
10.775, 1.65573, -1.68502
10.8, 1.59476, -1.6845
10.825, 1.5461, -1.68388
10.85, 1.5461, -1.68388
10.875, 1.5461, -1.68388
10.9, 1.5461, -1.68388
10.925, 1.5461, -1.68388
10.95, 1.5461, -1.68388
10.975, 1.5461, -1.68388
11, 1.51195, -1.68346
11.025, 1.49676, -1.68334
11.05, 1.49676, -1.68334
11.075, 1.49676, -1.68334
11.1, 1.49676, -1.68334
11.125, 1.50211, -1.68348
11.15, 1.53268, -1.68378
11.175, 1.52803, -1.68375
11.2, 1.52803, -1.68375
11.225, 1.52803, -1.68375
11.25, 1.52803, -1.68375
11.275, 1.52803, -1.68375
11.3, 1.52803, -1.68375
11.325, 1.52803, -1.68375
11.35, 1.52755, -1.68371
11.375, 1.52755, -1.68371
11.4, 1.52755, -1.68371
11.425, 1.52755, -1.68371
11.45, 1.50975, -1.6823
11.475, 1.50975, -1.6823
11.5, 1.50975, -1.6823
11.525, 1.50975, -1.6823
11.55, 1.50975, -1.6823
11.575, 1.52028, -1.68269
11.6, 1.52028, -1.68269
11.625, 1.54971, -1.68372
11.65, 1.54971, -1.68372
11.675, 1.54971, -1.68372
11.7, 1.54971, -1.68372
11.725, 1.54971, -1.68372
11.75, 1.54971, -1.68372
11.775, 1.54971, -1.68372
11.8, 1.54971, -1.68372
11.825, 1.54971, -1.68372
11.85, 1.54971, -1.68372
11.875, 1.54971, -1.68372
11.9, 1.59303, -1.68234
11.925, 1.50131, -1.68548
11.95, 1.43547, -1.6875
11.975, 1.39004, -1.68885
12, 1.39004, -1.68885
12.025, 1.37142, -1.68938
12.05, 1.36098, -1.68965
12.075, 1.36098, -1.68965
12.1, 1.34877, -1.68994
12.125, 1.34877, -1.68994
12.15, 1.34877, -1.68994
12.175, 1.29767, -1.69099
12.2, 1.30993, -1.69073
12.225, 1.30993, -1.69073
12.25, 1.3377, -1.69011
12.275, 1.3377, -1.69011
12.3, 1.3617, -1.68962
12.325, 1.40008, -1.68884
12.35, 1.40008, -1.68884
12.375, 1.41521, -1.68852
12.4, 1.41521, -1.68852
12.425, 1.43857, -1.68784
12.45, 1.43857, -1.68784
12.475, 1.43857, -1.68784
12.5, 1.43762, -1.68789
12.525, 1.43762, -1.68789
12.55, 1.45085, -1.68743
12.575, 1.45085, -1.68743
12.6, 1.45085, -1.68743
12.625, 1.43985, -1.68691
12.65, 1.43985, -1.68691
12.675, 1.43985, -1.68691
12.7, 1.43985, -1.68691
12.725, 1.43985, -1.68691
12.75, 1.43985, -1.68691
12.775, 1.43985, -1.68691
12.8, 1.43985, -1.68691
12.825, 1.43985, -1.68691
12.85, 1.43985, -1.68691
12.875, 1.43985, -1.68691
12.9, 1.43985, -1.68691
12.925, 1.43985, -1.68691
12.95, 1.43985, -1.68691
12.975, 1.43985, -1.68691
13, 1.69235, -1.68461
13.025, 1.69235, -1.68461
13.05, 1.69235, -1.68461
13.075, 1.66073, -1.68391
13.1, 1.66073, -1.68391
13.125, 1.66073, -1.68391
13.15, 1.66073, -1.68391
13.175, 1.67053, -1.6842
13.2, 1.67053, -1.6842
13.225, 1.67053, -1.6842
13.25, 1.6424, -1.68353
13.275, 1.6424, -1.68353
13.3, 1.6424, -1.68353
13.325, 1.6424, -1.68353
13.35, 1.6424, -1.68353
13.375, 1.65656, -1.6839
13.4, 1.65656, -1.6839
13.425, 1.67856, -1.68441
13.45, 1.70466, -1.68489
13.475, 1.70466, -1.68489
13.5, 1.70466, -1.68489
13.525, 1.70013, -1.68476
13.55, 1.70013, -1.68476
13.575, 1.71128, -1.68508
13.6, 1.71128, -1.68508
13.625, 1.71128, -1.68508
13.65, 1.71128, -1.68508
13.675, 1.71128, -1.68508
13.7, 1.71128, -1.68508
13.725, 1.70963, -1.68487
13.75, 1.70963, -1.68487
13.775, 1.70963, -1.68487
13.8, 1.70963, -1.68487
13.825, 1.70963, -1.68487
13.85, 1.70963, -1.68487
13.875, 1.70092, -1.68624
13.9, 1.70092, -1.68624
13.925, 1.70092, -1.68624
13.95, 1.68965, -1.6874
13.975, 1.68965, -1.6874
14, 1.68884, -1.68746
14.025, 1.68884, -1.68746
14.05, 1.69205, -1.68725
14.075, 1.69923, -1.68677
14.1, 1.69923, -1.68677
14.125, 1.69923, -1.68677
14.15, 1.69161, -1.68727
14.175, 1.69161, -1.68727
14.2, 1.69161, -1.68727
14.225, 1.69161, -1.68727
14.25, 1.6726, -1.68793
14.275, 1.6726, -1.68793
14.3, 1.67763, -1.68776
14.325, 1.67763, -1.68776
14.35, 1.67763, -1.68776
14.375, 1.67763, -1.68776
14.4, 1.67763, -1.68776
14.425, 1.66989, -1.68799
14.45, 1.65786, -1.68834
14.475, 1.65786, -1.68834
14.5, 1.65786, -1.68834
14.525, 1.65786, -1.68834
14.55, 1.65786, -1.68834
14.575, 1.66119, -1.68819
14.6, 1.66119, -1.68819
14.625, 1.66119, -1.68819
14.65, 1.66119, -1.68819
14.675, 1.66364, -1.6881
14.7, 1.66364, -1.6881
14.725, 1.6732, -1.68763
14.75, 1.68594, -1.68695
14.775, 1.68594, -1.68695
14.8, 1.69095, -1.68653
14.825, 1.69095, -1.68653
14.85, 1.69095, -1.68653
14.875, 1.69095, -1.68653
14.9, 1.69095, -1.68653
14.925, 1.68321, -1.68641
14.95, 1.68321, -1.68641
14.975, 1.68321, -1.68641
15, 1.68321, -1.68641
15.025, 1.65928, -1.68614
15.05, 1.65928, -1.68614
15.075, 1.66076, -1.68618
15.1, 1.66076, -1.68618
15.125, 1.64993, -1.68587
15.15, 1.64993, -1.68587
15.175, 1.57843, -1.68478
15.2, 1.48344, -1.68365
15.225, 1.48344, -1.68365
15.25, 1.48344, -1.68365
15.275, 1.51109, -1.68381
15.3, 1.51109, -1.68381
15.325, 1.51109, -1.68381
15.35, 1.51109, -1.68381
15.375, 1.51938, -1.68402
15.4, 1.51938, -1.68402
15.425, 1.51938, -1.68402
15.45, 1.46447, -1.68307
15.475, 1.46447, -1.68307
15.5, 1.46447, -1.68307
15.525, 1.45923, -1.68301
15.55, 1.45923, -1.68301
15.575, 1.48145, -1.68332
15.6, 1.48145, -1.68332
15.625, 1.50254, -1.6837
15.65, 1.50254, -1.6837
15.675, 1.50254, -1.6837
15.7, 1.50254, -1.6837
15.725, 1.50254, -1.6837
15.75, 1.50254, -1.6837
15.775, 1.50254, -1.6837
15.8, 1.50254, -1.6837
15.825, 1.50473, -1.68217
15.85, 1.52704, -1.68286
15.875, 1.54534, -1.68368
15.9, 1.54534, -1.68368
15.925, 1.54763, -1.68498
15.95, 1.54911, -1.68607
15.975, 1.54911, -1.68607
16, 1.54911, -1.68607
16.025, 1.54498, -1.68654
16.05, 1.54498, -1.68654
16.075, 1.52829, -1.68759
16.1, 1.52829, -1.68759
16.125, 1.46955, -1.68985
16.15, 1.46955, -1.68985
16.175, 1.46955, -1.68985
16.2, 1.44938, -1.69047
16.225, 1.44938, -1.69047
16.25, 1.41398, -1.69145
16.275, 1.41398, -1.69145
16.3, 1.3831, -1.69217
16.325, 1.36537, -1.69257
16.35, 1.3748, -1.69236
16.375, 1.3748, -1.69236
16.4, 1.3901, -1.69202
16.425, 1.40531, -1.69166
16.45, 1.40531, -1.69166
16.475, 1.40531, -1.69166
16.5, 1.40531, -1.69166
16.525, 1.34194, -1.69267
16.55, 1.35166, -1.6925
16.575, 1.35166, -1.6925
16.6, 1.41905, -1.69129
16.625, 1.50883, -1.6894
16.65, 1.50883, -1.6894
16.675, 1.53776, -1.68875
16.7, 1.53776, -1.68875
16.725, 1.54468, -1.68858
16.75, 1.54468, -1.68858
16.775, 1.54468, -1.68858
16.8, 1.54468, -1.68858
16.825, 1.54468, -1.68858
16.85, 1.54468, -1.68858
16.875, 1.54468, -1.68858
16.9, 1.54468, -1.68858
16.925, 1.60827, -1.68777
16.95, 1.60827, -1.68777
16.975, 1.60299, -1.6875
17, 1.59669, -1.68717
17.025, 1.59669, -1.68717
17.05, 1.57483, -1.6866
17.075, 1.57483, -1.6866
17.1, 1.57483, -1.6866
17.125, 1.58146, -1.68672
17.15, 1.58146, -1.68672
17.175, 1.58146, -1.68672
17.2, 1.59125, -1.68702
17.225, 1.6075, -1.68738
17.25, 1.6075, -1.68738
17.275, 1.58362, -1.68691
17.3, 1.58151, -1.68688
17.325, 1.58151, -1.68688
17.35, 1.58151, -1.68688
17.375, 1.59461, -1.68719
17.4, 1.59461, -1.68719
17.425, 1.59461, -1.68719
17.45, 1.57133, -1.68667
17.475, 1.57133, -1.68667
17.5, 1.55377, -1.68644
17.525, 1.54957, -1.68639
17.55, 1.54957, -1.68639
17.575, 1.54957, -1.68639
17.6, 1.54957, -1.68639
17.625, 1.54957, -1.68639
17.65, 1.5477, -1.68629
17.675, 1.5477, -1.68629
17.7, 1.5477, -1.68629
17.725, 1.5477, -1.68629
17.75, 1.5477, -1.68629
17.775, 1.53946, -1.6854
17.8, 1.54207, -1.68547
17.825, 1.54207, -1.68547
17.85, 1.54207, -1.68547
17.875, 1.54207, -1.68547
17.9, 1.54207, -1.68547
17.925, 1.54207, -1.68547
17.95, 1.54368, -1.68634
17.975, 1.54368, -1.68634
18, 1.54368, -1.68634
18.025, 1.54368, -1.68634
18.05, 1.54368, -1.68634
18.075, 1.54368, -1.68634
18.1, 1.54368, -1.68634
18.125, 1.54368, -1.68634
18.15, 1.54368, -1.68634
18.175, 1.54368, -1.68634
18.2, 1.54368, -1.68634
18.225, 1.54368, -1.68634
18.25, 1.53069, -1.68688
18.275, 1.51004, -1.68774
18.3, 1.47904, -1.68898
18.325, 1.44433, -1.69019
18.35, 1.44433, -1.69019
18.375, 1.44433, -1.69019
18.4, 1.44433, -1.69019
18.425, 1.44433, -1.69019
18.45, 1.44433, -1.69019
18.475, 1.44433, -1.69019
18.5, 1.44472, -1.69018
18.525, 1.44999, -1.69007
18.55, 1.46227, -1.68981
18.575, 1.48286, -1.6894
18.6, 1.48286, -1.6894
18.625, 1.48286, -1.6894
18.65, 1.48286, -1.6894
18.675, 1.47454, -1.6895
18.7, 1.50969, -1.68883
18.725, 1.50969, -1.68883
18.75, 1.50969, -1.68883
18.775, 1.51317, -1.68879
18.8, 1.51317, -1.68879
18.825, 1.51534, -1.68875
18.85, 1.53763, -1.68826
18.875, 1.5589, -1.68774
18.9, 1.5849, -1.68694
18.925, 1.60714, -1.6859
18.95, 1.60714, -1.6859
18.975, 1.58635, -1.68534
19, 1.5788, -1.68455
19.025, 1.57577, -1.68395
19.05, 1.57577, -1.68395
19.075, 1.57941, -1.68413
19.1, 1.57555, -1.68384
19.125, 1.56125, -1.68332
19.15, 1.50732, -1.682
19.175, 1.50732, -1.682
19.2, 1.50732, -1.682
19.225, 1.50732, -1.682
19.25, 1.50732, -1.682
19.275, 1.50732, -1.682
19.3, 1.60004, -1.68167
19.325, 1.60004, -1.68167
19.35, 1.60004, -1.68167
19.375, 1.60004, -1.68167
19.4, 1.57213, -1.68114
19.425, 1.57213, -1.68114
19.45, 1.57213, -1.68114
19.475, 1.57213, -1.68114
19.5, 1.54238, -1.68058
19.525, 1.54238, -1.68058
19.55, 1.54238, -1.68058
19.575, 1.54238, -1.68058
19.6, 1.53993, -1.68054
19.625, 1.53993, -1.68054
19.65, 1.58128, -1.68126
19.675, 1.64391, -1.68203
19.7, 1.69657, -1.68273
19.725, 1.74207, -1.68336
19.75, 1.74207, -1.68336
19.775, 1.74207, -1.68336
19.8, 1.74207, -1.68336
19.825, 1.73345, -1.6828
19.85, 1.73345, -1.6828
19.875, 1.75044, -1.68331
19.9, 1.75044, -1.68331
19.925, 1.75044, -1.68331
19.95, 1.75773, -1.68384
19.975, 1.78955, -1.68457
20, 1.81865, -1.68532
20, 1.60052, -1.68497
20.025, 1.60052, -1.68497
20.05, 1.60052, -1.68497
20.075, 1.60052, -1.68497
20.1, 1.60052, -1.68497
20.125, 1.60052, -1.68497
20.15, 1.60052, -1.68497
20.175, 1.60389, -1.68492
20.2, 1.60389, -1.68492
20.225, 1.60389, -1.68492
20.25, 1.60479, -1.68487
20.275, 1.60488, -1.68482
20.3, 1.60488, -1.68482
20.325, 1.60196, -1.68479
20.35, 1.59787, -1.68477
20.375, 1.59787, -1.68477
20.4, 1.59787, -1.68477
20.425, 1.59527, -1.68476
20.45, 1.59527, -1.68476
20.475, 1.59527, -1.68476
20.5, 1.59527, -1.68476
20.525, 1.59527, -1.68476
20.55, 1.59527, -1.68476
20.575, 1.59527, -1.68476
20.6, 1.59569, -1.68442
20.625, 1.59644, -1.6841
20.65, 1.59772, -1.68378
20.675, 1.60103, -1.68347
20.7, 1.60103, -1.68347
20.725, 1.60657, -1.68318
20.75, 1.60657, -1.68318
20.775, 1.60657, -1.68318
20.8, 1.60657, -1.68318
20.825, 1.61193, -1.68296
20.85, 1.61193, -1.68296
20.875, 1.61193, -1.68296
20.9, 1.61752, -1.68277
20.925, 1.62491, -1.68262
20.95, 1.62491, -1.68262
20.975, 1.63289, -1.68252
21, 1.63289, -1.68252
21.025, 1.63289, -1.68252
21.05, 1.64039, -1.68249
21.075, 1.64039, -1.68249
21.1, 1.64039, -1.68249
21.125, 1.64039, -1.68249
21.15, 1.64039, -1.68249
21.175, 1.64039, -1.68249
21.2, 1.64039, -1.68249
21.225, 1.64039, -1.68249
21.25, 1.64039, -1.68249
21.275, 1.64787, -1.68244
21.3, 1.64787, -1.68244
21.325, 1.65475, -1.68248
21.35, 1.65475, -1.68248
21.375, 1.6609, -1.68262
21.4, 1.6609, -1.68262
21.425, 1.6609, -1.68262
21.45, 1.6662, -1.68282
21.475, 1.6662, -1.68282
21.5, 1.67081, -1.68308
21.525, 1.67482, -1.68341
21.55, 1.67827, -1.68379
21.575, 1.68109, -1.68424
21.6, 1.68109, -1.68424
21.625, 1.68109, -1.68424
21.65, 1.68109, -1.68424
21.675, 1.68109, -1.68424
21.7, 1.68109, -1.68424
21.725, 1.68109, -1.68424
21.75, 1.68109, -1.68424
21.775, 1.68551, -1.68458
21.8, 1.68551, -1.68458
21.825, 1.6894, -1.68495
21.85, 1.6894, -1.68495
21.875, 1.6894, -1.68495
21.9, 1.6894, -1.68495
21.925, 1.69153, -1.6854
21.95, 1.69153, -1.6854
21.975, 1.69153, -1.6854
22, 1.69153, -1.6854
22.025, 1.69153, -1.6854
22.05, 1.69554, -1.68571
22.075, 1.69554, -1.68571
22.1, 1.69554, -1.68571
22.125, 1.69554, -1.68571
22.15, 1.69554, -1.68571
22.175, 1.69554, -1.68571
22.2, 1.69862, -1.68605
22.225, 1.70144, -1.6864
22.25, 1.70466, -1.68669
22.275, 1.70466, -1.68669
22.3, 1.70916, -1.68685
22.325, 1.70916, -1.68685
22.35, 1.71397, -1.68697
22.375, 1.71397, -1.68697
22.4, 1.71853, -1.68709
22.425, 1.71853, -1.68709
22.45, 1.71853, -1.68709
22.475, 1.71853, -1.68709
22.5, 1.72298, -1.6872
22.525, 1.72732, -1.6873
22.55, 1.73157, -1.68739
22.575, 1.73567, -1.68748
22.6, 1.73567, -1.68748
22.625, 1.73567, -1.68748
22.65, 1.73959, -1.68757
22.675, 1.74324, -1.68767
22.7, 1.74324, -1.68767
22.725, 1.74324, -1.68767
22.75, 1.74324, -1.68767
22.775, 1.74324, -1.68767
22.8, 1.74324, -1.68767
22.825, 1.74696, -1.68775
22.85, 1.75066, -1.68782
22.875, 1.75066, -1.68782
22.9, 1.75066, -1.68782
22.925, 1.75444, -1.68788
22.95, 1.75444, -1.68788
22.975, 1.758, -1.68794
23, 1.758, -1.68794
23.025, 1.76124, -1.688
23.05, 1.76412, -1.68808
23.075, 1.76412, -1.68808
23.1, 1.76412, -1.68808
23.125, 1.76412, -1.68808
23.15, 1.76412, -1.68808
23.175, 1.76412, -1.68808
23.2, 1.76412, -1.68808
23.225, 1.76708, -1.68815
23.25, 1.76708, -1.68815
23.275, 1.76708, -1.68815
23.3, 1.76708, -1.68815
23.325, 1.76708, -1.68815
23.35, 1.76817, -1.68828
23.375, 1.76817, -1.68828
23.4, 1.77008, -1.68837
23.425, 1.77008, -1.68837
23.45, 1.77008, -1.68837
23.475, 1.77008, -1.68837
23.5, 1.77008, -1.68837
23.525, 1.77205, -1.68846
23.55, 1.77205, -1.68846
23.575, 1.77407, -1.68853
23.6, 1.77595, -1.6886
23.625, 1.77595, -1.6886
23.65, 1.77814, -1.68865
23.675, 1.78044, -1.68869
23.7, 1.78044, -1.68869
23.725, 1.78281, -1.68871
23.75, 1.78281, -1.68871
23.775, 1.78281, -1.68871
23.8, 1.78281, -1.68871
23.825, 1.78281, -1.68871
23.85, 1.78492, -1.68875
23.875, 1.78697, -1.68878
23.9, 1.78915, -1.6888
23.925, 1.79126, -1.68882
23.95, 1.79319, -1.68885
23.975, 1.79319, -1.68885
24, 1.79382, -1.68893
24.025, 1.79189, -1.68909
24.05, 1.78595, -1.68938
24.075, 1.78595, -1.68938
24.1, 1.77529, -1.68977
24.125, 1.77529, -1.68977
24.15, 1.77529, -1.68977
24.175, 1.77529, -1.68977
24.2, 1.76349, -1.69019
24.225, 1.76349, -1.69019
24.25, 1.75149, -1.6906
24.275, 1.74069, -1.69099
24.3, 1.74069, -1.69099
24.325, 1.74069, -1.69099
24.35, 1.74069, -1.69099
24.375, 1.73075, -1.69134
24.4, 1.73075, -1.69134
24.425, 1.73075, -1.69134
24.45, 1.73075, -1.69134
24.475, 1.72131, -1.69167
24.5, 1.72131, -1.69167
24.525, 1.72131, -1.69167
24.55, 1.72131, -1.69167
24.575, 1.72131, -1.69167
24.6, 1.7104, -1.69198
24.625, 1.7104, -1.69198
24.65, 1.7104, -1.69198
24.675, 1.7104, -1.69198
24.7, 1.69992, -1.69228
24.725, 1.69992, -1.69228
24.75, 1.69992, -1.69228
24.775, 1.68966, -1.69256
24.8, 1.68966, -1.69256
24.825, 1.68966, -1.69256
24.85, 1.68966, -1.69256
24.875, 1.68966, -1.69256
24.9, 1.67821, -1.69282
24.925, 1.66627, -1.69305
24.95, 1.66627, -1.69305
24.975, 1.65419, -1.69326
25, 1.64194, -1.69345
25.025, 1.62959, -1.69361
25.05, 1.61724, -1.69376
25.075, 1.60486, -1.69389
25.1, 1.59241, -1.69401
25.125, 1.59241, -1.69401
25.15, 1.59241, -1.69401
25.175, 1.59241, -1.69401
25.2, 1.59241, -1.69401
25.225, 1.59241, -1.69401
25.25, 1.59241, -1.69401
25.275, 1.58017, -1.69412
25.3, 1.56804, -1.69422
25.325, 1.55593, -1.69431
25.35, 1.55593, -1.69431
25.375, 1.54393, -1.69439
25.4, 1.53215, -1.69447
25.425, 1.53215, -1.69447
25.45, 1.53215, -1.69447
25.475, 1.53215, -1.69447
25.5, 1.52029, -1.69454
25.525, 1.52029, -1.69454
25.55, 1.50862, -1.69461
25.575, 1.50862, -1.69461
25.6, 1.50862, -1.69461
25.625, 1.50862, -1.69461
25.65, 1.50862, -1.69461
25.675, 1.49719, -1.69466
25.7, 1.49719, -1.69466
25.725, 1.49719, -1.69466
25.75, 1.4854, -1.6947
25.775, 1.4854, -1.6947
25.8, 1.4854, -1.6947
25.825, 1.47427, -1.69474
25.85, 1.47427, -1.69474
25.875, 1.46411, -1.6948
25.9, 1.46411, -1.6948
25.925, 1.46411, -1.6948
25.95, 1.45438, -1.69484
25.975, 1.45438, -1.69484
26, 1.45438, -1.69484
26.025, 1.44426, -1.69487
26.05, 1.43339, -1.69488
26.075, 1.43339, -1.69488
26.1, 1.42352, -1.6949
26.125, 1.41434, -1.69494
26.15, 1.41434, -1.69494
26.175, 1.41434, -1.69494
26.2, 1.4054, -1.69497
26.225, 1.4054, -1.69497
26.25, 1.39675, -1.695
26.275, 1.39675, -1.695
26.3, 1.38825, -1.69502
26.325, 1.38825, -1.69502
26.35, 1.38004, -1.69504
26.375, 1.38004, -1.69504
26.4, 1.38004, -1.69504
26.425, 1.38004, -1.69504
26.45, 1.38004, -1.69504
26.475, 1.3721, -1.69506
26.5, 1.36435, -1.69508
26.525, 1.36435, -1.69508
26.55, 1.35676, -1.69511
26.575, 1.34929, -1.69515
26.6, 1.34929, -1.69515
26.625, 1.34929, -1.69515
26.65, 1.34929, -1.69515
26.675, 1.34929, -1.69515
26.7, 1.34929, -1.69515
26.725, 1.34929, -1.69515
26.75, 1.34929, -1.69515
26.775, 1.34217, -1.69518
26.8, 1.34217, -1.69518
26.825, 1.34217, -1.69518
26.85, 1.34217, -1.69518
26.875, 1.34217, -1.69518
26.9, 1.3358, -1.69519
26.925, 1.32972, -1.6952
26.95, 1.32972, -1.6952
26.975, 1.32329, -1.69522
27, 1.32329, -1.69522
27.025, 1.31432, -1.69531
27.05, 1.31432, -1.69531
27.075, 1.30264, -1.69545
27.1, 1.30264, -1.69545
27.125, 1.30264, -1.69545
27.15, 1.30264, -1.69545
27.175, 1.30264, -1.69545
27.2, 1.29496, -1.69553
27.225, 1.28866, -1.69559
27.25, 1.28866, -1.69559
27.275, 1.28866, -1.69559
27.3, 1.28866, -1.69559
27.325, 1.27962, -1.6957
27.35, 1.26936, -1.69583
27.375, 1.26936, -1.69583
27.4, 1.26247, -1.6959
27.425, 1.26247, -1.6959
27.45, 1.25663, -1.69597
27.475, 1.25663, -1.69597
27.5, 1.2508, -1.69603
27.525, 1.2452, -1.69609
27.55, 1.2452, -1.69609
27.575, 1.2452, -1.69609
27.6, 1.23944, -1.69616
27.625, 1.23388, -1.69623
27.65, 1.2287, -1.69628
27.675, 1.2287, -1.69628
27.7, 1.2287, -1.69628
27.725, 1.2287, -1.69628
27.75, 1.2287, -1.69628
27.775, 1.22368, -1.69634
27.8, 1.22368, -1.69634
27.825, 1.21884, -1.69639
27.85, 1.21884, -1.69639
27.875, 1.21418, -1.69644
27.9, 1.20969, -1.69649
27.925, 1.20969, -1.69649
27.95, 1.20536, -1.69653
27.975, 1.20536, -1.69653
28, 1.20108, -1.69657
28.025, 1.20108, -1.69657
28.05, 1.20108, -1.69657
28.075, 1.20108, -1.69657
28.1, 1.19658, -1.6966
28.125, 1.19658, -1.6966
28.15, 1.19221, -1.69663
28.175, 1.1885, -1.69667
28.2, 1.1885, -1.69667
28.225, 1.1885, -1.69667
28.25, 1.1885, -1.69667
28.275, 1.1885, -1.69667
28.3, 1.18632, -1.69665
28.325, 1.18417, -1.69662
28.35, 1.18417, -1.69662
28.375, 1.18417, -1.69662
28.4, 1.18417, -1.69662
28.425, 1.18417, -1.69662
28.45, 1.18417, -1.69662
28.475, 1.18417, -1.69662
28.5, 1.18417, -1.69662
28.525, 1.18134, -1.6966
28.55, 1.18134, -1.6966
28.575, 1.17936, -1.69657
28.6, 1.17702, -1.69654
28.625, 1.17702, -1.69654
28.65, 1.17528, -1.69651
28.675, 1.17528, -1.69651
28.7, 1.17175, -1.6965
28.725, 1.17175, -1.6965
28.75, 1.17175, -1.6965
28.775, 1.17175, -1.6965
28.8, 1.16197, -1.69661
28.825, 1.14522, -1.69681
28.85, 1.1256, -1.69704
28.875, 1.1256, -1.69704
28.9, 1.1054, -1.69727
28.925, 1.1054, -1.69727
28.95, 1.1054, -1.69727
28.975, 1.1054, -1.69727
29, 1.08696, -1.69749
29.025, 1.06671, -1.69772
29.05, 1.06671, -1.69772
29.075, 1.06671, -1.69772
29.1, 1.04776, -1.69794
29.125, 1.04776, -1.69794
29.15, 1.03117, -1.69814
29.175, 1.01938, -1.6983
29.2, 1.00881, -1.69847
29.225, 0.997982, -1.69862
29.25, 0.997982, -1.69862
29.275, 0.989312, -1.69877
29.3, 0.981831, -1.6989
29.325, 0.981831, -1.6989
29.35, 0.981831, -1.6989
29.375, 0.981831, -1.6989
29.4, 0.974588, -1.69903
29.425, 0.974588, -1.69903
29.45, 0.974588, -1.69903
29.475, 0.974588, -1.69903
29.5, 0.974588, -1.69903
29.525, 0.974588, -1.69903
29.55, 0.96926, -1.69911
29.575, 0.963886, -1.69919
29.6, 0.963886, -1.69919
29.625, 0.963886, -1.69919
29.65, 0.963886, -1.69919
29.675, 0.963886, -1.69919
29.7, 0.95858, -1.69926
29.725, 0.95858, -1.69926
29.75, 0.95858, -1.69926
29.775, 0.95858, -1.69926
29.8, 0.950971, -1.69935
29.825, 0.950971, -1.69935
29.85, 0.950971, -1.69935
29.875, 0.946609, -1.69943
29.9, 0.946609, -1.69943
29.925, 0.945654, -1.69954
29.95, 0.945654, -1.69954
29.975, 0.945654, -1.69954
30, 0.943851, -1.69961
30.025, 0.943851, -1.69961
30.05, 0.940354, -1.69967
30.075, 0.940354, -1.69967
30.1, 0.936782, -1.69973
30.125, 0.936782, -1.69973
30.15, 0.933837, -1.69979
30.175, 0.933837, -1.69979
30.2, 0.932035, -1.69986
30.225, 0.931875, -1.69994
30.25, 0.931875, -1.69994
30.275, 0.931104, -1.7
30.3, 0.931104, -1.7
30.325, 0.930965, -1.70007
30.35, 0.931202, -1.70014
30.375, 0.931202, -1.70014
30.4, 0.931202, -1.70014
30.425, 0.931202, -1.70014
30.45, 0.931344, -1.70022
30.475, 0.931232, -1.70031
30.5, 0.93084, -1.70041
30.525, 0.93084, -1.70041
30.55, 0.93084, -1.70041
30.575, 0.930463, -1.7005
30.6, 0.929729, -1.7006
30.625, 0.929729, -1.7006
30.65, 0.928588, -1.7007
30.675, 0.928588, -1.7007
30.7, 0.928588, -1.7007
30.725, 0.9269, -1.70081
30.75, 0.924927, -1.70093
30.775, 0.92303, -1.70103
30.8, 0.92303, -1.70103
30.825, 0.92303, -1.70103
30.85, 0.921291, -1.70114
30.875, 0.921291, -1.70114
30.9, 0.921291, -1.70114
30.925, 0.921291, -1.70114
30.95, 0.919666, -1.70124
30.975, 0.919666, -1.70124
31, 0.919666, -1.70124
31.025, 0.919666, -1.70124
31.05, 0.919666, -1.70124
31.075, 0.919666, -1.70124
31.1, 0.918246, -1.70133
31.125, 0.918246, -1.70133
31.15, 0.916947, -1.70141
31.175, 0.916947, -1.70141
31.2, 0.913671, -1.70153
31.225, 0.907163, -1.70167
31.25, 0.899492, -1.70182
31.275, 0.892511, -1.70196
31.3, 0.886591, -1.7021
31.325, 0.881973, -1.70225
31.35, 0.881973, -1.70225
31.375, 0.881973, -1.70225
31.4, 0.881973, -1.70225
31.425, 0.881973, -1.70225
31.45, 0.881973, -1.70225
31.475, 0.881973, -1.70225
31.5, 0.881973, -1.70225
31.525, 0.876596, -1.70239
31.55, 0.871061, -1.70254
31.575, 0.871061, -1.70254
31.6, 0.866557, -1.70268
31.625, 0.862905, -1.70283
31.65, 0.862905, -1.70283
31.675, 0.862905, -1.70283
31.7, 0.862905, -1.70283
31.725, 0.862905, -1.70283
31.75, 0.862905, -1.70283
31.775, 0.858626, -1.70294
31.8, 0.858626, -1.70294
31.825, 0.854417, -1.70305
31.85, 0.854417, -1.70305
31.875, 0.854417, -1.70305
31.9, 0.850445, -1.70316
31.925, 0.850445, -1.70316
31.95, 0.846796, -1.70327
31.975, 0.846796, -1.70327
32, 0.846796, -1.70327
32.025, 0.843181, -1.70337
32.05, 0.843181, -1.70337
32.075, 0.843181, -1.70337
32.1, 0.843181, -1.70337
32.125, 0.839433, -1.70347
32.15, 0.835831, -1.70356
32.175, 0.832523, -1.70366
32.2, 0.82949, -1.70375
32.225, 0.82949, -1.70375
32.25, 0.82949, -1.70375
32.275, 0.82648, -1.70384
32.3, 0.82648, -1.70384
32.325, 0.82648, -1.70384
32.35, 0.82648, -1.70384
32.375, 0.823264, -1.70394
32.4, 0.823264, -1.70394
32.425, 0.820162, -1.70403
32.45, 0.815678, -1.70413
32.475, 0.807906, -1.70427
32.5, 0.798961, -1.70443
32.525, 0.798961, -1.70443
32.55, 0.798961, -1.70443
32.575, 0.791165, -1.70457
32.6, 0.791165, -1.70457
32.625, 0.791165, -1.70457
32.65, 0.791165, -1.70457
32.675, 0.784311, -1.70467
32.7, 0.777331, -1.70477
32.725, 0.770315, -1.70486
32.75, 0.76391, -1.70495
32.775, 0.757866, -1.70505
32.8, 0.752014, -1.70515
32.825, 0.752014, -1.70515
32.85, 0.745339, -1.70524
32.875, 0.745339, -1.70524
32.9, 0.745339, -1.70524
32.925, 0.737265, -1.70535
32.95, 0.729073, -1.70546
32.975, 0.729073, -1.70546
33, 0.729073, -1.70546
33.025, 0.729073, -1.70546
33.05, 0.721224, -1.70558
33.075, 0.721224, -1.70558
33.1, 0.713508, -1.7057
33.125, 0.705972, -1.70581
33.15, 0.705972, -1.70581
33.175, 0.697845, -1.70594
33.2, 0.697845, -1.70594
33.225, 0.691243, -1.70604
33.25, 0.691243, -1.70604
33.275, 0.681992, -1.70615
33.3, 0.681992, -1.70615
33.325, 0.681992, -1.70615
33.35, 0.681992, -1.70615
33.375, 0.681992, -1.70615
33.4, 0.681992, -1.70615
33.425, 0.681992, -1.70615
33.45, 0.681992, -1.70615
33.475, 0.684226, -1.70603
33.5, 0.684226, -1.70603
33.525, 0.675352, -1.70592
33.55, 0.675352, -1.70592
33.575, 0.673773, -1.70578
33.6, 0.676176, -1.70565
33.625, 0.68233, -1.70553
33.65, 0.691574, -1.70543
33.675, 0.691574, -1.70543
33.7, 0.691574, -1.70543
33.725, 0.691574, -1.70543
33.75, 0.698675, -1.70544
33.775, 0.696846, -1.7055
33.8, 0.690474, -1.70558
33.825, 0.690474, -1.70558
33.85, 0.690474, -1.70558
33.875, 0.690474, -1.70558
33.9, 0.690474, -1.70558
33.925, 0.690474, -1.70558
33.95, 0.690474, -1.70558
33.975, 0.680805, -1.70558
34, 0.671433, -1.70558
34.025, 0.671433, -1.70558
34.05, 0.660827, -1.70558
34.075, 0.660827, -1.70558
34.1, 0.660827, -1.70558
34.125, 0.660827, -1.70558
34.15, 0.660827, -1.70558
34.175, 0.653498, -1.7056
34.2, 0.653498, -1.7056
34.225, 0.653498, -1.7056
34.25, 0.645626, -1.70558
34.275, 0.637805, -1.70557
34.3, 0.629709, -1.70555
34.325, 0.629709, -1.70555
34.35, 0.629709, -1.70555
34.375, 0.62255, -1.70554
34.4, 0.62255, -1.70554
34.425, 0.62255, -1.70554
34.45, 0.62255, -1.70554
34.475, 0.62255, -1.70554
34.5, 0.62255, -1.70554
34.525, 0.611107, -1.70564
34.55, 0.611107, -1.70564
34.575, 0.611107, -1.70564
34.6, 0.61766, -1.70573
34.625, 0.61766, -1.70573
34.65, 0.61766, -1.70573
34.675, 0.61766, -1.70573
34.7, 0.61766, -1.70573
34.725, 0.61766, -1.70573
34.75, 0.6498, -1.706
34.775, 0.6498, -1.706
34.8, 0.681417, -1.70627
34.825, 0.681417, -1.70627
34.85, 0.715883, -1.70657
34.875, 0.715883, -1.70657
34.9, 0.750019, -1.70689
34.925, 0.750019, -1.70689
34.95, 0.780622, -1.70721
34.975, 0.798501, -1.70745
35, 0.798501, -1.70745
35.025, 0.822307, -1.7077
35.05, 0.822307, -1.7077
35.075, 0.836891, -1.70787
35.1, 0.836891, -1.70787
35.125, 0.854066, -1.70806
35.15, 0.854066, -1.70806
35.175, 0.854066, -1.70806
35.2, 0.854066, -1.70806
35.225, 0.854066, -1.70806
35.25, 0.854066, -1.70806
35.275, 0.854066, -1.70806
35.3, 0.874098, -1.70829
35.325, 0.902017, -1.70865
35.35, 0.902017, -1.70865
35.375, 0.924954, -1.70889
35.4, 0.924954, -1.70889
35.425, 0.924954, -1.70889
35.45, 0.943959, -1.70904
35.475, 0.943959, -1.70904
35.5, 0.962612, -1.70918
35.525, 0.962612, -1.70918
35.55, 0.962612, -1.70918
35.575, 0.962612, -1.70918
35.6, 0.980623, -1.70932
35.625, 0.980623, -1.70932
35.65, 0.998231, -1.70945
35.675, 0.998231, -1.70945
35.7, 0.998231, -1.70945
35.725, 0.998231, -1.70945
35.75, 1.01531, -1.70958
35.775, 1.01531, -1.70958
35.8, 1.01531, -1.70958
35.825, 1.01531, -1.70958
35.85, 1.03187, -1.70971
35.875, 1.03187, -1.70971
35.9, 1.04771, -1.70986
35.925, 1.04771, -1.70986
35.95, 1.06283, -1.71002
35.975, 1.07715, -1.71019
36, 1.09057, -1.71037
36.025, 1.09057, -1.71037
36.05, 1.09057, -1.71037
36.075, 1.10347, -1.71055
36.1, 1.11603, -1.71072
36.125, 1.11603, -1.71072
36.15, 1.11603, -1.71072
36.175, 1.128, -1.71089
36.2, 1.128, -1.71089
36.225, 1.128, -1.71089
36.25, 1.13954, -1.71106
36.275, 1.13954, -1.71106
36.3, 1.13954, -1.71106
36.325, 1.15074, -1.71122
36.35, 1.15074, -1.71122
36.375, 1.16135, -1.71138
36.4, 1.16135, -1.71138
36.425, 1.16135, -1.71138
36.45, 1.17218, -1.71154
36.475, 1.18292, -1.7117
36.5, 1.18292, -1.7117
36.525, 1.18292, -1.7117
36.55, 1.18292, -1.7117
36.575, 1.18292, -1.7117
36.6, 1.18292, -1.7117
36.625, 1.19249, -1.71183
36.65, 1.19249, -1.71183
36.675, 1.19249, -1.71183
36.7, 1.19249, -1.71183
36.725, 1.19249, -1.71183
36.75, 1.202, -1.71197
36.775, 1.202, -1.71197
36.8, 1.202, -1.71197
36.825, 1.21079, -1.71207
36.85, 1.21079, -1.71207
36.875, 1.21079, -1.71207
36.9, 1.21931, -1.71216
36.925, 1.21931, -1.71216
36.95, 1.21931, -1.71216
36.975, 1.22781, -1.71227
37, 1.22781, -1.71227
37.025, 1.23612, -1.7124
37.05, 1.23612, -1.7124
37.075, 1.24421, -1.71252
37.1, 1.25208, -1.71262
37.125, 1.25208, -1.71262
37.15, 1.25208, -1.71262
37.175, 1.25963, -1.71273
37.2, 1.26689, -1.71283
37.225, 1.27378, -1.71294
37.25, 1.27378, -1.71294
37.275, 1.28035, -1.71306
37.3, 1.28655, -1.71318
37.325, 1.28655, -1.71318
37.35, 1.28655, -1.71318
37.375, 1.29257, -1.71329
37.4, 1.29257, -1.71329
37.425, 1.29257, -1.71329
37.45, 1.29257, -1.71329
37.475, 1.29837, -1.7134
37.5, 1.29837, -1.7134
37.525, 1.30394, -1.71351
37.55, 1.30394, -1.71351
37.575, 1.30394, -1.71351
37.6, 1.30394, -1.71351
37.625, 1.30394, -1.71351
37.65, 1.30912, -1.71363
37.675, 1.31377, -1.71376
37.7, 1.31377, -1.71376
37.725, 1.31825, -1.71388
37.75, 1.32233, -1.714
37.775, 1.32602, -1.71412
37.8, 1.32602, -1.71412
37.825, 1.32602, -1.71412
37.85, 1.32859, -1.71426
37.875, 1.32989, -1.71441
37.9, 1.32996, -1.71458
37.925, 1.32996, -1.71458
37.95, 1.32996, -1.71458
37.975, 1.32996, -1.71458
38, 1.33156, -1.7147
38.025, 1.33426, -1.71482
38.05, 1.33426, -1.71482
38.075, 1.33426, -1.71482
38.1, 1.33426, -1.71482
38.125, 1.33426, -1.71482
38.15, 1.33426, -1.71482
38.175, 1.33231, -1.71488
38.2, 1.33053, -1.71494
38.225, 1.33053, -1.71494
38.25, 1.33053, -1.71494
38.275, 1.33053, -1.71494
38.3, 1.32899, -1.715
38.325, 1.32899, -1.715
38.35, 1.32757, -1.71506
38.375, 1.32757, -1.71506
38.4, 1.32653, -1.71512
38.425, 1.32653, -1.71512
38.45, 1.32653, -1.71512
38.475, 1.32599, -1.7152
38.5, 1.32481, -1.71525
38.525, 1.32202, -1.71528
38.55, 1.31949, -1.7153
38.575, 1.31793, -1.71534
38.6, 1.31793, -1.71534
38.625, 1.31793, -1.71534
38.65, 1.31793, -1.71534
38.675, 1.31793, -1.71534
38.7, 1.31621, -1.71538
38.725, 1.31621, -1.71538
38.75, 1.31621, -1.71538
38.775, 1.31495, -1.71543
38.8, 1.31383, -1.71549
38.825, 1.31281, -1.71556
38.85, 1.31281, -1.71556
38.875, 1.31094, -1.7157
38.9, 1.30788, -1.71589
38.925, 1.30788, -1.71589
38.95, 1.30354, -1.71611
38.975, 1.30354, -1.71611
39, 1.29946, -1.71632
39.025, 1.29946, -1.71632
39.05, 1.28547, -1.71661
39.075, 1.28547, -1.71661
39.1, 1.28547, -1.71661
39.125, 1.28547, -1.71661
39.15, 1.27909, -1.71643
39.175, 1.27909, -1.71643
39.2, 1.27909, -1.71643
39.225, 1.27521, -1.71626
39.25, 1.27521, -1.71626
39.275, 1.27521, -1.71626
39.3, 1.26518, -1.71607
39.325, 1.25457, -1.7159
39.35, 1.24905, -1.71573
39.375, 1.24905, -1.71573
39.4, 1.24905, -1.71573
39.425, 1.24905, -1.71573
39.45, 1.24905, -1.71573
39.475, 1.24905, -1.71573
39.5, 1.24905, -1.71573
39.525, 1.24905, -1.71573
39.55, 1.22612, -1.71502
39.575, 1.22612, -1.71502
39.6, 1.2043, -1.71434
39.625, 1.2043, -1.71434
39.65, 1.18291, -1.71378
39.675, 1.18291, -1.71378
39.7, 1.16028, -1.71334
39.725, 1.13842, -1.71292
39.75, 1.13842, -1.71292
39.775, 1.10057, -1.71267
39.8, 1.03934, -1.71261
39.825, 0.952506, -1.71269
39.85, 0.952506, -1.71269
39.875, 0.952506, -1.71269
39.9, 0.952506, -1.71269
39.925, 0.952506, -1.71269
39.95, 0.952506, -1.71269
39.975, 0.952506, -1.71269
40, 0.952506, -1.71269
40.025, 0.922159, -1.71231
40.05, 0.922159, -1.71231
40.075, 0.937303, -1.7122
40.1, 0.937303, -1.7122
40.125, 0.937303, -1.7122
40.15, 0.937303, -1.7122
40.175, 0.937303, -1.7122
40.2, 0.950244, -1.71207
40.225, 0.950244, -1.71207
40.25, 0.960188, -1.7119
40.275, 0.960188, -1.7119
40.3, 0.959731, -1.71165
40.325, 0.959731, -1.71165
40.35, 0.947455, -1.71133
40.375, 0.947455, -1.71133
40.4, 0.92642, -1.71095
40.425, 0.92642, -1.71095
40.45, 0.92642, -1.71095
40.475, 0.92642, -1.71095
40.5, 0.92642, -1.71095
40.525, 0.92642, -1.71095
40.55, 0.92642, -1.71095
40.575, 0.92642, -1.71095
40.6, 0.908709, -1.7106
40.625, 0.887231, -1.71022
40.65, 0.866932, -1.70986
40.675, 0.866932, -1.70986
40.7, 0.866932, -1.70986
40.725, 0.866932, -1.70986
40.75, 0.866932, -1.70986
40.775, 0.866932, -1.70986
40.8, 0.843571, -1.70944
40.825, 0.843571, -1.70944
40.85, 0.820612, -1.70903
40.875, 0.820612, -1.70903
40.9, 0.820612, -1.70903
40.925, 0.820612, -1.70903
40.95, 0.820612, -1.70903
40.975, 0.820612, -1.70903
41, 0.801355, -1.70869
41.025, 0.801355, -1.70869
41.05, 0.801355, -1.70869
41.075, 0.801355, -1.70869
41.1, 0.801355, -1.70869
41.125, 0.781829, -1.70833
41.15, 0.781829, -1.70833
41.175, 0.781829, -1.70833
41.2, 0.781829, -1.70833
41.225, 0.781829, -1.70833
41.25, 0.781829, -1.70833
41.275, 0.781829, -1.70833
41.3, 0.763062, -1.70798
41.325, 0.763062, -1.70798
41.35, 0.763062, -1.70798
41.375, 0.763062, -1.70798
41.4, 0.763062, -1.70798
41.425, 0.744917, -1.70763
41.45, 0.744917, -1.70763
41.475, 0.744917, -1.70763
41.5, 0.727369, -1.70729
41.525, 0.727369, -1.70729
41.55, 0.710318, -1.70697
41.575, 0.710318, -1.70697
41.6, 0.710318, -1.70697
41.625, 0.710318, -1.70697
41.65, 0.710318, -1.70697
41.675, 0.710318, -1.70697
41.7, 0.710318, -1.70697
41.725, 0.693917, -1.70666
41.75, 0.693917, -1.70666
41.775, 0.693917, -1.70666
41.8, 0.693917, -1.70666
41.825, 0.693917, -1.70666
41.85, 0.693917, -1.70666
41.875, 0.693917, -1.70666
41.9, 0.693917, -1.70666
41.925, 0.693917, -1.70666
41.95, 0.678599, -1.70637
41.975, 0.678599, -1.70637
42, 0.678599, -1.70637
42.025, 0.678599, -1.70637
42.05, 0.664104, -1.70609
42.075, 0.664104, -1.70609
42.1, 0.664104, -1.70609
42.125, 0.653973, -1.70587
42.15, 0.646284, -1.70571
42.175, 0.639756, -1.7056
42.2, 0.63378, -1.70552
42.225, 0.628065, -1.70546
42.25, 0.622558, -1.7054
42.275, 0.616995, -1.70531
42.3, 0.616995, -1.70531
42.325, 0.616995, -1.70531
42.35, 0.612136, -1.70524
42.375, 0.612136, -1.70524
42.4, 0.607748, -1.70519
42.425, 0.603211, -1.70517
42.45, 0.598127, -1.70519
42.475, 0.598127, -1.70519
42.5, 0.598127, -1.70519
42.525, 0.593695, -1.70519
42.55, 0.590111, -1.70517
42.575, 0.590111, -1.70517
42.6, 0.590111, -1.70517
42.625, 0.590111, -1.70517
42.65, 0.590111, -1.70517
42.675, 0.586619, -1.70515
42.7, 0.586619, -1.70515
42.725, 0.583253, -1.70513
42.75, 0.583253, -1.70513
42.775, 0.583253, -1.70513
42.8, 0.583253, -1.70513
42.825, 0.579712, -1.70511
42.85, 0.579712, -1.70511
42.875, 0.579712, -1.70511
42.9, 0.579712, -1.70511
42.925, 0.579712, -1.70511
42.95, 0.579712, -1.70511
42.975, 0.579712, -1.70511
43, 0.579712, -1.70511
43.025, 0.575853, -1.70512
43.05, 0.575853, -1.70512
43.075, 0.575853, -1.70512
43.1, 0.575853, -1.70512
43.125, 0.575853, -1.70512
43.15, 0.575853, -1.70512
43.175, 0.573782, -1.70509
43.2, 0.573782, -1.70509
43.225, 0.572363, -1.70506
43.25, 0.572363, -1.70506
43.275, 0.572363, -1.70506
43.3, 0.570957, -1.70503
43.325, 0.570343, -1.70499
43.35, 0.571231, -1.70494
43.375, 0.573708, -1.70488
43.4, 0.573708, -1.70488
43.425, 0.573708, -1.70488
43.45, 0.573708, -1.70488
43.475, 0.575995, -1.70483
43.5, 0.575995, -1.70483
43.525, 0.575995, -1.70483
43.55, 0.575995, -1.70483
43.575, 0.579984, -1.70479
43.6, 0.579984, -1.70479
43.625, 0.579984, -1.70479
43.65, 0.579984, -1.70479
43.675, 0.581805, -1.70471
43.7, 0.581805, -1.70471
43.725, 0.581068, -1.70461
43.75, 0.581068, -1.70461
43.775, 0.58139, -1.70453
43.8, 0.58139, -1.70453
43.825, 0.58139, -1.70453
43.85, 0.58139, -1.70453
43.875, 0.58139, -1.70453
43.9, 0.58153, -1.70443
43.925, 0.58153, -1.70443
43.95, 0.581648, -1.70433
43.975, 0.581648, -1.70433
44, 0.581648, -1.70433
44.025, 0.582409, -1.70421
44.05, 0.582409, -1.70421
44.075, 0.582409, -1.70421
44.1, 0.582409, -1.70421
44.125, 0.582409, -1.70421
44.15, 0.582409, -1.70421
44.175, 0.582409, -1.70421
44.2, 0.582409, -1.70421
44.225, 0.584656, -1.70406
44.25, 0.584656, -1.70406
44.275, 0.584656, -1.70406
44.3, 0.586513, -1.70392
44.325, 0.589264, -1.70377
44.35, 0.589264, -1.70377
44.375, 0.589264, -1.70377
44.4, 0.589264, -1.70377
44.425, 0.593249, -1.70362
44.45, 0.593249, -1.70362
44.475, 0.593249, -1.70362
44.5, 0.597404, -1.70348
44.525, 0.603937, -1.70332
44.55, 0.610804, -1.70317
44.575, 0.610804, -1.70317
44.6, 0.610804, -1.70317
44.625, 0.618359, -1.70301
44.65, 0.618359, -1.70301
44.675, 0.618359, -1.70301
44.7, 0.618359, -1.70301
44.725, 0.624928, -1.70286
44.75, 0.630994, -1.70271
44.775, 0.630994, -1.70271
44.8, 0.630994, -1.70271
44.825, 0.630994, -1.70271
44.85, 0.630994, -1.70271
44.875, 0.637506, -1.70257
44.9, 0.637506, -1.70257
44.925, 0.637506, -1.70257
44.95, 0.637506, -1.70257
44.975, 0.647796, -1.70251
45, 0.647796, -1.70251
45.025, 0.647796, -1.70251
45.05, 0.647796, -1.70251
45.075, 0.647796, -1.70251
45.1, 0.647796, -1.70251
45.125, 0.647796, -1.70251
45.15, 0.657723, -1.70226
45.175, 0.667982, -1.70201
45.2, 0.667982, -1.70201
45.225, 0.667982, -1.70201
45.25, 0.676756, -1.70179
45.275, 0.676756, -1.70179
45.3, 0.676756, -1.70179
45.325, 0.685478, -1.70157
45.35, 0.685478, -1.70157
45.375, 0.685478, -1.70157
45.4, 0.685478, -1.70157
45.425, 0.685478, -1.70157
45.45, 0.685478, -1.70157
45.475, 0.693966, -1.70135
45.5, 0.693966, -1.70135
45.525, 0.693966, -1.70135
45.55, 0.693966, -1.70135
45.575, 0.693966, -1.70135
45.6, 0.693966, -1.70135
45.625, 0.693966, -1.70135
45.65, 0.702707, -1.70116
45.675, 0.702707, -1.70116
45.7, 0.702707, -1.70116
45.725, 0.711219, -1.70098
45.75, 0.711219, -1.70098
45.775, 0.719339, -1.70083
45.8, 0.719339, -1.70083
45.825, 0.726363, -1.70071
45.85, 0.726363, -1.70071
45.875, 0.726363, -1.70071
45.9, 0.726363, -1.70071
45.925, 0.726363, -1.70071
45.95, 0.733436, -1.70059
45.975, 0.733436, -1.70059
46, 0.733436, -1.70059
46.025, 0.733436, -1.70059
46.05, 0.739491, -1.70047
46.075, 0.745922, -1.70036
46.1, 0.751263, -1.70026
46.125, 0.751263, -1.70026
46.15, 0.755691, -1.70017
46.175, 0.755691, -1.70017
46.2, 0.760275, -1.70008
46.225, 0.760275, -1.70008
46.25, 0.760275, -1.70008
46.275, 0.7659, -1.69999
46.3, 0.771713, -1.69991
46.325, 0.777096, -1.69983
46.35, 0.777096, -1.69983
46.375, 0.782061, -1.69975
46.4, 0.78587, -1.6997
46.425, 0.786937, -1.69968
46.45, 0.786937, -1.69968
46.475, 0.786937, -1.69968
46.5, 0.786937, -1.69968
46.525, 0.786937, -1.69968
46.55, 0.789334, -1.69966
46.575, 0.792789, -1.69963
46.6, 0.792789, -1.69963
46.625, 0.795254, -1.69959
46.65, 0.795254, -1.69959
46.675, 0.795254, -1.69959
46.7, 0.795254, -1.69959
46.725, 0.795254, -1.69959
46.75, 0.797611, -1.69956
46.775, 0.797611, -1.69956
46.8, 0.797611, -1.69956
46.825, 0.799387, -1.69953
46.85, 0.799387, -1.69953
46.875, 0.801345, -1.6995
46.9, 0.801345, -1.6995
46.925, 0.801345, -1.6995
46.95, 0.802881, -1.69948
46.975, 0.804435, -1.69945
47, 0.804435, -1.69945
47.025, 0.804435, -1.69945
47.05, 0.804435, -1.69945
47.075, 0.804435, -1.69945
47.1, 0.804435, -1.69945
47.125, 0.804435, -1.69945
47.15, 0.804435, -1.69945
47.175, 0.804435, -1.69945
47.2, 0.804435, -1.69945
47.225, 0.804435, -1.69945
47.25, 0.804435, -1.69945
47.275, 0.804435, -1.69945
47.3, 0.804435, -1.69945
47.325, 0.804435, -1.69945
47.35, 0.804435, -1.69945
47.375, 0.807166, -1.6994
47.4, 0.810437, -1.69935
47.425, 0.813979, -1.6993
47.45, 0.813979, -1.6993
47.475, 0.817651, -1.69925
47.5, 0.817651, -1.69925
47.525, 0.817651, -1.69925
47.55, 0.817651, -1.69925
47.575, 0.817651, -1.69925
47.6, 0.817651, -1.69925
47.625, 0.821544, -1.69918
47.65, 0.821544, -1.69918
47.675, 0.825634, -1.69911
47.7, 0.828802, -1.69905
47.725, 0.829323, -1.69899
47.75, 0.828728, -1.69893
47.775, 0.828728, -1.69893
47.8, 0.828728, -1.69893
47.825, 0.828728, -1.69893
47.85, 0.830248, -1.69888
47.875, 0.830248, -1.69888
47.9, 0.830248, -1.69888
47.925, 0.830248, -1.69888
47.95, 0.827567, -1.69881
47.975, 0.82433, -1.69875
48, 0.820726, -1.69869
48.025, 0.820726, -1.69869
48.05, 0.820726, -1.69869
48.075, 0.824063, -1.69867
48.1, 0.824063, -1.69867
48.125, 0.824063, -1.69867
48.15, 0.828363, -1.69867
48.175, 0.833551, -1.69872
48.2, 0.838869, -1.69879
48.225, 0.843955, -1.69889
48.25, 0.848368, -1.69901
48.275, 0.848368, -1.69901
48.3, 0.852634, -1.69913
48.325, 0.852634, -1.69913
48.35, 0.852634, -1.69913
48.375, 0.852634, -1.69913
48.4, 0.856464, -1.69925
48.425, 0.856464, -1.69925
48.45, 0.856464, -1.69925
48.475, 0.858368, -1.69937
48.5, 0.859384, -1.6995
48.525, 0.859384, -1.6995
48.55, 0.859522, -1.69963
48.575, 0.859522, -1.69963
48.6, 0.859646, -1.69976
48.625, 0.861068, -1.69987
48.65, 0.86164, -1.69998
48.675, 0.86164, -1.69998
48.7, 0.86164, -1.69998
48.725, 0.86164, -1.69998
48.75, 0.86164, -1.69998
48.775, 0.86164, -1.69998
48.8, 0.865597, -1.70009
48.825, 0.865597, -1.70009
48.85, 0.865597, -1.70009
48.875, 0.865597, -1.70009
48.9, 0.865597, -1.70009
48.925, 0.867935, -1.7001
48.95, 0.870313, -1.70011
48.975, 0.870313, -1.70011
49, 0.870313, -1.70011
49.025, 0.871757, -1.70011
49.05, 0.871757, -1.70011
49.075, 0.871757, -1.70011
49.1, 0.871757, -1.70011
49.125, 0.871757, -1.70011
49.15, 0.872802, -1.70012
49.175, 0.872519, -1.70013
49.2, 0.872519, -1.70013
49.225, 0.872519, -1.70013
49.25, 0.874748, -1.70014
49.275, 0.880494, -1.70017
49.3, 0.880494, -1.70017
49.325, 0.88377, -1.70018
49.35, 0.88377, -1.70018
49.375, 0.886659, -1.7002
49.4, 0.889161, -1.70021
49.425, 0.889161, -1.70021
49.45, 0.89148, -1.70021
49.475, 0.89148, -1.70021
49.5, 0.89148, -1.70021
49.525, 0.89148, -1.70021
49.55, 0.89148, -1.70021
49.575, 0.89148, -1.70021
49.6, 0.89148, -1.70021
49.625, 0.89148, -1.70021
49.65, 0.89148, -1.70021
49.675, 0.89148, -1.70021
49.7, 0.891807, -1.70017
49.725, 0.891807, -1.70017
49.75, 0.891807, -1.70017
49.775, 0.892587, -1.70015
49.8, 0.892587, -1.70015
49.825, 0.892587, -1.70015
49.85, 0.893296, -1.70015
49.875, 0.893103, -1.70017
49.9, 0.891945, -1.70022
49.925, 0.891945, -1.70022
49.95, 0.891945, -1.70022
49.975, 0.891945, -1.70022
50, 0.891945, -1.70022
