0, 0, -nan
0.025, 1, 0.133564
0.05, 1, 0.133564
0.075, 1, 0.297742
0.1, 1, 0.297742
0.125, 1, 0.659617
0.15, 1, 0.659617
0.175, 1, 0.659617
0.2, 1, 0.659617
0.225, 1, 0.659617
0.25, 1, 0.0444925
0.275, 1, 0.0444925
0.3, 1, 0.0524914
0.325, 1, 0.0524914
0.35, 1, 0.0607757
0.375, 1, 0.0631048
0.4, 1, 0.0602112
0.425, 1, 0.0602112
0.45, 1, 0.0620535
0.475, 1, 0.0631041
0.5, 1, 0.0631041
0.525, 1, 0.0556366
0.55, 1, 0.0536986
0.575, 1, 0.0536986
0.6, 1, 0.0651425
0.625, 1, 0.073288
0.65, 1, 0.073288
0.675, 1, 0.0855381
0.7, 1, 0.0945446
0.725, 1, 0.0945446
0.75, 1, 0.0945446
0.775, 1, 0.0991258
0.8, 1, 0.0991258
0.825, 1, 0.0994964
0.85, 1, 0.101393
0.875, 1, 0.104181
0.9, 1, 0.104181
0.925, 1, 0.104181
0.95, 1, 0.104181
0.975, 1, 0.104181
1, 1, 0.111657
1.025, 1, 0.113826
1.05, 1, 0.115894
1.075, 1, 0.117805
1.1, 1, 0.119683
1.125, 1, 0.121568
1.15, 1, 0.121568
1.175, 1, 0.121568
1.2, 1, 0.121568
1.225, 1, 0.121568
1.25, 1, 0.121568
1.275, 1, 0.121568
1.3, 1, 0.121568
1.325, 1, 0.121568
1.35, 1, 0.121568
1.375, 1, 0.130153
1.4, 1, 0.133087
1.425, 1, 0.133087
1.45, 1, 0.133087
1.475, 1, 0.136496
1.5, 1, 0.136496
1.525, 1, 0.136496
1.55, 1, 0.136496
1.575, 1, 0.136496
1.6, 1, 0.136496
1.625, 1, 0.141907
1.65, 1, 0.141907
1.675, 1, 0.141907
1.7, 1, 0.141907
1.725, 1, 0.141907
1.75, 1, 0.141907
1.775, 1, 0.153343
1.8, 1, 0.153343
1.825, 1, 0.153343
1.85, 1, 0.162138
1.875, 1, 0.166224
1.9, 1, 0.167308
1.925, 1, 0.167308
1.95, 1, 0.167308
1.975, 1, 0.167308
2, 1, 0.167308
2.025, 1, 0.168813
2.05, 1, 0.170204
2.075, 1, 0.170204
2.1, 1, 0.170204
2.125, 1, 0.170204
2.15, 1, 0.170204
2.175, 1, 0.171179
2.2, 1, 0.171179
2.225, 1, 0.172131
2.25, 1, 0.172131
2.275, 1, 0.172131
2.3, 1, 0.172064
2.325, 1, 0.172064
2.35, 1, 0.172064
2.375, 1, 0.172227
2.4, 1, 0.172227
2.425, 1, 0.172227
2.45, 1, 0.172227
2.475, 1, 0.172227
2.5, 1, 0.172227
2.525, 1, 0.172227
2.55, 1, 0.172332
2.575, 1, 0.172332
2.6, 1, 0.172332
2.625, 1, 0.172332
2.65, 1, 0.172332
2.675, 1, 0.171088
2.7, 1, 0.170348
2.725, 1, 0.170217
2.75, 1, 0.170217
2.775, 1, 0.170128
2.8, 1, 0.170128
2.825, 1, 0.170128
2.85, 1, 0.170128
2.875, 1, 0.170128
2.9, 1, 0.170171
2.925, 1, 0.170171
2.95, 1, 0.170213
2.975, 1, 0.170138
3, 1, 0.170034
3.025, 1, 0.169987
3.05, 1, 0.170163
3.075, 1, 0.170129
3.1, 1, 0.169499
3.125, 1, 0.16774
3.15, 1, 0.16774
3.175, 1, 0.16485
3.2, 1, 0.163738
3.225, 1, 0.163738
3.25, 1, 0.163738
3.275, 1, 0.163854
3.3, 1, 0.163854
3.325, 1, 0.163854
3.35, 1, 0.163854
3.375, 1, 0.163854
3.4, 1, 0.163854
3.425, 1, 0.163854
3.45, 1, 0.163854
3.475, 1, 0.163854
3.5, 1, 0.16501
3.525, 1, 0.163405
3.55, 1, 0.163405
3.575, 1, 0.163405
3.6, 1, 0.163405
3.625, 1, 0.159917
3.65, 1, 0.159531
3.675, 1, 0.159531
3.7, 1, 0.158911
3.725, 1, 0.158911
3.75, 1, 0.15702
3.775, 1, 0.15702
3.8, 1, 0.155451
3.825, 1, 0.155451
3.85, 1, 0.155451
3.875, 1, 0.155451
3.9, 1, 0.155451
3.925, 1, 0.155451
3.95, 1, 0.15618
3.975, 1, 0.15618
4, 1, 0.157199
4.025, 1, 0.157199
4.05, 1, 0.157199
4.075, 1, 0.157199
4.1, 1, 0.157199
4.125, 1, 0.158092
4.15, 1, 0.159525
4.175, 1, 0.159525
4.2, 1, 0.160574
4.225, 1, 0.161762
4.25, 1, 0.162829
4.275, 1, 0.162829
4.3, 1, 0.162829
4.325, 1, 0.162829
4.35, 1, 0.162829
4.375, 1, 0.162098
4.4, 1, 0.162098
4.425, 1, 0.161159
4.45, 1, 0.161159
4.475, 1, 0.159317
4.5, 1, 0.15808
4.525, 1, 0.157347
4.55, 1, 0.156941
4.575, 1, 0.156888
4.6, 1, 0.156888
4.625, 1, 0.155689
4.65, 1, 0.155689
4.675, 1, 0.155689
4.7, 1, 0.155689
4.725, 1, 0.155689
4.75, 1, 0.155689
4.775, 1, 0.154151
4.8, 1, 0.154151
4.825, 1, 0.154151
4.85, 1, 0.154151
4.875, 1, 0.153889
4.9, 1, 0.153889
4.925, 1, 0.153678
4.95, 1, 0.153678
4.975, 1, 0.153678
5, 1, 0.153678
5.025, 1, 0.153678
5.05, 1, 0.153678
5.075, 1, 0.153678
5.1, 1, 0.153678
5.125, 1, 0.153678
5.15, 1, 0.153678
5.175, 1, 0.153548
5.2, 1, 0.154278
5.225, 1, 0.154278
5.25, 1, 0.154278
5.275, 1, 0.154278
5.3, 1, 0.154123
5.325, 1, 0.154123
5.35, 1, 0.154217
5.375, 1, 0.154217
5.4, 1, 0.154217
5.425, 1, 0.154217
5.45, 1, 0.154217
5.475, 1, 0.150833
5.5, 1, 0.150833
5.525, 1, 0.150448
5.55, 1, 0.150389
5.575, 1, 0.150389
5.6, 1, 0.150389
5.625, 1, 0.145597
5.65, 1, 0.13934
5.675, 1, 0.13934
5.7, 1, 0.133974
5.725, 1, 0.132049
5.75, 1, 0.13374
5.775, 1, 0.13374
5.8, 1, 0.13374
5.825, 1, 0.13374
5.85, 1, 0.13374
5.875, 1, 0.13374
5.9, 1, 0.13374
5.925, 1, 0.13374
5.95, 1, 0.13374
5.975, 1, 0.13374
6, 1, 0.13374
6.025, 1, 0.133743
6.05, 1, 0.133743
6.075, 1, 0.133743
6.1, 1, 0.135665
6.125, 1, 0.135665
6.15, 1, 0.135665
6.175, 1, 0.135665
6.2, 1, 0.136307
6.225, 1, 0.136307
6.25, 1, 0.136307
6.275, 1, 0.137075
6.3, 1, 0.137075
6.325, 1, 0.138366
6.35, 1, 0.140043
6.375, 1, 0.140043
6.4, 1, 0.139583
6.425, 1, 0.139583
6.45, 1, 0.139583
6.475, 1, 0.139583
6.5, 1, 0.139583
6.525, 1, 0.139583
6.55, 1, 0.139583
6.575, 1, 0.139583
6.6, 1, 0.139583
6.625, 1, 0.139583
6.65, 1, 0.139583
6.675, 1, 0.139583
6.7, 1, 0.139583
6.725, 1, 0.139583
6.75, 1, 0.138416
6.775, 1, 0.134573
6.8, 1, 0.1324
6.825, 1, 0.1324
6.85, 1, 0.1324
6.875, 1, 0.1324
6.9, 1, 0.131846
6.925, 1, 0.131781
6.95, 1, 0.131781
6.975, 1, 0.131235
7, 1, 0.131235
7.025, 1, 0.131235
7.05, 1, 0.131235
7.075, 1, 0.130587
7.1, 1, 0.131717
7.125, 1, 0.133436
7.15, 1, 0.133436
7.175, 1, 0.133585
7.2, 1, 0.133268
7.225, 1, 0.133268
7.25, 1, 0.133268
7.275, 1, 0.13233
7.3, 1, 0.13364
7.325, 1, 0.13364
7.35, 1, 0.135252
7.375, 1, 0.135252
7.4, 1, 0.136056
7.425, 1, 0.137127
7.45, 1, 0.137568
7.475, 1, 0.137568
7.5, 1, 0.137539
7.525, 1, 0.137539
7.55, 1, 0.136532
7.575, 1, 0.135042
7.6, 1, 0.133499
7.625, 1, 0.133499
7.65, 1, 0.133499
7.675, 1, 0.130263
7.7, 1, 0.130263
7.725, 1, 0.130263
7.75, 1, 0.130263
7.775, 1, 0.130263
7.8, 1, 0.130263
7.825, 1, 0.129236
7.85, 1, 0.129236
7.875, 1, 0.129236
7.9, 1, 0.129236
7.925, 1, 0.129236
7.95, 1, 0.129236
7.975, 1, 0.129236
8, 1, 0.129236
8.025, 1, 0.129236
8.05, 1, 0.129236
8.075, 1, 0.129236
8.1, 1, 0.130006
8.125, 1, 0.130006
8.15, 1, 0.130006
8.175, 1, 0.130006
8.2, 1, 0.129425
8.225, 1, 0.129425
8.25, 1, 0.131848
8.275, 1, 0.135641
8.3, 1, 0.139131
8.325, 1, 0.142317
8.35, 1, 0.142317
8.375, 1, 0.142317
8.4, 1, 0.142317
8.425, 1, 0.142365
8.45, 1, 0.142365
8.475, 1, 0.143495
8.5, 1, 0.144911
8.525, 1, 0.145836
8.55, 1, 0.146545
8.575, 1, 0.146768
8.6, 1, 0.146768
8.625, 1, 0.146768
8.65, 1, 0.14219
8.675, 1, 0.14219
8.7, 1, 0.14219
8.725, 1, 0.138017
8.75, 1, 0.135006
8.775, 1, 0.135006
8.8, 1, 0.135006
8.825, 1, 0.135006
8.85, 1, 0.135006
8.875, 1, 0.135006
8.9, 1, 0.12975
8.925, 1, 0.122692
8.95, 1, 0.122692
8.975, 1, 0.122692
9, 1, 0.122692
9.025, 1, 0.122692
9.05, 1, 0.122692
9.075, 1, 0.122692
9.1, 1, 0.122692
9.125, 1, 0.121428
9.15, 1, 0.121428
9.175, 1, 0.122597
9.2, 1, 0.122597
9.225, 1, 0.122597
9.25, 1, 0.122597
9.275, 1, 0.122597
9.3, 1, 0.122719
9.325, 1, 0.122719
9.35, 1, 0.122719
9.375, 1, 0.123551
9.4, 1, 0.12601
9.425, 1, 0.12601
9.45, 1, 0.12601
9.475, 1, 0.12601
9.5, 1, 0.12601
9.525, 1, 0.125959
9.55, 1, 0.125959
9.575, 1, 0.125959
9.6, 1, 0.125959
9.625, 1, 0.125959
9.65, 1, 0.125959
9.675, 1, 0.120216
9.7, 1, 0.11786
9.725, 1, 0.115873
9.75, 1, 0.115873
9.775, 1, 0.115873
9.8, 1, 0.115873
9.825, 1, 0.109761
9.85, 1, 0.10536
9.875, 1, 0.10249
9.9, 1, 0.10249
9.925, 1, 0.10249
9.95, 1, 0.10249
9.975, 1, 0.10249
10, 1, 0.10249
10.025, 1, 0.10249
10.05, 1, 0.10249
10.075, 1, 0.105385
10.1, 1, 0.109378
10.125, 1, 0.112919
10.15, 1, 0.113613
10.175, 1, 0.112543
10.2, 1, 0.112543
10.225, 1, 0.10998
10.25, 1, 0.10998
10.275, 1, 0.110391
10.3, 1, 0.110391
10.325, 1, 0.110391
10.35, 1, 0.110391
10.375, 1, 0.110391
10.4, 1, 0.110391
10.425, 1, 0.11058
10.45, 1, 0.112489
10.475, 1, 0.112489
10.5, 1, 0.112894
10.525, 1, 0.112894
10.55, 1, 0.112894
10.575, 1, 0.11241
10.6, 1, 0.11241
10.625, 1, 0.11241
10.65, 1, 0.11241
10.675, 1, 0.11241
10.7, 1, 0.111473
10.725, 1, 0.111473
10.75, 1, 0.10693
10.775, 1, 0.10693
10.8, 1, 0.102363
10.825, 1, 0.0989127
10.85, 1, 0.0989127
10.875, 1, 0.0989127
10.9, 1, 0.0989127
10.925, 1, 0.0989127
10.95, 1, 0.0989127
10.975, 1, 0.0989127
11, 1, 0.0966634
11.025, 1, 0.0956252
11.05, 1, 0.0956252
11.075, 1, 0.0956252
11.1, 1, 0.0956252
11.125, 1, 0.0959291
11.15, 1, 0.0979844
11.175, 1, 0.097668
11.2, 1, 0.097668
11.225, 1, 0.097668
11.25, 1, 0.097668
11.275, 1, 0.097668
11.3, 1, 0.097668
11.325, 1, 0.097668
11.35, 1, 0.0976554
11.375, 1, 0.0976554
11.4, 1, 0.0976554
11.425, 1, 0.0976554
11.45, 1, 0.0971938
11.475, 1, 0.0971938
11.5, 1, 0.0971938
11.525, 1, 0.0971938
11.55, 1, 0.0971938
11.575, 1, 0.0977845
11.6, 1, 0.0977845
11.625, 1, 0.0995788
11.65, 1, 0.0995788
11.675, 1, 0.0995788
11.7, 1, 0.0995788
11.725, 1, 0.0995788
11.75, 1, 0.0995788
11.775, 1, 0.0995788
11.8, 1, 0.0995788
11.825, 1, 0.0995788
11.85, 1, 0.0995788
11.875, 1, 0.0995788
11.9, 1, 0.103274
11.925, 1, 0.0968402
11.95, 1, 0.0922551
11.975, 1, 0.089155
12, 1, 0.089155
12.025, 1, 0.0879056
12.05, 1, 0.0872087
12.075, 1, 0.0872087
12.1, 1, 0.0864171
12.125, 1, 0.0864171
12.15, 1, 0.0864171
12.175, 1, 0.0831511
12.2, 1, 0.0839769
12.225, 1, 0.0839769
12.25, 1, 0.0857156
12.275, 1, 0.0857156
12.3, 1, 0.0871572
12.325, 1, 0.0896668
12.35, 1, 0.0896668
12.375, 1, 0.0905535
12.4, 1, 0.0905535
12.425, 1, 0.0917608
12.45, 1, 0.0917608
12.475, 1, 0.0917608
12.5, 1, 0.0917699
12.525, 1, 0.0917699
12.55, 1, 0.0925152
12.575, 1, 0.0925152
12.6, 1, 0.0925152
12.625, 1, 0.090943
12.65, 1, 0.090943
12.675, 1, 0.090943
12.7, 1, 0.090943
12.725, 1, 0.090943
12.75, 1, 0.090943
12.775, 1, 0.090943
12.8, 1, 0.090943
12.825, 1, 0.090943
12.85, 1, 0.090943
12.875, 1, 0.090943
12.9, 1, 0.090943
12.925, 1, 0.090943
12.95, 1, 0.090943
12.975, 1, 0.090943
13, 1, 0.11396
13.025, 1, 0.11396
13.05, 1, 0.11396
13.075, 1, 0.111809
13.1, 1, 0.111809
13.125, 1, 0.111809
13.15, 1, 0.111809
13.175, 1, 0.112424
13.2, 1, 0.112424
13.225, 1, 0.112424
13.25, 1, 0.110617
13.275, 1, 0.110617
13.3, 1, 0.110617
13.325, 1, 0.110617
13.35, 1, 0.110617
13.375, 1, 0.111506
13.4, 1, 0.111506
13.425, 1, 0.112948
13.45, 1, 0.11476
13.475, 1, 0.11476
13.5, 1, 0.11476
13.525, 1, 0.114483
13.55, 1, 0.114483
13.575, 1, 0.115217
13.6, 1, 0.115217
13.625, 1, 0.115217
13.65, 1, 0.115217
13.675, 1, 0.115217
13.7, 1, 0.115217
13.725, 1, 0.115218
13.75, 1, 0.115218
13.775, 1, 0.115218
13.8, 1, 0.115218
13.825, 1, 0.115218
13.85, 1, 0.115218
13.875, 1, 0.113941
13.9, 1, 0.113941
13.925, 1, 0.113941
13.95, 1, 0.112753
13.975, 1, 0.112753
14, 1, 0.112687
14.025, 1, 0.112687
14.05, 1, 0.1129
14.075, 1, 0.113368
14.1, 1, 0.113368
14.125, 1, 0.113368
14.15, 1, 0.112942
14.175, 1, 0.112942
14.2, 1, 0.112942
14.225, 1, 0.112942
14.25, 1, 0.111615
14.275, 1, 0.111615
14.3, 1, 0.111966
14.325, 1, 0.111966
14.35, 1, 0.111966
14.375, 1, 0.111966
14.4, 1, 0.111966
14.425, 1, 0.111702
14.45, 1, 0.110874
14.475, 1, 0.110874
14.5, 1, 0.110874
14.525, 1, 0.110874
14.55, 1, 0.110874
14.575, 1, 0.111047
14.6, 1, 0.111047
14.625, 1, 0.111047
14.65, 1, 0.111047
14.675, 1, 0.111161
14.7, 1, 0.111161
14.725, 1, 0.1117
14.75, 1, 0.11252
14.775, 1, 0.11252
14.8, 1, 0.112729
14.825, 1, 0.112729
14.85, 1, 0.112729
14.875, 1, 0.112729
14.9, 1, 0.112729
14.925, 1, 0.11192
14.95, 1, 0.11192
14.975, 1, 0.11192
15, 1, 0.11192
15.025, 1, 0.10982
15.05, 1, 0.10982
15.075, 1, 0.109934
15.1, 1, 0.109934
15.125, 1, 0.109169
15.15, 1, 0.109169
15.175, 1, 0.104006
15.2, 1, 0.0971378
15.225, 1, 0.0971378
15.25, 1, 0.0971378
15.275, 1, 0.0992042
15.3, 1, 0.0992042
15.325, 1, 0.0992042
15.35, 1, 0.0992042
15.375, 1, 0.0996906
15.4, 1, 0.0996906
15.425, 1, 0.0996906
15.45, 1, 0.0961471
15.475, 1, 0.0961471
15.5, 1, 0.0961471
15.525, 1, 0.0957859
15.55, 1, 0.0957859
15.575, 1, 0.0972779
15.6, 1, 0.0972779
15.625, 1, 0.0986397
15.65, 1, 0.0986397
15.675, 1, 0.0986397
15.7, 1, 0.0986397
15.725, 1, 0.0986397
15.75, 1, 0.0986397
15.775, 1, 0.0986397
15.8, 1, 0.0986397
15.825, 1, 0.0997584
15.85, 1, 0.101277
15.875, 1, 0.102502
15.9, 1, 0.102502
15.925, 1, 0.102397
15.95, 1, 0.102391
15.975, 1, 0.102391
16, 1, 0.102391
16.025, 1, 0.101998
16.05, 1, 0.101998
16.075, 1, 0.100723
16.1, 1, 0.100723
16.125, 1, 0.0963567
16.15, 1, 0.0963567
16.175, 1, 0.0963567
16.2, 1, 0.0948465
16.225, 1, 0.0948465
16.25, 1, 0.0924115
16.275, 1, 0.0924115
16.3, 1, 0.0902707
16.325, 1, 0.089052
16.35, 1, 0.0896962
16.375, 1, 0.0896962
16.4, 1, 0.0906599
16.425, 1, 0.0916667
16.45, 1, 0.0916667
16.475, 1, 0.0916667
16.5, 1, 0.0916667
16.525, 1, 0.0877425
16.55, 1, 0.0884221
16.575, 1, 0.0884221
16.6, 1, 0.0926351
16.625, 1, 0.0982343
16.65, 1, 0.0982343
16.675, 1, 0.0985486
16.7, 1, 0.0985486
16.725, 1, 0.098648
16.75, 1, 0.098648
16.775, 1, 0.098648
16.8, 1, 0.098648
16.825, 1, 0.098648
16.85, 1, 0.098648
16.875, 1, 0.098648
16.9, 1, 0.098648
16.925, 1, 0.1052
16.95, 1, 0.1052
16.975, 1, 0.104774
17, 1, 0.104323
17.025, 1, 0.104323
17.05, 1, 0.102769
17.075, 1, 0.102769
17.1, 1, 0.102769
17.125, 1, 0.103246
17.15, 1, 0.103246
17.175, 1, 0.103246
17.2, 1, 0.103858
17.225, 1, 0.104947
17.25, 1, 0.104947
17.275, 1, 0.103377
17.3, 1, 0.103232
17.325, 1, 0.103232
17.35, 1, 0.103232
17.375, 1, 0.104053
17.4, 1, 0.104053
17.425, 1, 0.104053
17.45, 1, 0.102621
17.475, 1, 0.102621
17.5, 1, 0.101432
17.525, 1, 0.101141
17.55, 1, 0.101141
17.575, 1, 0.101141
17.6, 1, 0.101141
17.625, 1, 0.101141
17.65, 1, 0.101062
17.675, 1, 0.101062
17.7, 1, 0.101062
17.725, 1, 0.101062
17.75, 1, 0.101062
17.775, 1, 0.100925
17.8, 1, 0.101107
17.825, 1, 0.101107
17.85, 1, 0.101107
17.875, 1, 0.101107
17.9, 1, 0.101107
17.925, 1, 0.101107
17.95, 1, 0.10082
17.975, 1, 0.10082
18, 1, 0.10082
18.025, 1, 0.10082
18.05, 1, 0.10082
18.075, 1, 0.10082
18.1, 1, 0.10082
18.125, 1, 0.10082
18.15, 1, 0.10082
18.175, 1, 0.10082
18.2, 1, 0.10082
18.225, 1, 0.10082
18.25, 1, 0.0997472
18.275, 1, 0.0982699
18.3, 1, 0.0960792
18.325, 1, 0.0936118
18.35, 1, 0.0936118
18.375, 1, 0.0936118
18.4, 1, 0.0936118
18.425, 1, 0.0936118
18.45, 1, 0.0936118
18.475, 1, 0.0936118
18.5, 1, 0.093638
18.525, 1, 0.0939947
18.55, 1, 0.0948266
18.575, 1, 0.0962211
18.6, 1, 0.0962211
18.625, 1, 0.0962211
18.65, 1, 0.0962211
18.675, 1, 0.095781
18.7, 1, 0.0981562
18.725, 1, 0.0981562
18.75, 1, 0.0981562
18.775, 1, 0.0983014
18.8, 1, 0.0983014
18.825, 1, 0.0984321
18.85, 1, 0.0999542
18.875, 1, 0.10138
18.9, 1, 0.103075
18.925, 1, 0.104359
18.95, 1, 0.104359
18.975, 1, 0.101395
19, 1, 0.100298
19.025, 1, 0.0998535
19.05, 1, 0.0998535
19.075, 1, 0.100205
19.1, 1, 0.0999357
19.125, 1, 0.0989186
19.15, 1, 0.095077
19.175, 1, 0.095077
19.2, 1, 0.095077
19.225, 1, 0.095077
19.25, 1, 0.095077
19.275, 1, 0.095077
19.3, 1, 0.102699
19.325, 1, 0.102699
19.35, 1, 0.102699
19.375, 1, 0.102699
19.4, 1, 0.10096
19.425, 1, 0.10096
19.45, 1, 0.10096
19.475, 1, 0.10096
19.5, 1, 0.0991062
19.525, 1, 0.0991062
19.55, 1, 0.0991062
19.575, 1, 0.0991062
19.6, 1, 0.0989524
19.625, 1, 0.0989524
19.65, 1, 0.101524
19.675, 1, 0.105703
19.7, 1, 0.1092
19.725, 1, 0.112225
19.75, 1, 0.112225
19.775, 1, 0.112225
19.8, 1, 0.112225
19.825, 1, 0.112037
19.85, 1, 0.112037
19.875, 1, 0.113
19.9, 1, 0.113
19.925, 1, 0.113
19.95, 1, 0.113193
19.975, 1, 0.115335
20, 1, 0.117279
20, 1, 0.103577
20.025, 1, 0.103577
20.05, 1, 0.103577
20.075, 1, 0.103577
20.1, 1, 0.103577
20.125, 1, 0.103577
20.15, 1, 0.103577
20.175, 1, 0.103846
20.2, 1, 0.103846
20.225, 1, 0.103846
20.25, 1, 0.103947
20.275, 1, 0.103986
20.3, 1, 0.103986
20.325, 1, 0.103812
20.35, 1, 0.103546
20.375, 1, 0.103546
20.4, 1, 0.103546
20.425, 1, 0.103363
20.45, 1, 0.103363
20.475, 1, 0.103363
20.5, 1, 0.103363
20.525, 1, 0.103363
20.55, 1, 0.103363
20.575, 1, 0.103363
20.6, 1, 0.103758
20.625, 1, 0.104166
20.65, 1, 0.104603
20.675, 1, 0.105181
20.7, 1, 0.105181
20.725, 1, 0.105889
20.75, 1, 0.105889
20.775, 1, 0.105889
20.8, 1, 0.105889
20.825, 1, 0.106533
20.85, 1, 0.106533
20.875, 1, 0.106533
20.9, 1, 0.107168
20.925, 1, 0.107938
20.95, 1, 0.107938
20.975, 1, 0.108732
21, 1, 0.108732
21.025, 1, 0.108732
21.05, 1, 0.109464
21.075, 1, 0.109464
21.1, 1, 0.109464
21.125, 1, 0.109464
21.15, 1, 0.109464
21.175, 1, 0.109464
21.2, 1, 0.109464
21.225, 1, 0.109464
21.25, 1, 0.109464
21.275, 1, 0.110199
21.3, 1, 0.110199
21.325, 1, 0.110888
21.35, 1, 0.110888
21.375, 1, 0.111522
21.4, 1, 0.111522
21.425, 1, 0.111522
21.45, 1, 0.112088
21.475, 1, 0.112088
21.5, 1, 0.112602
21.525, 1, 0.113079
21.55, 1, 0.11352
21.575, 1, 0.113919
21.6, 1, 0.113919
21.625, 1, 0.113919
21.65, 1, 0.113919
21.675, 1, 0.113919
21.7, 1, 0.113919
21.725, 1, 0.113919
21.75, 1, 0.113919
21.775, 1, 0.114452
21.8, 1, 0.114452
21.825, 1, 0.114946
21.85, 1, 0.114946
21.875, 1, 0.114946
21.9, 1, 0.114946
21.925, 1, 0.115301
21.95, 1, 0.115301
21.975, 1, 0.115301
22, 1, 0.115301
22.025, 1, 0.115301
22.05, 1, 0.115784
22.075, 1, 0.115784
22.1, 1, 0.115784
22.125, 1, 0.115784
22.15, 1, 0.115784
22.175, 1, 0.115784
22.2, 1, 0.116196
22.225, 1, 0.116585
22.25, 1, 0.116991
22.275, 1, 0.116991
22.3, 1, 0.117461
22.325, 1, 0.117461
22.35, 1, 0.117937
22.375, 1, 0.117937
22.4, 1, 0.118394
22.425, 1, 0.118394
22.45, 1, 0.118394
22.475, 1, 0.118394
22.5, 1, 0.118839
22.525, 1, 0.119272
22.55, 1, 0.119694
22.575, 1, 0.120102
22.6, 1, 0.120102
22.625, 1, 0.120102
22.65, 1, 0.120494
22.675, 1, 0.120865
22.7, 1, 0.120865
22.725, 1, 0.120865
22.75, 1, 0.120865
22.775, 1, 0.120865
22.8, 1, 0.120865
22.825, 1, 0.121238
22.85, 1, 0.121606
22.875, 1, 0.121606
22.9, 1, 0.121606
22.925, 1, 0.121973
22.95, 1, 0.121973
22.975, 1, 0.122323
23, 1, 0.122323
23.025, 1, 0.122649
23.05, 1, 0.122948
23.075, 1, 0.122948
23.1, 1, 0.122948
23.125, 1, 0.122948
23.15, 1, 0.122948
23.175, 1, 0.122948
23.2, 1, 0.122948
23.225, 1, 0.123248
23.25, 1, 0.123248
23.275, 1, 0.123248
23.3, 1, 0.123248
23.325, 1, 0.123248
23.35, 1, 0.123397
23.375, 1, 0.123397
23.4, 1, 0.123606
23.425, 1, 0.123606
23.45, 1, 0.123606
23.475, 1, 0.123606
23.5, 1, 0.123606
23.525, 1, 0.123814
23.55, 1, 0.123814
23.575, 1, 0.124022
23.6, 1, 0.12422
23.625, 1, 0.12422
23.65, 1, 0.124433
23.675, 1, 0.12465
23.7, 1, 0.12465
23.725, 1, 0.124868
23.75, 1, 0.124868
23.775, 1, 0.124868
23.8, 1, 0.124868
23.825, 1, 0.124868
23.85, 1, 0.125069
23.875, 1, 0.125263
23.9, 1, 0.125463
23.925, 1, 0.125656
23.95, 1, 0.125837
23.975, 1, 0.125837
24, 1, 0.125919
24.025, 1, 0.1258
24.05, 1, 0.125354
24.075, 1, 0.125354
24.1, 1, 0.124494
24.125, 1, 0.124494
24.15, 1, 0.124494
24.175, 1, 0.124494
24.2, 1, 0.123531
24.225, 1, 0.123531
24.25, 1, 0.122557
24.275, 1, 0.121675
24.3, 1, 0.121675
24.325, 1, 0.121675
24.35, 1, 0.121675
24.375, 1, 0.120826
24.4, 1, 0.120826
24.425, 1, 0.120826
24.45, 1, 0.120826
24.475, 1, 0.120003
24.5, 1, 0.120003
24.525, 1, 0.120003
24.55, 1, 0.120003
24.575, 1, 0.120003
24.6, 1, 0.118968
24.625, 1, 0.118968
24.65, 1, 0.118968
24.675, 1, 0.118968
24.7, 1, 0.117981
24.725, 1, 0.117981
24.75, 1, 0.117981
24.775, 1, 0.11701
24.8, 1, 0.11701
24.825, 1, 0.11701
24.85, 1, 0.11701
24.875, 1, 0.11701
24.9, 1, 0.115926
24.925, 1, 0.114804
24.95, 1, 0.114804
24.975, 1, 0.113679
25, 1, 0.112549
25.025, 1, 0.11142
25.05, 1, 0.110301
25.075, 1, 0.109189
25.1, 1, 0.10808
25.125, 1, 0.10808
25.15, 1, 0.10808
25.175, 1, 0.10808
25.2, 1, 0.10808
25.225, 1, 0.10808
25.25, 1, 0.10808
25.275, 1, 0.106996
25.3, 1, 0.10593
25.325, 1, 0.104876
25.35, 1, 0.104876
25.375, 1, 0.103838
25.4, 1, 0.102825
25.425, 1, 0.102825
25.45, 1, 0.102825
25.475, 1, 0.102825
25.5, 1, 0.101815
25.525, 1, 0.101815
25.55, 1, 0.100827
25.575, 1, 0.100827
25.6, 1, 0.100827
25.625, 1, 0.100827
25.65, 1, 0.100827
25.675, 1, 0.0998682
25.7, 1, 0.0998682
25.725, 1, 0.0998682
25.75, 1, 0.0988889
25.775, 1, 0.0988889
25.8, 1, 0.0988889
25.825, 1, 0.0979663
25.85, 1, 0.0979663
25.875, 1, 0.0971157
25.9, 1, 0.0971157
25.925, 1, 0.0971157
25.95, 1, 0.0963067
25.975, 1, 0.0963067
26, 1, 0.0963067
26.025, 1, 0.095477
26.05, 1, 0.0945942
26.075, 1, 0.0945942
26.1, 1, 0.0937931
26.125, 1, 0.0930449
26.15, 1, 0.0930449
26.175, 1, 0.0930449
26.2, 1, 0.0923189
26.225, 1, 0.0923189
26.25, 1, 0.0916182
26.275, 1, 0.0916182
26.3, 1, 0.0909328
26.325, 1, 0.0909328
26.35, 1, 0.0902731
26.375, 1, 0.0902731
26.4, 1, 0.0902731
26.425, 1, 0.0902731
26.45, 1, 0.0902731
26.475, 1, 0.0896357
26.5, 1, 0.0890164
26.525, 1, 0.0890164
26.55, 1, 0.0884116
26.575, 1, 0.0878193
26.6, 1, 0.0878193
26.625, 1, 0.0878193
26.65, 1, 0.0878193
26.675, 1, 0.0878193
26.7, 1, 0.0878193
26.725, 1, 0.0878193
26.75, 1, 0.0878193
26.775, 1, 0.0872559
26.8, 1, 0.0872559
26.825, 1, 0.0872559
26.85, 1, 0.0872559
26.875, 1, 0.0872559
26.9, 1, 0.0867507
26.925, 1, 0.0862683
26.95, 1, 0.0862683
26.975, 1, 0.085767
27, 1, 0.085767
27.025, 1, 0.085086
27.05, 1, 0.085086
27.075, 1, 0.0842084
27.1, 1, 0.0842084
27.125, 1, 0.0842084
27.15, 1, 0.0842084
27.175, 1, 0.0842084
27.2, 1, 0.0835881
27.225, 1, 0.0830546
27.25, 1, 0.0830546
27.275, 1, 0.0830546
27.3, 1, 0.0830546
27.325, 1, 0.0823423
27.35, 1, 0.0815524
27.375, 1, 0.0815524
27.4, 1, 0.0809937
27.425, 1, 0.0809937
27.45, 1, 0.0804954
27.475, 1, 0.0804954
27.5, 1, 0.0800064
27.525, 1, 0.0795369
27.55, 1, 0.0795369
27.575, 1, 0.0795369
27.6, 1, 0.0790618
27.625, 1, 0.0786037
27.65, 1, 0.0781743
27.675, 1, 0.0781743
27.7, 1, 0.0781743
27.725, 1, 0.0781743
27.75, 1, 0.0781743
27.775, 1, 0.0777593
27.8, 1, 0.0777593
27.825, 1, 0.0773596
27.85, 1, 0.0773596
27.875, 1, 0.0769738
27.9, 1, 0.0766029
27.925, 1, 0.0766029
27.95, 1, 0.0762448
27.975, 1, 0.0762448
28, 1, 0.0758916
28.025, 1, 0.0758916
28.05, 1, 0.0758916
28.075, 1, 0.0758916
28.1, 1, 0.07552
28.125, 1, 0.07552
28.15, 1, 0.0751607
28.175, 1, 0.0748495
28.2, 1, 0.0748495
28.225, 1, 0.0748495
28.25, 1, 0.0748495
28.275, 1, 0.0748495
28.3, 1, 0.0746685
28.325, 1, 0.0744893
28.35, 1, 0.0744893
28.375, 1, 0.0744893
28.4, 1, 0.0744893
28.425, 1, 0.0744893
28.45, 1, 0.0744893
28.475, 1, 0.0744893
28.5, 1, 0.0744893
28.525, 1, 0.0742634
28.55, 1, 0.0742634
28.575, 1, 0.0740989
28.6, 1, 0.0739156
28.625, 1, 0.0739156
28.65, 1, 0.0737754
28.675, 1, 0.0737754
28.7, 1, 0.0735185
28.725, 1, 0.0735185
28.75, 1, 0.0735185
28.775, 1, 0.0735185
28.8, 1, 0.0728002
28.825, 1, 0.0716132
28.85, 1, 0.0702405
28.875, 1, 0.0702405
28.9, 1, 0.0688382
28.925, 1, 0.0688382
28.95, 1, 0.0688382
28.975, 1, 0.0688382
29, 1, 0.067556
29.025, 1, 0.0661683
29.05, 1, 0.0661683
29.075, 1, 0.0661683
29.1, 1, 0.0648682
29.125, 1, 0.0648682
29.15, 1, 0.0637236
29.175, 1, 0.0628797
29.2, 1, 0.0621134
29.225, 1, 0.0613377
29.25, 1, 0.0613377
29.275, 1, 0.0606983
29.3, 1, 0.060134
29.325, 1, 0.060134
29.35, 1, 0.060134
29.375, 1, 0.060134
29.4, 1, 0.059588
29.425, 1, 0.059588
29.45, 1, 0.059588
29.475, 1, 0.059588
29.5, 1, 0.059588
29.525, 1, 0.059588
29.55, 1, 0.0592003
29.575, 1, 0.058811
29.6, 1, 0.058811
29.625, 1, 0.058811
29.65, 1, 0.058811
29.675, 1, 0.058811
29.7, 1, 0.0584291
29.725, 1, 0.0584291
29.75, 1, 0.0584291
29.775, 1, 0.0584291
29.8, 1, 0.0578884
29.825, 1, 0.0578884
29.85, 1, 0.0578884
29.875, 1, 0.0575666
29.9, 1, 0.0575666
29.925, 1, 0.0574406
29.95, 1, 0.0574406
29.975, 1, 0.0574406
30, 1, 0.0572852
30.025, 1, 0.0572852
30.05, 1, 0.0570259
30.075, 1, 0.0570259
30.1, 1, 0.0567631
30.125, 1, 0.0567631
30.15, 1, 0.0565406
30.175, 1, 0.0565406
30.2, 1, 0.0563882
30.225, 1, 0.0563339
30.25, 1, 0.0563339
30.275, 1, 0.0562484
30.3, 1, 0.0562484
30.325, 1, 0.0562019
30.35, 1, 0.0561788
30.375, 1, 0.0561788
30.4, 1, 0.0561788
30.425, 1, 0.0561788
30.45, 1, 0.0561477
30.475, 1, 0.0560994
30.5, 1, 0.0560331
30.525, 1, 0.0560331
30.55, 1, 0.0560331
30.575, 1, 0.0559691
30.6, 1, 0.0558841
30.625, 1, 0.0558841
30.65, 1, 0.055774
30.675, 1, 0.055774
30.7, 1, 0.055774
30.725, 1, 0.0556291
30.75, 1, 0.0554677
30.775, 1, 0.0553124
30.8, 1, 0.0553124
30.825, 1, 0.0553124
30.85, 1, 0.0551681
30.875, 1, 0.0551681
30.9, 1, 0.0551681
30.925, 1, 0.0551681
30.95, 1, 0.0550315
30.975, 1, 0.0550315
31, 1, 0.0550315
31.025, 1, 0.0550315
31.05, 1, 0.0550315
31.075, 1, 0.0550315
31.1, 1, 0.0549099
31.125, 1, 0.0549099
31.15, 1, 0.0547926
31.175, 1, 0.0547926
31.2, 1, 0.0545289
31.225, 1, 0.0540506
31.25, 1, 0.0534988
31.275, 1, 0.0529943
31.3, 1, 0.0525579
31.325, 1, 0.0522011
31.35, 1, 0.0522011
31.375, 1, 0.0522011
31.4, 1, 0.0522011
31.425, 1, 0.0522011
31.45, 1, 0.0522011
31.475, 1, 0.0522011
31.5, 1, 0.0522011
31.525, 1, 0.0517981
31.55, 1, 0.0513889
31.575, 1, 0.0513889
31.6, 1, 0.051044
31.625, 1, 0.0507516
31.65, 1, 0.0507516
31.675, 1, 0.0507516
31.7, 1, 0.0507516
31.725, 1, 0.0507516
31.75, 1, 0.0507516
31.775, 1, 0.0504359
31.8, 1, 0.0504359
31.825, 1, 0.050127
31.85, 1, 0.050127
31.875, 1, 0.050127
31.9, 1, 0.0498345
31.925, 1, 0.0498345
31.95, 1, 0.0495628
31.975, 1, 0.0495628
32, 1, 0.0495628
32.025, 1, 0.0492964
32.05, 1, 0.0492964
32.075, 1, 0.0492964
32.1, 1, 0.0492964
32.125, 1, 0.0490244
32.15, 1, 0.0487633
32.175, 1, 0.0485214
32.2, 1, 0.0482976
32.225, 1, 0.0482976
32.25, 1, 0.0482976
32.275, 1, 0.0480761
32.3, 1, 0.0480761
32.325, 1, 0.0480761
32.35, 1, 0.0480761
32.375, 1, 0.0478429
32.4, 1, 0.0478429
32.425, 1, 0.0476182
32.45, 1, 0.0473136
32.475, 1, 0.0468107
32.5, 1, 0.0462371
32.525, 1, 0.0462371
32.55, 1, 0.0462371
32.575, 1, 0.0457346
32.6, 1, 0.0457346
32.625, 1, 0.0457346
32.65, 1, 0.0457346
32.675, 1, 0.0453115
32.7, 1, 0.0448812
32.725, 1, 0.0444496
32.75, 1, 0.0440553
32.775, 1, 0.0436808
32.8, 1, 0.0433185
32.825, 1, 0.0433185
32.85, 1, 0.042908
32.875, 1, 0.042908
32.9, 1, 0.042908
32.925, 1, 0.0424084
32.95, 1, 0.0419029
32.975, 1, 0.0419029
33, 1, 0.0419029
33.025, 1, 0.0419029
33.05, 1, 0.0414155
33.075, 1, 0.0414155
33.1, 1, 0.0409366
33.125, 1, 0.0404696
33.15, 1, 0.0404696
33.175, 1, 0.0399669
33.2, 1, 0.0399669
33.225, 1, 0.0395591
33.25, 1, 0.0395591
33.275, 1, 0.0390032
33.3, 1, 0.0390032
33.325, 1, 0.0390032
33.35, 1, 0.0390032
33.375, 1, 0.0390032
33.4, 1, 0.0390032
33.425, 1, 0.0390032
33.45, 1, 0.0390032
33.475, 1, 0.0391821
33.5, 1, 0.0391821
33.525, 1, 0.0387316
33.55, 1, 0.0387316
33.575, 1, 0.0387008
33.6, 1, 0.0388897
33.625, 1, 0.0392842
33.65, 1, 0.0398443
33.675, 1, 0.0398443
33.7, 1, 0.0398443
33.725, 1, 0.0398443
33.75, 1, 0.0402297
33.775, 1, 0.0400746
33.8, 1, 0.0396523
33.825, 1, 0.0396523
33.85, 1, 0.0396523
33.875, 1, 0.0396523
33.9, 1, 0.0396523
33.925, 1, 0.0396523
33.95, 1, 0.0396523
33.975, 1, 0.0390687
34, 1, 0.0385039
34.025, 1, 0.0385039
34.05, 1, 0.0378698
34.075, 1, 0.0378698
34.1, 1, 0.0378698
34.125, 1, 0.0378698
34.15, 1, 0.0378698
34.175, 1, 0.0374234
34.2, 1, 0.0374234
34.225, 1, 0.0374234
34.25, 1, 0.0369554
34.275, 1, 0.0364913
34.3, 1, 0.0360121
34.325, 1, 0.0360121
34.35, 1, 0.0360121
34.375, 1, 0.0355909
34.4, 1, 0.0355909
34.425, 1, 0.0355909
34.45, 1, 0.0355909
34.475, 1, 0.0355909
34.5, 1, 0.0355909
34.525, 1, 0.0348947
34.55, 1, 0.0348947
34.575, 1, 0.0348947
34.6, 1, 0.0352144
34.625, 1, 0.0352144
34.65, 1, 0.0352144
34.675, 1, 0.0352144
34.7, 1, 0.0352144
34.725, 1, 0.0352144
34.75, 1, 0.0368974
34.775, 1, 0.0368974
34.8, 1, 0.0385397
34.825, 1, 0.0385397
34.85, 1, 0.0403064
34.875, 1, 0.0403064
34.9, 1, 0.0420282
34.925, 1, 0.0420282
34.95, 1, 0.0435157
34.975, 1, 0.0442752
35, 1, 0.0442752
35.025, 1, 0.0453714
35.05, 1, 0.0453714
35.075, 1, 0.0459699
35.1, 1, 0.0459699
35.125, 1, 0.0467054
35.15, 1, 0.0467054
35.175, 1, 0.0467054
35.2, 1, 0.0467054
35.225, 1, 0.0467054
35.25, 1, 0.0467054
35.275, 1, 0.0467054
35.3, 1, 0.0475819
35.325, 1, 0.0488487
35.35, 1, 0.0488487
35.375, 1, 0.0498746
35.4, 1, 0.0498746
35.425, 1, 0.0498746
35.45, 1, 0.0507108
35.475, 1, 0.0507108
35.5, 1, 0.051527
35.525, 1, 0.051527
35.55, 1, 0.051527
35.575, 1, 0.051527
35.6, 1, 0.0523097
35.625, 1, 0.0523097
35.65, 1, 0.0530689
35.675, 1, 0.0530689
35.7, 1, 0.0530689
35.725, 1, 0.0530689
35.75, 1, 0.053802
35.775, 1, 0.053802
35.8, 1, 0.053802
35.825, 1, 0.053802
35.85, 1, 0.0545054
35.875, 1, 0.0545054
35.9, 1, 0.0551688
35.925, 1, 0.0551688
35.95, 1, 0.0557941
35.975, 1, 0.0563779
36, 1, 0.0569171
36.025, 1, 0.0569171
36.05, 1, 0.0569171
36.075, 1, 0.0574306
36.1, 1, 0.0579282
36.125, 1, 0.0579282
36.15, 1, 0.0579282
36.175, 1, 0.0583998
36.2, 1, 0.0583998
36.225, 1, 0.0583998
36.25, 1, 0.0588523
36.275, 1, 0.0588523
36.3, 1, 0.0588523
36.325, 1, 0.0592896
36.35, 1, 0.0592896
36.375, 1, 0.0596944
36.4, 1, 0.0596944
36.425, 1, 0.0596944
36.45, 1, 0.0601181
36.475, 1, 0.0605386
36.5, 1, 0.0605386
36.525, 1, 0.0605386
36.55, 1, 0.0605386
36.575, 1, 0.0605386
36.6, 1, 0.0605386
36.625, 1, 0.060908
36.65, 1, 0.060908
36.675, 1, 0.060908
36.7, 1, 0.060908
36.725, 1, 0.060908
36.75, 1, 0.061271
36.775, 1, 0.061271
36.8, 1, 0.061271
36.825, 1, 0.0616129
36.85, 1, 0.0616129
36.875, 1, 0.0616129
36.9, 1, 0.0619456
36.925, 1, 0.0619456
36.95, 1, 0.0619456
36.975, 1, 0.062278
37, 1, 0.062278
37.025, 1, 0.062596
37.05, 1, 0.062596
37.075, 1, 0.0629098
37.1, 1, 0.0632142
37.125, 1, 0.0632142
37.15, 1, 0.0632142
37.175, 1, 0.063506
37.2, 1, 0.0637851
37.225, 1, 0.064049
37.25, 1, 0.064049
37.275, 1, 0.0642975
37.3, 1, 0.0645294
37.325, 1, 0.0645294
37.35, 1, 0.0645294
37.375, 1, 0.0647542
37.4, 1, 0.0647542
37.425, 1, 0.0647542
37.45, 1, 0.0647542
37.475, 1, 0.0649705
37.5, 1, 0.0649705
37.525, 1, 0.0651769
37.55, 1, 0.0651769
37.575, 1, 0.0651769
37.6, 1, 0.0651769
37.625, 1, 0.0651769
37.65, 1, 0.0653651
37.675, 1, 0.0655272
37.7, 1, 0.0655272
37.725, 1, 0.0656832
37.75, 1, 0.0658214
37.775, 1, 0.0659427
37.8, 1, 0.0659427
37.825, 1, 0.0659427
37.85, 1, 0.0660093
37.875, 1, 0.066014
37.9, 1, 0.0659576
37.925, 1, 0.0659576
37.95, 1, 0.0659576
37.975, 1, 0.0659576
38, 1, 0.0659856
38.025, 1, 0.0660596
38.05, 1, 0.0660596
38.075, 1, 0.0660596
38.1, 1, 0.0660596
38.125, 1, 0.0660596
38.15, 1, 0.0660596
38.175, 1, 0.0659741
38.2, 1, 0.0658973
38.225, 1, 0.0658973
38.25, 1, 0.0658973
38.275, 1, 0.0658973
38.3, 1, 0.0658224
38.325, 1, 0.0658224
38.35, 1, 0.0657589
38.375, 1, 0.0657589
38.4, 1, 0.0657151
38.425, 1, 0.0657151
38.45, 1, 0.0657151
38.475, 1, 0.0656913
38.5, 1, 0.06564
38.525, 1, 0.0655085
38.55, 1, 0.0653909
38.575, 1, 0.0653215
38.6, 1, 0.0653215
38.625, 1, 0.0653215
38.65, 1, 0.0653215
38.675, 1, 0.0653215
38.7, 1, 0.0652461
38.725, 1, 0.0652461
38.75, 1, 0.0652461
38.775, 1, 0.0651876
38.8, 1, 0.0651339
38.825, 1, 0.0650844
38.85, 1, 0.0650844
38.875, 1, 0.0649671
38.9, 1, 0.0647754
38.925, 1, 0.0647754
38.95, 1, 0.0645103
38.975, 1, 0.0645103
39, 1, 0.0642604
39.025, 1, 0.0642604
39.05, 1, 0.063521
39.075, 1, 0.063521
39.1, 1, 0.063521
39.125, 1, 0.063521
39.15, 1, 0.0633916
39.175, 1, 0.0633916
39.2, 1, 0.0633916
39.225, 1, 0.0633756
39.25, 1, 0.0633756
39.275, 1, 0.0633756
39.3, 1, 0.0630695
39.325, 1, 0.0627284
39.35, 1, 0.0626177
39.375, 1, 0.0626177
39.4, 1, 0.0626177
39.425, 1, 0.0626177
39.45, 1, 0.0626177
39.475, 1, 0.0626177
39.5, 1, 0.0626177
39.525, 1, 0.0626177
39.55, 1, 0.0620099
39.575, 1, 0.0620099
39.6, 1, 0.0614189
39.625, 1, 0.0614189
39.65, 1, 0.0608081
39.675, 1, 0.0608081
39.7, 1, 0.0600707
39.725, 1, 0.0593426
39.75, 1, 0.0593426
39.775, 1, 0.0577288
39.8, 1, 0.0548148
39.825, 1, 0.0504716
39.85, 1, 0.0504716
39.875, 1, 0.0504716
39.9, 1, 0.0504716
39.925, 1, 0.0504716
39.95, 1, 0.0504716
39.975, 1, 0.0504716
40, 1, 0.0504716
40.025, 1, 0.0492595
40.05, 1, 0.0492595
40.075, 1, 0.0502888
40.1, 1, 0.0502888
40.125, 1, 0.0502888
40.15, 1, 0.0502888
40.175, 1, 0.0502888
40.2, 1, 0.0512172
40.225, 1, 0.0512172
40.25, 1, 0.0519499
40.275, 1, 0.0519499
40.3, 1, 0.0520899
40.325, 1, 0.0520899
40.35, 1, 0.0515719
40.375, 1, 0.0515719
40.4, 1, 0.050567
40.425, 1, 0.050567
40.45, 1, 0.050567
40.475, 1, 0.050567
40.5, 1, 0.050567
40.525, 1, 0.050567
40.55, 1, 0.050567
40.575, 1, 0.050567
40.6, 1, 0.0497321
40.625, 1, 0.048689
40.65, 1, 0.0476994
40.675, 1, 0.0476994
40.7, 1, 0.0476994
40.725, 1, 0.0476994
40.75, 1, 0.0476994
40.775, 1, 0.0476994
40.8, 1, 0.0465513
40.825, 1, 0.0465513
40.85, 1, 0.0454146
40.875, 1, 0.0454146
40.9, 1, 0.0454146
40.925, 1, 0.0454146
40.95, 1, 0.0454146
40.975, 1, 0.0454146
41, 1, 0.0444609
41.025, 1, 0.0444609
41.05, 1, 0.0444609
41.075, 1, 0.0444609
41.1, 1, 0.0444609
41.125, 1, 0.04349
41.15, 1, 0.04349
41.175, 1, 0.04349
41.2, 1, 0.04349
41.225, 1, 0.04349
41.25, 1, 0.04349
41.275, 1, 0.04349
41.3, 1, 0.0425518
41.325, 1, 0.0425518
41.35, 1, 0.0425518
41.375, 1, 0.0425518
41.4, 1, 0.0425518
41.425, 1, 0.0416433
41.45, 1, 0.0416433
41.475, 1, 0.0416433
41.5, 1, 0.0407598
41.525, 1, 0.0407598
41.55, 1, 0.0398964
41.575, 1, 0.0398964
41.6, 1, 0.0398964
41.625, 1, 0.0398964
41.65, 1, 0.0398964
41.675, 1, 0.0398964
41.7, 1, 0.0398964
41.725, 1, 0.0390622
41.75, 1, 0.0390622
41.775, 1, 0.0390622
41.8, 1, 0.0390622
41.825, 1, 0.0390622
41.85, 1, 0.0390622
41.875, 1, 0.0390622
41.9, 1, 0.0390622
41.925, 1, 0.0390622
41.95, 1, 0.0382843
41.975, 1, 0.0382843
42, 1, 0.0382843
42.025, 1, 0.0382843
42.05, 1, 0.0375466
42.075, 1, 0.0375466
42.1, 1, 0.0375466
42.125, 1, 0.0370457
42.15, 1, 0.0366724
42.175, 1, 0.0363574
42.2, 1, 0.0360682
42.225, 1, 0.0357898
42.25, 1, 0.0355214
42.275, 1, 0.0352475
42.3, 1, 0.0352475
42.325, 1, 0.0352475
42.35, 1, 0.0350137
42.375, 1, 0.0350137
42.4, 1, 0.034803
42.425, 1, 0.03458
42.45, 1, 0.0343223
42.475, 1, 0.0343223
42.5, 1, 0.0343223
42.525, 1, 0.0341017
42.55, 1, 0.033928
42.575, 1, 0.033928
42.6, 1, 0.033928
42.625, 1, 0.033928
42.65, 1, 0.033928
42.675, 1, 0.0337584
42.7, 1, 0.0337584
42.725, 1, 0.0335945
42.75, 1, 0.0335945
42.775, 1, 0.0335945
42.8, 1, 0.0335945
42.825, 1, 0.0334188
42.85, 1, 0.0334188
42.875, 1, 0.0334188
42.9, 1, 0.0334188
42.925, 1, 0.0334188
42.95, 1, 0.0334188
42.975, 1, 0.0334188
43, 1, 0.0334188
43.025, 1, 0.0332206
43.05, 1, 0.0332206
43.075, 1, 0.0332206
43.1, 1, 0.0332206
43.125, 1, 0.0332206
43.15, 1, 0.0332206
43.175, 1, 0.0331287
43.2, 1, 0.0331287
43.225, 1, 0.0330733
43.25, 1, 0.0330733
43.275, 1, 0.0330733
43.3, 1, 0.0330177
43.325, 1, 0.0330063
43.35, 1, 0.0330795
43.375, 1, 0.0332419
43.4, 1, 0.0332419
43.425, 1, 0.0332419
43.45, 1, 0.0332419
43.475, 1, 0.0333869
43.5, 1, 0.0333869
43.525, 1, 0.0333869
43.55, 1, 0.0333869
43.575, 1, 0.0336416
43.6, 1, 0.0336416
43.625, 1, 0.0336416
43.65, 1, 0.0336416
43.675, 1, 0.0337772
43.7, 1, 0.0337772
43.725, 1, 0.0337611
43.75, 1, 0.0337611
43.775, 1, 0.0338078
43.8, 1, 0.0338078
43.825, 1, 0.0338078
43.85, 1, 0.0338078
43.875, 1, 0.0338078
43.9, 1, 0.0338481
43.925, 1, 0.0338481
43.95, 1, 0.0338861
43.975, 1, 0.0338861
44, 1, 0.0338861
44.025, 1, 0.0339618
44.05, 1, 0.0339618
44.075, 1, 0.0339618
44.1, 1, 0.0339618
44.125, 1, 0.0339618
44.15, 1, 0.0339618
44.175, 1, 0.0339618
44.2, 1, 0.0339618
44.225, 1, 0.0341261
44.25, 1, 0.0341261
44.275, 1, 0.0341261
44.3, 1, 0.0342672
44.325, 1, 0.0344587
44.35, 1, 0.0344587
44.375, 1, 0.0344587
44.4, 1, 0.0344587
44.425, 1, 0.0347193
44.45, 1, 0.0347193
44.475, 1, 0.0347193
44.5, 1, 0.0349887
44.525, 1, 0.0353937
44.55, 1, 0.0358168
44.575, 1, 0.0358168
44.6, 1, 0.0358168
44.625, 1, 0.0362742
44.65, 1, 0.0362742
44.675, 1, 0.0362742
44.7, 1, 0.0362742
44.725, 1, 0.0366682
44.75, 1, 0.0370321
44.775, 1, 0.0370321
44.8, 1, 0.0370321
44.825, 1, 0.0370321
44.85, 1, 0.0370321
44.875, 1, 0.0374238
44.9, 1, 0.0374238
44.925, 1, 0.0374238
44.95, 1, 0.0374238
44.975, 1, 0.038018
45, 1, 0.038018
45.025, 1, 0.038018
45.05, 1, 0.038018
45.075, 1, 0.038018
45.1, 1, 0.038018
45.125, 1, 0.038018
45.15, 1, 0.0386476
45.175, 1, 0.0392943
45.2, 1, 0.0392943
45.225, 1, 0.0392943
45.25, 1, 0.0398546
45.275, 1, 0.0398546
45.3, 1, 0.0398546
45.325, 1, 0.0404122
45.35, 1, 0.0404122
45.375, 1, 0.0404122
45.4, 1, 0.0404122
45.425, 1, 0.0404122
45.45, 1, 0.0404122
45.475, 1, 0.0409583
45.5, 1, 0.0409583
45.525, 1, 0.0409583
45.55, 1, 0.0409583
45.575, 1, 0.0409583
45.6, 1, 0.0409583
45.625, 1, 0.0409583
45.65, 1, 0.0415183
45.675, 1, 0.0415183
45.7, 1, 0.0415183
45.725, 1, 0.0420615
45.75, 1, 0.0420615
45.775, 1, 0.0425786
45.8, 1, 0.0425786
45.825, 1, 0.0430268
45.85, 1, 0.0430268
45.875, 1, 0.0430268
45.9, 1, 0.0430268
45.925, 1, 0.0430268
45.95, 1, 0.0434789
45.975, 1, 0.0434789
46, 1, 0.0434789
46.025, 1, 0.0434789
46.05, 1, 0.0438709
46.075, 1, 0.044284
46.1, 1, 0.0446341
46.125, 1, 0.0446341
46.15, 1, 0.0449277
46.175, 1, 0.0449277
46.2, 1, 0.04523
46.225, 1, 0.04523
46.25, 1, 0.04523
46.275, 1, 0.0455838
46.3, 1, 0.0459453
46.325, 1, 0.0462822
46.35, 1, 0.0462822
46.375, 1, 0.0465941
46.4, 1, 0.0468374
46.425, 1, 0.0469148
46.45, 1, 0.0469148
46.475, 1, 0.0469148
46.5, 1, 0.0469148
46.525, 1, 0.0469148
46.55, 1, 0.0470624
46.575, 1, 0.0472593
46.6, 1, 0.0472593
46.625, 1, 0.0474108
46.65, 1, 0.0474108
46.675, 1, 0.0474108
46.7, 1, 0.0474108
46.725, 1, 0.0474108
46.75, 1, 0.0475555
46.775, 1, 0.0475555
46.8, 1, 0.0475555
46.825, 1, 0.0476672
46.85, 1, 0.0476672
46.875, 1, 0.0477897
46.9, 1, 0.0477897
46.925, 1, 0.0477897
46.95, 1, 0.0478874
46.975, 1, 0.047986
47, 1, 0.047986
47.025, 1, 0.047986
47.05, 1, 0.047986
47.075, 1, 0.047986
47.1, 1, 0.047986
47.125, 1, 0.047986
47.15, 1, 0.047986
47.175, 1, 0.047986
47.2, 1, 0.047986
47.225, 1, 0.047986
47.25, 1, 0.047986
47.275, 1, 0.047986
47.3, 1, 0.047986
47.325, 1, 0.047986
47.35, 1, 0.047986
47.375, 1, 0.0481589
47.4, 1, 0.0483618
47.425, 1, 0.048579
47.45, 1, 0.048579
47.475, 1, 0.0487997
47.5, 1, 0.0487997
47.525, 1, 0.0487997
47.55, 1, 0.0487997
47.575, 1, 0.0487997
47.6, 1, 0.0487997
47.625, 1, 0.0490408
47.65, 1, 0.0490408
47.675, 1, 0.0492837
47.7, 1, 0.0494619
47.725, 1, 0.0494733
47.75, 1, 0.0494162
47.775, 1, 0.0494162
47.8, 1, 0.0494162
47.825, 1, 0.0494162
47.85, 1, 0.0494855
47.875, 1, 0.0494855
47.9, 1, 0.0494855
47.925, 1, 0.0494855
47.95, 1, 0.049311
47.975, 1, 0.0491043
48, 1, 0.0488767
48.025, 1, 0.0488767
48.05, 1, 0.0488767
48.075, 1, 0.049047
48.1, 1, 0.049047
48.125, 1, 0.049047
48.15, 1, 0.0492624
48.175, 1, 0.0495196
48.2, 1, 0.0497754
48.225, 1, 0.0500122
48.25, 1, 0.0502055
48.275, 1, 0.0502055
48.3, 1, 0.0503915
48.325, 1, 0.0503915
48.35, 1, 0.0503915
48.375, 1, 0.0503915
48.4, 1, 0.0505524
48.425, 1, 0.0505524
48.45, 1, 0.0505524
48.475, 1, 0.0506021
48.5, 1, 0.0506013
48.525, 1, 0.0506013
48.55, 1, 0.0505518
48.575, 1, 0.0505518
48.6, 1, 0.0505033
48.625, 1, 0.0505308
48.65, 1, 0.0505123
48.675, 1, 0.0505123
48.7, 1, 0.0505123
48.725, 1, 0.0505123
48.75, 1, 0.0505123
48.775, 1, 0.0505123
48.8, 1, 0.0506869
48.825, 1, 0.0506869
48.85, 1, 0.0506869
48.875, 1, 0.0506869
48.9, 1, 0.0506869
48.925, 1, 0.0508255
48.95, 1, 0.050967
48.975, 1, 0.050967
49, 1, 0.050967
49.025, 1, 0.0510575
49.05, 1, 0.0510575
49.075, 1, 0.0510575
49.1, 1, 0.0510575
49.125, 1, 0.0510575
49.15, 1, 0.051121
49.175, 1, 0.0511066
49.2, 1, 0.0511066
49.225, 1, 0.0511066
49.25, 1, 0.0512348
49.275, 1, 0.051561
49.3, 1, 0.051561
49.325, 1, 0.0517511
49.35, 1, 0.0517511
49.375, 1, 0.0519191
49.4, 1, 0.0520647
49.425, 1, 0.0520647
49.45, 1, 0.0521999
49.475, 1, 0.0521999
49.5, 1, 0.0521999
49.525, 1, 0.0521999
49.55, 1, 0.0521999
49.575, 1, 0.0521999
49.6, 1, 0.0521999
49.625, 1, 0.0521999
49.65, 1, 0.0521999
49.675, 1, 0.0521999
49.7, 1, 0.0522447
49.725, 1, 0.0522447
49.75, 1, 0.0522447
49.775, 1, 0.0523101
49.8, 1, 0.0523101
49.825, 1, 0.0523101
49.85, 1, 0.0523599
49.875, 1, 0.0523508
49.9, 1, 0.0522804
49.925, 1, 0.0522804
49.95, 1, 0.0522804
49.975, 1, 0.0522804
50, 1, 0.0522804
