0, 0.23, 0.36, -0.6
0.025, 0.23, 0.36, -0.6
0.05, 0.23, 0.36, -0.6
0.075, 0.23, 0.36, -0.6
0.1, 0.23, 0.36, -0.6
0.125, 0.23, 0.36, -0.6
0.15, 0.23, 0.36, -0.6
0.175, 0.23, 0.36, -0.6
0.2, 0.23, 0.36, -0.6
0.225, 0.23, 0.36, -0.6
0.25, 0.23, 0.36, -0.6
0.275, 0.23, 0.36, -0.6
0.3, 0.23, 0.36, -0.6
0.325, 0.23, 0.36, -0.6
0.35, 0.23, 0.36, -0.6
0.375, 0.23, 0.36, -0.6
0.4, 0.23, 0.36, -0.6
0.425, 0.23, 0.36, -0.6
0.45, 0.23, 0.36, -0.6
0.475, 0.23, 0.36, -0.6
0.5, 0.23, 0.36, -0.6
0.525, 0.23, 0.36, -0.6
0.55, 0.23, 0.36, -0.6
0.575, 0.23, 0.36, -0.6
0.6, 0.23, 0.36, -0.6
0.625, 0.23, 0.36, -0.6
0.65, 0.23, 0.36, -0.6
0.675, 0.23, 0.36, -0.6
0.7, 0.23, 0.36, -0.6
0.725, 0.23, 0.36, -0.6
0.75, 0.23, 0.36, -0.6
0.775, 0.23, 0.36, -0.6
0.8, 0.23, 0.36, -0.6
0.825, 0.23, 0.36, -0.6
0.85, 0.23, 0.36, -0.6
0.875, 0.23, 0.36, -0.6
0.9, 0.23, 0.36, -0.6
0.925, 0.23, 0.36, -0.6
0.95, 0.23, 0.36, -0.6
0.975, 0.23, 0.36, -0.6
1, 0.23, 0.36, -0.6
1.025, 0.23, 0.36, -0.6
1.05, 0.23, 0.36, -0.6
1.075, 0.23, 0.36, -0.6
1.1, 0.23, 0.36, -0.6
1.125, 0.23, 0.36, -0.6
1.15, 0.23, 0.36, -0.6
1.175, 0.23, 0.36, -0.6
1.2, 0.23, 0.36, -0.6
1.225, 0.23, 0.36, -0.6
1.25, 0.23, 0.36, -0.6
1.275, 0.23, 0.36, -0.6
1.3, 0.23, 0.36, -0.6
1.325, 0.23, 0.36, -0.6
1.35, 0.23, 0.36, -0.6
1.375, 0.23, 0.36, -0.6
1.4, 0.23, 0.36, -0.6
1.425, 0.23, 0.36, -0.6
1.45, 0.23, 0.36, -0.6
1.475, 0.23, 0.36, -0.6
1.5, 0.23, 0.36, -0.6
1.525, 0.23, 0.36, -0.6
1.55, 0.23, 0.36, -0.6
1.575, 0.23, 0.36, -0.6
1.6, 0.23, 0.36, -0.6
1.625, 0.23, 0.36, -0.6
1.65, 0.23, 0.36, -0.6
1.675, 0.23, 0.36, -0.6
1.7, 0.23, 0.36, -0.6
1.725, 0.23, 0.36, -0.6
1.75, 0.23, 0.36, -0.6
1.775, 0.23, 0.36, -0.6
1.8, 0.23, 0.36, -0.6
1.825, 0.23, 0.36, -0.6
1.85, 0.23, 0.36, -0.6
1.875, 0.23, 0.36, -0.6
1.9, 0.23, 0.36, -0.6
1.925, 0.23, 0.36, -0.6
1.95, 0.23, 0.36, -0.6
1.975, 0.23, 0.36, -0.6
2, 0.23, 0.36, -0.6
2.025, 0.23, 0.36, -0.6
2.05, 0.23, 0.36, -0.6
2.075, 0.23, 0.36, -0.6
2.1, 0.23, 0.36, -0.6
2.125, 0.23, 0.36, -0.6
2.15, 0.23, 0.36, -0.6
2.175, 0.23, 0.36, -0.6
2.2, 0.23, 0.36, -0.6
2.225, 0.23, 0.36, -0.6
2.25, 0.23, 0.36, -0.6
2.275, 0.23, 0.36, -0.6
2.3, 0.23, 0.36, -0.6
2.325, 0.23, 0.36, -0.6
2.35, 0.23, 0.36, -0.6
2.375, 0.23, 0.36, -0.6
2.4, 0.23, 0.36, -0.6
2.425, 0.23, 0.36, -0.6
2.45, 0.23, 0.36, -0.6
2.475, 0.23, 0.36, -0.6
2.5, 0.23, 0.36, -0.6
2.525, 0.23, 0.36, -0.6
2.55, 0.23, 0.36, -0.6
2.575, 0.23, 0.36, -0.6
2.6, 0.23, 0.36, -0.6
2.625, 0.23, 0.36, -0.6
2.65, 0.23, 0.36, -0.6
2.675, 0.23, 0.36, -0.6
2.7, 0.23, 0.36, -0.6
2.725, 0.23, 0.36, -0.6
2.75, 0.23, 0.36, -0.6
2.775, 0.23, 0.36, -0.6
2.8, 0.23, 0.36, -0.6
2.825, 0.23, 0.36, -0.6
2.85, 0.23, 0.36, -0.6
2.875, 0.23, 0.36, -0.6
2.9, 0.23, 0.36, -0.6
2.925, 0.23, 0.36, -0.6
2.95, 0.23, 0.36, -0.6
2.975, 0.23, 0.36, -0.6
3, 0.23, 0.36, -0.6
3.025, 0.23, 0.36, -0.6
3.05, 0.23, 0.36, -0.6
3.075, 0.23, 0.36, -0.6
3.1, 0.23, 0.36, -0.6
3.125, 0.23, 0.36, -0.6
3.15, 0.23, 0.36, -0.6
3.175, 0.23, 0.36, -0.6
3.2, 0.23, 0.36, -0.6
3.225, 0.23, 0.36, -0.6
3.25, 0.23, 0.36, -0.6
3.275, 0.23, 0.36, -0.6
3.3, 0.23, 0.36, -0.6
3.325, 0.23, 0.36, -0.6
3.35, 0.23, 0.36, -0.6
3.375, 0.23, 0.36, -0.6
3.4, 0.23, 0.36, -0.6
3.425, 0.23, 0.36, -0.6
3.45, 0.23, 0.36, -0.6
3.475, 0.23, 0.36, -0.6
3.5, 0.23, 0.36, -0.6
3.525, 0.23, 0.36, -0.6
3.55, 0.23, 0.36, -0.6
3.575, 0.23, 0.36, -0.6
3.6, 0.23, 0.36, -0.6
3.625, 0.23, 0.36, -0.6
3.65, 0.23, 0.36, -0.6
3.675, 0.23, 0.36, -0.6
3.7, 0.23, 0.36, -0.6
3.725, 0.23, 0.36, -0.6
3.75, 0.23, 0.36, -0.6
3.775, 0.23, 0.36, -0.6
3.8, 0.23, 0.36, -0.6
3.825, 0.23, 0.36, -0.6
3.85, 0.23, 0.36, -0.6
3.875, 0.23, 0.36, -0.6
3.9, 0.23, 0.36, -0.6
3.925, 0.23, 0.36, -0.6
3.95, 0.23, 0.36, -0.6
3.975, 0.23, 0.36, -0.6
4, 0.23, 0.36, -0.6
4.025, 0.23, 0.36, -0.6
4.05, 0.23, 0.36, -0.6
4.075, 0.23, 0.36, -0.6
4.1, 0.23, 0.36, -0.6
4.125, 0.23, 0.36, -0.6
4.15, 0.23, 0.36, -0.6
4.175, 0.23, 0.36, -0.6
4.2, 0.23, 0.36, -0.6
4.225, 0.23, 0.36, -0.6
4.25, 0.23, 0.36, -0.6
4.275, 0.23, 0.36, -0.6
4.3, 0.23, 0.36, -0.6
4.325, 0.23, 0.36, -0.6
4.35, 0.23, 0.36, -0.6
4.375, 0.23, 0.36, -0.6
4.4, 0.23, 0.36, -0.6
4.425, 0.23, 0.36, -0.6
4.45, 0.23, 0.36, -0.6
4.475, 0.23, 0.36, -0.6
4.5, 0.23, 0.36, -0.6
4.525, 0.23, 0.36, -0.6
4.55, 0.23, 0.36, -0.6
4.575, 0.23, 0.36, -0.6
4.6, 0.23, 0.36, -0.6
4.625, 0.23, 0.36, -0.6
4.65, 0.23, 0.36, -0.6
4.675, 0.23, 0.36, -0.6
4.7, 0.23, 0.36, -0.6
4.725, 0.23, 0.36, -0.6
4.75, 0.23, 0.36, -0.6
4.775, 0.23, 0.36, -0.6
4.8, 0.23, 0.36, -0.6
4.825, 0.23, 0.36, -0.6
4.85, 0.23, 0.36, -0.6
4.875, 0.23, 0.36, -0.6
4.9, 0.23, 0.36, -0.6
4.925, 0.23, 0.36, -0.6
4.95, 0.23, 0.36, -0.6
4.975, 0.23, 0.36, -0.6
5, 0.23, 0.36, -0.6
5.025, 0.23, 0.36, -0.6
5.05, 0.23, 0.36, -0.6
5.075, 0.23, 0.36, -0.6
5.1, 0.23, 0.36, -0.6
5.125, 0.23, 0.36, -0.6
5.15, 0.23, 0.36, -0.6
5.175, 0.23, 0.36, -0.6
5.2, 0.23, 0.36, -0.6
5.225, 0.23, 0.36, -0.6
5.25, 0.23, 0.36, -0.6
5.275, 0.23, 0.36, -0.6
5.3, 0.23, 0.36, -0.6
5.325, 0.23, 0.36, -0.6
5.35, 0.23, 0.36, -0.6
5.375, 0.23, 0.36, -0.6
5.4, 0.23, 0.36, -0.6
5.425, 0.23, 0.36, -0.6
5.45, 0.23, 0.36, -0.6
5.475, 0.23, 0.36, -0.6
5.5, 0.23, 0.36, -0.6
5.525, 0.23, 0.36, -0.6
5.55, 0.23, 0.36, -0.6
5.575, 0.23, 0.36, -0.6
5.6, 0.23, 0.36, -0.6
5.625, 0.23, 0.36, -0.6
5.65, 0.23, 0.36, -0.6
5.675, 0.23, 0.36, -0.6
5.7, 0.23, 0.36, -0.6
5.725, 0.23, 0.36, -0.6
5.75, 0.23, 0.36, -0.6
5.775, 0.23, 0.36, -0.6
5.8, 0.23, 0.36, -0.6
5.825, 0.23, 0.36, -0.6
5.85, 0.23, 0.36, -0.6
5.875, 0.23, 0.36, -0.6
5.9, 0.23, 0.36, -0.6
5.925, 0.23, 0.36, -0.6
5.95, 0.23, 0.36, -0.6
5.975, 0.23, 0.36, -0.6
6, 0.23, 0.36, -0.6
6.025, 0.23, 0.36, -0.6
6.05, 0.23, 0.36, -0.6
6.075, 0.23, 0.36, -0.6
6.1, 0.23, 0.36, -0.6
6.125, 0.23, 0.36, -0.6
6.15, 0.23, 0.36, -0.6
6.175, 0.23, 0.36, -0.6
6.2, 0.23, 0.36, -0.6
6.225, 0.23, 0.36, -0.6
6.25, 0.23, 0.36, -0.6
6.275, 0.23, 0.36, -0.6
6.3, 0.23, 0.36, -0.6
6.325, 0.23, 0.36, -0.6
6.35, 0.23, 0.36, -0.6
6.375, 0.23, 0.36, -0.6
6.4, 0.23, 0.36, -0.6
6.425, 0.23, 0.36, -0.6
6.45, 0.23, 0.36, -0.6
6.475, 0.23, 0.36, -0.6
6.5, 0.23, 0.36, -0.6
6.525, 0.23, 0.36, -0.6
6.55, 0.23, 0.36, -0.6
6.575, 0.23, 0.36, -0.6
6.6, 0.23, 0.36, -0.6
6.625, 0.23, 0.36, -0.6
6.65, 0.23, 0.36, -0.6
6.675, 0.23, 0.36, -0.6
6.7, 0.23, 0.36, -0.6
6.725, 0.23, 0.36, -0.6
6.75, 0.23, 0.36, -0.6
6.775, 0.23, 0.36, -0.6
6.8, 0.23, 0.36, -0.6
6.825, 0.23, 0.36, -0.6
6.85, 0.23, 0.36, -0.6
6.875, 0.23, 0.36, -0.6
6.9, 0.23, 0.36, -0.6
6.925, 0.23, 0.36, -0.6
6.95, 0.23, 0.36, -0.6
6.975, 0.23, 0.36, -0.6
7, 0.23, 0.36, -0.6
7.025, 0.23, 0.36, -0.6
7.05, 0.23, 0.36, -0.6
7.075, 0.23, 0.36, -0.6
7.1, 0.23, 0.36, -0.6
7.125, 0.23, 0.36, -0.6
7.15, 0.23, 0.36, -0.6
7.175, 0.23, 0.36, -0.6
7.2, 0.23, 0.36, -0.6
7.225, 0.23, 0.36, -0.6
7.25, 0.23, 0.36, -0.6
7.275, 0.23, 0.36, -0.6
7.3, 0.23, 0.36, -0.6
7.325, 0.23, 0.36, -0.6
7.35, 0.23, 0.36, -0.6
7.375, 0.23, 0.36, -0.6
7.4, 0.23, 0.36, -0.6
7.425, 0.23, 0.36, -0.6
7.45, 0.23, 0.36, -0.6
7.475, 0.23, 0.36, -0.6
7.5, 0.23, 0.36, -0.6
7.525, 0.23, 0.36, -0.6
7.55, 0.23, 0.36, -0.6
7.575, 0.23, 0.36, -0.6
7.6, 0.23, 0.36, -0.6
7.625, 0.23, 0.36, -0.6
7.65, 0.23, 0.36, -0.6
7.675, 0.23, 0.36, -0.6
7.7, 0.23, 0.36, -0.6
7.725, 0.23, 0.36, -0.6
7.75, 0.23, 0.36, -0.6
7.775, 0.23, 0.36, -0.6
7.8, 0.23, 0.36, -0.6
7.825, 0.23, 0.36, -0.6
7.85, 0.23, 0.36, -0.6
7.875, 0.23, 0.36, -0.6
7.9, 0.23, 0.36, -0.6
7.925, 0.23, 0.36, -0.6
7.95, 0.23, 0.36, -0.6
7.975, 0.23, 0.36, -0.6
8, 0.23, 0.36, -0.6
8.025, 0.23, 0.36, -0.6
8.05, 0.23, 0.36, -0.6
8.075, 0.23, 0.36, -0.6
8.1, 0.23, 0.36, -0.6
8.125, 0.23, 0.36, -0.6
8.15, 0.23, 0.36, -0.6
8.175, 0.23, 0.36, -0.6
8.2, 0.23, 0.36, -0.6
8.225, 0.23, 0.36, -0.6
8.25, 0.23, 0.36, -0.6
8.275, 0.23, 0.36, -0.6
8.3, 0.23, 0.36, -0.6
8.325, 0.23, 0.36, -0.6
8.35, 0.23, 0.36, -0.6
8.375, 0.23, 0.36, -0.6
8.4, 0.23, 0.36, -0.6
8.425, 0.23, 0.36, -0.6
8.45, 0.23, 0.36, -0.6
8.475, 0.23, 0.36, -0.6
8.5, 0.23, 0.36, -0.6
8.525, 0.23, 0.36, -0.6
8.55, 0.23, 0.36, -0.6
8.575, 0.23, 0.36, -0.6
8.6, 0.23, 0.36, -0.6
8.625, 0.23, 0.36, -0.6
8.65, 0.23, 0.36, -0.6
8.675, 0.23, 0.36, -0.6
8.7, 0.23, 0.36, -0.6
8.725, 0.23, 0.36, -0.6
8.75, 0.23, 0.36, -0.6
8.775, 0.23, 0.36, -0.6
8.8, 0.23, 0.36, -0.6
8.825, 0.23, 0.36, -0.6
8.85, 0.23, 0.36, -0.6
8.875, 0.23, 0.36, -0.6
8.9, 0.23, 0.36, -0.6
8.925, 0.23, 0.36, -0.6
8.95, 0.23, 0.36, -0.6
8.975, 0.23, 0.36, -0.6
9, 0.23, 0.36, -0.6
9.025, 0.23, 0.36, -0.6
9.05, 0.23, 0.36, -0.6
9.075, 0.23, 0.36, -0.6
9.1, 0.23, 0.36, -0.6
9.125, 0.23, 0.36, -0.6
9.15, 0.23, 0.36, -0.6
9.175, 0.23, 0.36, -0.6
9.2, 0.23, 0.36, -0.6
9.225, 0.23, 0.36, -0.6
9.25, 0.23, 0.36, -0.6
9.275, 0.23, 0.36, -0.6
9.3, 0.23, 0.36, -0.6
9.325, 0.23, 0.36, -0.6
9.35, 0.23, 0.36, -0.6
9.375, 0.23, 0.36, -0.6
9.4, 0.23, 0.36, -0.6
9.425, 0.23, 0.36, -0.6
9.45, 0.23, 0.36, -0.6
9.475, 0.23, 0.36, -0.6
9.5, 0.23, 0.36, -0.6
9.525, 0.23, 0.36, -0.6
9.55, 0.23, 0.36, -0.6
9.575, 0.23, 0.36, -0.6
9.6, 0.23, 0.36, -0.6
9.625, 0.23, 0.36, -0.6
9.65, 0.23, 0.36, -0.6
9.675, 0.23, 0.36, -0.6
9.7, 0.23, 0.36, -0.6
9.725, 0.23, 0.36, -0.6
9.75, 0.23, 0.36, -0.6
9.775, 0.23, 0.36, -0.6
9.8, 0.23, 0.36, -0.6
9.825, 0.23, 0.36, -0.6
9.85, 0.23, 0.36, -0.6
9.875, 0.23, 0.36, -0.6
9.9, 0.23, 0.36, -0.6
9.925, 0.23, 0.36, -0.6
9.95, 0.23, 0.36, -0.6
9.975, 0.23, 0.36, -0.6
10, 0.23, 0.36, -0.6
10.025, 0.23, 0.36, -0.6
10.05, 0.23, 0.36, -0.6
10.075, 0.23, 0.36, -0.6
10.1, 0.23, 0.36, -0.6
10.125, 0.23, 0.36, -0.6
10.15, 0.23, 0.36, -0.6
10.175, 0.23, 0.36, -0.6
10.2, 0.23, 0.36, -0.6
10.225, 0.23, 0.36, -0.6
10.25, 0.23, 0.36, -0.6
10.275, 0.23, 0.36, -0.6
10.3, 0.23, 0.36, -0.6
10.325, 0.23, 0.36, -0.6
10.35, 0.23, 0.36, -0.6
10.375, 0.23, 0.36, -0.6
10.4, 0.23, 0.36, -0.6
10.425, 0.23, 0.36, -0.6
10.45, 0.23, 0.36, -0.6
10.475, 0.23, 0.36, -0.6
10.5, 0.23, 0.36, -0.6
10.525, 0.23, 0.36, -0.6
10.55, 0.23, 0.36, -0.6
10.575, 0.23, 0.36, -0.6
10.6, 0.23, 0.36, -0.6
10.625, 0.23, 0.36, -0.6
10.65, 0.23, 0.36, -0.6
10.675, 0.23, 0.36, -0.6
10.7, 0.23, 0.36, -0.6
10.725, 0.23, 0.36, -0.6
10.75, 0.23, 0.36, -0.6
10.775, 0.23, 0.36, -0.6
10.8, 0.23, 0.36, -0.6
10.825, 0.23, 0.36, -0.6
10.85, 0.23, 0.36, -0.6
10.875, 0.23, 0.36, -0.6
10.9, 0.23, 0.36, -0.6
10.925, 0.23, 0.36, -0.6
10.95, 0.23, 0.36, -0.6
10.975, 0.23, 0.36, -0.6
11, 0.23, 0.36, -0.6
11.025, 0.23, 0.36, -0.6
11.05, 0.23, 0.36, -0.6
11.075, 0.23, 0.36, -0.6
11.1, 0.23, 0.36, -0.6
11.125, 0.23, 0.36, -0.6
11.15, 0.23, 0.36, -0.6
11.175, 0.23, 0.36, -0.6
11.2, 0.23, 0.36, -0.6
11.225, 0.23, 0.36, -0.6
11.25, 0.23, 0.36, -0.6
11.275, 0.23, 0.36, -0.6
11.3, 0.23, 0.36, -0.6
11.325, 0.23, 0.36, -0.6
11.35, 0.23, 0.36, -0.6
11.375, 0.23, 0.36, -0.6
11.4, 0.23, 0.36, -0.6
11.425, 0.23, 0.36, -0.6
11.45, 0.23, 0.36, -0.6
11.475, 0.23, 0.36, -0.6
11.5, 0.23, 0.36, -0.6
11.525, 0.23, 0.36, -0.6
11.55, 0.23, 0.36, -0.6
11.575, 0.23, 0.36, -0.6
11.6, 0.23, 0.36, -0.6
11.625, 0.23, 0.36, -0.6
11.65, 0.23, 0.36, -0.6
11.675, 0.23, 0.36, -0.6
11.7, 0.23, 0.36, -0.6
11.725, 0.23, 0.36, -0.6
11.75, 0.23, 0.36, -0.6
11.775, 0.23, 0.36, -0.6
11.8, 0.23, 0.36, -0.6
11.825, 0.23, 0.36, -0.6
11.85, 0.23, 0.36, -0.6
11.875, 0.23, 0.36, -0.6
11.9, 0.23, 0.36, -0.6
11.925, 0.23, 0.36, -0.6
11.95, 0.23, 0.36, -0.6
11.975, 0.23, 0.36, -0.6
12, 0.23, 0.36, -0.6
12.025, 0.23, 0.36, -0.6
12.05, 0.23, 0.36, -0.6
12.075, 0.23, 0.36, -0.6
12.1, 0.23, 0.36, -0.6
12.125, 0.23, 0.36, -0.6
12.15, 0.23, 0.36, -0.6
12.175, 0.23, 0.36, -0.6
12.2, 0.23, 0.36, -0.6
12.225, 0.23, 0.36, -0.6
12.25, 0.23, 0.36, -0.6
12.275, 0.23, 0.36, -0.6
12.3, 0.23, 0.36, -0.6
12.325, 0.23, 0.36, -0.6
12.35, 0.23, 0.36, -0.6
12.375, 0.23, 0.36, -0.6
12.4, 0.23, 0.36, -0.6
12.425, 0.23, 0.36, -0.6
12.45, 0.23, 0.36, -0.6
12.475, 0.23, 0.36, -0.6
12.5, 0.23, 0.36, -0.6
12.525, 0.23, 0.36, -0.6
12.55, 0.23, 0.36, -0.6
12.575, 0.23, 0.36, -0.6
12.6, 0.23, 0.36, -0.6
12.625, 0.23, 0.36, -0.6
12.65, 0.23, 0.36, -0.6
12.675, 0.23, 0.36, -0.6
12.7, 0.23, 0.36, -0.6
12.725, 0.23, 0.36, -0.6
12.75, 0.23, 0.36, -0.6
12.775, 0.23, 0.36, -0.6
12.8, 0.23, 0.36, -0.6
12.825, 0.23, 0.36, -0.6
12.85, 0.23, 0.36, -0.6
12.875, 0.23, 0.36, -0.6
12.9, 0.23, 0.36, -0.6
12.925, 0.23, 0.36, -0.6
12.95, 0.23, 0.36, -0.6
12.975, 0.23, 0.36, -0.6
13, 0.23, 0.36, -0.6
13.025, 0.23, 0.36, -0.6
13.05, 0.23, 0.36, -0.6
13.075, 0.23, 0.36, -0.6
13.1, 0.23, 0.36, -0.6
13.125, 0.23, 0.36, -0.6
13.15, 0.23, 0.36, -0.6
13.175, 0.23, 0.36, -0.6
13.2, 0.23, 0.36, -0.6
13.225, 0.23, 0.36, -0.6
13.25, 0.23, 0.36, -0.6
13.275, 0.23, 0.36, -0.6
13.3, 0.23, 0.36, -0.6
13.325, 0.23, 0.36, -0.6
13.35, 0.23, 0.36, -0.6
13.375, 0.23, 0.36, -0.6
13.4, 0.23, 0.36, -0.6
13.425, 0.23, 0.36, -0.6
13.45, 0.23, 0.36, -0.6
13.475, 0.23, 0.36, -0.6
13.5, 0.23, 0.36, -0.6
13.525, 0.23, 0.36, -0.6
13.55, 0.23, 0.36, -0.6
13.575, 0.23, 0.36, -0.6
13.6, 0.23, 0.36, -0.6
13.625, 0.23, 0.36, -0.6
13.65, 0.23, 0.36, -0.6
13.675, 0.23, 0.36, -0.6
13.7, 0.23, 0.36, -0.6
13.725, 0.23, 0.36, -0.6
13.75, 0.23, 0.36, -0.6
13.775, 0.23, 0.36, -0.6
13.8, 0.23, 0.36, -0.6
13.825, 0.23, 0.36, -0.6
13.85, 0.23, 0.36, -0.6
13.875, 0.23, 0.36, -0.6
13.9, 0.23, 0.36, -0.6
13.925, 0.23, 0.36, -0.6
13.95, 0.23, 0.36, -0.6
13.975, 0.23, 0.36, -0.6
14, 0.23, 0.36, -0.6
14.025, 0.23, 0.36, -0.6
14.05, 0.23, 0.36, -0.6
14.075, 0.23, 0.36, -0.6
14.1, 0.23, 0.36, -0.6
14.125, 0.23, 0.36, -0.6
14.15, 0.23, 0.36, -0.6
14.175, 0.23, 0.36, -0.6
14.2, 0.23, 0.36, -0.6
14.225, 0.23, 0.36, -0.6
14.25, 0.23, 0.36, -0.6
14.275, 0.23, 0.36, -0.6
14.3, 0.23, 0.36, -0.6
14.325, 0.23, 0.36, -0.6
14.35, 0.23, 0.36, -0.6
14.375, 0.23, 0.36, -0.6
14.4, 0.23, 0.36, -0.6
14.425, 0.23, 0.36, -0.6
14.45, 0.23, 0.36, -0.6
14.475, 0.23, 0.36, -0.6
14.5, 0.23, 0.36, -0.6
14.525, 0.23, 0.36, -0.6
14.55, 0.23, 0.36, -0.6
14.575, 0.23, 0.36, -0.6
14.6, 0.23, 0.36, -0.6
14.625, 0.23, 0.36, -0.6
14.65, 0.23, 0.36, -0.6
14.675, 0.23, 0.36, -0.6
14.7, 0.23, 0.36, -0.6
14.725, 0.23, 0.36, -0.6
14.75, 0.23, 0.36, -0.6
14.775, 0.23, 0.36, -0.6
14.8, 0.23, 0.36, -0.6
14.825, 0.23, 0.36, -0.6
14.85, 0.23, 0.36, -0.6
14.875, 0.23, 0.36, -0.6
14.9, 0.23, 0.36, -0.6
14.925, 0.23, 0.36, -0.6
14.95, 0.23, 0.36, -0.6
14.975, 0.23, 0.36, -0.6
15, 0.23, 0.36, -0.6
15.025, 0.23, 0.36, -0.6
15.05, 0.23, 0.36, -0.6
15.075, 0.23, 0.36, -0.6
15.1, 0.23, 0.36, -0.6
15.125, 0.23, 0.36, -0.6
15.15, 0.23, 0.36, -0.6
15.175, 0.23, 0.36, -0.6
15.2, 0.23, 0.36, -0.6
15.225, 0.23, 0.36, -0.6
15.25, 0.23, 0.36, -0.6
15.275, 0.23, 0.36, -0.6
15.3, 0.23, 0.36, -0.6
15.325, 0.23, 0.36, -0.6
15.35, 0.23, 0.36, -0.6
15.375, 0.23, 0.36, -0.6
15.4, 0.23, 0.36, -0.6
15.425, 0.23, 0.36, -0.6
15.45, 0.23, 0.36, -0.6
15.475, 0.23, 0.36, -0.6
15.5, 0.23, 0.36, -0.6
15.525, 0.23, 0.36, -0.6
15.55, 0.23, 0.36, -0.6
15.575, 0.23, 0.36, -0.6
15.6, 0.23, 0.36, -0.6
15.625, 0.23, 0.36, -0.6
15.65, 0.23, 0.36, -0.6
15.675, 0.23, 0.36, -0.6
15.7, 0.23, 0.36, -0.6
15.725, 0.23, 0.36, -0.6
15.75, 0.23, 0.36, -0.6
15.775, 0.23, 0.36, -0.6
15.8, 0.23, 0.36, -0.6
15.825, 0.23, 0.36, -0.6
15.85, 0.23, 0.36, -0.6
15.875, 0.23, 0.36, -0.6
15.9, 0.23, 0.36, -0.6
15.925, 0.23, 0.36, -0.6
15.95, 0.23, 0.36, -0.6
15.975, 0.23, 0.36, -0.6
16, 0.23, 0.36, -0.6
16.025, 0.23, 0.36, -0.6
16.05, 0.23, 0.36, -0.6
16.075, 0.23, 0.36, -0.6
16.1, 0.23, 0.36, -0.6
16.125, 0.23, 0.36, -0.6
16.15, 0.23, 0.36, -0.6
16.175, 0.23, 0.36, -0.6
16.2, 0.23, 0.36, -0.6
16.225, 0.23, 0.36, -0.6
16.25, 0.23, 0.36, -0.6
16.275, 0.23, 0.36, -0.6
16.3, 0.23, 0.36, -0.6
16.325, 0.23, 0.36, -0.6
16.35, 0.23, 0.36, -0.6
16.375, 0.23, 0.36, -0.6
16.4, 0.23, 0.36, -0.6
16.425, 0.23, 0.36, -0.6
16.45, 0.23, 0.36, -0.6
16.475, 0.23, 0.36, -0.6
16.5, 0.23, 0.36, -0.6
16.525, 0.23, 0.36, -0.6
16.55, 0.23, 0.36, -0.6
16.575, 0.23, 0.36, -0.6
16.6, 0.23, 0.36, -0.6
16.625, 0.23, 0.36, -0.6
16.65, 0.23, 0.36, -0.6
16.675, 0.23, 0.36, -0.6
16.7, 0.23, 0.36, -0.6
16.725, 0.23, 0.36, -0.6
16.75, 0.23, 0.36, -0.6
16.775, 0.23, 0.36, -0.6
16.8, 0.23, 0.36, -0.6
16.825, 0.23, 0.36, -0.6
16.85, 0.23, 0.36, -0.6
16.875, 0.23, 0.36, -0.6
16.9, 0.23, 0.36, -0.6
16.925, 0.23, 0.36, -0.6
16.95, 0.23, 0.36, -0.6
16.975, 0.23, 0.36, -0.6
17, 0.23, 0.36, -0.6
17.025, 0.23, 0.36, -0.6
17.05, 0.23, 0.36, -0.6
17.075, 0.23, 0.36, -0.6
17.1, 0.23, 0.36, -0.6
17.125, 0.23, 0.36, -0.6
17.15, 0.23, 0.36, -0.6
17.175, 0.23, 0.36, -0.6
17.2, 0.23, 0.36, -0.6
17.225, 0.23, 0.36, -0.6
17.25, 0.23, 0.36, -0.6
17.275, 0.23, 0.36, -0.6
17.3, 0.23, 0.36, -0.6
17.325, 0.23, 0.36, -0.6
17.35, 0.23, 0.36, -0.6
17.375, 0.23, 0.36, -0.6
17.4, 0.23, 0.36, -0.6
17.425, 0.23, 0.36, -0.6
17.45, 0.23, 0.36, -0.6
17.475, 0.23, 0.36, -0.6
17.5, 0.23, 0.36, -0.6
17.525, 0.23, 0.36, -0.6
17.55, 0.23, 0.36, -0.6
17.575, 0.23, 0.36, -0.6
17.6, 0.23, 0.36, -0.6
17.625, 0.23, 0.36, -0.6
17.65, 0.23, 0.36, -0.6
17.675, 0.23, 0.36, -0.6
17.7, 0.23, 0.36, -0.6
17.725, 0.23, 0.36, -0.6
17.75, 0.23, 0.36, -0.6
17.775, 0.23, 0.36, -0.6
17.8, 0.23, 0.36, -0.6
17.825, 0.23, 0.36, -0.6
17.85, 0.23, 0.36, -0.6
17.875, 0.23, 0.36, -0.6
17.9, 0.23, 0.36, -0.6
17.925, 0.23, 0.36, -0.6
17.95, 0.23, 0.36, -0.6
17.975, 0.23, 0.36, -0.6
18, 0.23, 0.36, -0.6
18.025, 0.23, 0.36, -0.6
18.05, 0.23, 0.36, -0.6
18.075, 0.23, 0.36, -0.6
18.1, 0.23, 0.36, -0.6
18.125, 0.23, 0.36, -0.6
18.15, 0.23, 0.36, -0.6
18.175, 0.23, 0.36, -0.6
18.2, 0.23, 0.36, -0.6
18.225, 0.23, 0.36, -0.6
18.25, 0.23, 0.36, -0.6
18.275, 0.23, 0.36, -0.6
18.3, 0.23, 0.36, -0.6
18.325, 0.23, 0.36, -0.6
18.35, 0.23, 0.36, -0.6
18.375, 0.23, 0.36, -0.6
18.4, 0.23, 0.36, -0.6
18.425, 0.23, 0.36, -0.6
18.45, 0.23, 0.36, -0.6
18.475, 0.23, 0.36, -0.6
18.5, 0.23, 0.36, -0.6
18.525, 0.23, 0.36, -0.6
18.55, 0.23, 0.36, -0.6
18.575, 0.23, 0.36, -0.6
18.6, 0.23, 0.36, -0.6
18.625, 0.23, 0.36, -0.6
18.65, 0.23, 0.36, -0.6
18.675, 0.23, 0.36, -0.6
18.7, 0.23, 0.36, -0.6
18.725, 0.23, 0.36, -0.6
18.75, 0.23, 0.36, -0.6
18.775, 0.23, 0.36, -0.6
18.8, 0.23, 0.36, -0.6
18.825, 0.23, 0.36, -0.6
18.85, 0.23, 0.36, -0.6
18.875, 0.23, 0.36, -0.6
18.9, 0.23, 0.36, -0.6
18.925, 0.23, 0.36, -0.6
18.95, 0.23, 0.36, -0.6
18.975, 0.23, 0.36, -0.6
19, 0.23, 0.36, -0.6
19.025, 0.23, 0.36, -0.6
19.05, 0.23, 0.36, -0.6
19.075, 0.23, 0.36, -0.6
19.1, 0.23, 0.36, -0.6
19.125, 0.23, 0.36, -0.6
19.15, 0.23, 0.36, -0.6
19.175, 0.23, 0.36, -0.6
19.2, 0.23, 0.36, -0.6
19.225, 0.23, 0.36, -0.6
19.25, 0.23, 0.36, -0.6
19.275, 0.23, 0.36, -0.6
19.3, 0.23, 0.36, -0.6
19.325, 0.23, 0.36, -0.6
19.35, 0.23, 0.36, -0.6
19.375, 0.23, 0.36, -0.6
19.4, 0.23, 0.36, -0.6
19.425, 0.23, 0.36, -0.6
19.45, 0.23, 0.36, -0.6
19.475, 0.23, 0.36, -0.6
19.5, 0.23, 0.36, -0.6
19.525, 0.23, 0.36, -0.6
19.55, 0.23, 0.36, -0.6
19.575, 0.23, 0.36, -0.6
19.6, 0.23, 0.36, -0.6
19.625, 0.23, 0.36, -0.6
19.65, 0.23, 0.36, -0.6
19.675, 0.23, 0.36, -0.6
19.7, 0.23, 0.36, -0.6
19.725, 0.23, 0.36, -0.6
19.75, 0.23, 0.36, -0.6
19.775, 0.23, 0.36, -0.6
19.8, 0.23, 0.36, -0.6
19.825, 0.23, 0.36, -0.6
19.85, 0.23, 0.36, -0.6
19.875, 0.23, 0.36, -0.6
19.9, 0.23, 0.36, -0.6
19.925, 0.23, 0.36, -0.6
19.95, 0.23, 0.36, -0.6
19.975, 0.23, 0.36, -0.6
20, 0.23, 0.36, -0.6
20, 0.250704, 0.761562, -0.592107
20.025, 0.249801, 0.759312, -0.592107
20.05, 0.249801, 0.759312, -0.592107
20.075, 0.249801, 0.759312, -0.592107
20.1, 0.249801, 0.759312, -0.592107
20.125, 0.24923, 0.758191, -0.592107
20.15, 0.24906, 0.75824, -0.592107
20.175, 0.24906, 0.75824, -0.592107
20.2, 0.24906, 0.75824, -0.592107
20.225, 0.24906, 0.75824, -0.592107
20.25, 0.249688, 0.760598, -0.592107
20.275, 0.249688, 0.760598, -0.592107
20.3, 0.250346, 0.763025, -0.592107
20.325, 0.250346, 0.763025, -0.592107
20.35, 0.250346, 0.763025, -0.592107
20.375, 0.250346, 0.763025, -0.592107
20.4, 0.251217, 0.766187, -0.592107
20.425, 0.251217, 0.766187, -0.592107
20.45, 0.251217, 0.766187, -0.592107
20.475, 0.251217, 0.766187, -0.592107
20.5, 0.252269, 0.769985, -0.592107
20.525, 0.252743, 0.772154, -0.592107
20.55, 0.252785, 0.773086, -0.592107
20.575, 0.252785, 0.773086, -0.592107
20.6, 0.252717, 0.773658, -0.592107
20.625, 0.252321, 0.773283, -0.592107
20.65, 0.251674, 0.772176, -0.592107
20.675, 0.25082, 0.770453, -0.592107
20.7, 0.25082, 0.770453, -0.592107
20.725, 0.25082, 0.770453, -0.592107
20.75, 0.250007, 0.768839, -0.592107
20.775, 0.248986, 0.766592, -0.592107
20.8, 0.248986, 0.766592, -0.592107
20.825, 0.248986, 0.766592, -0.592107
20.85, 0.248986, 0.766592, -0.592107
20.875, 0.248986, 0.766592, -0.592107
20.9, 0.248986, 0.766592, -0.592107
20.925, 0.248986, 0.766592, -0.592107
20.95, 0.247697, 0.763902, -0.592107
20.975, 0.247697, 0.763902, -0.592107
21, 0.247697, 0.763902, -0.592107
21.025, 0.247697, 0.763902, -0.592107
21.05, 0.247697, 0.763902, -0.592107
21.075, 0.247697, 0.763902, -0.592107
21.1, 0.246404, 0.761234, -0.592107
21.125, 0.246404, 0.761234, -0.592107
21.15, 0.245145, 0.758436, -0.592107
21.175, 0.243864, 0.755291, -0.592107
21.2, 0.243864, 0.755291, -0.592107
21.225, 0.242734, 0.752195, -0.592107
21.25, 0.242734, 0.752195, -0.592107
21.275, 0.241801, 0.749308, -0.592107
21.3, 0.241801, 0.749308, -0.592107
21.325, 0.240885, 0.746542, -0.592107
21.35, 0.240885, 0.746542, -0.592107
21.375, 0.240885, 0.746542, -0.592107
21.4, 0.240885, 0.746542, -0.592107
21.425, 0.240885, 0.746542, -0.592107
21.45, 0.240885, 0.746542, -0.592107
21.475, 0.240885, 0.746542, -0.592107
21.5, 0.240885, 0.746542, -0.592107
21.525, 0.240232, 0.744356, -0.592107
21.55, 0.239767, 0.742419, -0.592107
21.575, 0.239767, 0.742419, -0.592107
21.6, 0.239767, 0.742419, -0.592107
21.625, 0.239221, 0.740417, -0.592107
21.65, 0.238695, 0.738497, -0.592107
21.675, 0.238695, 0.738497, -0.592107
21.7, 0.238251, 0.736731, -0.592107
21.725, 0.237939, 0.73517, -0.592107
21.75, 0.237765, 0.733835, -0.592107
21.775, 0.237765, 0.733835, -0.592107
21.8, 0.237765, 0.733835, -0.592107
21.825, 0.237765, 0.733835, -0.592107
21.85, 0.237587, 0.732531, -0.592107
21.875, 0.229035, 0.732138, -0.592107
21.9, 0.228994, 0.731104, -0.592107
21.925, 0.228994, 0.731104, -0.592107
21.95, 0.229016, 0.730223, -0.592107
21.975, 0.229016, 0.730223, -0.592107
22, 0.229133, 0.729553, -0.592107
22.025, 0.229359, 0.729117, -0.592107
22.05, 0.229359, 0.729117, -0.592107
22.075, 0.229359, 0.729117, -0.592107
22.1, 0.229359, 0.729117, -0.592107
22.125, 0.22954, 0.728617, -0.592107
22.15, 0.22954, 0.728617, -0.592107
22.175, 0.22954, 0.728617, -0.592107
22.2, 0.229733, 0.728174, -0.592107
22.225, 0.229733, 0.728174, -0.592107
22.25, 0.229733, 0.728174, -0.592107
22.275, 0.229733, 0.728174, -0.592107
22.3, 0.229733, 0.728174, -0.592107
22.325, 0.229733, 0.728174, -0.592107
22.35, 0.230404, 0.728858, -0.592107
22.375, 0.231609, 0.730715, -0.592107
22.4, 0.231609, 0.730715, -0.592107
22.425, 0.233452, 0.734042, -0.592107
22.45, 0.233452, 0.734042, -0.592107
22.475, 0.235752, 0.738443, -0.592107
22.5, 0.235752, 0.738443, -0.592107
22.525, 0.225325, 0.745661, -0.592107
22.55, 0.228478, 0.752334, -0.592107
22.575, 0.232259, 0.760525, -0.592107
22.6, 0.232259, 0.760525, -0.592107
22.625, 0.232259, 0.760525, -0.592107
22.65, 0.236929, 0.771041, -0.592107
22.675, 0.236929, 0.771041, -0.592107
22.7, 0.236929, 0.771041, -0.592107
22.725, 0.236929, 0.771041, -0.592107
22.75, 0.236929, 0.771041, -0.592107
22.775, 0.241045, 0.780063, -0.592107
22.8, 0.241045, 0.780063, -0.592107
22.825, 0.241045, 0.780063, -0.592107
22.85, 0.241045, 0.780063, -0.592107
22.875, 0.241045, 0.780063, -0.592107
22.9, 0.244723, 0.787972, -0.592107
22.925, 0.237674, 0.796638, -0.592107
22.95, 0.237674, 0.796638, -0.592107
22.975, 0.23987, 0.801123, -0.592107
23, 0.241189, 0.803481, -0.592107
23.025, 0.241189, 0.803481, -0.592107
23.05, 0.241189, 0.803481, -0.592107
23.075, 0.241189, 0.803481, -0.592107
23.1, 0.241189, 0.803481, -0.592107
23.125, 0.242323, 0.805664, -0.592107
23.15, 0.242323, 0.805664, -0.592107
23.175, 0.242323, 0.805664, -0.592107
23.2, 0.242323, 0.805664, -0.592107
23.225, 0.242323, 0.805664, -0.592107
23.25, 0.243448, 0.80789, -0.592107
23.275, 0.244238, 0.809633, -0.592107
23.3, 0.244238, 0.809633, -0.592107
23.325, 0.244238, 0.809633, -0.592107
23.35, 0.244238, 0.809633, -0.592107
23.375, 0.244238, 0.809633, -0.592107
23.4, 0.244988, 0.811248, -0.592107
23.425, 0.244988, 0.811248, -0.592107
23.45, 0.245757, 0.813173, -0.592107
23.475, 0.257022, 0.813482, -0.592107
23.5, 0.257022, 0.813482, -0.592107
23.525, 0.257907, 0.816223, -0.592107
23.55, 0.257907, 0.816223, -0.592107
23.575, 0.258911, 0.819515, -0.592107
23.6, 0.258911, 0.819515, -0.592107
23.625, 0.258911, 0.819515, -0.592107
23.65, 0.258911, 0.819515, -0.592107
23.675, 0.258911, 0.819515, -0.592107
23.7, 0.258911, 0.819515, -0.592107
23.725, 0.258911, 0.819515, -0.592107
23.75, 0.258911, 0.819515, -0.592107
23.775, 0.258911, 0.819515, -0.592107
23.8, 0.258911, 0.819515, -0.592107
23.825, 0.259628, 0.821849, -0.592107
23.85, 0.260458, 0.824645, -0.592107
23.875, 0.260458, 0.824645, -0.592107
23.9, 0.261462, 0.828128, -0.592107
23.925, 0.261462, 0.828128, -0.592107
23.95, 0.261462, 0.828128, -0.592107
23.975, 0.261462, 0.828128, -0.592107
24, 0.262816, 0.832833, -0.592107
24.025, 0.264304, 0.838024, -0.592107
24.05, 0.264304, 0.838024, -0.592107
24.075, 0.265675, 0.842781, -0.592107
24.1, 0.266871, 0.84687, -0.592107
24.125, 0.266871, 0.84687, -0.592107
24.15, 0.268079, 0.851034, -0.592107
24.175, 0.269353, 0.855469, -0.592107
24.2, 0.270779, 0.860498, -0.592107
24.225, 0.272376, 0.866161, -0.592107
24.25, 0.272376, 0.866161, -0.592107
24.275, 0.274094, 0.872256, -0.592107
24.3, 0.286809, 0.877016, -0.592107
24.325, 0.286809, 0.877016, -0.592107
24.35, 0.288568, 0.882968, -0.592107
24.375, 0.288568, 0.882968, -0.592107
24.4, 0.290258, 0.888649, -0.592107
24.425, 0.290258, 0.888649, -0.592107
24.45, 0.290258, 0.888649, -0.592107
24.475, 0.290258, 0.888649, -0.592107
24.5, 0.292012, 0.894651, -0.592107
24.525, 0.292012, 0.894651, -0.592107
24.55, 0.292012, 0.894651, -0.592107
24.575, 0.293734, 0.900542, -0.592107
24.6, 0.293734, 0.900542, -0.592107
24.625, 0.293734, 0.900542, -0.592107
24.65, 0.293734, 0.900542, -0.592107
24.675, 0.293734, 0.900542, -0.592107
24.7, 0.293734, 0.900542, -0.592107
24.725, 0.293734, 0.900542, -0.592107
24.75, 0.293734, 0.900542, -0.592107
24.775, 0.295348, 0.906277, -0.592107
24.8, 0.295348, 0.906277, -0.592107
24.825, 0.295348, 0.906277, -0.592107
24.85, 0.295348, 0.906277, -0.592107
24.875, 0.296923, 0.911895, -0.592107
24.9, 0.298504, 0.917426, -0.592107
24.925, 0.298504, 0.917426, -0.592107
24.95, 0.300152, 0.923004, -0.592107
24.975, 0.301966, 0.928831, -0.592107
25, 0.304141, 0.935367, -0.592107
25.025, 0.304141, 0.935367, -0.592107
25.05, 0.307025, 0.94352, -0.592107
25.075, 0.307025, 0.94352, -0.592107
25.1, 0.311137, 0.954678, -0.592107
25.125, 0.311137, 0.954678, -0.592107
25.15, 0.311137, 0.954678, -0.592107
25.175, 0.316621, 0.969319, -0.592107
25.2, 0.325482, 0.99291, -0.592107
25.225, 0.338024, 1.02636, -0.592107
25.25, 0.338024, 1.02636, -0.592107
25.275, 0.352577, 1.06521, -0.592107
25.3, 0.370878, 1.11438, -0.592107
25.325, 0.370878, 1.11438, -0.592107
25.35, 0.370878, 1.11438, -0.592107
25.375, 0.385803, 1.15411, -0.592107
25.4, 0.385803, 1.15411, -0.592107
25.425, 0.402113, 1.19766, -0.592107
25.45, 0.402113, 1.19766, -0.592107
25.475, 0.419911, 1.24532, -0.592107
25.5, 0.440079, 1.29963, -0.592107
25.525, 0.440079, 1.29963, -0.592107
25.55, 0.440079, 1.29963, -0.592107
25.575, 0.453171, 1.33324, -0.592107
25.6, 0.453171, 1.33324, -0.592107
25.625, 0.453171, 1.33324, -0.592107
25.65, 0.451588, 1.34318, -0.592107
25.675, 0.45112, 1.33639, -0.592107
25.7, 0.45112, 1.33639, -0.592107
25.725, 0.45112, 1.33639, -0.592107
25.75, 0.450853, 1.33049, -0.592107
25.775, 0.450853, 1.33049, -0.592107
25.8, 0.450825, 1.3255, -0.592107
25.825, 0.450825, 1.3255, -0.592107
25.85, 0.450825, 1.3255, -0.592107
25.875, 0.450825, 1.3255, -0.592107
25.9, 0.450825, 1.3255, -0.592107
25.925, 0.450825, 1.3255, -0.592107
25.95, 0.443705, 1.29999, -0.592107
25.975, 0.443705, 1.29999, -0.592107
26, 0.440156, 1.28657, -0.592107
26.025, 0.440156, 1.28657, -0.592107
26.05, 0.439051, 1.28142, -0.592107
26.075, 0.440778, 1.28592, -0.592107
26.1, 0.444414, 1.29689, -0.592107
26.125, 0.444414, 1.29689, -0.592107
26.15, 0.444414, 1.29689, -0.592107
26.175, 0.444414, 1.29689, -0.592107
26.2, 0.44836, 1.3089, -0.592107
26.225, 0.453001, 1.32324, -0.592107
26.25, 0.453001, 1.32324, -0.592107
26.275, 0.453001, 1.32324, -0.592107
26.3, 0.453001, 1.32324, -0.592107
26.325, 0.453001, 1.32324, -0.592107
26.35, 0.453001, 1.32324, -0.592107
26.375, 0.453001, 1.32324, -0.592107
26.4, 0.453001, 1.32324, -0.592107
26.425, 0.453001, 1.32324, -0.592107
26.45, 0.458686, 1.34141, -0.592107
26.475, 0.458686, 1.34141, -0.592107
26.5, 0.481835, 1.35901, -0.592107
26.525, 0.488383, 1.37929, -0.592107
26.55, 0.488383, 1.37929, -0.592107
26.575, 0.488383, 1.37929, -0.592107
26.6, 0.494445, 1.39796, -0.592107
26.625, 0.499793, 1.41425, -0.592107
26.65, 0.504278, 1.4276, -0.592107
26.675, 0.504278, 1.4276, -0.592107
26.7, 0.504278, 1.4276, -0.592107
26.725, 0.504278, 1.4276, -0.592107
26.75, 0.509324, 1.44349, -0.592107
26.775, 0.509324, 1.44349, -0.592107
26.8, 0.514706, 1.46062, -0.592107
26.825, 0.514706, 1.46062, -0.592107
26.85, 0.514706, 1.46062, -0.592107
26.875, 0.519767, 1.47666, -0.592107
26.9, 0.519767, 1.47666, -0.592107
26.925, 0.519767, 1.47666, -0.592107
26.95, 0.519767, 1.47666, -0.592107
26.975, 0.524809, 1.4927, -0.592107
27, 0.524809, 1.4927, -0.592107
27.025, 0.529853, 1.50883, -0.592107
27.05, 0.534888, 1.525, -0.592107
27.075, 0.539922, 1.54122, -0.592107
27.1, 0.539922, 1.54122, -0.592107
27.125, 0.539922, 1.54122, -0.592107
27.15, 0.54478, 1.55674, -0.592107
27.175, 0.54478, 1.55674, -0.592107
27.2, 0.54478, 1.55674, -0.592107
27.225, 0.54478, 1.55674, -0.592107
27.25, 0.549556, 1.57205, -0.592107
27.275, 0.549556, 1.57205, -0.592107
27.3, 0.549556, 1.57205, -0.592107
27.325, 0.549556, 1.57205, -0.592107
27.35, 0.549556, 1.57205, -0.592107
27.375, 0.554227, 1.58708, -0.592107
27.4, 0.554227, 1.58708, -0.592107
27.425, 0.554227, 1.58708, -0.592107
27.45, 0.554227, 1.58708, -0.592107
27.475, 0.554227, 1.58708, -0.592107
27.5, 0.558813, 1.60187, -0.592107
27.525, 0.558813, 1.60187, -0.592107
27.55, 0.563331, 1.61643, -0.592107
27.575, 0.567786, 1.63078, -0.592107
27.6, 0.567786, 1.63078, -0.592107
27.625, 0.598443, 1.64296, -0.592107
27.65, 0.598443, 1.64296, -0.592107
27.675, 0.603003, 1.65687, -0.592107
27.7, 0.603003, 1.65687, -0.592107
27.725, 0.607524, 1.6706, -0.592107
27.75, 0.612023, 1.68419, -0.592107
27.775, 0.612023, 1.68419, -0.592107
27.8, 0.612023, 1.68419, -0.592107
27.825, 0.612023, 1.68419, -0.592107
27.85, 0.612023, 1.68419, -0.592107
27.875, 0.612023, 1.68419, -0.592107
27.9, 0.612023, 1.68419, -0.592107
27.925, 0.612023, 1.68419, -0.592107
27.95, 0.615887, 1.6965, -0.592107
27.975, 0.615887, 1.6965, -0.592107
28, 0.615887, 1.6965, -0.592107
28.025, 0.615887, 1.6965, -0.592107
28.05, 0.615887, 1.6965, -0.592107
28.075, 0.615887, 1.6965, -0.592107
28.1, 0.620657, 1.71081, -0.592107
28.125, 0.620657, 1.71081, -0.592107
28.15, 0.620657, 1.71081, -0.592107
28.175, 0.624742, 1.7237, -0.592107
28.2, 0.624742, 1.7237, -0.592107
28.225, 0.624742, 1.7237, -0.592107
28.25, 0.624742, 1.7237, -0.592107
28.275, 0.624742, 1.7237, -0.592107
28.3, 0.628106, 1.73458, -0.592107
28.325, 0.631187, 1.74453, -0.592107
28.35, 0.631187, 1.74453, -0.592107
28.375, 0.634139, 1.75395, -0.592107
28.4, 0.634139, 1.75395, -0.592107
28.425, 0.637079, 1.76345, -0.592107
28.45, 0.640137, 1.77341, -0.592107
28.475, 0.640137, 1.77341, -0.592107
28.5, 0.640137, 1.77341, -0.592107
28.525, 0.640137, 1.77341, -0.592107
28.55, 0.640137, 1.77341, -0.592107
28.575, 0.642602, 1.78157, -0.592107
28.6, 0.644851, 1.78899, -0.592107
28.625, 0.646946, 1.79586, -0.592107
28.65, 0.646946, 1.79586, -0.592107
28.675, 0.646946, 1.79586, -0.592107
28.7, 0.649022, 1.80274, -0.592107
28.725, 0.649022, 1.80274, -0.592107
28.75, 0.651079, 1.80958, -0.592107
28.775, 0.653052, 1.81613, -0.592107
28.8, 0.653052, 1.81613, -0.592107
28.825, 0.654956, 1.82235, -0.592107
28.85, 0.654956, 1.82235, -0.592107
28.875, 0.654956, 1.82235, -0.592107
28.9, 0.654956, 1.82235, -0.592107
28.925, 0.656777, 1.82834, -0.592107
28.95, 0.656777, 1.82834, -0.592107
28.975, 0.658722, 1.83458, -0.592107
29, 0.660927, 1.84144, -0.592107
29.025, 0.660927, 1.84144, -0.592107
29.05, 0.662989, 1.8479, -0.592107
29.075, 0.662989, 1.8479, -0.592107
29.1, 0.665089, 1.85443, -0.592107
29.125, 0.665089, 1.85443, -0.592107
29.15, 0.665089, 1.85443, -0.592107
29.175, 0.667788, 1.86245, -0.592107
29.2, 0.667788, 1.86245, -0.592107
29.225, 0.667788, 1.86245, -0.592107
29.25, 0.667788, 1.86245, -0.592107
29.275, 0.667788, 1.86245, -0.592107
29.3, 0.671483, 1.87301, -0.592107
29.325, 0.678809, 1.89319, -0.592107
29.35, 0.689485, 1.92231, -0.592107
29.375, 0.703665, 1.96082, -0.592107
29.4, 0.723396, 2.01428, -0.592107
29.425, 0.751171, 2.08942, -0.592107
29.45, 0.751171, 2.08942, -0.592107
29.475, 0.751171, 2.08942, -0.592107
29.5, 0.751171, 2.08942, -0.592107
29.525, 0.783579, 2.17692, -0.592107
29.55, 0.783579, 2.17692, -0.592107
29.575, 0.783579, 2.17692, -0.592107
29.6, 0.783579, 2.17692, -0.592107
29.625, 0.783579, 2.17692, -0.592107
29.65, 0.803044, 2.2293, -0.592107
29.675, 0.803044, 2.2293, -0.592107
29.7, 0.803044, 2.2293, -0.592107
29.725, 0.828649, 2.29871, -0.592107
29.75, 0.828649, 2.29871, -0.592107
29.775, 0.828649, 2.29871, -0.592107
29.8, 0.828649, 2.29871, -0.592107
29.825, 0.828649, 2.29871, -0.592107
29.85, 0.828649, 2.29871, -0.592107
29.875, 0.828649, 2.29871, -0.592107
29.9, 0.828649, 2.29871, -0.592107
29.925, 0.828649, 2.29871, -0.592107
29.95, 0.828649, 2.29871, -0.592107
29.975, 0.860474, 2.38664, -0.592107
30, 0.932297, 2.59048, -0.592107
30.025, 0.932297, 2.59048, -0.592107
30.05, 1.0361, 2.88487, -0.592107
30.075, 1.0361, 2.88487, -0.592107
30.1, 1.0361, 2.88487, -0.592107
30.125, 1.06473, 2.96702, -0.592107
30.15, 1.09653, 3.05832, -0.592107
30.175, 1.11729, 3.11762, -0.592107
30.2, 1.11729, 3.11762, -0.592107
30.225, 1.11939, 3.12163, -0.592107
30.25, 1.11939, 3.12163, -0.592107
30.275, 1.11939, 3.12163, -0.592107
30.3, 1.11939, 3.12163, -0.592107
30.325, 1.12217, 3.12864, -0.592107
30.35, 1.12217, 3.12864, -0.592107
30.375, 1.12217, 3.12864, -0.592107
30.4, 1.12217, 3.12864, -0.592107
30.425, 1.1152, 3.11432, -0.592107
30.45, 1.12533, 3.14248, -0.592107
30.475, 1.14326, 3.19024, -0.592107
30.5, 1.14326, 3.19024, -0.592107
30.525, 1.14326, 3.19024, -0.592107
30.55, 1.14326, 3.19024, -0.592107
30.575, 1.14951, 3.20856, -0.592107
30.6, 1.14951, 3.20856, -0.592107
30.625, 1.14951, 3.20856, -0.592107
30.65, 1.14951, 3.20856, -0.592107
30.675, 1.15814, 3.23293, -0.592107
30.7, 1.15814, 3.23293, -0.592107
30.725, 1.16539, 3.25403, -0.592107
30.75, 1.16539, 3.25403, -0.592107
30.775, 1.16539, 3.25403, -0.592107
30.8, 1.16539, 3.25403, -0.592107
30.825, 1.17453, 3.27866, -0.592107
30.85, 1.17453, 3.27866, -0.592107
30.875, 1.18463, 3.30471, -0.592107
30.9, 1.18463, 3.30471, -0.592107
30.925, 1.18463, 3.30471, -0.592107
30.95, 1.18463, 3.30471, -0.592107
30.975, 1.18463, 3.30471, -0.592107
31, 1.18463, 3.30471, -0.592107
31.025, 1.18463, 3.30471, -0.592107
31.05, 1.18463, 3.30471, -0.592107
31.075, 1.18063, 3.30073, -0.592107
31.1, 1.18063, 3.30073, -0.592107
31.125, 1.18063, 3.30073, -0.592107
31.15, 1.18458, 3.31719, -0.592107
31.175, 1.1899, 3.33693, -0.592107
31.2, 1.1899, 3.33693, -0.592107
31.225, 1.19547, 3.35713, -0.592107
31.25, 1.19547, 3.35713, -0.592107
31.275, 1.19547, 3.35713, -0.592107
31.3, 1.19547, 3.35713, -0.592107
31.325, 1.19933, 3.37287, -0.592107
31.35, 1.20132, 3.38388, -0.592107
31.375, 1.20231, 3.39229, -0.592107
31.4, 1.20323, 3.40035, -0.592107
31.425, 1.20323, 3.40035, -0.592107
31.45, 1.20323, 3.40035, -0.592107
31.475, 1.20611, 3.4129, -0.592107
31.5, 1.20611, 3.4129, -0.592107
31.525, 1.20611, 3.4129, -0.592107
31.55, 1.20611, 3.4129, -0.592107
31.575, 1.20611, 3.4129, -0.592107
31.6, 1.21344, 3.43692, -0.592107
31.625, 1.21344, 3.43692, -0.592107
31.65, 1.22582, 3.47432, -0.592107
31.675, 1.24409, 3.52763, -0.592107
31.7, 1.24409, 3.52763, -0.592107
31.725, 1.24409, 3.52763, -0.592107
31.75, 1.24409, 3.52763, -0.592107
31.775, 1.24409, 3.52763, -0.592107
31.8, 1.26068, 3.57632, -0.592107
31.825, 1.26068, 3.57632, -0.592107
31.85, 1.27488, 3.61855, -0.592107
31.875, 1.27488, 3.61855, -0.592107
31.9, 1.27488, 3.61855, -0.592107
31.925, 1.28791, 3.65766, -0.592107
31.95, 1.3036, 3.70466, -0.592107
31.975, 1.3036, 3.70466, -0.592107
32, 1.3036, 3.70466, -0.592107
32.025, 1.3036, 3.70466, -0.592107
32.05, 1.31257, 3.73186, -0.592107
32.075, 1.31709, 3.74545, -0.592107
32.1, 1.31709, 3.74545, -0.592107
32.125, 1.31709, 3.74545, -0.592107
32.15, 1.31709, 3.74545, -0.592107
32.175, 1.32139, 3.75852, -0.592107
32.2, 1.32139, 3.75852, -0.592107
32.225, 1.32758, 3.77658, -0.592107
32.25, 1.33953, 3.81029, -0.592107
32.275, 1.36208, 3.873, -0.592107
32.3, 1.39742, 3.97085, -0.592107
32.325, 1.44683, 4.10744, -0.592107
32.35, 1.44683, 4.10744, -0.592107
32.375, 1.50483, 4.26768, -0.592107
32.4, 1.50483, 4.26768, -0.592107
32.425, 1.50483, 4.26768, -0.592107
32.45, 1.50483, 4.26768, -0.592107
32.475, 1.5366, 4.35487, -0.592107
32.5, 1.5366, 4.35487, -0.592107
32.525, 1.5648, 4.43157, -0.592107
32.55, 1.5648, 4.43157, -0.592107
32.575, 1.5648, 4.43157, -0.592107
32.6, 1.5648, 4.43157, -0.592107
32.625, 1.5648, 4.43157, -0.592107
32.65, 1.5648, 4.43157, -0.592107
32.675, 1.5648, 4.43157, -0.592107
32.7, 1.57738, 4.4646, -0.592107
32.725, 1.58972, 4.49701, -0.592107
32.75, 1.58972, 4.49701, -0.592107
32.775, 1.58972, 4.49701, -0.592107
32.8, 1.58972, 4.49701, -0.592107
32.825, 1.58972, 4.49701, -0.592107
32.85, 1.58972, 4.49701, -0.592107
32.875, 1.60296, 4.5309, -0.592107
32.9, 1.64145, 4.63382, -0.592107
32.925, 1.64145, 4.63382, -0.592107
32.95, 1.67698, 4.72855, -0.592107
32.975, 1.67698, 4.72855, -0.592107
33, 1.67698, 4.72855, -0.592107
33.025, 1.6811, 4.7363, -0.592107
33.05, 1.67404, 4.713, -0.592107
33.075, 1.63263, 4.59443, -0.592107
33.1, 1.63263, 4.59443, -0.592107
33.125, 1.63263, 4.59443, -0.592107
33.15, 1.58917, 4.46943, -0.592107
33.175, 1.58917, 4.46943, -0.592107
33.2, 1.58917, 4.46943, -0.592107
33.225, 1.54406, 4.34039, -0.592107
33.25, 1.52023, 4.27177, -0.592107
33.275, 1.51607, 4.25899, -0.592107
33.3, 1.49648, 4.20243, -0.592107
33.325, 1.49648, 4.20243, -0.592107
33.35, 1.49648, 4.20243, -0.592107
33.375, 1.49648, 4.20243, -0.592107
33.4, 1.46995, 4.12483, -0.592107
33.425, 1.44599, 4.05166, -0.592107
33.45, 1.43334, 4.00757, -0.592107
33.475, 1.43737, 4.00779, -0.592107
33.5, 1.46609, 4.07428, -0.592107
33.525, 1.46609, 4.07428, -0.592107
33.55, 1.46936, 4.07275, -0.592107
33.575, 1.47104, 4.06715, -0.592107
33.6, 1.47104, 4.06715, -0.592107
33.625, 1.41557, 3.90581, -0.592107
33.65, 1.41557, 3.90581, -0.592107
33.675, 1.41557, 3.90581, -0.592107
33.7, 1.41557, 3.90581, -0.592107
33.725, 1.41557, 3.90581, -0.592107
33.75, 1.41557, 3.90581, -0.592107
33.775, 1.41557, 3.90581, -0.592107
33.8, 1.41557, 3.90581, -0.592107
33.825, 1.41557, 3.90581, -0.592107
33.85, 1.41557, 3.90581, -0.592107
33.875, 1.37976, 3.81201, -0.592107
33.9, 1.37976, 3.81201, -0.592107
33.925, 1.35348, 3.74457, -0.592107
33.95, 1.32711, 3.67627, -0.592107
33.975, 1.27926, 3.54546, -0.592107
34, 1.27926, 3.54546, -0.592107
34.025, 1.27926, 3.54546, -0.592107
34.05, 1.23254, 3.41375, -0.592107
34.075, 1.20643, 3.33464, -0.592107
34.1, 1.20643, 3.33464, -0.592107
34.125, 1.20643, 3.33464, -0.592107
34.15, 1.1699, 3.23053, -0.592107
34.175, 1.13784, 3.13896, -0.592107
34.2, 1.13784, 3.13896, -0.592107
34.225, 1.09207, 3.01197, -0.592107
34.25, 1.01057, 2.88204, -0.592107
34.275, 1.01057, 2.88204, -0.592107
34.3, 0.967315, 2.75926, -0.592107
34.325, 0.967315, 2.75926, -0.592107
34.35, 0.967315, 2.75926, -0.592107
34.375, 0.967315, 2.75926, -0.592107
34.4, 0.967315, 2.75926, -0.592107
34.425, 0.928715, 2.64974, -0.592107
34.45, 0.928715, 2.64974, -0.592107
34.475, 0.928715, 2.64974, -0.592107
34.5, 0.894078, 2.55171, -0.592107
34.525, 0.894078, 2.55171, -0.592107
34.55, 0.863437, 2.46545, -0.592107
34.575, 0.863437, 2.46545, -0.592107
34.6, 0.863437, 2.46545, -0.592107
34.625, 0.863437, 2.46545, -0.592107
34.65, 0.835629, 2.38701, -0.592107
34.675, 0.835629, 2.38701, -0.592107
34.7, 0.835629, 2.38701, -0.592107
34.725, 0.835629, 2.38701, -0.592107
34.75, 0.811026, 2.31802, -0.592107
34.775, 0.788705, 2.25556, -0.592107
34.8, 0.788705, 2.25556, -0.592107
34.825, 0.768296, 2.19848, -0.592107
34.85, 0.768296, 2.19848, -0.592107
34.875, 0.768296, 2.19848, -0.592107
34.9, 0.768296, 2.19848, -0.592107
34.925, 0.749873, 2.14642, -0.592107
34.95, 0.749873, 2.14642, -0.592107
34.975, 0.749873, 2.14642, -0.592107
35, 0.73242, 2.09752, -0.592107
35.025, 0.715356, 2.04994, -0.592107
35.05, 0.715356, 2.04994, -0.592107
35.075, 0.715356, 2.04994, -0.592107
35.1, 0.715356, 2.04994, -0.592107
35.125, 0.715356, 2.04994, -0.592107
35.15, 0.715356, 2.04994, -0.592107
35.175, 0.70292, 2.01518, -0.592107
35.2, 0.70292, 2.01518, -0.592107
35.225, 0.691775, 1.98387, -0.592107
35.25, 0.691775, 1.98387, -0.592107
35.275, 0.691775, 1.98387, -0.592107
35.3, 0.679721, 1.95037, -0.592107
35.325, 0.679721, 1.95037, -0.592107
35.35, 0.679721, 1.95037, -0.592107
35.375, 0.679721, 1.95037, -0.592107
35.4, 0.679721, 1.95037, -0.592107
35.425, 0.670383, 1.92458, -0.592107
35.45, 0.661641, 1.90039, -0.592107
35.475, 0.661641, 1.90039, -0.592107
35.5, 0.653392, 1.87769, -0.592107
35.525, 0.645567, 1.85626, -0.592107
35.55, 0.645567, 1.85626, -0.592107
35.575, 0.645567, 1.85626, -0.592107
35.6, 0.645567, 1.85626, -0.592107
35.625, 0.645567, 1.85626, -0.592107
35.65, 0.638098, 1.83586, -0.592107
35.675, 0.638098, 1.83586, -0.592107
35.7, 0.638098, 1.83586, -0.592107
35.725, 0.638098, 1.83586, -0.592107
35.75, 0.638098, 1.83586, -0.592107
35.775, 0.638098, 1.83586, -0.592107
35.8, 0.631077, 1.81674, -0.592107
35.825, 0.631077, 1.81674, -0.592107
35.85, 0.631077, 1.81674, -0.592107
35.875, 0.631077, 1.81674, -0.592107
35.9, 0.631077, 1.81674, -0.592107
35.925, 0.631077, 1.81674, -0.592107
35.95, 0.624487, 1.79882, -0.592107
35.975, 0.624487, 1.79882, -0.592107
36, 0.618312, 1.78208, -0.592107
36.025, 0.618312, 1.78208, -0.592107
36.05, 0.618312, 1.78208, -0.592107
36.075, 0.612442, 1.76613, -0.592107
36.1, 0.612442, 1.76613, -0.592107
36.125, 0.612442, 1.76613, -0.592107
36.15, 0.612442, 1.76613, -0.592107
36.175, 0.612442, 1.76613, -0.592107
36.2, 0.612442, 1.76613, -0.592107
36.225, 0.607016, 1.75156, -0.592107
36.25, 0.601898, 1.73775, -0.592107
36.275, 0.597085, 1.72467, -0.592107
36.3, 0.592568, 1.71228, -0.592107
36.325, 0.588377, 1.70064, -0.592107
36.35, 0.588377, 1.70064, -0.592107
36.375, 0.588377, 1.70064, -0.592107
36.4, 0.58438, 1.68974, -0.592107
36.425, 0.580277, 1.67866, -0.592107
36.45, 0.580277, 1.67866, -0.592107
36.475, 0.575881, 1.66682, -0.592107
36.5, 0.575881, 1.66682, -0.592107
36.525, 0.571774, 1.65575, -0.592107
36.55, 0.571774, 1.65575, -0.592107
36.575, 0.571774, 1.65575, -0.592107
36.6, 0.568028, 1.64541, -0.592107
36.625, 0.568028, 1.64541, -0.592107
36.65, 0.568028, 1.64541, -0.592107
36.675, 0.564213, 1.63533, -0.592107
36.7, 0.564213, 1.63533, -0.592107
36.725, 0.564213, 1.63533, -0.592107
36.75, 0.564213, 1.63533, -0.592107
36.775, 0.564213, 1.63533, -0.592107
36.8, 0.560696, 1.62609, -0.592107
36.825, 0.557425, 1.61758, -0.592107
36.85, 0.557425, 1.61758, -0.592107
36.875, 0.554202, 1.6091, -0.592107
36.9, 0.551189, 1.60122, -0.592107
36.925, 0.551189, 1.60122, -0.592107
36.95, 0.551189, 1.60122, -0.592107
36.975, 0.551189, 1.60122, -0.592107
37, 0.548911, 1.59562, -0.592107
37.025, 0.548911, 1.59562, -0.592107
37.05, 0.548911, 1.59562, -0.592107
37.075, 0.548911, 1.59562, -0.592107
37.1, 0.548911, 1.59562, -0.592107
37.125, 0.548911, 1.59562, -0.592107
37.15, 0.548911, 1.59562, -0.592107
37.175, 0.54653, 1.5896, -0.592107
37.2, 0.544095, 1.5833, -0.592107
37.225, 0.544095, 1.5833, -0.592107
37.25, 0.5417, 1.57704, -0.592107
37.275, 0.5417, 1.57704, -0.592107
37.3, 0.539377, 1.57089, -0.592107
37.325, 0.539377, 1.57089, -0.592107
37.35, 0.539377, 1.57089, -0.592107
37.375, 0.539377, 1.57089, -0.592107
37.4, 0.539377, 1.57089, -0.592107
37.425, 0.537154, 1.56501, -0.592107
37.45, 0.535378, 1.5603, -0.592107
37.475, 0.534107, 1.55693, -0.592107
37.5, 0.533022, 1.55406, -0.592107
37.525, 0.533022, 1.55406, -0.592107
37.55, 0.533022, 1.55406, -0.592107
37.575, 0.533022, 1.55406, -0.592107
37.6, 0.533022, 1.55406, -0.592107
37.625, 0.531793, 1.5508, -0.592107
37.65, 0.530536, 1.54745, -0.592107
37.675, 0.530536, 1.54745, -0.592107
37.7, 0.530536, 1.54745, -0.592107
37.725, 0.529891, 1.5458, -0.592107
37.75, 0.529891, 1.5458, -0.592107
37.775, 0.529891, 1.5458, -0.592107
37.8, 0.529891, 1.5458, -0.592107
37.825, 0.52846, 1.54205, -0.592107
37.85, 0.52846, 1.54205, -0.592107
37.875, 0.52846, 1.54205, -0.592107
37.9, 0.52846, 1.54205, -0.592107
37.925, 0.526253, 1.53592, -0.592107
37.95, 0.523809, 1.52914, -0.592107
37.975, 0.523809, 1.52914, -0.592107
38, 0.523809, 1.52914, -0.592107
38.025, 0.521628, 1.52306, -0.592107
38.05, 0.521628, 1.52306, -0.592107
38.075, 0.521628, 1.52306, -0.592107
38.1, 0.521628, 1.52306, -0.592107
38.125, 0.521628, 1.52306, -0.592107
38.15, 0.521628, 1.52306, -0.592107
38.175, 0.521628, 1.52306, -0.592107
38.2, 0.519514, 1.51713, -0.592107
38.225, 0.519514, 1.51713, -0.592107
38.25, 0.517009, 1.50998, -0.592107
38.275, 0.513658, 1.50014, -0.592107
38.3, 0.509969, 1.4892, -0.592107
38.325, 0.509969, 1.4892, -0.592107
38.35, 0.507166, 1.48104, -0.592107
38.375, 0.507166, 1.48104, -0.592107
38.4, 0.507166, 1.48104, -0.592107
38.425, 0.507166, 1.48104, -0.592107
38.45, 0.507166, 1.48104, -0.592107
38.475, 0.507166, 1.48104, -0.592107
38.5, 0.507166, 1.48104, -0.592107
38.525, 0.503817, 1.47128, -0.592107
38.55, 0.500184, 1.4606, -0.592107
38.575, 0.496401, 1.44942, -0.592107
38.6, 0.492856, 1.43895, -0.592107
38.625, 0.489636, 1.42948, -0.592107
38.65, 0.489636, 1.42948, -0.592107
38.675, 0.48683, 1.42129, -0.592107
38.7, 0.484213, 1.41367, -0.592107
38.725, 0.481655, 1.40621, -0.592107
38.75, 0.481655, 1.40621, -0.592107
38.775, 0.481655, 1.40621, -0.592107
38.8, 0.47912, 1.39876, -0.592107
38.825, 0.476626, 1.39136, -0.592107
38.85, 0.474242, 1.38419, -0.592107
38.875, 0.472048, 1.37749, -0.592107
38.9, 0.470194, 1.37168, -0.592107
38.925, 0.470194, 1.37168, -0.592107
38.95, 0.470194, 1.37168, -0.592107
38.975, 0.468592, 1.36652, -0.592107
39, 0.467312, 1.36228, -0.592107
39.025, 0.467312, 1.36228, -0.592107
39.05, 0.465894, 1.35768, -0.592107
39.075, 0.465894, 1.35768, -0.592107
39.1, 0.465894, 1.35768, -0.592107
39.125, 0.465894, 1.35768, -0.592107
39.15, 0.464566, 1.35336, -0.592107
39.175, 0.463235, 1.34905, -0.592107
39.2, 0.463235, 1.34905, -0.592107
39.225, 0.461806, 1.34448, -0.592107
39.25, 0.460223, 1.3395, -0.592107
39.275, 0.460223, 1.3395, -0.592107
39.3, 0.460223, 1.3395, -0.592107
39.325, 0.458402, 1.33385, -0.592107
39.35, 0.458402, 1.33385, -0.592107
39.375, 0.458402, 1.33385, -0.592107
39.4, 0.456982, 1.32937, -0.592107
39.425, 0.456982, 1.32937, -0.592107
39.45, 0.456982, 1.32937, -0.592107
39.475, 0.456982, 1.32937, -0.592107
39.5, 0.456982, 1.32937, -0.592107
39.525, 0.456982, 1.32937, -0.592107
39.55, 0.454944, 1.32316, -0.592107
39.575, 0.452336, 1.31534, -0.592107
39.6, 0.44955, 1.30703, -0.592107
39.625, 0.44687, 1.29903, -0.592107
39.65, 0.44687, 1.29903, -0.592107
39.675, 0.44687, 1.29903, -0.592107
39.7, 0.44687, 1.29903, -0.592107
39.725, 0.444618, 1.29218, -0.592107
39.75, 0.444618, 1.29218, -0.592107
39.775, 0.444618, 1.29218, -0.592107
39.8, 0.444618, 1.29218, -0.592107
39.825, 0.441186, 1.28182, -0.592107
39.85, 0.441186, 1.28182, -0.592107
39.875, 0.441186, 1.28182, -0.592107
39.9, 0.438069, 1.27244, -0.592107
39.925, 0.438069, 1.27244, -0.592107
39.95, 0.43514, 1.2636, -0.592107
39.975, 0.432356, 1.25516, -0.592107
40, 0.432356, 1.25516, -0.592107
40.025, 0.432356, 1.25516, -0.592107
40.05, 0.429982, 1.24803, -0.592107
40.075, 0.429982, 1.24803, -0.592107
40.1, 0.427956, 1.24184, -0.592107
40.125, 0.427956, 1.24184, -0.592107
40.15, 0.426132, 1.23623, -0.592107
40.175, 0.426132, 1.23623, -0.592107
40.2, 0.426132, 1.23623, -0.592107
40.225, 0.426132, 1.23623, -0.592107
40.25, 0.426132, 1.23623, -0.592107
40.275, 0.426132, 1.23623, -0.592107
40.3, 0.426132, 1.23623, -0.592107
40.325, 0.426132, 1.23623, -0.592107
40.35, 0.424849, 1.23231, -0.592107
40.375, 0.42372, 1.22888, -0.592107
40.4, 0.42372, 1.22888, -0.592107
40.425, 0.422593, 1.22545, -0.592107
40.45, 0.422593, 1.22545, -0.592107
40.475, 0.422593, 1.22545, -0.592107
40.5, 0.422593, 1.22545, -0.592107
40.525, 0.422593, 1.22545, -0.592107
40.55, 0.422593, 1.22545, -0.592107
40.575, 0.422593, 1.22545, -0.592107
40.6, 0.422593, 1.22545, -0.592107
40.625, 0.421693, 1.22283, -0.592107
40.65, 0.421693, 1.22283, -0.592107
40.675, 0.420828, 1.2203, -0.592107
40.7, 0.420828, 1.2203, -0.592107
40.725, 0.419971, 1.21781, -0.592107
40.75, 0.419971, 1.21781, -0.592107
40.775, 0.419971, 1.21781, -0.592107
40.8, 0.419184, 1.21552, -0.592107
40.825, 0.419184, 1.21552, -0.592107
40.85, 0.419184, 1.21552, -0.592107
40.875, 0.419184, 1.21552, -0.592107
40.9, 0.419184, 1.21552, -0.592107
40.925, 0.419184, 1.21552, -0.592107
40.95, 0.419184, 1.21552, -0.592107
40.975, 0.419184, 1.21552, -0.592107
41, 0.418323, 1.21304, -0.592107
41.025, 0.418323, 1.21304, -0.592107
41.05, 0.41756, 1.21083, -0.592107
41.075, 0.41756, 1.21083, -0.592107
41.1, 0.416817, 1.20857, -0.592107
41.125, 0.416159, 1.20643, -0.592107
41.15, 0.415527, 1.20437, -0.592107
41.175, 0.415527, 1.20437, -0.592107
41.2, 0.415527, 1.20437, -0.592107
41.225, 0.414671, 1.20168, -0.592107
41.25, 0.413678, 1.19861, -0.592107
41.275, 0.412716, 1.19561, -0.592107
41.3, 0.412716, 1.19561, -0.592107
41.325, 0.412716, 1.19561, -0.592107
41.35, 0.412716, 1.19561, -0.592107
41.375, 0.411663, 1.19228, -0.592107
41.4, 0.411663, 1.19228, -0.592107
41.425, 0.411663, 1.19228, -0.592107
41.45, 0.411663, 1.19228, -0.592107
41.475, 0.411663, 1.19228, -0.592107
41.5, 0.411663, 1.19228, -0.592107
41.525, 0.411663, 1.19228, -0.592107
41.55, 0.410784, 1.18946, -0.592107
41.575, 0.410069, 1.18714, -0.592107
41.6, 0.410069, 1.18714, -0.592107
41.625, 0.410069, 1.18714, -0.592107
41.65, 0.410069, 1.18714, -0.592107
41.675, 0.410069, 1.18714, -0.592107
41.7, 0.410069, 1.18714, -0.592107
41.725, 0.409546, 1.18543, -0.592107
41.75, 0.409546, 1.18543, -0.592107
41.775, 0.409546, 1.18543, -0.592107
41.8, 0.409146, 1.1841, -0.592107
41.825, 0.408784, 1.1829, -0.592107
41.85, 0.408784, 1.1829, -0.592107
41.875, 0.408784, 1.1829, -0.592107
41.9, 0.408784, 1.1829, -0.592107
41.925, 0.408784, 1.1829, -0.592107
41.95, 0.408661, 1.18246, -0.592107
41.975, 0.408667, 1.18242, -0.592107
42, 0.408788, 1.18273, -0.592107
42.025, 0.408788, 1.18273, -0.592107
42.05, 0.408985, 1.18328, -0.592107
42.075, 0.40926, 1.18407, -0.592107
42.1, 0.409657, 1.18523, -0.592107
42.125, 0.409657, 1.18523, -0.592107
42.15, 0.410142, 1.18666, -0.592107
42.175, 0.424433, 1.18718, -0.592107
42.2, 0.424433, 1.18718, -0.592107
42.225, 0.424433, 1.18718, -0.592107
42.25, 0.424745, 1.18803, -0.592107
42.275, 0.42482, 1.18815, -0.592107
42.3, 0.42482, 1.18815, -0.592107
42.325, 0.42482, 1.18815, -0.592107
42.35, 0.425182, 1.18918, -0.592107
42.375, 0.425621, 1.19043, -0.592107
42.4, 0.426108, 1.19184, -0.592107
42.425, 0.426108, 1.19184, -0.592107
42.45, 0.426563, 1.19314, -0.592107
42.475, 0.426563, 1.19314, -0.592107
42.5, 0.426563, 1.19314, -0.592107
42.525, 0.426563, 1.19314, -0.592107
42.55, 0.426563, 1.19314, -0.592107
42.575, 0.426563, 1.19314, -0.592107
42.6, 0.426563, 1.19314, -0.592107
42.625, 0.426563, 1.19314, -0.592107
42.65, 0.426563, 1.19314, -0.592107
42.675, 0.427783, 1.19734, -0.592107
42.7, 0.428961, 1.2014, -0.592107
42.725, 0.430391, 1.20609, -0.592107
42.75, 0.430391, 1.20609, -0.592107
42.775, 0.430391, 1.20609, -0.592107
42.8, 0.430391, 1.20609, -0.592107
42.825, 0.430391, 1.20609, -0.592107
42.85, 0.431793, 1.21022, -0.592107
42.875, 0.431793, 1.21022, -0.592107
42.9, 0.431793, 1.21022, -0.592107
42.925, 0.43366, 1.21554, -0.592107
42.95, 0.442185, 1.23935, -0.592107
42.975, 0.458227, 1.28403, -0.592107
43, 0.483041, 1.35303, -0.592107
43.025, 0.483041, 1.35303, -0.592107
43.05, 0.51402, 1.43887, -0.592107
43.075, 0.51402, 1.43887, -0.592107
43.1, 0.531173, 1.53705, -0.592107
43.125, 0.531173, 1.53705, -0.592107
43.15, 0.567019, 1.6397, -0.592107
43.175, 0.607417, 1.75545, -0.592107
43.2, 0.652052, 1.88332, -0.592107
43.225, 0.652052, 1.88332, -0.592107
43.25, 0.652052, 1.88332, -0.592107
43.275, 0.695275, 2.00698, -0.592107
43.3, 0.733132, 2.11436, -0.592107
43.325, 0.733132, 2.11436, -0.592107
43.35, 0.752527, 2.16616, -0.592107
43.375, 0.773894, 2.14694, -0.592107
43.4, 0.773894, 2.14694, -0.592107
43.425, 0.773894, 2.14694, -0.592107
43.45, 0.773894, 2.14694, -0.592107
43.475, 0.774094, 2.14248, -0.592107
43.5, 0.776124, 2.14296, -0.592107
43.525, 0.776124, 2.14296, -0.592107
43.55, 0.777865, 2.14275, -0.592107
43.575, 0.788226, 2.1672, -0.592107
43.6, 0.788226, 2.1672, -0.592107
43.625, 0.793714, 2.17793, -0.592107
43.65, 0.791327, 2.19098, -0.592107
43.675, 0.795892, 2.19923, -0.592107
43.7, 0.795892, 2.19923, -0.592107
43.725, 0.801325, 2.21009, -0.592107
43.75, 0.807337, 2.22268, -0.592107
43.775, 0.840301, 2.23664, -0.592107
43.8, 0.840301, 2.23664, -0.592107
43.825, 0.840301, 2.23664, -0.592107
43.85, 0.84729, 2.25164, -0.592107
43.875, 0.84729, 2.25164, -0.592107
43.9, 0.851667, 2.25934, -0.592107
43.925, 0.851667, 2.25934, -0.592107
43.95, 0.854735, 2.2633, -0.592107
43.975, 0.854735, 2.2633, -0.592107
44, 0.854735, 2.2633, -0.592107
44.025, 0.854735, 2.2633, -0.592107
44.05, 0.861136, 2.2775, -0.592107
44.075, 0.861136, 2.2775, -0.592107
44.1, 0.861136, 2.2775, -0.592107
44.125, 0.861136, 2.2775, -0.592107
44.15, 0.865568, 2.286, -0.592107
44.175, 0.865568, 2.286, -0.592107
44.2, 0.865568, 2.286, -0.592107
44.225, 0.870164, 2.29517, -0.592107
44.25, 0.870164, 2.29517, -0.592107
44.275, 0.870164, 2.29517, -0.592107
44.3, 0.874975, 2.30572, -0.592107
44.325, 0.879699, 2.31609, -0.592107
44.35, 0.879699, 2.31609, -0.592107
44.375, 0.879699, 2.31609, -0.592107
44.4, 0.884611, 2.3268, -0.592107
44.425, 0.884611, 2.3268, -0.592107
44.45, 0.889693, 2.33787, -0.592107
44.475, 0.889693, 2.33787, -0.592107
44.5, 0.889693, 2.33787, -0.592107
44.525, 0.894325, 2.34793, -0.592107
44.55, 0.925545, 2.35795, -0.592107
44.575, 0.929749, 2.3668, -0.592107
44.6, 0.933459, 2.37454, -0.592107
44.625, 0.933459, 2.37454, -0.592107
44.65, 0.933459, 2.37454, -0.592107
44.675, 0.933459, 2.37454, -0.592107
44.7, 0.933459, 2.37454, -0.592107
44.725, 0.936797, 2.38139, -0.592107
44.75, 0.936797, 2.38139, -0.592107
44.775, 0.94011, 2.38822, -0.592107
44.8, 0.943456, 2.39519, -0.592107
44.825, 0.943456, 2.39519, -0.592107
44.85, 0.943456, 2.39519, -0.592107
44.875, 0.943456, 2.39519, -0.592107
44.9, 0.943456, 2.39519, -0.592107
44.925, 0.943456, 2.39519, -0.592107
44.95, 0.943456, 2.39519, -0.592107
44.975, 0.943456, 2.39519, -0.592107
45, 0.943456, 2.39519, -0.592107
45.025, 0.943456, 2.39519, -0.592107
45.05, 0.946703, 2.40214, -0.592107
45.075, 0.95065, 2.41049, -0.592107
45.1, 0.95065, 2.41049, -0.592107
45.125, 0.95065, 2.41049, -0.592107
45.15, 0.953773, 2.41703, -0.592107
45.175, 0.955965, 2.42141, -0.592107
45.2, 0.956486, 2.42187, -0.592107
45.225, 0.956455, 2.42104, -0.592107
45.25, 0.956299, 2.41995, -0.592107
45.275, 0.956125, 2.41887, -0.592107
45.3, 0.956125, 2.41887, -0.592107
45.325, 0.956125, 2.41887, -0.592107
45.35, 0.956125, 2.41887, -0.592107
45.375, 0.956125, 2.41887, -0.592107
45.4, 0.956125, 2.41887, -0.592107
45.425, 0.956125, 2.41887, -0.592107
45.45, 0.956125, 2.41887, -0.592107
45.475, 0.957115, 2.42082, -0.592107
45.5, 0.957115, 2.42082, -0.592107
45.525, 0.959122, 2.42531, -0.592107
45.55, 0.959122, 2.42531, -0.592107
45.575, 0.955714, 2.41594, -0.592107
45.6, 0.950535, 2.40181, -0.592107
45.625, 0.944416, 2.38515, -0.592107
45.65, 0.937741, 2.36698, -0.592107
45.675, 0.956168, 2.34844, -0.592107
45.7, 0.956168, 2.34844, -0.592107
45.725, 0.956168, 2.34844, -0.592107
45.75, 0.956168, 2.34844, -0.592107
45.775, 0.950784, 2.33452, -0.592107
45.8, 0.950784, 2.33452, -0.592107
45.825, 0.94532, 2.32036, -0.592107
45.85, 0.939708, 2.30566, -0.592107
45.875, 0.934151, 2.29085, -0.592107
45.9, 0.934151, 2.29085, -0.592107
45.925, 0.934151, 2.29085, -0.592107
45.95, 0.934151, 2.29085, -0.592107
45.975, 0.934151, 2.29085, -0.592107
46, 0.934151, 2.29085, -0.592107
46.025, 0.934151, 2.29085, -0.592107
46.05, 0.934151, 2.29085, -0.592107
46.075, 0.928983, 2.27868, -0.592107
46.1, 0.928983, 2.27868, -0.592107
46.125, 0.928983, 2.27868, -0.592107
46.15, 0.924037, 2.26705, -0.592107
46.175, 0.919416, 2.25624, -0.592107
46.2, 0.919416, 2.25624, -0.592107
46.225, 0.919416, 2.25624, -0.592107
46.25, 0.919416, 2.25624, -0.592107
46.275, 0.919416, 2.25624, -0.592107
46.3, 0.915002, 2.24588, -0.592107
46.325, 0.915002, 2.24588, -0.592107
46.35, 0.910772, 2.23595, -0.592107
46.375, 0.910772, 2.23595, -0.592107
46.4, 0.910772, 2.23595, -0.592107
46.425, 0.910772, 2.23595, -0.592107
46.45, 0.910772, 2.23595, -0.592107
46.475, 0.908181, 2.2297, -0.592107
46.5, 0.908181, 2.2297, -0.592107
46.525, 0.905787, 2.2239, -0.592107
46.55, 0.903795, 2.21901, -0.592107
46.575, 0.903795, 2.21901, -0.592107
46.6, 0.903795, 2.21901, -0.592107
46.625, 0.903795, 2.21901, -0.592107
46.65, 0.903795, 2.21901, -0.592107
46.675, 0.903795, 2.21901, -0.592107
46.7, 0.903276, 2.21765, -0.592107
46.725, 0.903706, 2.2185, -0.592107
46.75, 0.903706, 2.2185, -0.592107
46.775, 0.90667, 2.22525, -0.592107
46.8, 0.912694, 2.23918, -0.592107
46.825, 0.912694, 2.23918, -0.592107
46.85, 0.914681, 2.24366, -0.592107
46.875, 0.914681, 2.24366, -0.592107
46.9, 0.913272, 2.2398, -0.592107
46.925, 0.913272, 2.2398, -0.592107
46.95, 0.913272, 2.2398, -0.592107
46.975, 0.912919, 2.23891, -0.592107
47, 0.912919, 2.23891, -0.592107
47.025, 0.912537, 2.23797, -0.592107
47.05, 0.912376, 2.23762, -0.592107
47.075, 0.912376, 2.23762, -0.592107
47.1, 0.913012, 2.23928, -0.592107
47.125, 0.913012, 2.23928, -0.592107
47.15, 0.913012, 2.23928, -0.592107
47.175, 0.913012, 2.23928, -0.592107
47.2, 0.913012, 2.23928, -0.592107
47.225, 0.909135, 2.23021, -0.592107
47.25, 0.905765, 2.22239, -0.592107
47.275, 0.905765, 2.22239, -0.592107
47.3, 0.905765, 2.22239, -0.592107
47.325, 0.901834, 2.2131, -0.592107
47.35, 0.897472, 2.20265, -0.592107
47.375, 0.893157, 2.19229, -0.592107
47.4, 0.893157, 2.19229, -0.592107
47.425, 0.893157, 2.19229, -0.592107
47.45, 0.889294, 2.18307, -0.592107
47.475, 0.889294, 2.18307, -0.592107
47.5, 0.889294, 2.18307, -0.592107
47.525, 0.889294, 2.18307, -0.592107
47.55, 0.885917, 2.17511, -0.592107
47.575, 0.885917, 2.17511, -0.592107
47.6, 0.882487, 2.16691, -0.592107
47.625, 0.882487, 2.16691, -0.592107
47.65, 0.879155, 2.15889, -0.592107
47.675, 0.879155, 2.15889, -0.592107
47.7, 0.879155, 2.15889, -0.592107
47.725, 0.875975, 2.15123, -0.592107
47.75, 0.873105, 2.14423, -0.592107
47.775, 0.873105, 2.14423, -0.592107
47.8, 0.873105, 2.14423, -0.592107
47.825, 0.870252, 2.13733, -0.592107
47.85, 0.867855, 2.13146, -0.592107
47.875, 0.867855, 2.13146, -0.592107
47.9, 0.867855, 2.13146, -0.592107
47.925, 0.867855, 2.13146, -0.592107
47.95, 0.865055, 2.12481, -0.592107
47.975, 0.865055, 2.12481, -0.592107
48, 0.865055, 2.12481, -0.592107
48.025, 0.861186, 2.11573, -0.592107
48.05, 0.861186, 2.11573, -0.592107
48.075, 0.856766, 2.1053, -0.592107
48.1, 0.852231, 2.09459, -0.592107
48.125, 0.852231, 2.09459, -0.592107
48.15, 0.848218, 2.08512, -0.592107
48.175, 0.848218, 2.08512, -0.592107
48.2, 0.848218, 2.08512, -0.592107
48.225, 0.848218, 2.08512, -0.592107
48.25, 0.848218, 2.08512, -0.592107
48.275, 0.848218, 2.08512, -0.592107
48.3, 0.844236, 2.07591, -0.592107
48.325, 0.844236, 2.07591, -0.592107
48.35, 0.844236, 2.07591, -0.592107
48.375, 0.840075, 2.06638, -0.592107
48.4, 0.840075, 2.06638, -0.592107
48.425, 0.833476, 2.05087, -0.592107
48.45, 0.802222, 2.02769, -0.592107
48.475, 0.802222, 2.02769, -0.592107
48.5, 0.802222, 2.02769, -0.592107
48.525, 0.794322, 2.0086, -0.592107
48.55, 0.794322, 2.0086, -0.592107
48.575, 0.794322, 2.0086, -0.592107
48.6, 0.794322, 2.0086, -0.592107
48.625, 0.786751, 1.99035, -0.592107
48.65, 0.786751, 1.99035, -0.592107
48.675, 0.779745, 1.97346, -0.592107
48.7, 0.773149, 1.95753, -0.592107
48.725, 0.766939, 1.9425, -0.592107
48.75, 0.766939, 1.9425, -0.592107
48.775, 0.766939, 1.9425, -0.592107
48.8, 0.766939, 1.9425, -0.592107
48.825, 0.766939, 1.9425, -0.592107
48.85, 0.761032, 1.92821, -0.592107
48.875, 0.755317, 1.9144, -0.592107
48.9, 0.755317, 1.9144, -0.592107
48.925, 0.755317, 1.9144, -0.592107
48.95, 0.755317, 1.9144, -0.592107
48.975, 0.749919, 1.90133, -0.592107
49, 0.744787, 1.88892, -0.592107
49.025, 0.744787, 1.88892, -0.592107
49.05, 0.744787, 1.88892, -0.592107
49.075, 0.739845, 1.87692, -0.592107
49.1, 0.735154, 1.86548, -0.592107
49.125, 0.735154, 1.86548, -0.592107
49.15, 0.735154, 1.86548, -0.592107
49.175, 0.735154, 1.86548, -0.592107
49.2, 0.735154, 1.86548, -0.592107
49.225, 0.730841, 1.85508, -0.592107
49.25, 0.726769, 1.84528, -0.592107
49.275, 0.726769, 1.84528, -0.592107
49.3, 0.726769, 1.84528, -0.592107
49.325, 0.726769, 1.84528, -0.592107
49.35, 0.726769, 1.84528, -0.592107
49.375, 0.726769, 1.84528, -0.592107
49.4, 0.726769, 1.84528, -0.592107
49.425, 0.726769, 1.84528, -0.592107
49.45, 0.726769, 1.84528, -0.592107
49.475, 0.725326, 1.84292, -0.592107
49.5, 0.725224, 1.84387, -0.592107
49.525, 0.725224, 1.84387, -0.592107
49.55, 0.72464, 1.84364, -0.592107
49.575, 0.72464, 1.84364, -0.592107
49.6, 0.722312, 1.83854, -0.592107
49.625, 0.719025, 1.83034, -0.592107
49.65, 0.719025, 1.83034, -0.592107
49.675, 0.719025, 1.83034, -0.592107
49.7, 0.719025, 1.83034, -0.592107
49.725, 0.719025, 1.83034, -0.592107
49.75, 0.719025, 1.83034, -0.592107
49.775, 0.719025, 1.83034, -0.592107
49.8, 0.719025, 1.83034, -0.592107
49.825, 0.719025, 1.83034, -0.592107
49.85, 0.719025, 1.83034, -0.592107
49.875, 0.719025, 1.83034, -0.592107
49.9, 0.715521, 1.82141, -0.592107
49.925, 0.712034, 1.81243, -0.592107
49.95, 0.712034, 1.81243, -0.592107
49.975, 0.708774, 1.80414, -0.592107
50, 0.70565, 1.79624, -0.592107
