0, 1, 1, -1.0246, 0.0248015
0.025, 1, 1, -0.927339, 0.000428213
0.05, 1, 1, -0.927339, 0.000428213
0.075, 1, 1, -0.927339, 0.000428213
0.1, 1, 1, -0.927339, 0.000428213
0.125, 1, 1, -0.0597315, -0.00751914
0.15, 1, 1, -0.0597315, -0.00751914
0.175, 1, 1, -1.11984, 0.00218617
0.2, 1, 1, -1.11984, 0.00218617
0.225, 1, 1, -1.08781, 0.00189834
0.25, 1, 1, -1.074, 0.00177308
0.275, 1, 1, -1.06947, 0.00172799
0.3, 1, 1, -1.06947, 0.00172799
0.325, 1, 1, -1.06947, 0.00172799
0.35, 1, 1, -1.06947, 0.00172799
0.375, 1, 1, -1.06999, 0.00156766
0.4, 1, 1, -1.06999, 0.00156766
0.425, 1, 1, -1.06999, 0.00156766
0.45, 1, 1, -1.06999, 0.00156766
0.475, 1, 1, -1.08028, 0.00152554
0.5, 1, 1, -1.08028, 0.00152554
0.525, 1, 1, -1.08437, 0.0015101
0.55, 1, 1, -1.08593, 0.0015046
0.575, 1, 1, -1.08593, 0.0015046
0.6, 1, 1, -1.06979, 0.00150629
0.625, 1, 1, -1.06979, 0.00150629
0.65, 1, 1, -1.0523, 0.0015004
0.675, 1, 1, -1.0523, 0.0015004
0.7, 1, 1, -1.041, 0.00149234
0.725, 1, 1, -1.041, 0.00149234
0.75, 1, 1, -1.041, 0.00149234
0.775, 1, 1, -1.04419, 0.00150716
0.8, 1, 1, -1.04419, 0.00150716
0.825, 1, 1, -1.04419, 0.00150716
0.85, 1, 1, -1.03475, 0.00145715
0.875, 1, 1, -1.02845, 0.00148318
0.9, 1, 1, -1.0225, 0.00150619
0.925, 1, 1, -1.0225, 0.00150619
0.95, 1, 1, -1.0225, 0.00150619
0.975, 1, 1, -1.0225, 0.00150619
1, 1, 1, -1.0225, 0.00150619
1.025, 1, 1, -1.02067, 0.00147141
1.05, 1, 1, -1.02067, 0.00147141
1.075, 1, 1, -1.02067, 0.00147141
1.1, 1, 1, -1.0185, 0.00146051
1.125, 1, 1, -1.0185, 0.00146051
1.15, 1, 1, -1.01636, 0.00147793
1.175, 1, 1, -1.01636, 0.00147793
1.2, 1, 1, -1.01501, 0.00148621
1.225, 1, 1, -1.01501, 0.00148621
1.25, 1, 1, -1.0146, 0.00148727
1.275, 1, 1, -1.0143, 0.00149344
1.3, 1, 1, -1.0143, 0.00149344
1.325, 1, 1, -1.0143, 0.00149344
1.35, 1, 1, -1.0143, 0.00149344
1.375, 1, 1, -1.0143, 0.00149344
1.4, 1, 1, -1.01379, 0.00146208
1.425, 1, 1, -1.01379, 0.00146208
1.45, 1, 1, -1.01313, 0.00146781
1.475, 1, 1, -1.01248, 0.00149153
1.5, 1, 1, -1.01248, 0.00149153
1.525, 1, 1, -1.01248, 0.00149153
1.55, 1, 1, -1.01057, 0.00147286
1.575, 1, 1, -1.0095, 0.00153244
1.6, 1, 1, -1.0095, 0.00153244
1.625, 1, 1, -1.0095, 0.00153244
1.65, 1, 1, -1.00915, 0.0015266
1.675, 1, 1, -1.00907, 0.00152921
1.7, 1, 1, -1.0091, 0.0015285
1.725, 1, 1, -1.0091, 0.0015285
1.75, 1, 1, -1.00796, 0.00153632
1.775, 1, 1, -1.00796, 0.00153632
1.8, 1, 1, -1.00796, 0.00153632
1.825, 1, 1, -1.00796, 0.00153632
1.85, 1, 1, -1.00796, 0.00153632
1.875, 1, 1, -1.00734, 0.00156519
1.9, 1, 1, -1.00701, 0.00158366
1.925, 1, 1, -1.00701, 0.00158366
1.95, 1, 1, -1.00701, 0.00158366
1.975, 1, 1, -1.00701, 0.00158366
2, 1, 1, -1.00621, 0.00157215
2.025, 1, 1, -1.00621, 0.00157215
2.05, 1, 1, -1.00621, 0.00157215
2.075, 1, 1, -1.00537, 0.00167253
2.1, 1, 1, -1.00537, 0.00167253
2.125, 1, 1, -1.00481, 0.00176226
2.15, 1, 1, -1.00445, 0.00180197
2.175, 1, 1, -1.00445, 0.00180197
2.2, 1, 1, -1.00415, 0.00183007
2.225, 1, 1, -1.00415, 0.00183007
2.25, 1, 1, -1.00415, 0.00183007
2.275, 1, 1, -1.00379, 0.00184419
2.3, 1, 1, -1.00343, 0.00188329
2.325, 1, 1, -1.00343, 0.00188329
2.35, 1, 1, -1.00343, 0.00188329
2.375, 1, 1, -1.00304, 0.00202662
2.4, 1, 1, -1.00304, 0.00202662
2.425, 1, 1, -1.00304, 0.00202662
2.45, 1, 1, -1.00304, 0.00202662
2.475, 1, 1, -1.00304, 0.00202662
2.5, 1, 1, -1.00304, 0.00202662
2.525, 1, 1, -1.00304, 0.00202662
2.55, 1, 1, -1.00304, 0.00202662
2.575, 1, 1, -1.00304, 0.00202662
2.6, 1, 1, -1.00264, 0.00198411
2.625, 1, 1, -1.00264, 0.00198411
2.65, 1, 1, -1.00243, 0.00208016
2.675, 1, 1, -1.00243, 0.00208016
2.7, 1, 1, -1.00243, 0.00208016
2.725, 1, 1, -1.00243, 0.00208016
2.75, 1, 1, -1.00231, 0.00208141
2.775, 1, 1, -1.00231, 0.00208141
2.8, 1, 1, -1.00218, 0.0021272
2.825, 1, 1, -1.00218, 0.0021272
2.85, 1, 1, -1.00218, 0.0021272
2.875, 1, 1, -1.0022, 0.00212661
2.9, 1, 1, -1.00223, 0.00211549
2.925, 1, 1, -1.00223, 0.00211549
2.95, 1, 1, -1.00223, 0.00211549
2.975, 1, 1, -1.00223, 0.00211549
3, 1, 1, -1.00223, 0.00211549
3.025, 1, 1, -1.00223, 0.00211549
3.05, 1, 1, -1.00223, 0.00211549
3.075, 1, 1, -1.00223, 0.00211549
3.1, 1, 1, -1.00223, 0.00211549
3.125, 1, 1, -1.00282, 0.00244727
3.15, 1, 1, -1.00306, 0.00241558
3.175, 1, 1, -1.00326, 0.00239606
3.2, 1, 1, -1.00337, 0.00238238
3.225, 1, 1, -1.00338, 0.00238042
3.25, 1, 1, -1.00338, 0.00238042
3.275, 1, 1, -1.00338, 0.00238042
3.3, 1, 1, -1.00338, 0.00238042
3.325, 1, 1, -1.00338, 0.00238042
3.35, 1, 1, -1.00407, 0.00262407
3.375, 1, 1, -1.00447, 0.0026692
3.4, 1, 1, -1.00447, 0.0026692
3.425, 1, 1, -1.00443, 0.00266211
3.45, 1, 1, -1.00419, 0.00267712
3.475, 1, 1, -1.00403, 0.00270579
3.5, 1, 1, -1.00389, 0.00271899
3.525, 1, 1, -1.00389, 0.00271899
3.55, 1, 1, -1.00411, 0.00273047
3.575, 1, 1, -1.00411, 0.00273047
3.6, 1, 1, -1.00441, 0.00281194
3.625, 1, 1, -1.00441, 0.00281194
3.65, 1, 1, -1.00455, 0.00285017
3.675, 1, 1, -1.00455, 0.00285017
3.7, 1, 1, -1.00455, 0.00285017
3.725, 1, 1, -1.00441, 0.002847
3.75, 1, 1, -1.00422, 0.00282092
3.775, 1, 1, -1.00422, 0.00282092
3.8, 1, 1, -1.00422, 0.00282092
3.825, 1, 1, -1.00422, 0.00282092
3.85, 1, 1, -1.00422, 0.00282092
3.875, 1, 1, -1.00422, 0.00282092
3.9, 1, 1, -1.00472, 0.00362857
3.925, 1, 1, -1.00472, 0.00362857
3.95, 1, 1, -1.00465, 0.00368367
3.975, 1, 1, -1.0045, 0.00364532
4, 1, 1, -1.0045, 0.00364532
4.025, 1, 1, -1.00442, 0.00369813
4.05, 1, 1, -1.00442, 0.00369813
4.075, 1, 1, -1.00442, 0.00369813
4.1, 1, 1, -1.00442, 0.00369813
4.125, 1, 1, -1.00455, 0.00399685
4.15, 1, 1, -1.00455, 0.00399685
4.175, 1, 1, -1.00451, 0.00411803
4.2, 1, 1, -1.00451, 0.00411803
4.225, 1, 1, -1.00451, 0.00411803
4.25, 1, 1, -1.00451, 0.00411803
4.275, 1, 1, -1.00451, 0.00411803
4.3, 1, 1, -1.00507, 0.00491885
4.325, 1, 1, -1.00502, 0.00502326
4.35, 1, 1, -1.00502, 0.00502326
4.375, 1, 1, -1.005, 0.0051129
4.4, 1, 1, -1.00495, 0.00517058
4.425, 1, 1, -1.00492, 0.00524393
4.45, 1, 1, -1.0049, 0.005328
4.475, 1, 1, -1.0049, 0.005328
4.5, 1, 1, -1.00491, 0.00540496
4.525, 1, 1, -1.0049, 0.00543585
4.55, 1, 1, -1.0049, 0.00543585
4.575, 1, 1, -1.0049, 0.00543585
4.6, 1, 1, -1.0049, 0.00543585
4.625, 1, 1, -1.0049, 0.00543585
4.65, 1, 1, -1.00484, 0.00550303
4.675, 1, 1, -1.005, 0.00580797
4.7, 1, 1, -1.00519, 0.00613584
4.725, 1, 1, -1.00528, 0.0062879
4.75, 1, 1, -1.00529, 0.00630679
4.775, 1, 1, -1.00529, 0.00630679
4.8, 1, 1, -1.00536, 0.00630111
4.825, 1, 1, -1.00537, 0.00628857
4.85, 1, 1, -1.00537, 0.00628857
4.875, 1, 1, -1.00537, 0.00628857
4.9, 1, 1, -1.00537, 0.00628857
4.925, 1, 1, -1.00537, 0.00628857
4.95, 1, 1, -1.00537, 0.00628857
4.975, 1, 1, -1.00539, 0.00629892
5, 1, 1, -1.00536, 0.00619751
5.025, 1, 1, -1.00536, 0.00619751
5.05, 1, 1, -1.00536, 0.00619751
5.075, 1, 1, -1.00536, 0.00619751
5.1, 1, 1, -1.00536, 0.00619751
5.125, 1, 1, -1.00536, 0.00619751
5.15, 1, 1, -1.00526, 0.00610626
5.175, 1, 1, -1.00526, 0.00610626
5.2, 1, 1, -1.00528, 0.00610503
5.225, 1, 1, -1.00528, 0.00610503
5.25, 1, 1, -1.00545, 0.00617217
5.275, 1, 1, -1.00545, 0.00617217
5.3, 1, 1, -1.00558, 0.00623858
5.325, 1, 1, -1.00562, 0.00622102
5.35, 1, 1, -1.00562, 0.00622102
5.375, 1, 1, -1.00562, 0.00622102
5.4, 1, 1, -1.00562, 0.00622102
5.425, 1, 1, -1.00562, 0.00622102
5.45, 1, 1, -1.00562, 0.00622102
5.475, 1, 1, -1.00562, 0.00622102
5.5, 1, 1, -1.00562, 0.00622102
5.525, 1, 1, -1.00579, 0.00636584
5.55, 1, 1, -1.00587, 0.00638248
5.575, 1, 1, -1.00587, 0.00638248
5.6, 1, 1, -1.00587, 0.00638248
5.625, 1, 1, -1.00677, 0.00700991
5.65, 1, 1, -1.00677, 0.00700991
5.675, 1, 1, -1.00677, 0.00700991
5.7, 1, 1, -1.00677, 0.00700991
5.725, 1, 1, -1.00677, 0.00700991
5.75, 1, 1, -1.00677, 0.00700991
5.775, 1, 1, -1.00677, 0.00700991
5.8, 1, 1, -1.00677, 0.00700991
5.825, 1, 1, -1.00705, 0.00713389
5.85, 1, 1, -1.00705, 0.00713389
5.875, 1, 1, -1.00738, 0.00733369
5.9, 1, 1, -1.00738, 0.00733369
5.925, 1, 1, -1.00738, 0.00733369
5.95, 1, 1, -1.00742, 0.00734305
5.975, 1, 1, -1.00726, 0.00723868
6, 1, 1, -1.00726, 0.00723868
6.025, 1, 1, -1.00726, 0.00723868
6.05, 1, 1, -1.0076, 0.00772915
6.075, 1, 1, -1.0076, 0.00772915
6.1, 1, 1, -1.0076, 0.00772915
6.125, 1, 1, -1.0076, 0.00772915
6.15, 1, 1, -1.00795, 0.00811959
6.175, 1, 1, -1.00795, 0.00811959
6.2, 1, 1, -1.00795, 0.00811959
6.225, 1, 1, -1.00795, 0.00811959
6.25, 1, 1, -1.00795, 0.00811959
6.275, 1, 1, -1.00861, 0.00890065
6.3, 1, 1, -1.00861, 0.00890065
6.325, 1, 1, -1.00904, 0.0095189
6.35, 1, 1, -1.00904, 0.0095189
6.375, 1, 1, -1.00904, 0.0095189
6.4, 1, 1, -1.01008, 0.0106783
6.425, 1, 1, -1.01004, 0.0107022
6.45, 1, 1, -1.01004, 0.0107022
6.475, 1, 1, -1.01004, 0.0107064
6.5, 1, 1, -1.01003, 0.0107029
6.525, 1, 1, -1.01003, 0.0107029
6.55, 1, 1, -1.01003, 0.0107596
6.575, 1, 1, -1.01003, 0.0107596
6.6, 1, 1, -1.01003, 0.0107596
6.625, 1, 1, -1.01091, 0.0117574
6.65, 1, 1, -1.01091, 0.0117574
6.675, 1, 1, -1.01091, 0.0117574
6.7, 1, 1, -1.01091, 0.0117574
6.725, 1, 1, -1.01141, 0.0123263
6.75, 1, 1, -1.01158, 0.0125503
6.775, 1, 1, -1.01158, 0.0125503
6.8, 1, 1, -1.01159, 0.0125656
6.825, 1, 1, -1.0116, 0.012582
6.85, 1, 1, -1.01159, 0.0125625
6.875, 1, 1, -1.01159, 0.0125625
6.9, 1, 1, -1.01159, 0.0125625
6.925, 1, 1, -1.01159, 0.0125625
6.95, 1, 1, -1.01159, 0.0125625
6.975, 1, 1, -1.01147, 0.0124577
7, 1, 1, -1.01147, 0.0124577
7.025, 1, 1, -1.01147, 0.0124577
7.05, 1, 1, -1.01147, 0.0124577
7.075, 1, 1, -1.01147, 0.0124577
7.1, 1, 1, -1.01147, 0.0124577
7.125, 1, 1, -1.01147, 0.0124577
7.15, 1, 1, -1.01147, 0.0124577
7.175, 1, 1, -1.01112, 0.0121279
7.2, 1, 1, -1.01129, 0.012328
7.225, 1, 1, -1.01129, 0.012328
7.25, 1, 1, -1.01132, 0.0123679
7.275, 1, 1, -1.01132, 0.0123679
7.3, 1, 1, -1.01132, 0.0123679
7.325, 1, 1, -1.01132, 0.0123679
7.35, 1, 1, -1.01132, 0.0123679
7.375, 1, 1, -1.01356, 0.0144978
7.4, 1, 1, -1.01356, 0.0144978
7.425, 1, 1, -1.01392, 0.0147987
7.45, 1, 1, -1.01392, 0.0147987
7.475, 1, 1, -1.01409, 0.0149157
7.5, 1, 1, -1.01425, 0.0149806
7.525, 1, 1, -1.01425, 0.0149806
7.55, 1, 1, -1.01576, 0.0162649
7.575, 1, 1, -1.0167, 0.0170261
7.6, 1, 1, -1.01738, 0.0175587
7.625, 1, 1, -1.01738, 0.0175587
7.65, 1, 1, -1.01738, 0.0175587
7.675, 1, 1, -1.01866, 0.0187114
7.7, 1, 1, -1.01866, 0.0187114
7.725, 1, 1, -1.01866, 0.0187114
7.75, 1, 1, -1.01905, 0.0190391
7.775, 1, 1, -1.01922, 0.0191676
7.8, 1, 1, -1.01922, 0.0191676
7.825, 1, 1, -1.01922, 0.0191676
7.85, 1, 1, -1.01922, 0.0191676
7.875, 1, 1, -1.01922, 0.0191676
7.9, 1, 1, -1.01922, 0.0191292
7.925, 1, 1, -1.01967, 0.019505
7.95, 1, 1, -1.01967, 0.019505
7.975, 1, 1, -1.01962, 0.0194616
8, 1, 1, -1.0193, 0.0192073
8.025, 1, 1, -1.0191, 0.0190692
8.05, 1, 1, -1.0191, 0.0190692
8.075, 1, 1, -1.01924, 0.0192703
8.1, 1, 1, -1.01907, 0.0191486
8.125, 1, 1, -1.01907, 0.0191486
8.15, 1, 1, -1.0191, 0.019146
8.175, 1, 1, -1.0191, 0.019146
8.2, 1, 1, -1.0191, 0.019146
8.225, 1, 1, -1.0191, 0.019146
8.25, 1, 1, -1.0191, 0.019146
8.275, 1, 1, -1.02053, 0.0206427
8.3, 1, 1, -1.02053, 0.0206427
8.325, 1, 1, -1.02053, 0.0206427
8.35, 1, 1, -1.02053, 0.0206427
8.375, 1, 1, -1.02053, 0.0206427
8.4, 1, 1, -1.02223, 0.0224
8.425, 1, 1, -1.02209, 0.0223649
8.45, 1, 1, -1.02209, 0.0223649
8.475, 1, 1, -1.0235, 0.0238964
8.5, 1, 1, -1.02383, 0.0243447
8.525, 1, 1, -1.02409, 0.0247055
8.55, 1, 1, -1.02427, 0.0249811
8.575, 1, 1, -1.02462, 0.0254468
8.6, 1, 1, -1.02549, 0.0264839
8.625, 1, 1, -1.02667, 0.027826
8.65, 1, 1, -1.02801, 0.0293182
8.675, 1, 1, -1.02801, 0.0293182
8.7, 1, 1, -1.02801, 0.0293182
8.725, 1, 1, -1.02801, 0.0293182
8.75, 1, 1, -1.02697, 0.0281963
8.775, 1, 1, -1.02689, 0.0280226
8.8, 1, 1, -1.02689, 0.0280226
8.825, 1, 1, -1.02689, 0.0280226
8.85, 1, 1, -1.0262, 0.0274078
8.875, 1, 1, -1.0262, 0.0274078
8.9, 1, 1, -1.0262, 0.0274078
8.925, 1, 1, -1.0262, 0.0274078
8.95, 1, 1, -1.02909, 0.0304375
8.975, 1, 1, -1.02888, 0.0302156
9, 1, 1, -1.02816, 0.0293865
9.025, 1, 1, -1.02823, 0.0293503
9.05, 1, 1, -1.02834, 0.0293511
9.075, 1, 1, -1.02834, 0.0293511
9.1, 1, 1, -1.02834, 0.0293511
9.125, 1, 1, -1.0268, 0.0279087
9.15, 1, 1, -1.0268, 0.0279087
9.175, 1, 1, -1.02857, 0.0297611
9.2, 1, 1, -1.02857, 0.0297611
9.225, 1, 1, -1.02884, 0.0300457
9.25, 1, 1, -1.02884, 0.0300457
9.275, 1, 1, -1.02884, 0.0300457
9.3, 1, 1, -1.02911, 0.0302959
9.325, 1, 1, -1.0288, 0.0299598
9.35, 1, 1, -1.0288, 0.0299598
9.375, 1, 1, -1.0288, 0.0299598
9.4, 1, 1, -1.0288, 0.0299598
9.425, 1, 1, -1.03102, 0.0321278
9.45, 1, 1, -1.03102, 0.0321278
9.475, 1, 1, -1.03102, 0.0321278
9.5, 1, 1, -1.03102, 0.0321278
9.525, 1, 1, -1.03102, 0.0321278
9.55, 1, 1, -1.03102, 0.0321278
9.575, 1, 1, -1.0317, 0.0327989
9.6, 1, 1, -1.0316, 0.0326536
9.625, 1, 1, -1.0316, 0.0326536
9.65, 1, 1, -1.0316, 0.0326536
9.675, 1, 1, -1.0316, 0.0326536
9.7, 1, 1, -1.03455, 0.0355064
9.725, 1, 1, -1.03455, 0.0355064
9.75, 1, 1, -1.03455, 0.0355064
9.775, 1, 1, -1.03455, 0.0355064
9.8, 1, 1, -1.03455, 0.0355064
9.825, 1, 1, -1.03455, 0.0355064
9.85, 1, 1, -1.03455, 0.0355064
9.875, 1, 1, -1.03455, 0.0355064
9.9, 1, 1, -1.03658, 0.037479
9.925, 1, 1, -1.03658, 0.037479
9.95, 1, 1, -1.03658, 0.037479
9.975, 1, 1, -1.03658, 0.037479
10, 1, 1, -1.03658, 0.037479
10.025, 1, 1, -1.03658, 0.037479
10.05, 1, 1, -1.03658, 0.037479
10.075, 1, 1, -1.03658, 0.037479
10.1, 1, 1, -1.03658, 0.037479
10.125, 1, 1, -1.03658, 0.037479
10.15, 1, 1, -1.03658, 0.037479
10.175, 1, 1, -1.03658, 0.037479
10.2, 1, 1, -1.03235, 0.0330968
10.225, 1, 1, -1.03279, 0.0335024
10.25, 1, 1, -1.03259, 0.0333216
10.275, 1, 1, -1.03259, 0.0333216
10.3, 1, 1, -1.03313, 0.0339804
10.325, 1, 1, -1.03313, 0.0339804
10.35, 1, 1, -1.0364, 0.0374319
10.375, 1, 1, -1.03717, 0.038314
10.4, 1, 1, -1.03717, 0.038314
10.425, 1, 1, -1.03711, 0.0382556
10.45, 1, 1, -1.03711, 0.0382556
10.475, 1, 1, -1.03711, 0.0382556
10.5, 1, 1, -1.03711, 0.0382556
10.525, 1, 1, -1.03769, 0.038871
10.55, 1, 1, -1.03774, 0.0390007
10.575, 1, 1, -1.03844, 0.03983
10.6, 1, 1, -1.04007, 0.0416167
10.625, 1, 1, -1.04007, 0.0416167
10.65, 1, 1, -1.04125, 0.0428276
10.675, 1, 1, -1.0415, 0.0431333
10.7, 1, 1, -1.04179, 0.0434628
10.725, 1, 1, -1.04179, 0.0434628
10.75, 1, 1, -1.04515, 0.0469265
10.775, 1, 1, -1.04515, 0.0469265
10.8, 1, 1, -1.04954, 0.0513945
10.825, 1, 1, -1.04954, 0.0513945
10.85, 1, 1, -1.04954, 0.0513945
10.875, 1, 1, -1.0516, 0.0534923
10.9, 1, 1, -1.05263, 0.0545508
10.925, 1, 1, -1.05263, 0.0545508
10.95, 1, 1, -1.05263, 0.0545508
10.975, 1, 1, -1.05263, 0.0545508
11, 1, 1, -1.05325, 0.0551949
11.025, 1, 1, -1.05317, 0.0551108
11.05, 1, 1, -1.05317, 0.0551108
11.075, 1, 1, -1.05339, 0.0553038
11.1, 1, 1, -1.05292, 0.0548026
11.125, 1, 1, -1.05271, 0.0545765
11.15, 1, 1, -1.0526, 0.0544552
11.175, 1, 1, -1.0526, 0.0544552
11.2, 1, 1, -1.0526, 0.0544552
11.225, 1, 1, -1.0526, 0.0544552
11.25, 1, 1, -1.0526, 0.0544552
11.275, 1, 1, -1.0566, 0.058427
11.3, 1, 1, -1.0566, 0.058427
11.325, 1, 1, -1.0566, 0.058427
11.35, 1, 1, -1.0566, 0.058427
11.375, 1, 1, -1.0566, 0.058427
11.4, 1, 1, -1.0566, 0.058427
11.425, 1, 1, -1.0566, 0.058427
11.45, 1, 1, -1.05423, 0.0560634
11.475, 1, 1, -1.05378, 0.0555696
11.5, 1, 1, -1.05346, 0.0552005
11.525, 1, 1, -1.05346, 0.0552005
11.55, 1, 1, -1.05668, 0.0582772
11.575, 1, 1, -1.05864, 0.0600726
11.6, 1, 1, -1.06233, 0.0635402
11.625, 1, 1, -1.06233, 0.0635402
11.65, 1, 1, -1.06233, 0.0635402
11.675, 1, 1, -1.06233, 0.0635402
11.7, 1, 1, -1.06233, 0.0635402
11.725, 1, 1, -1.06233, 0.0635402
11.75, 1, 1, -1.06233, 0.0635402
11.775, 1, 1, -1.06233, 0.0635402
11.8, 1, 1, -1.06485, 0.0660271
11.825, 1, 1, -1.06671, 0.0675973
11.85, 1, 1, -1.06671, 0.0675973
11.875, 1, 1, -1.06671, 0.0675973
11.9, 1, 1, -1.06671, 0.0675973
11.925, 1, 1, -1.06671, 0.0675973
11.95, 1, 1, -1.06671, 0.0675973
11.975, 1, 1, -1.06671, 0.0675973
12, 1, 1, -1.06671, 0.0675973
12.025, 1, 1, -1.06671, 0.0675973
12.05, 1, 1, -1.06671, 0.0675973
12.075, 1, 1, -1.06716, 0.0679807
12.1, 1, 1, -1.06716, 0.0679807
12.125, 1, 1, -1.06716, 0.0679807
12.15, 1, 1, -1.06716, 0.0679807
12.175, 1, 1, -1.0658, 0.0664887
12.2, 1, 1, -1.0658, 0.0664887
12.225, 1, 1, -1.0658, 0.0664887
12.25, 1, 1, -1.06624, 0.0669508
12.275, 1, 1, -1.06573, 0.0664912
12.3, 1, 1, -1.06573, 0.0664912
12.325, 1, 1, -1.06573, 0.0664912
12.35, 1, 1, -1.06573, 0.0664912
12.375, 1, 1, -1.06573, 0.0664912
12.4, 1, 1, -1.06648, 0.0672495
12.425, 1, 1, -1.06648, 0.0672495
12.45, 1, 1, -1.06648, 0.0672495
12.475, 1, 1, -1.06931, 0.0701475
12.5, 1, 1, -1.06899, 0.0698591
12.525, 1, 1, -1.06825, 0.0691734
12.55, 1, 1, -1.0675, 0.0684811
12.575, 1, 1, -1.06698, 0.0680284
12.6, 1, 1, -1.06669, 0.0678182
12.625, 1, 1, -1.06703, 0.0682641
12.65, 1, 1, -1.06703, 0.0682641
12.675, 1, 1, -1.07339, 0.0747315
12.7, 1, 1, -1.07339, 0.0747315
12.725, 1, 1, -1.07339, 0.0747315
12.75, 1, 1, -1.07339, 0.0747315
12.775, 1, 1, -1.07283, 0.0741584
12.8, 1, 1, -1.07283, 0.0741584
12.825, 1, 1, -1.07283, 0.0741584
12.85, 1, 1, -1.07283, 0.0741584
12.875, 1, 1, -1.0763, 0.0776854
12.9, 1, 1, -1.07804, 0.0794907
12.925, 1, 1, -1.07804, 0.0794907
12.95, 1, 1, -1.07804, 0.0794907
12.975, 1, 1, -1.07741, 0.0788512
13, 1, 1, -1.07705, 0.0784583
13.025, 1, 1, -1.07705, 0.0784583
13.05, 1, 1, -1.07716, 0.0785996
13.075, 1, 1, -1.07828, 0.0797621
13.1, 1, 1, -1.07828, 0.0797621
13.125, 1, 1, -1.07828, 0.0797621
13.15, 1, 1, -1.07828, 0.0797621
13.175, 1, 1, -1.0807, 0.0822062
13.2, 1, 1, -1.08114, 0.0826614
13.225, 1, 1, -1.08201, 0.0835483
13.25, 1, 1, -1.08255, 0.0841
13.275, 1, 1, -1.08255, 0.0841
13.3, 1, 1, -1.08255, 0.0841
13.325, 1, 1, -1.08288, 0.0844179
13.35, 1, 1, -1.08288, 0.0844179
13.375, 1, 1, -1.08293, 0.0844667
13.4, 1, 1, -1.08293, 0.0844667
13.425, 1, 1, -1.08293, 0.0844667
13.45, 1, 1, -1.08293, 0.0844667
13.475, 1, 1, -1.08338, 0.0849143
13.5, 1, 1, -1.08338, 0.0849143
13.525, 1, 1, -1.08435, 0.0858505
13.55, 1, 1, -1.08435, 0.0858505
13.575, 1, 1, -1.08435, 0.0858505
13.6, 1, 1, -1.08435, 0.0858505
13.625, 1, 1, -1.08435, 0.0858505
13.65, 1, 1, -1.08435, 0.0858505
13.675, 1, 1, -1.08323, 0.0847372
13.7, 1, 1, -1.08323, 0.0847372
13.725, 1, 1, -1.08387, 0.0853467
13.75, 1, 1, -1.08387, 0.0853467
13.775, 1, 1, -1.08501, 0.0864384
13.8, 1, 1, -1.08501, 0.0864384
13.825, 1, 1, -1.08501, 0.0864384
13.85, 1, 1, -1.09013, 0.0914618
13.875, 1, 1, -1.09202, 0.0932442
13.9, 1, 1, -1.09363, 0.0947463
13.925, 1, 1, -1.09363, 0.0947463
13.95, 1, 1, -1.09758, 0.0985947
13.975, 1, 1, -1.10031, 0.1012
14, 1, 1, -1.10031, 0.1012
14.025, 1, 1, -1.10031, 0.1012
14.05, 1, 1, -1.10648, 0.107248
14.075, 1, 1, -1.10648, 0.107248
14.1, 1, 1, -1.11007, 0.110731
14.125, 1, 1, -1.11007, 0.110731
14.15, 1, 1, -1.11007, 0.110731
14.175, 1, 1, -1.11007, 0.110731
14.2, 1, 1, -1.11007, 0.110731
14.225, 1, 1, -1.11007, 0.110731
14.25, 1, 1, -1.11041, 0.111062
14.275, 1, 1, -1.11041, 0.111062
14.3, 1, 1, -1.11041, 0.111062
14.325, 1, 1, -1.11041, 0.111062
14.35, 1, 1, -1.11041, 0.111062
14.375, 1, 1, -1.10649, 0.107078
14.4, 1, 1, -1.10649, 0.107078
14.425, 1, 1, -1.10649, 0.107078
14.45, 1, 1, -1.10649, 0.107078
14.475, 1, 1, -1.10649, 0.107078
14.5, 1, 1, -1.10649, 0.107078
14.525, 1, 1, -1.11415, 0.114899
14.55, 1, 1, -1.11415, 0.114899
14.575, 1, 1, -1.11415, 0.114899
14.6, 1, 1, -1.12709, 0.127936
14.625, 1, 1, -1.12709, 0.127936
14.65, 1, 1, -1.12709, 0.127936
14.675, 1, 1, -1.12506, 0.125884
14.7, 1, 1, -1.12474, 0.125584
14.725, 1, 1, -1.12474, 0.125584
14.75, 1, 1, -1.12474, 0.125584
14.775, 1, 1, -1.12611, 0.126992
14.8, 1, 1, -1.12611, 0.126992
14.825, 1, 1, -1.12611, 0.126992
14.85, 1, 1, -1.12611, 0.126992
14.875, 1, 1, -1.12611, 0.126992
14.9, 1, 1, -1.12793, 0.128826
14.925, 1, 1, -1.12912, 0.130085
14.95, 1, 1, -1.12912, 0.130085
14.975, 1, 1, -1.13351, 0.134531
15, 1, 1, -1.13616, 0.137247
15.025, 1, 1, -1.1373, 0.138419
15.05, 1, 1, -1.1373, 0.138419
15.075, 1, 1, -1.1373, 0.138419
15.1, 1, 1, -1.13734, 0.138454
15.125, 1, 1, -1.13734, 0.138454
15.15, 1, 1, -1.13789, 0.139027
15.175, 1, 1, -1.13789, 0.139027
15.2, 1, 1, -1.13914, 0.1403
15.225, 1, 1, -1.13914, 0.1403
15.25, 1, 1, -1.13914, 0.1403
15.275, 1, 1, -1.13977, 0.140901
15.3, 1, 1, -1.13977, 0.140901
15.325, 1, 1, -1.13977, 0.140901
15.35, 1, 1, -1.13977, 0.140901
15.375, 1, 1, -1.13977, 0.140901
15.4, 1, 1, -1.1363, 0.137475
15.425, 1, 1, -1.13612, 0.137285
15.45, 1, 1, -1.13611, 0.137281
15.475, 1, 1, -1.1357, 0.136865
15.5, 1, 1, -1.1357, 0.136865
15.525, 1, 1, -1.13635, 0.137473
15.55, 1, 1, -1.13635, 0.137473
15.575, 1, 1, -1.13635, 0.137473
15.6, 1, 1, -1.14213, 0.143187
15.625, 1, 1, -1.14283, 0.143838
15.65, 1, 1, -1.14283, 0.143838
15.675, 1, 1, -1.14283, 0.143838
15.7, 1, 1, -1.13932, 0.140381
15.725, 1, 1, -1.13932, 0.140381
15.75, 1, 1, -1.14023, 0.141321
15.775, 1, 1, -1.13984, 0.140931
15.8, 1, 1, -1.13984, 0.140931
15.825, 1, 1, -1.14088, 0.141914
15.85, 1, 1, -1.14252, 0.143467
15.875, 1, 1, -1.14252, 0.143467
15.9, 1, 1, -1.14252, 0.143467
15.925, 1, 1, -1.14252, 0.143467
15.95, 1, 1, -1.14252, 0.143467
15.975, 1, 1, -1.14252, 0.143467
16, 1, 1, -1.14252, 0.143467
16.025, 1, 1, -1.14252, 0.143467
16.05, 1, 1, -1.14252, 0.143467
16.075, 1, 1, -1.14986, 0.150732
16.1, 1, 1, -1.14986, 0.150732
16.125, 1, 1, -1.14986, 0.150732
16.15, 1, 1, -1.16349, 0.164166
16.175, 1, 1, -1.16856, 0.169113
16.2, 1, 1, -1.16856, 0.169113
16.225, 1, 1, -1.17075, 0.171228
16.25, 1, 1, -1.17075, 0.171228
16.275, 1, 1, -1.17075, 0.171228
16.3, 1, 1, -1.17075, 0.171228
16.325, 1, 1, -1.17075, 0.171228
16.35, 1, 1, -1.17075, 0.171228
16.375, 1, 1, -1.17022, 0.170649
16.4, 1, 1, -1.17022, 0.170649
16.425, 1, 1, -1.17023, 0.170659
16.45, 1, 1, -1.16963, 0.170081
16.475, 1, 1, -1.16963, 0.170081
16.5, 1, 1, -1.16963, 0.170081
16.525, 1, 1, -1.16963, 0.170081
16.55, 1, 1, -1.16963, 0.170081
16.575, 1, 1, -1.16963, 0.170081
16.6, 1, 1, -1.16963, 0.170081
16.625, 1, 1, -1.15953, 0.159922
16.65, 1, 1, -1.15797, 0.158437
16.675, 1, 1, -1.15702, 0.157545
16.7, 1, 1, -1.15639, 0.156941
16.725, 1, 1, -1.15639, 0.156941
16.75, 1, 1, -1.15639, 0.156941
16.775, 1, 1, -1.15639, 0.156941
16.8, 1, 1, -1.15639, 0.156941
16.825, 1, 1, -1.15639, 0.156941
16.85, 1, 1, -1.15639, 0.156941
16.875, 1, 1, -1.15639, 0.156941
16.9, 1, 1, -1.15639, 0.156941
16.925, 1, 1, -1.15639, 0.156941
16.95, 1, 1, -1.12413, 0.124635
16.975, 1, 1, -1.1241, 0.124614
17, 1, 1, -1.12412, 0.124632
17.025, 1, 1, -1.12412, 0.124632
17.05, 1, 1, -1.12412, 0.124632
17.075, 1, 1, -1.12412, 0.124632
17.1, 1, 1, -1.12412, 0.124632
17.125, 1, 1, -1.12412, 0.124632
17.15, 1, 1, -1.13272, 0.133266
17.175, 1, 1, -1.13272, 0.133266
17.2, 1, 1, -1.13272, 0.133266
17.225, 1, 1, -1.13446, 0.135016
17.25, 1, 1, -1.13446, 0.135016
17.275, 1, 1, -1.13444, 0.134996
17.3, 1, 1, -1.134, 0.134545
17.325, 1, 1, -1.13421, 0.134767
17.35, 1, 1, -1.13421, 0.134767
17.375, 1, 1, -1.13561, 0.136194
17.4, 1, 1, -1.13754, 0.138152
17.425, 1, 1, -1.13754, 0.138152
17.45, 1, 1, -1.13754, 0.138152
17.475, 1, 1, -1.13776, 0.138371
17.5, 1, 1, -1.13776, 0.138371
17.525, 1, 1, -1.13776, 0.138371
17.55, 1, 1, -1.14028, 0.140863
17.575, 1, 1, -1.14078, 0.14132
17.6, 1, 1, -1.14136, 0.141862
17.625, 1, 1, -1.14136, 0.141862
17.65, 1, 1, -1.14136, 0.141862
17.675, 1, 1, -1.14136, 0.141862
17.7, 1, 1, -1.14002, 0.140528
17.725, 1, 1, -1.14002, 0.140528
17.75, 1, 1, -1.14237, 0.142832
17.775, 1, 1, -1.14382, 0.14421
17.8, 1, 1, -1.14635, 0.146653
17.825, 1, 1, -1.14635, 0.146653
17.85, 1, 1, -1.14716, 0.147457
17.875, 1, 1, -1.14716, 0.147457
17.9, 1, 1, -1.15014, 0.15037
17.925, 1, 1, -1.15232, 0.152457
17.95, 1, 1, -1.15525, 0.155287
17.975, 1, 1, -1.15525, 0.155287
18, 1, 1, -1.15525, 0.155287
18.025, 1, 1, -1.15525, 0.155287
18.05, 1, 1, -1.15525, 0.155287
18.075, 1, 1, -1.15525, 0.155287
18.1, 1, 1, -1.15082, 0.150926
18.125, 1, 1, -1.15082, 0.150926
18.15, 1, 1, -1.15297, 0.15299
18.175, 1, 1, -1.15676, 0.156658
18.2, 1, 1, -1.15676, 0.156658
18.225, 1, 1, -1.15935, 0.159194
18.25, 1, 1, -1.15935, 0.159194
18.275, 1, 1, -1.15935, 0.159194
18.3, 1, 1, -1.15935, 0.159194
18.325, 1, 1, -1.16065, 0.160444
18.35, 1, 1, -1.16366, 0.163357
18.375, 1, 1, -1.16733, 0.166938
18.4, 1, 1, -1.16733, 0.166938
18.425, 1, 1, -1.16733, 0.166938
18.45, 1, 1, -1.16733, 0.166938
18.475, 1, 1, -1.16733, 0.166938
18.5, 1, 1, -1.16591, 0.165648
18.525, 1, 1, -1.16504, 0.164934
18.55, 1, 1, -1.16603, 0.166094
18.575, 1, 1, -1.16603, 0.166094
18.6, 1, 1, -1.16603, 0.166094
18.625, 1, 1, -1.15873, 0.158746
18.65, 1, 1, -1.15873, 0.158746
18.675, 1, 1, -1.15873, 0.158746
18.7, 1, 1, -1.15873, 0.158746
18.725, 1, 1, -1.15758, 0.157587
18.75, 1, 1, -1.15758, 0.157587
18.775, 1, 1, -1.15758, 0.157587
18.8, 1, 1, -1.16071, 0.160744
18.825, 1, 1, -1.15931, 0.159447
18.85, 1, 1, -1.15919, 0.159424
18.875, 1, 1, -1.1602, 0.160522
18.9, 1, 1, -1.1602, 0.160522
18.925, 1, 1, -1.1602, 0.160522
18.95, 1, 1, -1.17389, 0.174265
18.975, 1, 1, -1.17389, 0.174265
19, 1, 1, -1.17389, 0.174265
19.025, 1, 1, -1.17389, 0.174265
19.05, 1, 1, -1.17389, 0.174265
19.075, 1, 1, -1.17389, 0.174265
19.1, 1, 1, -1.17389, 0.174265
19.125, 1, 1, -1.17578, 0.176149
19.15, 1, 1, -1.17578, 0.176149
19.175, 1, 1, -1.17578, 0.176149
19.2, 1, 1, -1.17578, 0.176149
19.225, 1, 1, -1.17448, 0.174852
19.25, 1, 1, -1.17475, 0.175125
19.275, 1, 1, -1.17475, 0.175125
19.3, 1, 1, -1.17475, 0.175125
19.325, 1, 1, -1.17475, 0.175125
19.35, 1, 1, -1.17434, 0.174774
19.375, 1, 1, -1.17434, 0.174774
19.4, 1, 1, -1.17475, 0.175207
19.425, 1, 1, -1.17494, 0.175406
19.45, 1, 1, -1.1749, 0.175356
19.475, 1, 1, -1.17477, 0.175217
19.5, 1, 1, -1.17477, 0.175217
19.525, 1, 1, -1.17477, 0.175217
19.55, 1, 1, -1.17477, 0.175217
19.575, 1, 1, -1.17477, 0.175217
19.6, 1, 1, -1.17191, 0.17238
19.625, 1, 1, -1.17186, 0.172304
19.65, 1, 1, -1.17184, 0.172255
19.675, 1, 1, -1.17167, 0.172073
19.7, 1, 1, -1.17149, 0.171885
19.725, 1, 1, -1.17133, 0.171712
19.75, 1, 1, -1.17133, 0.171712
19.775, 1, 1, -1.17148, 0.171858
19.8, 1, 1, -1.17148, 0.171858
19.825, 1, 1, -1.17148, 0.171858
19.85, 1, 1, -1.17148, 0.171858
19.875, 1, 1, -1.17148, 0.171858
19.9, 1, 1, -1.17148, 0.171858
19.925, 1, 1, -1.17148, 0.171858
19.95, 1, 1, -1.17148, 0.171858
19.975, 1, 1, -1.17148, 0.171858
20, 1, 1, -1.17148, 0.171858
20, 1, 1, -1.15683, 0.157237
20.025, 1, 1, -1.15608, 0.156494
20.05, 1, 1, -1.15608, 0.156494
20.075, 1, 1, -1.15608, 0.156494
20.1, 1, 1, -1.15608, 0.156494
20.125, 1, 1, -1.15519, 0.155611
20.15, 1, 1, -1.15449, 0.154915
20.175, 1, 1, -1.15449, 0.154915
20.2, 1, 1, -1.15449, 0.154915
20.225, 1, 1, -1.15449, 0.154915
20.25, 1, 1, -1.15405, 0.154488
20.275, 1, 1, -1.15405, 0.154488
20.3, 1, 1, -1.15365, 0.154087
20.325, 1, 1, -1.15365, 0.154087
20.35, 1, 1, -1.15365, 0.154087
20.375, 1, 1, -1.15365, 0.154087
20.4, 1, 1, -1.15299, 0.153431
20.425, 1, 1, -1.15299, 0.153431
20.45, 1, 1, -1.15299, 0.153431
20.475, 1, 1, -1.15299, 0.153431
20.5, 1, 1, -1.15207, 0.152525
20.525, 1, 1, -1.1509, 0.151357
20.55, 1, 1, -1.14955, 0.150017
20.575, 1, 1, -1.14955, 0.150017
20.6, 1, 1, -1.14826, 0.14873
20.625, 1, 1, -1.14682, 0.147304
20.65, 1, 1, -1.1453, 0.145783
20.675, 1, 1, -1.14369, 0.144185
20.7, 1, 1, -1.14369, 0.144185
20.725, 1, 1, -1.14369, 0.144185
20.75, 1, 1, -1.14209, 0.142592
20.775, 1, 1, -1.14039, 0.140899
20.8, 1, 1, -1.14039, 0.140899
20.825, 1, 1, -1.14039, 0.140899
20.85, 1, 1, -1.14039, 0.140899
20.875, 1, 1, -1.14039, 0.140899
20.9, 1, 1, -1.14039, 0.140899
20.925, 1, 1, -1.14039, 0.140899
20.95, 1, 1, -1.13783, 0.138349
20.975, 1, 1, -1.13783, 0.138349
21, 1, 1, -1.13783, 0.138349
21.025, 1, 1, -1.13783, 0.138349
21.05, 1, 1, -1.13783, 0.138349
21.075, 1, 1, -1.13783, 0.138349
21.1, 1, 1, -1.13519, 0.135722
21.125, 1, 1, -1.13519, 0.135722
21.15, 1, 1, -1.13265, 0.133185
21.175, 1, 1, -1.13007, 0.130606
21.2, 1, 1, -1.13007, 0.130606
21.225, 1, 1, -1.12767, 0.128207
21.25, 1, 1, -1.12767, 0.128207
21.275, 1, 1, -1.12548, 0.126001
21.3, 1, 1, -1.12548, 0.126001
21.325, 1, 1, -1.12335, 0.123858
21.35, 1, 1, -1.12335, 0.123858
21.375, 1, 1, -1.12335, 0.123858
21.4, 1, 1, -1.12335, 0.123858
21.425, 1, 1, -1.12335, 0.123858
21.45, 1, 1, -1.12335, 0.123858
21.475, 1, 1, -1.12335, 0.123858
21.5, 1, 1, -1.12335, 0.123858
21.525, 1, 1, -1.12156, 0.12206
21.55, 1, 1, -1.11978, 0.120253
21.575, 1, 1, -1.11978, 0.120253
21.6, 1, 1, -1.11978, 0.120253
21.625, 1, 1, -1.11803, 0.11849
21.65, 1, 1, -1.11635, 0.116789
21.675, 1, 1, -1.11635, 0.116789
21.7, 1, 1, -1.1147, 0.115124
21.725, 1, 1, -1.11305, 0.113448
21.75, 1, 1, -1.1114, 0.111772
21.775, 1, 1, -1.1114, 0.111772
21.8, 1, 1, -1.1114, 0.111772
21.825, 1, 1, -1.1114, 0.111772
21.85, 1, 1, -1.1098, 0.110147
21.875, 1, 1, -1.10823, 0.108551
21.9, 1, 1, -1.10669, 0.106988
21.925, 1, 1, -1.10669, 0.106988
21.95, 1, 1, -1.10521, 0.105474
21.975, 1, 1, -1.10521, 0.105474
22, 1, 1, -1.10378, 0.104013
22.025, 1, 1, -1.10237, 0.102574
22.05, 1, 1, -1.10237, 0.102574
22.075, 1, 1, -1.10237, 0.102574
22.1, 1, 1, -1.10237, 0.102574
22.125, 1, 1, -1.101, 0.101168
22.15, 1, 1, -1.101, 0.101168
22.175, 1, 1, -1.101, 0.101168
22.2, 1, 1, -1.09967, 0.0998114
22.225, 1, 1, -1.09967, 0.0998114
22.25, 1, 1, -1.09967, 0.0998114
22.275, 1, 1, -1.09967, 0.0998114
22.3, 1, 1, -1.09967, 0.0998114
22.325, 1, 1, -1.09967, 0.0998114
22.35, 1, 1, -1.09869, 0.098795
22.375, 1, 1, -1.09776, 0.0978186
22.4, 1, 1, -1.09776, 0.0978186
22.425, 1, 1, -1.0971, 0.0970994
22.45, 1, 1, -1.0971, 0.0970994
22.475, 1, 1, -1.09664, 0.0965761
22.5, 1, 1, -1.09664, 0.0965761
22.525, 1, 1, -1.09632, 0.0961906
22.55, 1, 1, -1.09603, 0.095828
22.575, 1, 1, -1.09581, 0.0955192
22.6, 1, 1, -1.09581, 0.0955192
22.625, 1, 1, -1.09581, 0.0955192
22.65, 1, 1, -1.09623, 0.0958583
22.675, 1, 1, -1.09623, 0.0958583
22.7, 1, 1, -1.09623, 0.0958583
22.725, 1, 1, -1.09623, 0.0958583
22.75, 1, 1, -1.09623, 0.0958583
22.775, 1, 1, -1.09615, 0.0956953
22.8, 1, 1, -1.09615, 0.0956953
22.825, 1, 1, -1.09615, 0.0956953
22.85, 1, 1, -1.09615, 0.0956953
22.875, 1, 1, -1.09615, 0.0956953
22.9, 1, 1, -1.09604, 0.0955068
22.925, 1, 1, -1.09608, 0.0954819
22.95, 1, 1, -1.09608, 0.0954819
22.975, 1, 1, -1.0967, 0.0960526
23, 1, 1, -1.09792, 0.0972444
23.025, 1, 1, -1.09792, 0.0972444
23.05, 1, 1, -1.09792, 0.0972444
23.075, 1, 1, -1.09792, 0.0972444
23.1, 1, 1, -1.09792, 0.0972444
23.125, 1, 1, -1.10019, 0.0994983
23.15, 1, 1, -1.10019, 0.0994983
23.175, 1, 1, -1.10019, 0.0994983
23.2, 1, 1, -1.10019, 0.0994983
23.225, 1, 1, -1.10019, 0.0994983
23.25, 1, 1, -1.10254, 0.101844
23.275, 1, 1, -1.10512, 0.104426
23.3, 1, 1, -1.10512, 0.104426
23.325, 1, 1, -1.10512, 0.104426
23.35, 1, 1, -1.10512, 0.104426
23.375, 1, 1, -1.10512, 0.104426
23.4, 1, 1, -1.10755, 0.106853
23.425, 1, 1, -1.10755, 0.106853
23.45, 1, 1, -1.11005, 0.109365
23.475, 1, 1, -1.11258, 0.111906
23.5, 1, 1, -1.11258, 0.111906
23.525, 1, 1, -1.11517, 0.114519
23.55, 1, 1, -1.11517, 0.114519
23.575, 1, 1, -1.11782, 0.117182
23.6, 1, 1, -1.11782, 0.117182
23.625, 1, 1, -1.11782, 0.117182
23.65, 1, 1, -1.11782, 0.117182
23.675, 1, 1, -1.11782, 0.117182
23.7, 1, 1, -1.11782, 0.117182
23.725, 1, 1, -1.11782, 0.117182
23.75, 1, 1, -1.11782, 0.117182
23.775, 1, 1, -1.11782, 0.117182
23.8, 1, 1, -1.11782, 0.117182
23.825, 1, 1, -1.12013, 0.119516
23.85, 1, 1, -1.12239, 0.121798
23.875, 1, 1, -1.12239, 0.121798
23.9, 1, 1, -1.12462, 0.124045
23.925, 1, 1, -1.12462, 0.124045
23.95, 1, 1, -1.12462, 0.124045
23.975, 1, 1, -1.12462, 0.124045
24, 1, 1, -1.12692, 0.126367
24.025, 1, 1, -1.12918, 0.128651
24.05, 1, 1, -1.12918, 0.128651
24.075, 1, 1, -1.13136, 0.130854
24.1, 1, 1, -1.13347, 0.132983
24.125, 1, 1, -1.13347, 0.132983
24.15, 1, 1, -1.13549, 0.135028
24.175, 1, 1, -1.13745, 0.137007
24.2, 1, 1, -1.13937, 0.138943
24.225, 1, 1, -1.14126, 0.140859
24.25, 1, 1, -1.14126, 0.140859
24.275, 1, 1, -1.14313, 0.142756
24.3, 1, 1, -1.14496, 0.144612
24.325, 1, 1, -1.14496, 0.144612
24.35, 1, 1, -1.14673, 0.1464
24.375, 1, 1, -1.14673, 0.1464
24.4, 1, 1, -1.14846, 0.148146
24.425, 1, 1, -1.14846, 0.148146
24.45, 1, 1, -1.14846, 0.148146
24.475, 1, 1, -1.14846, 0.148146
24.5, 1, 1, -1.15007, 0.149776
24.525, 1, 1, -1.15007, 0.149776
24.55, 1, 1, -1.15007, 0.149776
24.575, 1, 1, -1.15162, 0.151353
24.6, 1, 1, -1.15162, 0.151353
24.625, 1, 1, -1.15162, 0.151353
24.65, 1, 1, -1.15162, 0.151353
24.675, 1, 1, -1.15162, 0.151353
24.7, 1, 1, -1.15162, 0.151353
24.725, 1, 1, -1.15162, 0.151353
24.75, 1, 1, -1.15162, 0.151353
24.775, 1, 1, -1.15296, 0.152715
24.8, 1, 1, -1.15296, 0.152715
24.825, 1, 1, -1.15296, 0.152715
24.85, 1, 1, -1.15296, 0.152715
24.875, 1, 1, -1.15425, 0.154021
24.9, 1, 1, -1.1555, 0.155294
24.925, 1, 1, -1.1555, 0.155294
24.95, 1, 1, -1.15676, 0.156571
24.975, 1, 1, -1.15804, 0.15786
25, 1, 1, -1.15939, 0.159223
25.025, 1, 1, -1.15939, 0.159223
25.05, 1, 1, -1.16106, 0.160887
25.075, 1, 1, -1.16106, 0.160887
25.1, 1, 1, -1.16317, 0.162993
25.125, 1, 1, -1.16317, 0.162993
25.15, 1, 1, -1.16317, 0.162993
25.175, 1, 1, -1.16583, 0.165644
25.2, 1, 1, -1.16892, 0.168698
25.225, 1, 1, -1.17241, 0.172146
25.25, 1, 1, -1.17241, 0.172146
25.275, 1, 1, -1.17617, 0.175869
25.3, 1, 1, -1.17999, 0.179638
25.325, 1, 1, -1.17999, 0.179638
25.35, 1, 1, -1.17999, 0.179638
25.375, 1, 1, -1.18272, 0.182322
25.4, 1, 1, -1.18272, 0.182322
25.425, 1, 1, -1.18532, 0.184884
25.45, 1, 1, -1.18532, 0.184884
25.475, 1, 1, -1.18785, 0.187373
25.5, 1, 1, -1.19019, 0.18967
25.525, 1, 1, -1.19019, 0.18967
25.55, 1, 1, -1.19019, 0.18967
25.575, 1, 1, -1.1924, 0.191848
25.6, 1, 1, -1.1924, 0.191848
25.625, 1, 1, -1.1924, 0.191848
25.65, 1, 1, -1.19826, 0.197693
25.675, 1, 1, -1.20586, 0.2053
25.7, 1, 1, -1.20586, 0.2053
25.725, 1, 1, -1.20586, 0.2053
25.75, 1, 1, -1.21202, 0.211449
25.775, 1, 1, -1.21202, 0.211449
25.8, 1, 1, -1.21825, 0.217685
25.825, 1, 1, -1.21825, 0.217685
25.85, 1, 1, -1.21825, 0.217685
25.875, 1, 1, -1.21825, 0.217685
25.9, 1, 1, -1.21825, 0.217685
25.925, 1, 1, -1.21825, 0.217685
25.95, 1, 1, -1.22064, 0.220043
25.975, 1, 1, -1.22064, 0.220043
26, 1, 1, -1.22297, 0.222358
26.025, 1, 1, -1.22297, 0.222358
26.05, 1, 1, -1.22516, 0.224547
26.075, 1, 1, -1.2271, 0.2265
26.1, 1, 1, -1.22886, 0.228273
26.125, 1, 1, -1.22886, 0.228273
26.15, 1, 1, -1.22886, 0.228273
26.175, 1, 1, -1.22886, 0.228273
26.2, 1, 1, -1.23054, 0.22998
26.225, 1, 1, -1.23212, 0.23158
26.25, 1, 1, -1.23212, 0.23158
26.275, 1, 1, -1.23212, 0.23158
26.3, 1, 1, -1.23212, 0.23158
26.325, 1, 1, -1.23212, 0.23158
26.35, 1, 1, -1.23212, 0.23158
26.375, 1, 1, -1.23212, 0.23158
26.4, 1, 1, -1.23212, 0.23158
26.425, 1, 1, -1.23212, 0.23158
26.45, 1, 1, -1.23337, 0.232847
26.475, 1, 1, -1.23337, 0.232847
26.5, 1, 1, -1.2345, 0.234013
26.525, 1, 1, -1.23559, 0.235127
26.55, 1, 1, -1.23559, 0.235127
26.575, 1, 1, -1.23559, 0.235127
26.6, 1, 1, -1.23667, 0.236231
26.625, 1, 1, -1.23778, 0.237355
26.65, 1, 1, -1.23894, 0.238531
26.675, 1, 1, -1.23894, 0.238531
26.7, 1, 1, -1.23894, 0.238531
26.725, 1, 1, -1.23894, 0.238531
26.75, 1, 1, -1.23968, 0.239293
26.775, 1, 1, -1.23968, 0.239293
26.8, 1, 1, -1.24037, 0.240005
26.825, 1, 1, -1.24037, 0.240005
26.85, 1, 1, -1.24037, 0.240005
26.875, 1, 1, -1.24103, 0.240686
26.9, 1, 1, -1.24103, 0.240686
26.925, 1, 1, -1.24103, 0.240686
26.95, 1, 1, -1.24103, 0.240686
26.975, 1, 1, -1.24165, 0.241325
27, 1, 1, -1.24165, 0.241325
27.025, 1, 1, -1.24223, 0.241926
27.05, 1, 1, -1.24278, 0.242503
27.075, 1, 1, -1.24332, 0.243059
27.1, 1, 1, -1.24332, 0.243059
27.125, 1, 1, -1.24332, 0.243059
27.15, 1, 1, -1.24384, 0.2436
27.175, 1, 1, -1.24384, 0.2436
27.2, 1, 1, -1.24384, 0.2436
27.225, 1, 1, -1.24384, 0.2436
27.25, 1, 1, -1.24433, 0.244111
27.275, 1, 1, -1.24433, 0.244111
27.3, 1, 1, -1.24433, 0.244111
27.325, 1, 1, -1.24433, 0.244111
27.35, 1, 1, -1.24433, 0.244111
27.375, 1, 1, -1.2448, 0.244598
27.4, 1, 1, -1.2448, 0.244598
27.425, 1, 1, -1.2448, 0.244598
27.45, 1, 1, -1.2448, 0.244598
27.475, 1, 1, -1.2448, 0.244598
27.5, 1, 1, -1.24525, 0.245065
27.525, 1, 1, -1.24525, 0.245065
27.55, 1, 1, -1.24569, 0.245516
27.575, 1, 1, -1.24611, 0.245953
27.6, 1, 1, -1.24611, 0.245953
27.625, 1, 1, -1.24652, 0.246376
27.65, 1, 1, -1.24652, 0.246376
27.675, 1, 1, -1.24691, 0.246785
27.7, 1, 1, -1.24691, 0.246785
27.725, 1, 1, -1.24729, 0.247183
27.75, 1, 1, -1.24767, 0.247571
27.775, 1, 1, -1.24767, 0.247571
27.8, 1, 1, -1.24767, 0.247571
27.825, 1, 1, -1.24767, 0.247571
27.85, 1, 1, -1.24767, 0.247571
27.875, 1, 1, -1.24767, 0.247571
27.9, 1, 1, -1.24767, 0.247571
27.925, 1, 1, -1.24767, 0.247571
27.95, 1, 1, -1.24793, 0.247847
27.975, 1, 1, -1.24793, 0.247847
28, 1, 1, -1.24793, 0.247847
28.025, 1, 1, -1.24793, 0.247847
28.05, 1, 1, -1.24793, 0.247847
28.075, 1, 1, -1.24793, 0.247847
28.1, 1, 1, -1.24809, 0.248022
28.125, 1, 1, -1.24809, 0.248022
28.15, 1, 1, -1.24809, 0.248022
28.175, 1, 1, -1.24813, 0.248069
28.2, 1, 1, -1.24813, 0.248069
28.225, 1, 1, -1.24813, 0.248069
28.25, 1, 1, -1.24813, 0.248069
28.275, 1, 1, -1.24813, 0.248069
28.3, 1, 1, -1.24786, 0.247813
28.325, 1, 1, -1.2476, 0.247566
28.35, 1, 1, -1.2476, 0.247566
28.375, 1, 1, -1.24739, 0.247357
28.4, 1, 1, -1.24739, 0.247357
28.425, 1, 1, -1.24715, 0.247126
28.45, 1, 1, -1.24691, 0.2469
28.475, 1, 1, -1.24691, 0.2469
28.5, 1, 1, -1.24691, 0.2469
28.525, 1, 1, -1.24691, 0.2469
28.55, 1, 1, -1.24691, 0.2469
28.575, 1, 1, -1.24659, 0.246587
28.6, 1, 1, -1.24629, 0.246295
28.625, 1, 1, -1.24601, 0.246026
28.65, 1, 1, -1.24601, 0.246026
28.675, 1, 1, -1.24601, 0.246026
28.7, 1, 1, -1.24573, 0.245743
28.725, 1, 1, -1.24573, 0.245743
28.75, 1, 1, -1.24544, 0.245467
28.775, 1, 1, -1.24517, 0.245201
28.8, 1, 1, -1.24517, 0.245201
28.825, 1, 1, -1.24492, 0.244957
28.85, 1, 1, -1.24492, 0.244957
28.875, 1, 1, -1.24492, 0.244957
28.9, 1, 1, -1.24492, 0.244957
28.925, 1, 1, -1.24467, 0.244715
28.95, 1, 1, -1.24467, 0.244715
28.975, 1, 1, -1.24445, 0.244492
29, 1, 1, -1.24423, 0.244283
29.025, 1, 1, -1.24423, 0.244283
29.05, 1, 1, -1.24403, 0.244079
29.075, 1, 1, -1.24403, 0.244079
29.1, 1, 1, -1.24383, 0.243882
29.125, 1, 1, -1.24383, 0.243882
29.15, 1, 1, -1.24383, 0.243882
29.175, 1, 1, -1.24364, 0.243695
29.2, 1, 1, -1.24364, 0.243695
29.225, 1, 1, -1.24364, 0.243695
29.25, 1, 1, -1.24364, 0.243695
29.275, 1, 1, -1.24364, 0.243695
29.3, 1, 1, -1.24355, 0.243615
29.325, 1, 1, -1.24356, 0.243618
29.35, 1, 1, -1.24362, 0.243675
29.375, 1, 1, -1.24372, 0.243772
29.4, 1, 1, -1.24388, 0.243915
29.425, 1, 1, -1.24412, 0.244147
29.45, 1, 1, -1.24412, 0.244147
29.475, 1, 1, -1.24412, 0.244147
29.5, 1, 1, -1.24412, 0.244147
29.525, 1, 1, -1.2446, 0.244616
29.55, 1, 1, -1.2446, 0.244616
29.575, 1, 1, -1.2446, 0.244616
29.6, 1, 1, -1.2446, 0.244616
29.625, 1, 1, -1.2446, 0.244616
29.65, 1, 1, -1.24468, 0.244678
29.675, 1, 1, -1.24468, 0.244678
29.7, 1, 1, -1.24468, 0.244678
29.725, 1, 1, -1.24459, 0.244578
29.75, 1, 1, -1.24459, 0.244578
29.775, 1, 1, -1.24459, 0.244578
29.8, 1, 1, -1.24459, 0.244578
29.825, 1, 1, -1.24459, 0.244578
29.85, 1, 1, -1.24459, 0.244578
29.875, 1, 1, -1.24459, 0.244578
29.9, 1, 1, -1.24459, 0.244578
29.925, 1, 1, -1.24459, 0.244578
29.95, 1, 1, -1.24459, 0.244578
29.975, 1, 1, -1.2431, 0.243073
30, 1, 1, -1.24249, 0.242485
30.025, 1, 1, -1.24249, 0.242485
30.05, 1, 1, -1.24218, 0.242203
30.075, 1, 1, -1.24218, 0.242203
30.1, 1, 1, -1.24218, 0.242203
30.125, 1, 1, -1.24291, 0.242947
30.15, 1, 1, -1.24351, 0.243566
30.175, 1, 1, -1.2446, 0.24467
30.2, 1, 1, -1.2446, 0.24467
30.225, 1, 1, -1.24674, 0.246821
30.25, 1, 1, -1.24674, 0.246821
30.275, 1, 1, -1.24674, 0.246821
30.3, 1, 1, -1.24674, 0.246821
30.325, 1, 1, -1.24854, 0.248634
30.35, 1, 1, -1.24854, 0.248634
30.375, 1, 1, -1.24854, 0.248634
30.4, 1, 1, -1.24854, 0.248634
30.425, 1, 1, -1.24939, 0.249509
30.45, 1, 1, -1.25012, 0.250245
30.475, 1, 1, -1.25075, 0.250874
30.5, 1, 1, -1.25075, 0.250874
30.525, 1, 1, -1.25075, 0.250874
30.55, 1, 1, -1.25075, 0.250874
30.575, 1, 1, -1.25148, 0.251604
30.6, 1, 1, -1.25148, 0.251604
30.625, 1, 1, -1.25148, 0.251604
30.65, 1, 1, -1.25148, 0.251604
30.675, 1, 1, -1.25205, 0.252182
30.7, 1, 1, -1.25205, 0.252182
30.725, 1, 1, -1.25266, 0.252805
30.75, 1, 1, -1.25266, 0.252805
30.775, 1, 1, -1.25266, 0.252805
30.8, 1, 1, -1.25266, 0.252805
30.825, 1, 1, -1.25303, 0.253166
30.85, 1, 1, -1.25303, 0.253166
30.875, 1, 1, -1.25349, 0.253622
30.9, 1, 1, -1.25349, 0.253622
30.925, 1, 1, -1.25349, 0.253622
30.95, 1, 1, -1.25349, 0.253622
30.975, 1, 1, -1.25349, 0.253622
31, 1, 1, -1.25349, 0.253622
31.025, 1, 1, -1.25349, 0.253622
31.05, 1, 1, -1.25349, 0.253622
31.075, 1, 1, -1.25205, 0.252202
31.1, 1, 1, -1.25205, 0.252202
31.125, 1, 1, -1.25205, 0.252202
31.15, 1, 1, -1.25036, 0.250525
31.175, 1, 1, -1.2487, 0.248877
31.2, 1, 1, -1.2487, 0.248877
31.225, 1, 1, -1.2471, 0.247278
31.25, 1, 1, -1.2471, 0.247278
31.275, 1, 1, -1.2471, 0.247278
31.3, 1, 1, -1.2471, 0.247278
31.325, 1, 1, -1.2456, 0.245786
31.35, 1, 1, -1.2442, 0.244405
31.375, 1, 1, -1.24289, 0.24311
31.4, 1, 1, -1.24163, 0.241859
31.425, 1, 1, -1.24163, 0.241859
31.45, 1, 1, -1.24163, 0.241859
31.475, 1, 1, -1.24044, 0.240678
31.5, 1, 1, -1.24044, 0.240678
31.525, 1, 1, -1.24044, 0.240678
31.55, 1, 1, -1.24044, 0.240678
31.575, 1, 1, -1.24044, 0.240678
31.6, 1, 1, -1.23938, 0.239627
31.625, 1, 1, -1.23938, 0.239627
31.65, 1, 1, -1.23835, 0.238601
31.675, 1, 1, -1.2373, 0.23754
31.7, 1, 1, -1.2373, 0.23754
31.725, 1, 1, -1.2373, 0.23754
31.75, 1, 1, -1.2373, 0.23754
31.775, 1, 1, -1.2373, 0.23754
31.8, 1, 1, -1.23631, 0.236554
31.825, 1, 1, -1.23631, 0.236554
31.85, 1, 1, -1.23541, 0.235656
31.875, 1, 1, -1.23541, 0.235656
31.9, 1, 1, -1.23541, 0.235656
31.925, 1, 1, -1.23478, 0.235029
31.95, 1, 1, -1.23427, 0.234521
31.975, 1, 1, -1.23427, 0.234521
32, 1, 1, -1.23427, 0.234521
32.025, 1, 1, -1.23427, 0.234521
32.05, 1, 1, -1.23352, 0.233776
32.075, 1, 1, -1.23297, 0.233226
32.1, 1, 1, -1.23297, 0.233226
32.125, 1, 1, -1.23297, 0.233226
32.15, 1, 1, -1.23297, 0.233226
32.175, 1, 1, -1.2324, 0.232656
32.2, 1, 1, -1.2324, 0.232656
32.225, 1, 1, -1.23187, 0.232117
32.25, 1, 1, -1.2313, 0.231549
32.275, 1, 1, -1.23068, 0.230916
32.3, 1, 1, -1.23, 0.230227
32.325, 1, 1, -1.22929, 0.22949
32.35, 1, 1, -1.22929, 0.22949
32.375, 1, 1, -1.22859, 0.228772
32.4, 1, 1, -1.22859, 0.228772
32.425, 1, 1, -1.22859, 0.228772
32.45, 1, 1, -1.22859, 0.228772
32.475, 1, 1, -1.22867, 0.228851
32.5, 1, 1, -1.22867, 0.228851
32.525, 1, 1, -1.22953, 0.229703
32.55, 1, 1, -1.22953, 0.229703
32.575, 1, 1, -1.22953, 0.229703
32.6, 1, 1, -1.22953, 0.229703
32.625, 1, 1, -1.22953, 0.229703
32.65, 1, 1, -1.22953, 0.229703
32.675, 1, 1, -1.22953, 0.229703
32.7, 1, 1, -1.22983, 0.229997
32.725, 1, 1, -1.23012, 0.230282
32.75, 1, 1, -1.23012, 0.230282
32.775, 1, 1, -1.23012, 0.230282
32.8, 1, 1, -1.23012, 0.230282
32.825, 1, 1, -1.23012, 0.230282
32.85, 1, 1, -1.23012, 0.230282
32.875, 1, 1, -1.23069, 0.230847
32.9, 1, 1, -1.2313, 0.231435
32.925, 1, 1, -1.2313, 0.231435
32.95, 1, 1, -1.23187, 0.231995
32.975, 1, 1, -1.23187, 0.231995
33, 1, 1, -1.23187, 0.231995
33.025, 1, 1, -1.23259, 0.232706
33.05, 1, 1, -1.23342, 0.233536
33.075, 1, 1, -1.23472, 0.234836
33.1, 1, 1, -1.23472, 0.234836
33.125, 1, 1, -1.23472, 0.234836
33.15, 1, 1, -1.23685, 0.236981
33.175, 1, 1, -1.23685, 0.236981
33.2, 1, 1, -1.23685, 0.236981
33.225, 1, 1, -1.23865, 0.238784
33.25, 1, 1, -1.24027, 0.240412
33.275, 1, 1, -1.24164, 0.241783
33.3, 1, 1, -1.24314, 0.243291
33.325, 1, 1, -1.24314, 0.243291
33.35, 1, 1, -1.24314, 0.243291
33.375, 1, 1, -1.24314, 0.243291
33.4, 1, 1, -1.24519, 0.245349
33.425, 1, 1, -1.2477, 0.247849
33.45, 1, 1, -1.25046, 0.250607
33.475, 1, 1, -1.25333, 0.253455
33.5, 1, 1, -1.25613, 0.256228
33.525, 1, 1, -1.25613, 0.256228
33.55, 1, 1, -1.25871, 0.258792
33.575, 1, 1, -1.26123, 0.261298
33.6, 1, 1, -1.26123, 0.261298
33.625, 1, 1, -1.26594, 0.266016
33.65, 1, 1, -1.26594, 0.266016
33.675, 1, 1, -1.26594, 0.266016
33.7, 1, 1, -1.26594, 0.266016
33.725, 1, 1, -1.26594, 0.266016
33.75, 1, 1, -1.26594, 0.266016
33.775, 1, 1, -1.26594, 0.266016
33.8, 1, 1, -1.26594, 0.266016
33.825, 1, 1, -1.26594, 0.266016
33.85, 1, 1, -1.26594, 0.266016
33.875, 1, 1, -1.262, 0.262062
33.9, 1, 1, -1.262, 0.262062
33.925, 1, 1, -1.25808, 0.258134
33.95, 1, 1, -1.25433, 0.254378
33.975, 1, 1, -1.25129, 0.251317
34, 1, 1, -1.25129, 0.251317
34.025, 1, 1, -1.25129, 0.251317
34.05, 1, 1, -1.24921, 0.249212
34.075, 1, 1, -1.24743, 0.247387
34.1, 1, 1, -1.24743, 0.247387
34.125, 1, 1, -1.24743, 0.247387
34.15, 1, 1, -1.2454, 0.245331
34.175, 1, 1, -1.24342, 0.243323
34.2, 1, 1, -1.24342, 0.243323
34.225, 1, 1, -1.24193, 0.241824
34.25, 1, 1, -1.24076, 0.240643
34.275, 1, 1, -1.24076, 0.240643
34.3, 1, 1, -1.23974, 0.239617
34.325, 1, 1, -1.23974, 0.239617
34.35, 1, 1, -1.23974, 0.239617
34.375, 1, 1, -1.23974, 0.239617
34.4, 1, 1, -1.23974, 0.239617
34.425, 1, 1, -1.23878, 0.238651
34.45, 1, 1, -1.23878, 0.238651
34.475, 1, 1, -1.23878, 0.238651
34.5, 1, 1, -1.2379, 0.237767
34.525, 1, 1, -1.2379, 0.237767
34.55, 1, 1, -1.23705, 0.236921
34.575, 1, 1, -1.23705, 0.236921
34.6, 1, 1, -1.23705, 0.236921
34.625, 1, 1, -1.23705, 0.236921
34.65, 1, 1, -1.23623, 0.2361
34.675, 1, 1, -1.23623, 0.2361
34.7, 1, 1, -1.23623, 0.2361
34.725, 1, 1, -1.23623, 0.2361
34.75, 1, 1, -1.23536, 0.235234
34.775, 1, 1, -1.23451, 0.234387
34.8, 1, 1, -1.23451, 0.234387
34.825, 1, 1, -1.23369, 0.233566
34.85, 1, 1, -1.23369, 0.233566
34.875, 1, 1, -1.23369, 0.233566
34.9, 1, 1, -1.23369, 0.233566
34.925, 1, 1, -1.23302, 0.232893
34.95, 1, 1, -1.23302, 0.232893
34.975, 1, 1, -1.23302, 0.232893
35, 1, 1, -1.23227, 0.232141
35.025, 1, 1, -1.23157, 0.231447
35.05, 1, 1, -1.23157, 0.231447
35.075, 1, 1, -1.23157, 0.231447
35.1, 1, 1, -1.23157, 0.231447
35.125, 1, 1, -1.23157, 0.231447
35.15, 1, 1, -1.23157, 0.231447
35.175, 1, 1, -1.23052, 0.230393
35.2, 1, 1, -1.23052, 0.230393
35.225, 1, 1, -1.22952, 0.229391
35.25, 1, 1, -1.22952, 0.229391
35.275, 1, 1, -1.22952, 0.229391
35.3, 1, 1, -1.22861, 0.228487
35.325, 1, 1, -1.22861, 0.228487
35.35, 1, 1, -1.22861, 0.228487
35.375, 1, 1, -1.22861, 0.228487
35.4, 1, 1, -1.22861, 0.228487
35.425, 1, 1, -1.2273, 0.227173
35.45, 1, 1, -1.22604, 0.225905
35.475, 1, 1, -1.22604, 0.225905
35.5, 1, 1, -1.2248, 0.224664
35.525, 1, 1, -1.2236, 0.223463
35.55, 1, 1, -1.2236, 0.223463
35.575, 1, 1, -1.2236, 0.223463
35.6, 1, 1, -1.2236, 0.223463
35.625, 1, 1, -1.2236, 0.223463
35.65, 1, 1, -1.22247, 0.222333
35.675, 1, 1, -1.22247, 0.222333
35.7, 1, 1, -1.22247, 0.222333
35.725, 1, 1, -1.22247, 0.222333
35.75, 1, 1, -1.22247, 0.222333
35.775, 1, 1, -1.22247, 0.222333
35.8, 1, 1, -1.22138, 0.221242
35.825, 1, 1, -1.22138, 0.221242
35.85, 1, 1, -1.22138, 0.221242
35.875, 1, 1, -1.22138, 0.221242
35.9, 1, 1, -1.22138, 0.221242
35.925, 1, 1, -1.22138, 0.221242
35.95, 1, 1, -1.22032, 0.220188
35.975, 1, 1, -1.22032, 0.220188
36, 1, 1, -1.2193, 0.219163
36.025, 1, 1, -1.2193, 0.219163
36.05, 1, 1, -1.2193, 0.219163
36.075, 1, 1, -1.21831, 0.218179
36.1, 1, 1, -1.21831, 0.218179
36.125, 1, 1, -1.21831, 0.218179
36.15, 1, 1, -1.21831, 0.218179
36.175, 1, 1, -1.21831, 0.218179
36.2, 1, 1, -1.21831, 0.218179
36.225, 1, 1, -1.2173, 0.217168
36.25, 1, 1, -1.21633, 0.216196
36.275, 1, 1, -1.2154, 0.215269
36.3, 1, 1, -1.21452, 0.21439
36.325, 1, 1, -1.2137, 0.213563
36.35, 1, 1, -1.2137, 0.213563
36.375, 1, 1, -1.2137, 0.213563
36.4, 1, 1, -1.21282, 0.212687
36.425, 1, 1, -1.21199, 0.211857
36.45, 1, 1, -1.21199, 0.211857
36.475, 1, 1, -1.21128, 0.211144
36.5, 1, 1, -1.21128, 0.211144
36.525, 1, 1, -1.21057, 0.210436
36.55, 1, 1, -1.21057, 0.210436
36.575, 1, 1, -1.21057, 0.210436
36.6, 1, 1, -1.20997, 0.209836
36.625, 1, 1, -1.20997, 0.209836
36.65, 1, 1, -1.20997, 0.209836
36.675, 1, 1, -1.20917, 0.20904
36.7, 1, 1, -1.20917, 0.20904
36.725, 1, 1, -1.20917, 0.20904
36.75, 1, 1, -1.20917, 0.20904
36.775, 1, 1, -1.20917, 0.20904
36.8, 1, 1, -1.20834, 0.208214
36.825, 1, 1, -1.20755, 0.207421
36.85, 1, 1, -1.20755, 0.207421
36.875, 1, 1, -1.20679, 0.206665
36.9, 1, 1, -1.20604, 0.205924
36.925, 1, 1, -1.20604, 0.205924
36.95, 1, 1, -1.20604, 0.205924
36.975, 1, 1, -1.20604, 0.205924
37, 1, 1, -1.20533, 0.205213
37.025, 1, 1, -1.20533, 0.205213
37.05, 1, 1, -1.20533, 0.205213
37.075, 1, 1, -1.20533, 0.205213
37.1, 1, 1, -1.20533, 0.205213
37.125, 1, 1, -1.20533, 0.205213
37.15, 1, 1, -1.20533, 0.205213
37.175, 1, 1, -1.20467, 0.204558
37.2, 1, 1, -1.20406, 0.203952
37.225, 1, 1, -1.20406, 0.203952
37.25, 1, 1, -1.20349, 0.203383
37.275, 1, 1, -1.20349, 0.203383
37.3, 1, 1, -1.20297, 0.202862
37.325, 1, 1, -1.20297, 0.202862
37.35, 1, 1, -1.20297, 0.202862
37.375, 1, 1, -1.20297, 0.202862
37.4, 1, 1, -1.20297, 0.202862
37.425, 1, 1, -1.20246, 0.202351
37.45, 1, 1, -1.20196, 0.201859
37.475, 1, 1, -1.20148, 0.201379
37.5, 1, 1, -1.20102, 0.200914
37.525, 1, 1, -1.20102, 0.200914
37.55, 1, 1, -1.20102, 0.200914
37.575, 1, 1, -1.20102, 0.200914
37.6, 1, 1, -1.20102, 0.200914
37.625, 1, 1, -1.20058, 0.200475
37.65, 1, 1, -1.20016, 0.200057
37.675, 1, 1, -1.20016, 0.200057
37.7, 1, 1, -1.20016, 0.200057
37.725, 1, 1, -1.19972, 0.199615
37.75, 1, 1, -1.19972, 0.199615
37.775, 1, 1, -1.19972, 0.199615
37.8, 1, 1, -1.19972, 0.199615
37.825, 1, 1, -1.19924, 0.199135
37.85, 1, 1, -1.19924, 0.199135
37.875, 1, 1, -1.19924, 0.199135
37.9, 1, 1, -1.19924, 0.199135
37.925, 1, 1, -1.19904, 0.198937
37.95, 1, 1, -1.19894, 0.198839
37.975, 1, 1, -1.19894, 0.198839
38, 1, 1, -1.19894, 0.198839
38.025, 1, 1, -1.19878, 0.198684
38.05, 1, 1, -1.19878, 0.198684
38.075, 1, 1, -1.19878, 0.198684
38.1, 1, 1, -1.19878, 0.198684
38.125, 1, 1, -1.19878, 0.198684
38.15, 1, 1, -1.19878, 0.198684
38.175, 1, 1, -1.19878, 0.198684
38.2, 1, 1, -1.19874, 0.198642
38.225, 1, 1, -1.19874, 0.198642
38.25, 1, 1, -1.19869, 0.198595
38.275, 1, 1, -1.19877, 0.198671
38.3, 1, 1, -1.19892, 0.198828
38.325, 1, 1, -1.19892, 0.198828
38.35, 1, 1, -1.19893, 0.198836
38.375, 1, 1, -1.19893, 0.198836
38.4, 1, 1, -1.19893, 0.198836
38.425, 1, 1, -1.19893, 0.198836
38.45, 1, 1, -1.19893, 0.198836
38.475, 1, 1, -1.19893, 0.198836
38.5, 1, 1, -1.19893, 0.198836
38.525, 1, 1, -1.1988, 0.198704
38.55, 1, 1, -1.19873, 0.198636
38.575, 1, 1, -1.19872, 0.198618
38.6, 1, 1, -1.19869, 0.198592
38.625, 1, 1, -1.19865, 0.198545
38.65, 1, 1, -1.19865, 0.198545
38.675, 1, 1, -1.19857, 0.198468
38.7, 1, 1, -1.19849, 0.198388
38.725, 1, 1, -1.19842, 0.198317
38.75, 1, 1, -1.19842, 0.198317
38.775, 1, 1, -1.19842, 0.198317
38.8, 1, 1, -1.19839, 0.198286
38.825, 1, 1, -1.1984, 0.198292
38.85, 1, 1, -1.19844, 0.198335
38.875, 1, 1, -1.19852, 0.198412
38.9, 1, 1, -1.19863, 0.19852
38.925, 1, 1, -1.19863, 0.19852
38.95, 1, 1, -1.19863, 0.19852
38.975, 1, 1, -1.19881, 0.198697
39, 1, 1, -1.19899, 0.198869
39.025, 1, 1, -1.19899, 0.198869
39.05, 1, 1, -1.19917, 0.199042
39.075, 1, 1, -1.19917, 0.199042
39.1, 1, 1, -1.19917, 0.199042
39.125, 1, 1, -1.19917, 0.199042
39.15, 1, 1, -1.19933, 0.199204
39.175, 1, 1, -1.1995, 0.199366
39.2, 1, 1, -1.1995, 0.199366
39.225, 1, 1, -1.19967, 0.199536
39.25, 1, 1, -1.19986, 0.199722
39.275, 1, 1, -1.19986, 0.199722
39.3, 1, 1, -1.19986, 0.199722
39.325, 1, 1, -1.20009, 0.199954
39.35, 1, 1, -1.20009, 0.199954
39.375, 1, 1, -1.20009, 0.199954
39.4, 1, 1, -1.20027, 0.200128
39.425, 1, 1, -1.20027, 0.200128
39.45, 1, 1, -1.20027, 0.200128
39.475, 1, 1, -1.20027, 0.200128
39.5, 1, 1, -1.20027, 0.200128
39.525, 1, 1, -1.20027, 0.200128
39.55, 1, 1, -1.20052, 0.200374
39.575, 1, 1, -1.20088, 0.200736
39.6, 1, 1, -1.20129, 0.201147
39.625, 1, 1, -1.20169, 0.201548
39.65, 1, 1, -1.20169, 0.201548
39.675, 1, 1, -1.20169, 0.201548
39.7, 1, 1, -1.20169, 0.201548
39.725, 1, 1, -1.20213, 0.201987
39.75, 1, 1, -1.20213, 0.201987
39.775, 1, 1, -1.20213, 0.201987
39.8, 1, 1, -1.20213, 0.201987
39.825, 1, 1, -1.20299, 0.202849
39.85, 1, 1, -1.20299, 0.202849
39.875, 1, 1, -1.20299, 0.202849
39.9, 1, 1, -1.20371, 0.203571
39.925, 1, 1, -1.20371, 0.203571
39.95, 1, 1, -1.20438, 0.204243
39.975, 1, 1, -1.20504, 0.204906
40, 1, 1, -1.20504, 0.204906
40.025, 1, 1, -1.20504, 0.204906
40.05, 1, 1, -1.2057, 0.205565
40.075, 1, 1, -1.2057, 0.205565
40.1, 1, 1, -1.20662, 0.206488
40.125, 1, 1, -1.20662, 0.206488
40.15, 1, 1, -1.2076, 0.207468
40.175, 1, 1, -1.2076, 0.207468
40.2, 1, 1, -1.2076, 0.207468
40.225, 1, 1, -1.2076, 0.207468
40.25, 1, 1, -1.2076, 0.207468
40.275, 1, 1, -1.2076, 0.207468
40.3, 1, 1, -1.2076, 0.207468
40.325, 1, 1, -1.2076, 0.207468
40.35, 1, 1, -1.20841, 0.208287
40.375, 1, 1, -1.20919, 0.209066
40.4, 1, 1, -1.20919, 0.209066
40.425, 1, 1, -1.20994, 0.209827
40.45, 1, 1, -1.20994, 0.209827
40.475, 1, 1, -1.20994, 0.209827
40.5, 1, 1, -1.20994, 0.209827
40.525, 1, 1, -1.20994, 0.209827
40.55, 1, 1, -1.20994, 0.209827
40.575, 1, 1, -1.20994, 0.209827
40.6, 1, 1, -1.20994, 0.209827
40.625, 1, 1, -1.21051, 0.210395
40.65, 1, 1, -1.21051, 0.210395
40.675, 1, 1, -1.21106, 0.210947
40.7, 1, 1, -1.21106, 0.210947
40.725, 1, 1, -1.21158, 0.211475
40.75, 1, 1, -1.21158, 0.211475
40.775, 1, 1, -1.21158, 0.211475
40.8, 1, 1, -1.21209, 0.211985
40.825, 1, 1, -1.21209, 0.211985
40.85, 1, 1, -1.21209, 0.211985
40.875, 1, 1, -1.21209, 0.211985
40.9, 1, 1, -1.21209, 0.211985
40.925, 1, 1, -1.21209, 0.211985
40.95, 1, 1, -1.21209, 0.211985
40.975, 1, 1, -1.21209, 0.211985
41, 1, 1, -1.21261, 0.212514
41.025, 1, 1, -1.21261, 0.212514
41.05, 1, 1, -1.21308, 0.212985
41.075, 1, 1, -1.21308, 0.212985
41.1, 1, 1, -1.21361, 0.213522
41.125, 1, 1, -1.21421, 0.214125
41.15, 1, 1, -1.2148, 0.214713
41.175, 1, 1, -1.2148, 0.214713
41.2, 1, 1, -1.2148, 0.214713
41.225, 1, 1, -1.21551, 0.215427
41.25, 1, 1, -1.21638, 0.2163
41.275, 1, 1, -1.2174, 0.21732
41.3, 1, 1, -1.2174, 0.21732
41.325, 1, 1, -1.2174, 0.21732
41.35, 1, 1, -1.2174, 0.21732
41.375, 1, 1, -1.21836, 0.218284
41.4, 1, 1, -1.21836, 0.218284
41.425, 1, 1, -1.21836, 0.218284
41.45, 1, 1, -1.21836, 0.218284
41.475, 1, 1, -1.21836, 0.218284
41.5, 1, 1, -1.21836, 0.218284
41.525, 1, 1, -1.21836, 0.218284
41.55, 1, 1, -1.21936, 0.219291
41.575, 1, 1, -1.22034, 0.220274
41.6, 1, 1, -1.22034, 0.220274
41.625, 1, 1, -1.22034, 0.220274
41.65, 1, 1, -1.22034, 0.220274
41.675, 1, 1, -1.22034, 0.220274
41.7, 1, 1, -1.22034, 0.220274
41.725, 1, 1, -1.22124, 0.221179
41.75, 1, 1, -1.22124, 0.221179
41.775, 1, 1, -1.22124, 0.221179
41.8, 1, 1, -1.22209, 0.222032
41.825, 1, 1, -1.2229, 0.222853
41.85, 1, 1, -1.2229, 0.222853
41.875, 1, 1, -1.2229, 0.222853
41.9, 1, 1, -1.2229, 0.222853
41.925, 1, 1, -1.2229, 0.222853
41.95, 1, 1, -1.22364, 0.223588
41.975, 1, 1, -1.22433, 0.224286
42, 1, 1, -1.22499, 0.224951
42.025, 1, 1, -1.22499, 0.224951
42.05, 1, 1, -1.22563, 0.225592
42.075, 1, 1, -1.22623, 0.226205
42.1, 1, 1, -1.22681, 0.226786
42.125, 1, 1, -1.22681, 0.226786
42.15, 1, 1, -1.22736, 0.22734
42.175, 1, 1, -1.22789, 0.227873
42.2, 1, 1, -1.22789, 0.227873
42.225, 1, 1, -1.22789, 0.227873
42.25, 1, 1, -1.22846, 0.228446
42.275, 1, 1, -1.22907, 0.22906
42.3, 1, 1, -1.22907, 0.22906
42.325, 1, 1, -1.22907, 0.22906
42.35, 1, 1, -1.22954, 0.22954
42.375, 1, 1, -1.22999, 0.229993
42.4, 1, 1, -1.23043, 0.230428
42.425, 1, 1, -1.23043, 0.230428
42.45, 1, 1, -1.23084, 0.230842
42.475, 1, 1, -1.23084, 0.230842
42.5, 1, 1, -1.23084, 0.230842
42.525, 1, 1, -1.23084, 0.230842
42.55, 1, 1, -1.23084, 0.230842
42.575, 1, 1, -1.23084, 0.230842
42.6, 1, 1, -1.23084, 0.230842
42.625, 1, 1, -1.23084, 0.230842
42.65, 1, 1, -1.23084, 0.230842
42.675, 1, 1, -1.23025, 0.230256
42.7, 1, 1, -1.22968, 0.229693
42.725, 1, 1, -1.22908, 0.2291
42.75, 1, 1, -1.22908, 0.2291
42.775, 1, 1, -1.22908, 0.2291
42.8, 1, 1, -1.22908, 0.2291
42.825, 1, 1, -1.22908, 0.2291
42.85, 1, 1, -1.22916, 0.229185
42.875, 1, 1, -1.22916, 0.229185
42.9, 1, 1, -1.22916, 0.229185
42.925, 1, 1, -1.22936, 0.229385
42.95, 1, 1, -1.22921, 0.229234
42.975, 1, 1, -1.22878, 0.228799
43, 1, 1, -1.22816, 0.228166
43.025, 1, 1, -1.22816, 0.228166
43.05, 1, 1, -1.22786, 0.227859
43.075, 1, 1, -1.22786, 0.227859
43.1, 1, 1, -1.2276, 0.227579
43.125, 1, 1, -1.2276, 0.227579
43.15, 1, 1, -1.22739, 0.22736
43.175, 1, 1, -1.22712, 0.22708
43.2, 1, 1, -1.22687, 0.226824
43.225, 1, 1, -1.22687, 0.226824
43.25, 1, 1, -1.22687, 0.226824
43.275, 1, 1, -1.22673, 0.226673
43.3, 1, 1, -1.22735, 0.227288
43.325, 1, 1, -1.22735, 0.227288
43.35, 1, 1, -1.23026, 0.230188
43.375, 1, 1, -1.23634, 0.236274
43.4, 1, 1, -1.23634, 0.236274
43.425, 1, 1, -1.23634, 0.236274
43.45, 1, 1, -1.23634, 0.236274
43.475, 1, 1, -1.24038, 0.240307
43.5, 1, 1, -1.24578, 0.245713
43.525, 1, 1, -1.24578, 0.245713
43.55, 1, 1, -1.25094, 0.250882
43.575, 1, 1, -1.25608, 0.25604
43.6, 1, 1, -1.25608, 0.25604
43.625, 1, 1, -1.26093, 0.260894
43.65, 1, 1, -1.26559, 0.265569
43.675, 1, 1, -1.27015, 0.270135
43.7, 1, 1, -1.27015, 0.270135
43.725, 1, 1, -1.27452, 0.27451
43.75, 1, 1, -1.27871, 0.278714
43.775, 1, 1, -1.28274, 0.282746
43.8, 1, 1, -1.28274, 0.282746
43.825, 1, 1, -1.28274, 0.282746
43.85, 1, 1, -1.28662, 0.286642
43.875, 1, 1, -1.28662, 0.286642
43.9, 1, 1, -1.29048, 0.290509
43.925, 1, 1, -1.29048, 0.290509
43.95, 1, 1, -1.29433, 0.294364
43.975, 1, 1, -1.29433, 0.294364
44, 1, 1, -1.29433, 0.294364
44.025, 1, 1, -1.29433, 0.294364
44.05, 1, 1, -1.29756, 0.297605
44.075, 1, 1, -1.29756, 0.297605
44.1, 1, 1, -1.29756, 0.297605
44.125, 1, 1, -1.29756, 0.297605
44.15, 1, 1, -1.3007, 0.300748
44.175, 1, 1, -1.3007, 0.300748
44.2, 1, 1, -1.3007, 0.300748
44.225, 1, 1, -1.30367, 0.303723
44.25, 1, 1, -1.30367, 0.303723
44.275, 1, 1, -1.30367, 0.303723
44.3, 1, 1, -1.30634, 0.306401
44.325, 1, 1, -1.30892, 0.30899
44.35, 1, 1, -1.30892, 0.30899
44.375, 1, 1, -1.30892, 0.30899
44.4, 1, 1, -1.31142, 0.311498
44.425, 1, 1, -1.31142, 0.311498
44.45, 1, 1, -1.31384, 0.313932
44.475, 1, 1, -1.31384, 0.313932
44.5, 1, 1, -1.31384, 0.313932
44.525, 1, 1, -1.31618, 0.316272
44.55, 1, 1, -1.31843, 0.318535
44.575, 1, 1, -1.32061, 0.320722
44.6, 1, 1, -1.32272, 0.322841
44.625, 1, 1, -1.32272, 0.322841
44.65, 1, 1, -1.32272, 0.322841
44.675, 1, 1, -1.32272, 0.322841
44.7, 1, 1, -1.32272, 0.322841
44.725, 1, 1, -1.32455, 0.324669
44.75, 1, 1, -1.32455, 0.324669
44.775, 1, 1, -1.32631, 0.326436
44.8, 1, 1, -1.32801, 0.328142
44.825, 1, 1, -1.32801, 0.328142
44.85, 1, 1, -1.32801, 0.328142
44.875, 1, 1, -1.32801, 0.328142
44.9, 1, 1, -1.32801, 0.328142
44.925, 1, 1, -1.32801, 0.328142
44.95, 1, 1, -1.32801, 0.328142
44.975, 1, 1, -1.32801, 0.328142
45, 1, 1, -1.32801, 0.328142
45.025, 1, 1, -1.32801, 0.328142
45.05, 1, 1, -1.32958, 0.329722
45.075, 1, 1, -1.33118, 0.331328
45.1, 1, 1, -1.33118, 0.331328
45.125, 1, 1, -1.33118, 0.331328
45.15, 1, 1, -1.33267, 0.332817
45.175, 1, 1, -1.33409, 0.334247
45.2, 1, 1, -1.3355, 0.335658
45.225, 1, 1, -1.33689, 0.337055
45.25, 1, 1, -1.33824, 0.338416
45.275, 1, 1, -1.33955, 0.339735
45.3, 1, 1, -1.33955, 0.339735
45.325, 1, 1, -1.33955, 0.339735
45.35, 1, 1, -1.33955, 0.339735
45.375, 1, 1, -1.33955, 0.339735
45.4, 1, 1, -1.33955, 0.339735
45.425, 1, 1, -1.33955, 0.339735
45.45, 1, 1, -1.33955, 0.339735
45.475, 1, 1, -1.34091, 0.341107
45.5, 1, 1, -1.34091, 0.341107
45.525, 1, 1, -1.3423, 0.342503
45.55, 1, 1, -1.3423, 0.342503
45.575, 1, 1, -1.3435, 0.343707
45.6, 1, 1, -1.34476, 0.344968
45.625, 1, 1, -1.34603, 0.346249
45.65, 1, 1, -1.34731, 0.347529
45.675, 1, 1, -1.34859, 0.348815
45.7, 1, 1, -1.34859, 0.348815
45.725, 1, 1, -1.34859, 0.348815
45.75, 1, 1, -1.34859, 0.348815
45.775, 1, 1, -1.34957, 0.349797
45.8, 1, 1, -1.34957, 0.349797
45.825, 1, 1, -1.35052, 0.35075
45.85, 1, 1, -1.35147, 0.351698
45.875, 1, 1, -1.35244, 0.352673
45.9, 1, 1, -1.35244, 0.352673
45.925, 1, 1, -1.35244, 0.352673
45.95, 1, 1, -1.35244, 0.352673
45.975, 1, 1, -1.35244, 0.352673
46, 1, 1, -1.35244, 0.352673
46.025, 1, 1, -1.35244, 0.352673
46.05, 1, 1, -1.35244, 0.352673
46.075, 1, 1, -1.35264, 0.352878
46.1, 1, 1, -1.35264, 0.352878
46.125, 1, 1, -1.35264, 0.352878
46.15, 1, 1, -1.35284, 0.353079
46.175, 1, 1, -1.35303, 0.353275
46.2, 1, 1, -1.35303, 0.353275
46.225, 1, 1, -1.35303, 0.353275
46.25, 1, 1, -1.35303, 0.353275
46.275, 1, 1, -1.35303, 0.353275
46.3, 1, 1, -1.35321, 0.353457
46.325, 1, 1, -1.35321, 0.353457
46.35, 1, 1, -1.35338, 0.353632
46.375, 1, 1, -1.35338, 0.353632
46.4, 1, 1, -1.35338, 0.353632
46.425, 1, 1, -1.35338, 0.353632
46.45, 1, 1, -1.35338, 0.353632
46.475, 1, 1, -1.3535, 0.353758
46.5, 1, 1, -1.3535, 0.353758
46.525, 1, 1, -1.35363, 0.353892
46.55, 1, 1, -1.35377, 0.354028
46.575, 1, 1, -1.35377, 0.354028
46.6, 1, 1, -1.35377, 0.354028
46.625, 1, 1, -1.35377, 0.354028
46.65, 1, 1, -1.35377, 0.354028
46.675, 1, 1, -1.35377, 0.354028
46.7, 1, 1, -1.35384, 0.354097
46.725, 1, 1, -1.3539, 0.354159
46.75, 1, 1, -1.3539, 0.354159
46.775, 1, 1, -1.35401, 0.354265
46.8, 1, 1, -1.35416, 0.35441
46.825, 1, 1, -1.35416, 0.35441
46.85, 1, 1, -1.35423, 0.35448
46.875, 1, 1, -1.35423, 0.35448
46.9, 1, 1, -1.35451, 0.354766
46.925, 1, 1, -1.35451, 0.354766
46.95, 1, 1, -1.35451, 0.354766
46.975, 1, 1, -1.35442, 0.354672
47, 1, 1, -1.35442, 0.354672
47.025, 1, 1, -1.35428, 0.35453
47.05, 1, 1, -1.35415, 0.354399
47.075, 1, 1, -1.35415, 0.354399
47.1, 1, 1, -1.35405, 0.354304
47.125, 1, 1, -1.35405, 0.354304
47.15, 1, 1, -1.35405, 0.354304
47.175, 1, 1, -1.35405, 0.354304
47.2, 1, 1, -1.35405, 0.354304
47.225, 1, 1, -1.35359, 0.353836
47.25, 1, 1, -1.35313, 0.353373
47.275, 1, 1, -1.35313, 0.353373
47.3, 1, 1, -1.35313, 0.353373
47.325, 1, 1, -1.35272, 0.352964
47.35, 1, 1, -1.35235, 0.352597
47.375, 1, 1, -1.352, 0.352247
47.4, 1, 1, -1.352, 0.352247
47.425, 1, 1, -1.352, 0.352247
47.45, 1, 1, -1.35165, 0.351893
47.475, 1, 1, -1.35165, 0.351893
47.5, 1, 1, -1.35165, 0.351893
47.525, 1, 1, -1.35165, 0.351893
47.55, 1, 1, -1.35128, 0.351516
47.575, 1, 1, -1.35128, 0.351516
47.6, 1, 1, -1.35094, 0.351184
47.625, 1, 1, -1.35094, 0.351184
47.65, 1, 1, -1.35064, 0.350881
47.675, 1, 1, -1.35064, 0.350881
47.7, 1, 1, -1.35064, 0.350881
47.725, 1, 1, -1.35036, 0.350595
47.75, 1, 1, -1.3501, 0.350334
47.775, 1, 1, -1.3501, 0.350334
47.8, 1, 1, -1.3501, 0.350334
47.825, 1, 1, -1.34984, 0.350067
47.85, 1, 1, -1.34958, 0.349814
47.875, 1, 1, -1.34958, 0.349814
47.9, 1, 1, -1.34958, 0.349814
47.925, 1, 1, -1.34958, 0.349814
47.95, 1, 1, -1.34924, 0.349471
47.975, 1, 1, -1.34924, 0.349471
48, 1, 1, -1.34924, 0.349471
48.025, 1, 1, -1.34886, 0.349093
48.05, 1, 1, -1.34886, 0.349093
48.075, 1, 1, -1.34855, 0.34878
48.1, 1, 1, -1.34827, 0.348503
48.125, 1, 1, -1.34827, 0.348503
48.15, 1, 1, -1.34798, 0.348211
48.175, 1, 1, -1.34798, 0.348211
48.2, 1, 1, -1.34798, 0.348211
48.225, 1, 1, -1.34798, 0.348211
48.25, 1, 1, -1.34798, 0.348211
48.275, 1, 1, -1.34798, 0.348211
48.3, 1, 1, -1.34771, 0.347942
48.325, 1, 1, -1.34771, 0.347942
48.35, 1, 1, -1.34771, 0.347942
48.375, 1, 1, -1.34732, 0.347555
48.4, 1, 1, -1.34732, 0.347555
48.425, 1, 1, -1.34677, 0.346998
48.45, 1, 1, -1.34643, 0.346664
48.475, 1, 1, -1.34643, 0.346664
48.5, 1, 1, -1.34643, 0.346664
48.525, 1, 1, -1.3457, 0.345933
48.55, 1, 1, -1.3457, 0.345933
48.575, 1, 1, -1.3457, 0.345933
48.6, 1, 1, -1.3457, 0.345933
48.625, 1, 1, -1.34502, 0.345251
48.65, 1, 1, -1.34502, 0.345251
48.675, 1, 1, -1.34434, 0.344566
48.7, 1, 1, -1.34368, 0.343904
48.725, 1, 1, -1.34304, 0.343265
48.75, 1, 1, -1.34304, 0.343265
48.775, 1, 1, -1.34304, 0.343265
48.8, 1, 1, -1.34304, 0.343265
48.825, 1, 1, -1.34304, 0.343265
48.85, 1, 1, -1.34242, 0.342648
48.875, 1, 1, -1.34182, 0.342051
48.9, 1, 1, -1.34182, 0.342051
48.925, 1, 1, -1.34182, 0.342051
48.95, 1, 1, -1.34182, 0.342051
48.975, 1, 1, -1.34124, 0.341461
49, 1, 1, -1.34067, 0.340891
49.025, 1, 1, -1.34067, 0.340891
49.05, 1, 1, -1.34067, 0.340891
49.075, 1, 1, -1.34012, 0.340346
49.1, 1, 1, -1.33961, 0.339829
49.125, 1, 1, -1.33961, 0.339829
49.15, 1, 1, -1.33961, 0.339829
49.175, 1, 1, -1.33961, 0.339829
49.2, 1, 1, -1.33961, 0.339829
49.225, 1, 1, -1.33907, 0.339292
49.25, 1, 1, -1.33855, 0.338774
49.275, 1, 1, -1.33855, 0.338774
49.3, 1, 1, -1.33855, 0.338774
49.325, 1, 1, -1.33855, 0.338774
49.35, 1, 1, -1.33855, 0.338774
49.375, 1, 1, -1.33855, 0.338774
49.4, 1, 1, -1.33855, 0.338774
49.425, 1, 1, -1.33855, 0.338774
49.45, 1, 1, -1.33855, 0.338774
49.475, 1, 1, -1.33759, 0.337809
49.5, 1, 1, -1.33679, 0.337014
49.525, 1, 1, -1.33679, 0.337014
49.55, 1, 1, -1.33592, 0.336152
49.575, 1, 1, -1.33592, 0.336152
49.6, 1, 1, -1.33524, 0.335465
49.625, 1, 1, -1.33492, 0.33515
49.65, 1, 1, -1.33492, 0.33515
49.675, 1, 1, -1.33492, 0.33515
49.7, 1, 1, -1.33492, 0.33515
49.725, 1, 1, -1.33492, 0.33515
49.75, 1, 1, -1.33492, 0.33515
49.775, 1, 1, -1.33492, 0.33515
49.8, 1, 1, -1.33492, 0.33515
49.825, 1, 1, -1.33492, 0.33515
49.85, 1, 1, -1.33492, 0.33515
49.875, 1, 1, -1.33492, 0.33515
49.9, 1, 1, -1.33474, 0.334966
49.925, 1, 1, -1.33461, 0.334836
49.95, 1, 1, -1.33461, 0.334836
49.975, 1, 1, -1.33444, 0.334667
50, 1, 1, -1.33429, 0.334511
