0, 1.82663, -1.68245
0.025, 1.82663, -1.68245
0.05, 2.83046, -0.870456
0.075, 1.74321, 0.0626385
0.1, 0.667742, 0.487459
0.125, 0.667742, 0.487459
0.15, 0.667742, 0.487459
0.175, 0.287514, 0.596056
0.2, 0.287514, 0.596056
0.225, 0.287514, 0.596056
0.25, 0.0905765, 0.650909
0.275, 0.0505924, 0.662489
0.3, 0.0505924, 0.662489
0.325, 0.0505924, 0.662489
0.35, 0.0505924, 0.662489
0.375, 0.0505924, 0.662489
0.4, 0.109302, -2.7162
0.425, 0.113709, -2.78402
0.45, 0.113709, -2.78402
0.475, 0.121286, -2.77155
0.5, 0.181972, -2.69567
0.525, 0.181972, -2.69567
0.55, 0.181972, -2.69567
0.575, 0.322924, -2.56871
0.6, 0.322924, -2.56871
0.625, 0.322924, -2.56871
0.65, 0.411381, -2.50234
0.675, 0.411381, -2.50234
0.7, 0.411381, -2.50234
0.725, 0.411381, -2.50234
0.75, 0.411381, -2.50234
0.775, 0.839188, -2.21609
0.8, 0.839188, -2.21609
0.825, 1.03225, -2.08288
0.85, 1.10028, -2.03527
0.875, 1.10028, -2.03527
0.9, 1.11997, -2.0226
0.925, 1.11997, -2.0226
0.95, 1.11997, -2.0226
0.975, 1.11997, -2.0226
1, 1.11997, -2.0226
1.025, 1.11997, -2.0226
1.05, 1.11997, -2.0226
1.075, 1.11997, -2.0226
1.1, 1.11997, -2.0226
1.125, 1.11997, -2.0226
1.15, 1.11997, -2.0226
1.175, 1.11997, -2.0226
1.2, 1.3778, -1.89727
1.225, 1.43419, -1.86904
1.25, 1.45861, -1.85717
1.275, 1.45861, -1.85717
1.3, 1.48732, -1.84413
1.325, 1.48732, -1.84413
1.35, 1.51933, -1.83049
1.375, 1.51933, -1.83049
1.4, 1.51933, -1.83049
1.425, 1.51508, -1.83204
1.45, 1.51508, -1.83204
1.475, 1.51508, -1.83204
1.5, 1.57538, -1.81177
1.525, 1.62736, -1.79426
1.55, 1.62736, -1.79426
1.575, 1.65339, -1.78604
1.6, 1.65339, -1.78604
1.625, 1.66841, -1.78173
1.65, 1.69044, -1.77566
1.675, 1.71491, -1.76927
1.7, 1.71491, -1.76927
1.725, 1.71491, -1.76927
1.75, 1.71491, -1.76927
1.775, 1.71491, -1.76927
1.8, 1.71491, -1.76927
1.825, 1.71491, -1.76927
1.85, 1.7454, -1.7623
1.875, 1.7454, -1.7623
1.9, 1.78977, -1.7523
1.925, 1.84909, -1.73878
1.95, 1.89371, -1.72845
1.975, 1.89371, -1.72845
2, 1.93311, -1.71866
2.025, 1.93311, -1.71866
2.05, 1.95632, -1.71316
2.075, 1.96664, -1.71079
2.1, 1.97294, -1.70936
2.125, 1.97605, -1.70863
2.15, 1.97605, -1.70863
2.175, 1.99902, -1.70243
2.2, 2.02405, -1.69483
2.225, 2.02405, -1.69483
2.25, 2.04657, -1.68752
2.275, 2.06322, -1.68196
2.3, 2.07279, -1.67858
2.325, 2.07279, -1.67858
2.35, 2.07279, -1.67858
2.375, 2.07279, -1.67858
2.4, 2.07279, -1.67858
2.425, 2.06092, -1.67348
2.45, 2.06092, -1.67348
2.475, 2.04726, -1.66911
2.5, 2.0392, -1.66694
2.525, 2.03441, -1.6658
2.55, 2.03233, -1.66535
2.575, 2.03385, -1.66562
2.6, 2.03069, -1.66518
2.625, 2.03069, -1.66518
2.65, 2.03069, -1.66518
2.675, 2.03069, -1.66518
2.7, 2.04335, -1.66724
2.725, 2.04335, -1.66724
2.75, 2.05353, -1.66928
2.775, 2.05353, -1.66928
2.8, 2.05881, -1.67019
2.825, 2.05839, -1.67012
2.85, 2.05839, -1.67012
2.875, 2.06217, -1.67104
2.9, 2.06478, -1.67206
2.925, 2.06595, -1.67313
2.95, 2.06541, -1.67459
2.975, 2.06541, -1.67459
3, 2.06444, -1.67605
3.025, 2.06444, -1.67605
3.05, 2.06444, -1.67605
3.075, 2.05787, -1.67767
3.1, 2.04905, -1.6794
3.125, 2.04905, -1.6794
3.15, 2.04905, -1.6794
3.175, 2.04905, -1.6794
3.2, 2.03135, -1.68148
3.225, 2.03135, -1.68148
3.25, 2.03135, -1.68148
3.275, 2.00359, -1.68417
3.3, 2.00359, -1.68417
3.325, 2.00359, -1.68417
3.35, 1.96594, -1.68693
3.375, 1.94775, -1.68822
3.4, 1.95763, -1.68751
3.425, 1.95763, -1.68751
3.45, 1.95763, -1.68751
3.475, 1.93151, -1.68932
3.5, 1.93151, -1.68932
3.525, 1.93151, -1.68932
3.55, 1.93151, -1.68932
3.575, 1.93151, -1.68932
3.6, 1.91341, -1.69028
3.625, 1.91341, -1.69028
3.65, 1.91341, -1.69028
3.675, 1.99628, -1.68588
3.7, 1.99628, -1.68588
3.725, 1.99628, -1.68588
3.75, 1.99628, -1.68588
3.775, 1.99628, -1.68588
3.8, 1.99628, -1.68588
3.825, 1.99628, -1.68588
3.85, 2.028, -1.68426
3.875, 2.028, -1.68426
3.9, 2.028, -1.68426
3.925, 2.028, -1.68426
3.95, 2.04898, -1.68324
3.975, 2.04898, -1.68324
4, 2.04898, -1.68324
4.025, 2.09146, -1.68104
4.05, 2.13962, -1.67843
4.075, 2.18994, -1.67561
4.1, 2.18994, -1.67561
4.125, 2.18994, -1.67561
4.15, 2.21409, -1.67416
4.175, 2.21409, -1.67416
4.2, 2.23762, -1.67261
4.225, 2.23762, -1.67261
4.25, 2.23762, -1.67261
4.275, 2.23762, -1.67261
4.3, 2.25226, -1.67054
4.325, 2.26519, -1.66873
4.35, 2.27383, -1.66747
4.375, 2.27383, -1.66747
4.4, 2.27383, -1.66747
4.425, 2.27383, -1.66747
4.45, 2.27383, -1.66747
4.475, 2.27383, -1.66747
4.5, 2.25806, -1.66561
4.525, 2.24336, -1.66414
4.55, 2.24336, -1.66414
4.575, 2.22814, -1.66286
4.6, 2.22679, -1.66274
4.625, 2.22679, -1.66274
4.65, 2.22679, -1.66274
4.675, 2.22679, -1.66274
4.7, 2.21381, -1.66229
4.725, 2.19639, -1.66177
4.75, 2.19639, -1.66177
4.775, 2.17855, -1.66126
4.8, 2.17855, -1.66126
4.825, 2.15289, -1.66055
4.85, 2.15289, -1.66055
4.875, 2.14759, -1.66042
4.9, 2.14759, -1.66042
4.925, 2.16175, -1.66079
4.95, 2.184, -1.66142
4.975, 2.21034, -1.6624
5, 2.22908, -1.66331
5.025, 2.22908, -1.66331
5.05, 2.22908, -1.66331
5.075, 2.22908, -1.66331
5.1, 2.22908, -1.66331
5.125, 2.23294, -1.66358
5.15, 2.23294, -1.66358
5.175, 2.24099, -1.66436
5.2, 2.24649, -1.66571
5.225, 2.24505, -1.66765
5.25, 2.24505, -1.66765
5.275, 2.2386, -1.66942
5.3, 2.2386, -1.66942
5.325, 2.23321, -1.6705
5.35, 2.23321, -1.6705
5.375, 2.23321, -1.6705
5.4, 2.18389, -1.67408
5.425, 2.18389, -1.67408
5.45, 2.18389, -1.67408
5.475, 2.14829, -1.67601
5.5, 2.10882, -1.67811
5.525, 2.10882, -1.67811
5.55, 2.0881, -1.67914
5.575, 2.0881, -1.67914
5.6, 2.0881, -1.67914
5.625, 2.0881, -1.67914
5.65, 2.0881, -1.67914
5.675, 2.0881, -1.67914
5.7, 2.05467, -1.68027
5.725, 2.05467, -1.68027
5.75, 2.05467, -1.68027
5.775, 2.04949, -1.68044
5.8, 2.04949, -1.68044
5.825, 2.04949, -1.68044
5.85, 2.0597, -1.68014
5.875, 2.125, -1.67821
5.9, 2.18823, -1.67631
5.925, 2.18823, -1.67631
5.95, 2.26893, -1.67366
5.975, 2.26893, -1.67366
6, 2.26893, -1.67366
6.025, 2.26893, -1.67366
6.05, 2.28279, -1.6732
6.075, 2.28279, -1.6732
6.1, 2.28279, -1.6732
6.125, 2.28061, -1.67328
6.15, 2.29948, -1.67257
6.175, 2.33456, -1.67115
6.2, 2.37682, -1.66935
6.225, 2.42323, -1.66724
6.25, 2.4568, -1.66553
6.275, 2.4568, -1.66553
6.3, 2.4568, -1.66553
6.325, 2.45955, -1.66529
6.35, 2.45955, -1.66529
6.375, 2.46041, -1.66516
6.4, 2.46006, -1.66521
6.425, 2.45855, -1.66541
6.45, 2.45855, -1.66541
6.475, 2.45658, -1.66564
6.5, 2.45485, -1.66587
6.525, 2.45485, -1.66587
6.55, 2.45485, -1.66587
6.575, 2.45485, -1.66587
6.6, 2.44448, -1.66514
6.625, 2.43014, -1.66434
6.65, 2.43014, -1.66434
6.675, 2.43014, -1.66434
6.7, 2.43014, -1.66434
6.725, 2.43014, -1.66434
6.75, 2.38589, -1.66308
6.775, 2.38589, -1.66308
6.8, 2.38589, -1.66308
6.825, 2.36111, -1.66261
6.85, 2.36111, -1.66261
6.875, 2.36266, -1.66265
6.9, 2.36266, -1.66265
6.925, 2.37638, -1.66297
6.95, 2.37638, -1.66297
6.975, 2.37638, -1.66297
7, 2.36888, -1.66282
7.025, 2.35436, -1.66258
7.05, 2.35436, -1.66258
7.075, 2.33763, -1.66227
7.1, 2.33763, -1.66227
7.125, 2.33121, -1.66216
7.15, 2.33121, -1.66216
7.175, 2.31065, -1.66185
7.2, 2.31065, -1.66185
7.225, 2.31065, -1.66185
7.25, 2.33539, -1.6623
7.275, 2.33539, -1.6623
7.3, 2.34899, -1.6626
7.325, 2.34899, -1.6626
7.35, 2.34899, -1.6626
7.375, 2.34899, -1.6626
7.4, 2.34615, -1.66251
7.425, 2.34615, -1.66251
7.45, 2.34615, -1.66251
7.475, 2.34615, -1.66251
7.5, 2.34615, -1.66251
7.525, 2.34615, -1.66251
7.55, 2.34615, -1.66251
7.575, 2.34615, -1.66251
7.6, 2.33794, -1.66336
7.625, 2.33794, -1.66336
7.65, 2.33794, -1.66336
7.675, 2.33794, -1.66336
7.7, 2.33794, -1.66336
7.725, 2.33794, -1.66336
7.75, 2.33794, -1.66336
7.775, 2.33794, -1.66336
7.8, 2.33794, -1.66336
7.825, 2.34044, -1.66324
7.85, 2.34044, -1.66324
7.875, 2.34044, -1.66324
7.9, 2.34044, -1.66324
7.925, 2.34044, -1.66324
7.95, 2.28829, -1.66487
7.975, 2.28829, -1.66487
8, 2.28829, -1.66487
8.025, 2.28829, -1.66487
8.05, 2.28829, -1.66487
8.075, 2.28829, -1.66487
8.1, 2.26072, -1.66569
8.125, 2.26072, -1.66569
8.15, 2.26072, -1.66569
8.175, 2.18849, -1.66752
8.2, 2.18849, -1.66752
8.225, 2.18849, -1.66752
8.25, 2.18849, -1.66752
8.275, 2.18849, -1.66752
8.3, 2.20594, -1.667
8.325, 2.23004, -1.6663
8.35, 2.23004, -1.6663
8.375, 2.23216, -1.66624
8.4, 2.23216, -1.66624
8.425, 2.2408, -1.66591
8.45, 2.2408, -1.66591
8.475, 2.2408, -1.66591
8.5, 2.2532, -1.66507
8.525, 2.2532, -1.66507
8.55, 2.2532, -1.66507
8.575, 2.2532, -1.66507
8.6, 2.25323, -1.66448
8.625, 2.25323, -1.66448
8.65, 2.25323, -1.66448
8.675, 2.25323, -1.66448
8.7, 2.25323, -1.66448
8.725, 2.25323, -1.66448
8.75, 2.25323, -1.66448
8.775, 2.25323, -1.66448
8.8, 2.25323, -1.66448
8.825, 2.25323, -1.66448
8.85, 2.25323, -1.66448
8.875, 2.25323, -1.66448
8.9, 2.25323, -1.66448
8.925, 2.25821, -1.66452
8.95, 2.25821, -1.66452
8.975, 2.3066, -1.66533
9, 2.3066, -1.66533
9.025, 2.3066, -1.66533
9.05, 2.28491, -1.66497
9.075, 2.28491, -1.66497
9.1, 2.24722, -1.66451
9.125, 2.22716, -1.66428
9.15, 2.22079, -1.6642
9.175, 2.22136, -1.66421
9.2, 2.22136, -1.66421
9.225, 2.22136, -1.66421
9.25, 2.22136, -1.66421
9.275, 2.22136, -1.66421
9.3, 2.22136, -1.66421
9.325, 2.2371, -1.66467
9.35, 2.2371, -1.66467
9.375, 2.2371, -1.66467
9.4, 2.2371, -1.66467
9.425, 2.25377, -1.66564
9.45, 2.25377, -1.66564
9.475, 2.26966, -1.66647
9.5, 2.28588, -1.66718
9.525, 2.30014, -1.66782
9.55, 2.30014, -1.66782
9.575, 2.30014, -1.66782
9.6, 2.30014, -1.66782
9.625, 2.29394, -1.6694
9.65, 2.29394, -1.6694
9.675, 2.29394, -1.6694
9.7, 2.29394, -1.6694
9.725, 2.28345, -1.67039
9.75, 2.28345, -1.67039
9.775, 2.28345, -1.67039
9.8, 2.22341, -1.67317
9.825, 2.22341, -1.67317
9.85, 2.22341, -1.67317
9.875, 2.22341, -1.67317
9.9, 2.22341, -1.67317
9.925, 2.2262, -1.67307
9.95, 2.23653, -1.67269
9.975, 2.23653, -1.67269
10, 2.23653, -1.67269
10.025, 2.23653, -1.67269
10.05, 2.23653, -1.67269
10.075, 2.13896, -1.67536
10.1, 2.13896, -1.67536
10.125, 2.13896, -1.67536
10.15, 2.13232, -1.67555
10.175, 2.13232, -1.67555
10.2, 2.13232, -1.67555
10.225, 2.13805, -1.6754
10.25, 2.13805, -1.6754
10.275, 2.14661, -1.67519
10.3, 2.14661, -1.67519
10.325, 2.14661, -1.67519
10.35, 2.171, -1.67441
10.375, 2.171, -1.67441
10.4, 2.18813, -1.67376
10.425, 2.18813, -1.67376
10.45, 2.18715, -1.67379
10.475, 2.18037, -1.67402
10.5, 2.18037, -1.67402
10.525, 2.18037, -1.67402
10.55, 2.1865, -1.67373
10.575, 2.1865, -1.67373
10.6, 2.19438, -1.67315
10.625, 2.20215, -1.67258
10.65, 2.20764, -1.67208
10.675, 2.21161, -1.67165
10.7, 2.21161, -1.67165
10.725, 2.21161, -1.67165
10.75, 2.21161, -1.67165
10.775, 2.18798, -1.67065
10.8, 2.18798, -1.67065
10.825, 2.18798, -1.67065
10.85, 2.18798, -1.67065
10.875, 2.18798, -1.67065
10.9, 2.18798, -1.67065
10.925, 2.1846, -1.67056
10.95, 2.17333, -1.67028
10.975, 2.15254, -1.66988
11, 2.12642, -1.66948
11.025, 2.12642, -1.66948
11.05, 2.12642, -1.66948
11.075, 2.12642, -1.66948
11.1, 2.12314, -1.66941
11.125, 2.12314, -1.66941
11.15, 2.12314, -1.66941
11.175, 2.12539, -1.66944
11.2, 2.12345, -1.66942
11.225, 2.12345, -1.66942
11.25, 2.12345, -1.66942
11.275, 2.14666, -1.66982
11.3, 2.14666, -1.66982
11.325, 2.14183, -1.66974
11.35, 2.12093, -1.66948
11.375, 2.12093, -1.66948
11.4, 2.12093, -1.66948
11.425, 2.12093, -1.66948
11.45, 2.12093, -1.66948
11.475, 2.14151, -1.66992
11.5, 2.14151, -1.66992
11.525, 2.14151, -1.66992
11.55, 2.15924, -1.67075
11.575, 2.16525, -1.67091
11.6, 2.16525, -1.67091
11.625, 2.16163, -1.6708
11.65, 2.16163, -1.6708
11.675, 2.16163, -1.6708
11.7, 2.16586, -1.67147
11.725, 2.16586, -1.67147
11.75, 2.16586, -1.67147
11.775, 2.16586, -1.67147
11.8, 2.15178, -1.6724
11.825, 2.15178, -1.6724
11.85, 2.14688, -1.67271
11.875, 2.14108, -1.67301
11.9, 2.14108, -1.67301
11.925, 2.14108, -1.67301
11.95, 2.09965, -1.67428
11.975, 2.07997, -1.67487
12, 2.07997, -1.67487
12.025, 2.07997, -1.67487
12.05, 2.07604, -1.67498
12.075, 2.07604, -1.67498
12.1, 2.06109, -1.67535
12.125, 2.04284, -1.67578
12.15, 2.04284, -1.67578
12.175, 2.04284, -1.67578
12.2, 2.04284, -1.67578
12.225, 2.04284, -1.67578
12.25, 2.0562, -1.67546
12.275, 2.07471, -1.675
12.3, 2.07471, -1.675
12.325, 2.07932, -1.6749
12.35, 2.07743, -1.67494
12.375, 2.07743, -1.67494
12.4, 2.07743, -1.67494
12.425, 2.07743, -1.67494
12.45, 2.08411, -1.67474
12.475, 2.10871, -1.67395
12.5, 2.10871, -1.67395
12.525, 2.10871, -1.67395
12.55, 2.10871, -1.67395
12.575, 2.10871, -1.67395
12.6, 2.10871, -1.67395
12.625, 2.10871, -1.67395
12.65, 2.10871, -1.67395
12.675, 2.11163, -1.67402
12.7, 2.11163, -1.67402
12.725, 2.11163, -1.67402
12.75, 2.11163, -1.67402
12.775, 2.10924, -1.6733
12.8, 2.10563, -1.67246
12.825, 2.09657, -1.67163
12.85, 2.09657, -1.67163
12.875, 2.09657, -1.67163
12.9, 2.09657, -1.67163
12.925, 2.09125, -1.67154
12.95, 2.09125, -1.67154
12.975, 2.09064, -1.67152
13, 2.0822, -1.6713
13.025, 2.06314, -1.67092
13.05, 2.06314, -1.67092
13.075, 2.03785, -1.67058
13.1, 2.03785, -1.67058
13.125, 2.03785, -1.67058
13.15, 2.03785, -1.67058
13.175, 2.03785, -1.67058
13.2, 2.03785, -1.67058
13.225, 2.03785, -1.67058
13.25, 2.03785, -1.67058
13.275, 2.04156, -1.67068
13.3, 2.06737, -1.67098
13.325, 2.06737, -1.67098
13.35, 2.06737, -1.67098
13.375, 2.06737, -1.67098
13.4, 2.06737, -1.67098
13.425, 2.06737, -1.67098
13.45, 2.06737, -1.67098
13.475, 2.07235, -1.67139
13.5, 2.09843, -1.67185
13.525, 2.12311, -1.67232
13.55, 2.14715, -1.67286
13.575, 2.16813, -1.67355
13.6, 2.18921, -1.67458
13.625, 2.18921, -1.67458
13.65, 2.18921, -1.67458
13.675, 2.18921, -1.67458
13.7, 2.18921, -1.67458
13.725, 2.18921, -1.67458
13.75, 2.18876, -1.67486
13.775, 2.19239, -1.67554
13.8, 2.19239, -1.67554
13.825, 2.19239, -1.67554
13.85, 2.19239, -1.67554
13.875, 2.19239, -1.67554
13.9, 2.19084, -1.67564
13.925, 2.1943, -1.67535
13.95, 2.1943, -1.67535
13.975, 2.1943, -1.67535
14, 2.1943, -1.67535
14.025, 2.1943, -1.67535
14.05, 2.13781, -1.67716
14.075, 2.06928, -1.67924
14.1, 2.06928, -1.67924
14.125, 2.05716, -1.67959
14.15, 2.06802, -1.67927
14.175, 2.06802, -1.67927
14.2, 2.08542, -1.67881
14.225, 2.08542, -1.67881
14.25, 2.08542, -1.67881
14.275, 2.08542, -1.67881
14.3, 2.08542, -1.67881
14.325, 2.06133, -1.67938
14.35, 2.02472, -1.68024
14.375, 2.02472, -1.68024
14.4, 1.99014, -1.68096
14.425, 1.97539, -1.68125
14.45, 1.98116, -1.68114
14.475, 1.98116, -1.68114
14.5, 1.99253, -1.68087
14.525, 2.0018, -1.68063
14.55, 2.0018, -1.68063
14.575, 2.01545, -1.68026
14.6, 2.03153, -1.67984
14.625, 2.0467, -1.67945
14.65, 2.05561, -1.67922
14.675, 2.0591, -1.67913
14.7, 2.0636, -1.679
14.725, 2.0636, -1.679
14.75, 2.0636, -1.679
14.775, 2.06557, -1.67892
14.8, 2.06557, -1.67892
14.825, 2.0673, -1.67884
14.85, 2.0673, -1.67884
14.875, 2.06999, -1.67869
14.9, 2.06999, -1.67869
14.925, 2.06738, -1.67812
14.95, 2.06738, -1.67812
14.975, 2.06487, -1.67802
15, 2.06487, -1.67802
15.025, 2.06814, -1.6783
15.05, 2.06809, -1.67829
15.075, 2.06452, -1.67805
15.1, 2.05859, -1.67778
15.125, 2.05859, -1.67778
15.15, 2.03504, -1.67731
15.175, 2.03504, -1.67731
15.2, 2.02855, -1.67722
15.225, 2.02855, -1.67722
15.25, 2.02855, -1.67722
15.275, 2.02855, -1.67722
15.3, 2.01364, -1.67683
15.325, 2.01364, -1.67683
15.35, 1.90364, -1.67574
15.375, 1.90364, -1.67574
15.4, 1.90364, -1.67574
15.425, 1.90364, -1.67574
15.45, 1.90364, -1.67574
15.475, 1.96492, -1.67608
15.5, 1.96492, -1.67608
15.525, 1.96492, -1.67608
15.55, 1.96492, -1.67608
15.575, 1.96492, -1.67608
15.6, 1.96492, -1.67608
15.625, 1.96492, -1.67608
15.65, 1.96492, -1.67608
15.675, 1.96492, -1.67608
15.7, 1.96492, -1.67608
15.725, 1.96476, -1.67604
15.75, 1.96476, -1.67604
15.775, 1.96476, -1.67604
15.8, 1.96476, -1.67604
15.825, 1.96476, -1.67604
15.85, 1.97271, -1.67644
15.875, 1.97271, -1.67644
15.9, 1.97271, -1.67644
15.925, 1.97271, -1.67644
15.95, 1.97271, -1.67644
15.975, 1.97271, -1.67644
16, 1.97271, -1.67644
16.025, 1.97271, -1.67644
16.05, 1.97271, -1.67644
16.075, 1.97517, -1.67634
16.1, 1.97517, -1.67634
16.125, 1.97517, -1.67634
16.15, 1.96936, -1.67653
16.175, 1.96293, -1.67674
16.2, 1.96293, -1.67674
16.225, 1.96293, -1.67674
16.25, 1.96293, -1.67674
16.275, 1.97043, -1.67656
16.3, 1.97043, -1.67656
16.325, 1.97043, -1.67656
16.35, 1.97043, -1.67656
16.375, 1.97043, -1.67656
16.4, 1.97043, -1.67656
16.425, 1.97574, -1.67642
16.45, 1.99314, -1.67602
16.475, 2.01515, -1.67556
16.5, 2.03464, -1.67518
16.525, 2.03464, -1.67518
16.55, 2.03431, -1.67518
16.575, 2.03431, -1.67518
16.6, 2.03957, -1.67508
16.625, 2.05447, -1.67473
16.65, 2.05447, -1.67473
16.675, 2.05447, -1.67473
16.7, 2.05447, -1.67473
16.725, 2.05447, -1.67473
16.75, 2.05447, -1.67473
16.775, 2.05447, -1.67473
16.8, 2.02926, -1.67484
16.825, 2.02926, -1.67484
16.85, 2.02926, -1.67484
16.875, 1.98709, -1.67452
16.9, 1.98709, -1.67452
16.925, 1.98709, -1.67452
16.95, 1.98709, -1.67452
16.975, 1.98709, -1.67452
17, 1.98709, -1.67452
17.025, 1.98709, -1.67452
17.05, 1.98709, -1.67452
17.075, 1.89236, -1.67426
17.1, 1.89236, -1.67426
17.125, 1.89236, -1.67426
17.15, 1.89236, -1.67426
17.175, 1.89236, -1.67426
17.2, 1.90164, -1.67436
17.225, 1.90164, -1.67436
17.25, 1.90164, -1.67436
17.275, 1.8337, -1.67372
17.3, 1.8617, -1.67391
17.325, 1.92653, -1.67448
17.35, 1.92653, -1.67448
17.375, 1.92653, -1.67448
17.4, 1.912, -1.67426
17.425, 1.90206, -1.67419
17.45, 1.90206, -1.67419
17.475, 1.90206, -1.67419
17.5, 1.89432, -1.67411
17.525, 1.89432, -1.67411
17.55, 1.91345, -1.67433
17.575, 1.91345, -1.67433
17.6, 1.9416, -1.67486
17.625, 1.96701, -1.67518
17.65, 1.96701, -1.67518
17.675, 1.97754, -1.67534
17.7, 1.97754, -1.67534
17.725, 1.99091, -1.67558
17.75, 1.99091, -1.67558
17.775, 1.99091, -1.67558
17.8, 1.99091, -1.67558
17.825, 1.98537, -1.67891
17.85, 1.98537, -1.67891
17.875, 1.98537, -1.67891
17.9, 1.98548, -1.67882
17.925, 1.98448, -1.67875
17.95, 1.98395, -1.67872
17.975, 1.98395, -1.67872
18, 1.98395, -1.67872
18.025, 1.98395, -1.67872
18.05, 1.97089, -1.67977
18.075, 1.96163, -1.68061
18.1, 1.95497, -1.68122
18.125, 1.95497, -1.68122
18.15, 1.95497, -1.68122
18.175, 1.95497, -1.68122
18.2, 1.95497, -1.68122
18.225, 1.95497, -1.68122
18.25, 1.94133, -1.6816
18.275, 1.94742, -1.68143
18.3, 1.94742, -1.68143
18.325, 1.95901, -1.68113
18.35, 1.95901, -1.68113
18.375, 1.9365, -1.68163
18.4, 1.9365, -1.68163
18.425, 1.93111, -1.68174
18.45, 1.91128, -1.68214
18.475, 1.88329, -1.68271
18.5, 1.88329, -1.68271
18.525, 1.88329, -1.68271
18.55, 1.89127, -1.68256
18.575, 1.91151, -1.68216
18.6, 1.91151, -1.68216
18.625, 1.91151, -1.68216
18.65, 1.91151, -1.68216
18.675, 1.91151, -1.68216
18.7, 1.91151, -1.68216
18.725, 1.91151, -1.68216
18.75, 1.906, -1.68213
18.775, 1.906, -1.68213
18.8, 1.93003, -1.68169
18.825, 1.93003, -1.68169
18.85, 1.94698, -1.68136
18.875, 1.94698, -1.68136
18.9, 1.95806, -1.68102
18.925, 1.9727, -1.68035
18.95, 1.9727, -1.68035
18.975, 1.97343, -1.68002
19, 1.97343, -1.68002
19.025, 1.97165, -1.67946
19.05, 1.96819, -1.67837
19.075, 1.96819, -1.67837
19.1, 1.9036, -1.67805
19.125, 1.80037, -1.67716
19.15, 1.80037, -1.67716
19.175, 1.80037, -1.67716
19.2, 1.80037, -1.67716
19.225, 1.80401, -1.67715
19.25, 1.78552, -1.67698
19.275, 1.78552, -1.67698
19.3, 1.78552, -1.67698
19.325, 1.78552, -1.67698
19.35, 1.78552, -1.67698
19.375, 1.78552, -1.67698
19.4, 1.7279, -1.67667
19.425, 1.7279, -1.67667
19.45, 1.74928, -1.67685
19.475, 1.78468, -1.67711
19.5, 1.78468, -1.67711
19.525, 1.81265, -1.67746
19.55, 1.82899, -1.67756
19.575, 1.82899, -1.67756
19.6, 1.82899, -1.67756
19.625, 1.84858, -1.67793
19.65, 1.84858, -1.67793
19.675, 1.84858, -1.67793
19.7, 1.84858, -1.67793
19.725, 1.84886, -1.67794
19.75, 1.895, -1.67838
19.775, 1.895, -1.67838
19.8, 1.895, -1.67838
19.825, 1.895, -1.67838
19.85, 1.895, -1.67838
19.875, 1.895, -1.67838
19.9, 1.895, -1.67838
19.925, 1.895, -1.67838
19.95, 1.91189, -1.67621
19.975, 1.94874, -1.67714
20, 1.97497, -1.67792
20, 1.92666, -1.67782
20.025, 1.92961, -1.67786
20.05, 1.93329, -1.67792
20.075, 1.93769, -1.678
20.1, 1.93769, -1.678
20.125, 1.94226, -1.67808
20.15, 1.94719, -1.67817
20.175, 1.94719, -1.67817
20.2, 1.94719, -1.67817
20.225, 1.95132, -1.67824
20.25, 1.95132, -1.67824
20.275, 1.95132, -1.67824
20.3, 1.95583, -1.67831
20.325, 1.96128, -1.6784
20.35, 1.96128, -1.6784
20.375, 1.96128, -1.6784
20.4, 1.96686, -1.67849
20.425, 1.96686, -1.67849
20.45, 1.96686, -1.67849
20.475, 1.96686, -1.67849
20.5, 1.96686, -1.67849
20.525, 1.96686, -1.67849
20.55, 1.96686, -1.67849
20.575, 1.9718, -1.67855
20.6, 1.97778, -1.6786
20.625, 1.97778, -1.6786
20.65, 1.98471, -1.67868
20.675, 1.98471, -1.67868
20.7, 1.98471, -1.67868
20.725, 1.99053, -1.67873
20.75, 1.99531, -1.67877
20.775, 1.99923, -1.67882
20.8, 2.00275, -1.67886
20.825, 2.00275, -1.67886
20.85, 2.00275, -1.67886
20.875, 2.00574, -1.67889
20.9, 2.00574, -1.67889
20.925, 2.00881, -1.67893
20.95, 2.01257, -1.67897
20.975, 2.01257, -1.67897
21, 2.01257, -1.67897
21.025, 2.01257, -1.67897
21.05, 2.01257, -1.67897
21.075, 2.01633, -1.67899
21.1, 2.01633, -1.67899
21.125, 2.02017, -1.67902
21.15, 2.02434, -1.67906
21.175, 2.02885, -1.67912
21.2, 2.03366, -1.6792
21.225, 2.03366, -1.6792
21.25, 2.03366, -1.6792
21.275, 2.03366, -1.6792
21.3, 2.03822, -1.67928
21.325, 2.04282, -1.67938
21.35, 2.04282, -1.67938
21.375, 2.04282, -1.67938
21.4, 2.04282, -1.67938
21.425, 2.04282, -1.67938
21.45, 2.04282, -1.67938
21.475, 2.04705, -1.67949
21.5, 2.05075, -1.67965
21.525, 2.05075, -1.67965
21.55, 2.05353, -1.67985
21.575, 2.05353, -1.67985
21.6, 2.05621, -1.68005
21.625, 2.05621, -1.68005
21.65, 2.05621, -1.68005
21.675, 2.05889, -1.68024
21.7, 2.05889, -1.68024
21.725, 2.05889, -1.68024
21.75, 2.05889, -1.68024
21.775, 2.05889, -1.68024
21.8, 2.06087, -1.68045
21.825, 2.06087, -1.68045
21.85, 2.06303, -1.68064
21.875, 2.06303, -1.68064
21.9, 2.06544, -1.6808
21.925, 2.06793, -1.68094
21.95, 2.07035, -1.68107
21.975, 2.07035, -1.68107
22, 2.07273, -1.6812
22.025, 2.07273, -1.6812
22.05, 2.07472, -1.68134
22.075, 2.07633, -1.68149
22.1, 2.0778, -1.68164
22.125, 2.07937, -1.68178
22.15, 2.08105, -1.6819
22.175, 2.08105, -1.6819
22.2, 2.08276, -1.68202
22.225, 2.08276, -1.68202
22.25, 2.08442, -1.68213
22.275, 2.08442, -1.68213
22.3, 2.08442, -1.68213
22.325, 2.08539, -1.68226
22.35, 2.08539, -1.68226
22.375, 2.08539, -1.68226
22.4, 2.08456, -1.68246
22.425, 2.0831, -1.68267
22.45, 2.08218, -1.68286
22.475, 2.08218, -1.68286
22.5, 2.08218, -1.68286
22.525, 2.08218, -1.68286
22.55, 2.08169, -1.68302
22.575, 2.08169, -1.68302
22.6, 2.08169, -1.68302
22.625, 2.08169, -1.68302
22.65, 2.08081, -1.68319
22.675, 2.08081, -1.68319
22.7, 2.08081, -1.68319
22.725, 2.08081, -1.68319
22.75, 2.08094, -1.68333
22.775, 2.08095, -1.68346
22.8, 2.08095, -1.68346
22.825, 2.07985, -1.68363
22.85, 2.07985, -1.68363
22.875, 2.07985, -1.68363
22.9, 2.07985, -1.68363
22.925, 2.07985, -1.68363
22.95, 2.07494, -1.6839
22.975, 2.07494, -1.6839
23, 2.07494, -1.6839
23.025, 2.07494, -1.6839
23.05, 2.07494, -1.6839
23.075, 2.07237, -1.6841
23.1, 2.07237, -1.6841
23.125, 2.07237, -1.6841
23.15, 2.06894, -1.68432
23.175, 2.06499, -1.68455
23.2, 2.05947, -1.68482
23.225, 2.05363, -1.68509
23.25, 2.05078, -1.68528
23.275, 2.05078, -1.68528
23.3, 2.05078, -1.68528
23.325, 2.05078, -1.68528
23.35, 2.05078, -1.68528
23.375, 2.04667, -1.68548
23.4, 2.04667, -1.68548
23.425, 2.04252, -1.68568
23.45, 2.04252, -1.68568
23.475, 2.04252, -1.68568
23.5, 2.04252, -1.68568
23.525, 2.04252, -1.68568
23.55, 2.04252, -1.68568
23.575, 2.04039, -1.68581
23.6, 2.04039, -1.68581
23.625, 2.04039, -1.68581
23.65, 2.04039, -1.68581
23.675, 2.04039, -1.68581
23.7, 2.03923, -1.68591
23.725, 2.0381, -1.68601
23.75, 2.0381, -1.68601
23.775, 2.0381, -1.68601
23.8, 2.03691, -1.68611
23.825, 2.03691, -1.68611
23.85, 2.03691, -1.68611
23.875, 2.03691, -1.68611
23.9, 2.03691, -1.68611
23.925, 2.03691, -1.68611
23.95, 2.03691, -1.68611
23.975, 2.03691, -1.68611
24, 2.03691, -1.68611
24.025, 2.03691, -1.68611
24.05, 2.03691, -1.68611
24.075, 2.0352, -1.68622
24.1, 2.0352, -1.68622
24.125, 2.0352, -1.68622
24.15, 2.03381, -1.68632
24.175, 2.03381, -1.68632
24.2, 2.03381, -1.68632
24.225, 2.03381, -1.68632
24.25, 2.03381, -1.68632
24.275, 2.03381, -1.68632
24.3, 2.03381, -1.68632
24.325, 2.03381, -1.68632
24.35, 2.03166, -1.68644
24.375, 2.03166, -1.68644
24.4, 2.02974, -1.68656
24.425, 2.02974, -1.68656
24.45, 2.02974, -1.68656
24.475, 2.02861, -1.68664
24.5, 2.02861, -1.68664
24.525, 2.0277, -1.68671
24.55, 2.0277, -1.68671
24.575, 2.0277, -1.68671
24.6, 2.0266, -1.68679
24.625, 2.02529, -1.68688
24.65, 2.02529, -1.68688
24.675, 2.02397, -1.68696
24.7, 2.02397, -1.68696
24.725, 2.02397, -1.68696
24.75, 2.02397, -1.68696
24.775, 2.02295, -1.68703
24.8, 2.02295, -1.68703
24.825, 2.02295, -1.68703
24.85, 2.02295, -1.68703
24.875, 2.02295, -1.68703
24.9, 2.02295, -1.68703
24.925, 2.02295, -1.68703
24.95, 2.02295, -1.68703
24.975, 2.02295, -1.68703
25, 2.02295, -1.68703
25.025, 2.02295, -1.68703
25.05, 2.02179, -1.68711
25.075, 2.02179, -1.68711
25.1, 2.02179, -1.68711
25.125, 2.01989, -1.68721
25.15, 2.01753, -1.68732
25.175, 2.01753, -1.68732
25.2, 2.01753, -1.68732
25.225, 2.01753, -1.68732
25.25, 2.01753, -1.68732
25.275, 2.01753, -1.68732
25.3, 2.01205, -1.68752
25.325, 2.01205, -1.68752
25.35, 1.9992, -1.68789
25.375, 1.9992, -1.68789
25.4, 1.9992, -1.68789
25.425, 1.9992, -1.68789
25.45, 1.9879, -1.68822
25.475, 1.97629, -1.68855
25.5, 1.97629, -1.68855
25.525, 1.96227, -1.68891
25.55, 1.94896, -1.68926
25.575, 1.94896, -1.68926
25.6, 1.94896, -1.68926
25.625, 1.93724, -1.68958
25.65, 1.92832, -1.68986
25.675, 1.92832, -1.68986
25.7, 1.92004, -1.69013
25.725, 1.92004, -1.69013
25.75, 1.92004, -1.69013
25.775, 1.91192, -1.69038
25.8, 1.91192, -1.69038
25.825, 1.91192, -1.69038
25.85, 1.91192, -1.69038
25.875, 1.90513, -1.69062
25.9, 1.90513, -1.69062
25.925, 1.90513, -1.69062
25.95, 1.90513, -1.69062
25.975, 1.90513, -1.69062
26, 1.89901, -1.69083
26.025, 1.89315, -1.69103
26.05, 1.88754, -1.69122
26.075, 1.88215, -1.69139
26.1, 1.88215, -1.69139
26.125, 1.87695, -1.69155
26.15, 1.87188, -1.6917
26.175, 1.86689, -1.69183
26.2, 1.86195, -1.69195
26.225, 1.86195, -1.69195
26.25, 1.86195, -1.69195
26.275, 1.86195, -1.69195
26.3, 1.85709, -1.69206
26.325, 1.85709, -1.69206
26.35, 1.85235, -1.69217
26.375, 1.85235, -1.69217
26.4, 1.85235, -1.69217
26.425, 1.85235, -1.69217
26.45, 1.85235, -1.69217
26.475, 1.85235, -1.69217
26.5, 1.84774, -1.69227
26.525, 1.84774, -1.69227
26.55, 1.84774, -1.69227
26.575, 1.84327, -1.69236
26.6, 1.84327, -1.69236
26.625, 1.84327, -1.69236
26.65, 1.83893, -1.69245
26.675, 1.83473, -1.69254
26.7, 1.83473, -1.69254
26.725, 1.83064, -1.69262
26.75, 1.82663, -1.6927
26.775, 1.82663, -1.6927
26.8, 1.82663, -1.6927
26.825, 1.82663, -1.6927
26.85, 1.8228, -1.69277
26.875, 1.8228, -1.69277
26.9, 1.81921, -1.69286
26.925, 1.81921, -1.69286
26.95, 1.8157, -1.69294
26.975, 1.81229, -1.69303
27, 1.809, -1.69311
27.025, 1.80579, -1.69318
27.05, 1.80579, -1.69318
27.075, 1.80236, -1.69324
27.1, 1.80236, -1.69324
27.125, 1.80236, -1.69324
27.15, 1.79917, -1.6933
27.175, 1.79917, -1.6933
27.2, 1.79591, -1.69337
27.225, 1.79591, -1.69337
27.25, 1.79591, -1.69337
27.275, 1.79591, -1.69337
27.3, 1.79591, -1.69337
27.325, 1.79314, -1.69343
27.35, 1.79314, -1.69343
27.375, 1.79053, -1.69348
27.4, 1.79053, -1.69348
27.425, 1.78779, -1.69354
27.45, 1.78779, -1.69354
27.475, 1.78507, -1.6936
27.5, 1.78507, -1.6936
27.525, 1.78507, -1.6936
27.55, 1.78507, -1.6936
27.575, 1.78247, -1.69366
27.6, 1.77994, -1.69371
27.625, 1.77994, -1.69371
27.65, 1.77748, -1.69377
27.675, 1.77509, -1.69382
27.7, 1.77509, -1.69382
27.725, 1.77509, -1.69382
27.75, 1.77509, -1.69382
27.775, 1.77509, -1.69382
27.8, 1.7728, -1.69387
27.825, 1.77059, -1.69392
27.85, 1.77059, -1.69392
27.875, 1.77059, -1.69392
27.9, 1.77059, -1.69392
27.925, 1.76842, -1.69397
27.95, 1.76842, -1.69397
27.975, 1.76623, -1.69402
28, 1.76397, -1.69407
28.025, 1.76397, -1.69407
28.05, 1.76397, -1.69407
28.075, 1.76139, -1.69413
28.1, 1.76139, -1.69413
28.125, 1.76139, -1.69413
28.15, 1.75924, -1.69418
28.175, 1.75924, -1.69418
28.2, 1.75924, -1.69418
28.225, 1.75924, -1.69418
28.25, 1.75924, -1.69418
28.275, 1.75924, -1.69418
28.3, 1.75722, -1.69423
28.325, 1.75722, -1.69423
28.35, 1.75722, -1.69423
28.375, 1.75722, -1.69423
28.4, 1.75568, -1.69426
28.425, 1.75568, -1.69426
28.45, 1.75401, -1.69428
28.475, 1.75401, -1.69428
28.5, 1.75161, -1.69431
28.525, 1.75161, -1.69431
28.55, 1.74915, -1.69434
28.575, 1.7468, -1.69436
28.6, 1.74462, -1.69439
28.625, 1.74462, -1.69439
28.65, 1.74462, -1.69439
28.675, 1.74462, -1.69439
28.7, 1.74462, -1.69439
28.725, 1.74462, -1.69439
28.75, 1.74462, -1.69439
28.775, 1.74224, -1.6944
28.8, 1.74224, -1.6944
28.825, 1.73987, -1.69442
28.85, 1.73987, -1.69442
28.875, 1.73761, -1.69443
28.9, 1.73761, -1.69443
28.925, 1.73541, -1.69445
28.95, 1.73331, -1.69446
28.975, 1.73331, -1.69446
29, 1.73331, -1.69446
29.025, 1.73331, -1.69446
29.05, 1.73331, -1.69446
29.075, 1.73118, -1.69448
29.1, 1.72901, -1.6945
29.125, 1.72901, -1.6945
29.15, 1.72901, -1.6945
29.175, 1.72901, -1.6945
29.2, 1.72683, -1.69453
29.225, 1.72683, -1.69453
29.25, 1.72683, -1.69453
29.275, 1.72683, -1.69453
29.3, 1.72683, -1.69453
29.325, 1.72522, -1.69454
29.35, 1.72522, -1.69454
29.375, 1.72522, -1.69454
29.4, 1.72522, -1.69454
29.425, 1.72522, -1.69454
29.45, 1.72522, -1.69454
29.475, 1.72522, -1.69454
29.5, 1.72292, -1.69456
29.525, 1.72007, -1.6946
29.55, 1.71718, -1.69463
29.575, 1.71718, -1.69463
29.6, 1.71718, -1.69463
29.625, 1.71495, -1.69465
29.65, 1.71495, -1.69465
29.675, 1.71495, -1.69465
29.7, 1.71495, -1.69465
29.725, 1.71495, -1.69465
29.75, 1.71495, -1.69465
29.775, 1.7124, -1.69469
29.8, 1.7124, -1.69469
29.825, 1.71021, -1.69471
29.85, 1.70829, -1.69472
29.875, 1.70659, -1.69472
29.9, 1.70659, -1.69472
29.925, 1.70487, -1.69472
29.95, 1.70318, -1.69472
29.975, 1.70318, -1.69472
30, 1.70157, -1.69473
30, 1.70157, -1.69473
30.025, 1.70157, -1.69473
30.05, 1.70157, -1.69473
30.075, 1.69836, -1.69473
30.1, 1.69361, -1.69473
30.125, 1.69361, -1.69473
30.15, 1.69361, -1.69473
30.175, 1.69361, -1.69473
30.2, 1.69361, -1.69473
30.225, 1.69361, -1.69473
30.25, 1.69361, -1.69473
30.275, 1.69361, -1.69473
30.3, 1.69361, -1.69473
30.325, 1.68111, -1.6947
30.35, 1.68111, -1.6947
30.375, 1.6713, -1.69465
30.4, 1.66589, -1.69459
30.425, 1.6636, -1.69452
30.45, 1.6636, -1.69452
30.475, 1.6636, -1.69452
30.5, 1.66016, -1.69445
30.525, 1.6593, -1.69436
30.55, 1.6593, -1.69436
30.575, 1.6593, -1.69436
30.6, 1.6593, -1.69436
30.625, 1.6593, -1.69436
30.65, 1.6593, -1.69436
30.675, 1.6593, -1.69436
30.7, 1.6593, -1.69436
30.725, 1.6593, -1.69436
30.75, 1.65793, -1.69408
30.775, 1.65793, -1.69408
30.8, 1.65793, -1.69408
30.825, 1.66182, -1.69379
30.85, 1.67742, -1.69346
30.875, 1.69774, -1.69312
30.9, 1.71876, -1.69279
30.925, 1.71876, -1.69279
30.95, 1.71876, -1.69279
30.975, 1.73895, -1.69248
31, 1.73895, -1.69248
31.025, 1.75415, -1.69218
31.05, 1.75415, -1.69218
31.075, 1.75415, -1.69218
31.1, 1.77437, -1.69186
31.125, 1.79689, -1.69155
31.15, 1.82015, -1.69124
31.175, 1.84423, -1.69094
31.2, 1.86862, -1.69065
31.225, 1.86862, -1.69065
31.25, 1.86862, -1.69065
31.275, 1.86862, -1.69065
31.3, 1.86862, -1.69065
31.325, 1.86862, -1.69065
31.35, 1.86862, -1.69065
31.375, 1.8924, -1.69034
31.4, 1.8924, -1.69034
31.425, 1.91558, -1.69005
31.45, 1.93836, -1.68977
31.475, 1.96036, -1.6895
31.5, 1.96036, -1.6895
31.525, 1.96036, -1.6895
31.55, 1.96036, -1.6895
31.575, 1.96036, -1.6895
31.6, 1.98175, -1.68923
31.625, 1.98175, -1.68923
31.65, 2.00232, -1.68897
31.675, 2.02219, -1.68872
31.7, 2.02219, -1.68872
31.725, 2.02219, -1.68872
31.75, 2.02219, -1.68872
31.775, 2.02219, -1.68872
31.8, 2.02219, -1.68872
31.825, 2.04095, -1.68849
31.85, 2.04095, -1.68849
31.875, 2.04095, -1.68849
31.9, 2.04095, -1.68849
31.925, 2.04095, -1.68849
31.95, 2.04095, -1.68849
31.975, 2.04095, -1.68849
32, 2.05836, -1.68829
32.025, 2.0744, -1.68813
32.05, 2.0744, -1.68813
32.075, 2.0744, -1.68813
32.1, 2.0744, -1.68813
32.125, 2.0744, -1.68813
32.15, 2.0744, -1.68813
32.175, 2.091, -1.68794
32.2, 2.10722, -1.68775
32.225, 2.12249, -1.68757
32.25, 2.13604, -1.68744
32.275, 2.14715, -1.68735
32.3, 2.14715, -1.68735
32.325, 2.14715, -1.68735
32.35, 2.14715, -1.68735
32.375, 2.14715, -1.68735
32.4, 2.14715, -1.68735
32.425, 2.16092, -1.6872
32.45, 2.17558, -1.68703
32.475, 2.17558, -1.68703
32.5, 2.18975, -1.68686
32.525, 2.20294, -1.6867
32.55, 2.21478, -1.68657
32.575, 2.21478, -1.68657
32.6, 2.22483, -1.68648
32.625, 2.22483, -1.68648
32.65, 2.23434, -1.68639
32.675, 2.24344, -1.68631
32.7, 2.25226, -1.68623
32.725, 2.26073, -1.68615
32.75, 2.26073, -1.68615
32.775, 2.26073, -1.68615
32.8, 2.26073, -1.68615
32.825, 2.26073, -1.68615
32.85, 2.26073, -1.68615
32.875, 2.26073, -1.68615
32.9, 2.26073, -1.68615
32.925, 2.26969, -1.68606
32.95, 2.26969, -1.68606
32.975, 2.27803, -1.68598
33, 2.27803, -1.68598
33.025, 2.28597, -1.6859
33.05, 2.28597, -1.6859
33.075, 2.28597, -1.6859
33.1, 2.28597, -1.6859
33.125, 2.28597, -1.6859
33.15, 2.28597, -1.6859
33.175, 2.29388, -1.68582
33.2, 2.3017, -1.68574
33.225, 2.3017, -1.68574
33.25, 2.3095, -1.68566
33.275, 2.3095, -1.68566
33.3, 2.3095, -1.68566
33.325, 2.3095, -1.68566
33.35, 2.3095, -1.68566
33.375, 2.3095, -1.68566
33.4, 2.31698, -1.68558
33.425, 2.31698, -1.68558
33.45, 2.32464, -1.6855
33.475, 2.33122, -1.68543
33.5, 2.33437, -1.68543
33.525, 2.33297, -1.68552
33.55, 2.33131, -1.68561
33.575, 2.33131, -1.68561
33.6, 2.33131, -1.68561
33.625, 2.33131, -1.68561
33.65, 2.33131, -1.68561
33.675, 2.33049, -1.68568
33.7, 2.32817, -1.68579
33.725, 2.32457, -1.68592
33.75, 2.32457, -1.68592
33.775, 2.32457, -1.68592
33.8, 2.32457, -1.68592
33.825, 2.32457, -1.68592
33.85, 2.32457, -1.68592
33.875, 2.32457, -1.68592
33.9, 2.32457, -1.68592
33.925, 2.32457, -1.68592
33.95, 2.32457, -1.68592
33.975, 2.32121, -1.68604
34, 2.31801, -1.68616
34.025, 2.31801, -1.68616
34.05, 2.31517, -1.68627
34.075, 2.31273, -1.68637
34.1, 2.31059, -1.68645
34.125, 2.31059, -1.68645
34.15, 2.3087, -1.68653
34.175, 2.30708, -1.6866
34.2, 2.30708, -1.6866
34.225, 2.30708, -1.6866
34.25, 2.3057, -1.68667
34.275, 2.3045, -1.68672
34.3, 2.30336, -1.68678
34.325, 2.30336, -1.68678
34.35, 2.30336, -1.68678
34.375, 2.3021, -1.68683
34.4, 2.30082, -1.68689
34.425, 2.29965, -1.68694
34.45, 2.29965, -1.68694
34.475, 2.29965, -1.68694
34.5, 2.29965, -1.68694
34.525, 2.29965, -1.68694
34.55, 2.29965, -1.68694
34.575, 2.29965, -1.68694
34.6, 2.29965, -1.68694
34.625, 2.29965, -1.68694
34.65, 2.29965, -1.68694
34.675, 2.2987, -1.68699
34.7, 2.2987, -1.68699
34.725, 2.29836, -1.68702
34.75, 2.29836, -1.68702
34.775, 2.29836, -1.68702
34.8, 2.29836, -1.68702
34.825, 2.29773, -1.68706
34.85, 2.29773, -1.68706
34.875, 2.29546, -1.68713
34.9, 2.29546, -1.68713
34.925, 2.29235, -1.68721
34.95, 2.29235, -1.68721
34.975, 2.29081, -1.68727
35, 2.29081, -1.68727
35.025, 2.28977, -1.68732
35.05, 2.28977, -1.68732
35.075, 2.28977, -1.68732
35.1, 2.28855, -1.68737
35.125, 2.28855, -1.68737
35.15, 2.28855, -1.68737
35.175, 2.28714, -1.68743
35.2, 2.28714, -1.68743
35.225, 2.28714, -1.68743
35.25, 2.28714, -1.68743
35.275, 2.28648, -1.68747
35.3, 2.28648, -1.68747
35.325, 2.28594, -1.6875
35.35, 2.28594, -1.6875
35.375, 2.28594, -1.6875
35.4, 2.28546, -1.68754
35.425, 2.28546, -1.68754
35.45, 2.28546, -1.68754
35.475, 2.28546, -1.68754
35.5, 2.28546, -1.68754
35.525, 2.28546, -1.68754
35.55, 2.28546, -1.68754
35.575, 2.28546, -1.68754
35.6, 2.28546, -1.68754
35.625, 2.28499, -1.68757
35.65, 2.28499, -1.68757
35.675, 2.28465, -1.68759
35.7, 2.28427, -1.68761
35.725, 2.28427, -1.68761
35.75, 2.28362, -1.68764
35.775, 2.28029, -1.68774
35.8, 2.28029, -1.68774
35.825, 2.28029, -1.68774
35.85, 2.27759, -1.68783
35.875, 2.27759, -1.68783
35.9, 2.27539, -1.6879
35.925, 2.27373, -1.68796
35.95, 2.27373, -1.68796
35.975, 2.27373, -1.68796
36, 2.27373, -1.68796
36.025, 2.27373, -1.68796
36.05, 2.26484, -1.68817
36.075, 2.24491, -1.68854
36.1, 2.24491, -1.68854
36.125, 2.24491, -1.68854
36.15, 2.24491, -1.68854
36.175, 2.23473, -1.68874
36.2, 2.22638, -1.68892
36.225, 2.22638, -1.68892
36.25, 2.22638, -1.68892
36.275, 2.22638, -1.68892
36.3, 2.22638, -1.68892
36.325, 2.22638, -1.68892
36.35, 2.22638, -1.68892
36.375, 2.2196, -1.68907
36.4, 2.2196, -1.68907
36.425, 2.2196, -1.68907
36.45, 2.21514, -1.68922
36.475, 2.21514, -1.68922
36.5, 2.21514, -1.68922
36.525, 2.21514, -1.68922
36.55, 2.21088, -1.68937
36.575, 2.20732, -1.6895
36.6, 2.20732, -1.6895
36.625, 2.20732, -1.6895
36.65, 2.204, -1.68963
36.675, 2.204, -1.68963
36.7, 2.20102, -1.68975
36.725, 2.20102, -1.68975
36.75, 2.19859, -1.68986
36.775, 2.19859, -1.68986
36.8, 2.19859, -1.68986
36.825, 2.19859, -1.68986
36.85, 2.19859, -1.68986
36.875, 2.19859, -1.68986
36.9, 2.19859, -1.68986
36.925, 2.19859, -1.68986
36.95, 2.19623, -1.68997
36.975, 2.19623, -1.68997
37, 2.19623, -1.68997
37.025, 2.19623, -1.68997
37.05, 2.19391, -1.69007
37.075, 2.19166, -1.69016
37.1, 2.19166, -1.69016
37.125, 2.19166, -1.69016
37.15, 2.1895, -1.69025
37.175, 2.1895, -1.69025
37.2, 2.1895, -1.69025
37.225, 2.1895, -1.69025
37.25, 2.1895, -1.69025
37.275, 2.1895, -1.69025
37.3, 2.1895, -1.69025
37.325, 2.18739, -1.69032
37.35, 2.18467, -1.69038
37.375, 2.18143, -1.69043
37.4, 2.1781, -1.69048
37.425, 2.175, -1.69054
37.45, 2.17211, -1.6906
37.475, 2.16926, -1.69067
37.5, 2.16926, -1.69067
37.525, 2.16926, -1.69067
37.55, 2.16656, -1.69072
37.575, 2.16315, -1.69076
37.6, 2.16315, -1.69076
37.625, 2.16315, -1.69076
37.65, 2.16315, -1.69076
37.675, 2.16315, -1.69076
37.7, 2.16315, -1.69076
37.725, 2.16315, -1.69076
37.75, 2.16315, -1.69076
37.775, 2.16031, -1.6908
37.8, 2.15752, -1.69083
37.825, 2.15478, -1.69087
37.85, 2.15207, -1.6909
37.875, 2.14939, -1.69093
37.9, 2.14939, -1.69093
37.925, 2.14681, -1.69096
37.95, 2.14681, -1.69096
37.975, 2.14681, -1.69096
38, 2.14681, -1.69096
38.025, 2.14426, -1.69098
38.05, 2.14426, -1.69098
38.075, 2.14426, -1.69098
38.1, 2.14426, -1.69098
38.125, 2.14426, -1.69098
38.15, 2.14166, -1.691
38.175, 2.14166, -1.691
38.2, 2.14166, -1.691
38.225, 2.14166, -1.691
38.25, 2.14166, -1.691
38.275, 2.14166, -1.691
38.3, 2.13926, -1.69102
38.325, 2.13926, -1.69102
38.35, 2.13707, -1.69104
38.375, 2.13707, -1.69104
38.4, 2.13707, -1.69104
38.425, 2.13707, -1.69104
38.45, 2.13707, -1.69104
38.475, 2.13707, -1.69104
38.5, 2.13456, -1.69105
38.525, 2.13176, -1.69105
38.55, 2.13176, -1.69105
38.575, 2.12939, -1.69107
38.6, 2.12939, -1.69107
38.625, 2.12939, -1.69107
38.65, 2.12939, -1.69107
38.675, 2.1277, -1.69106
38.7, 2.12624, -1.69104
38.725, 2.12624, -1.69104
38.75, 2.12405, -1.69103
38.775, 2.12405, -1.69103
38.8, 2.12405, -1.69103
38.825, 2.12405, -1.69103
38.85, 2.12405, -1.69103
38.875, 2.12405, -1.69103
38.9, 2.12405, -1.69103
38.925, 2.12164, -1.69102
38.95, 2.11918, -1.69102
38.975, 2.11918, -1.69102
39, 2.1169, -1.69102
39.025, 2.11477, -1.69102
39.05, 2.11271, -1.69101
39.075, 2.11271, -1.69101
39.1, 2.11271, -1.69101
39.125, 2.11063, -1.69101
39.15, 2.11063, -1.69101
39.175, 2.11063, -1.69101
39.2, 2.10836, -1.69101
39.225, 2.10836, -1.69101
39.25, 2.10578, -1.69102
39.275, 2.10283, -1.69104
39.3, 2.10283, -1.69104
39.325, 2.09956, -1.69106
39.35, 2.09569, -1.69109
39.375, 2.09089, -1.69113
39.4, 2.09089, -1.69113
39.425, 2.09089, -1.69113
39.45, 2.09089, -1.69113
39.475, 2.09089, -1.69113
39.5, 2.0856, -1.69118
39.525, 2.07958, -1.69124
39.55, 2.07358, -1.69129
39.575, 2.06828, -1.69134
39.6, 2.06828, -1.69134
39.625, 2.06828, -1.69134
39.65, 2.06828, -1.69134
39.675, 2.06828, -1.69134
39.7, 2.06828, -1.69134
39.725, 2.06828, -1.69134
39.75, 2.06252, -1.69136
39.775, 2.05508, -1.6914
39.8, 2.05508, -1.6914
39.825, 2.04784, -1.69144
39.85, 2.04784, -1.69144
39.875, 2.04784, -1.69144
39.9, 2.04236, -1.69147
39.925, 2.04236, -1.69147
39.95, 2.04236, -1.69147
39.975, 2.04236, -1.69147
40, 2.03664, -1.69149
40, 2.03059, -1.69152
40.025, 2.03059, -1.69152
40.05, 2.03059, -1.69152
40.075, 2.02284, -1.69154
40.1, 2.02284, -1.69154
40.125, 2.00864, -1.69159
40.15, 2.00864, -1.69159
40.175, 2.00864, -1.69159
40.2, 2.00864, -1.69159
40.225, 1.99074, -1.69166
40.25, 1.97099, -1.69173
40.275, 1.95006, -1.69181
40.3, 1.95006, -1.69181
40.325, 1.95006, -1.69181
40.35, 1.95006, -1.69181
40.375, 1.95006, -1.69181
40.4, 1.95006, -1.69181
40.425, 1.95006, -1.69181
40.45, 1.92692, -1.69187
40.475, 1.90941, -1.69191
40.5, 1.89635, -1.69193
40.525, 1.89635, -1.69193
40.55, 1.88478, -1.69196
40.575, 1.88478, -1.69196
40.6, 1.87623, -1.69198
40.625, 1.87623, -1.69198
40.65, 1.87623, -1.69198
40.675, 1.8678, -1.692
40.7, 1.8678, -1.692
40.725, 1.85987, -1.69202
40.75, 1.85361, -1.69203
40.775, 1.85361, -1.69203
40.8, 1.84748, -1.69204
40.825, 1.84748, -1.69204
40.85, 1.84748, -1.69204
40.875, 1.84748, -1.69204
40.9, 1.84194, -1.69209
40.925, 1.84194, -1.69209
40.95, 1.84194, -1.69209
40.975, 1.83627, -1.6921
41, 1.82803, -1.69214
41.025, 1.82803, -1.69214
41.05, 1.81908, -1.69218
41.075, 1.8102, -1.69223
41.1, 1.8102, -1.69223
41.125, 1.8102, -1.69223
41.15, 1.8102, -1.69223
41.175, 1.8102, -1.69223
41.2, 1.79223, -1.69283
41.225, 1.79223, -1.69283
41.25, 1.77405, -1.69345
41.275, 1.77405, -1.69345
41.3, 1.77405, -1.69345
41.325, 1.77405, -1.69345
41.35, 1.77405, -1.69345
41.375, 1.77405, -1.69345
41.4, 1.7715, -1.69365
41.425, 1.7715, -1.69365
41.45, 1.7715, -1.69365
41.475, 1.77134, -1.6938
41.5, 1.77146, -1.69394
41.525, 1.77146, -1.69394
41.55, 1.77146, -1.69394
41.575, 1.77146, -1.69394
41.6, 1.77146, -1.69394
41.625, 1.77175, -1.69406
41.65, 1.7723, -1.69417
41.675, 1.7723, -1.69417
41.7, 1.7723, -1.69417
41.725, 1.77255, -1.69426
41.75, 1.77255, -1.69426
41.775, 1.77255, -1.69426
41.8, 1.77255, -1.69426
41.825, 1.77254, -1.69435
41.85, 1.77254, -1.69435
41.875, 1.77191, -1.69443
41.9, 1.77191, -1.69443
41.925, 1.77191, -1.69443
41.95, 1.77015, -1.6945
41.975, 1.77015, -1.6945
42, 1.77015, -1.6945
42.025, 1.77015, -1.6945
42.05, 1.77015, -1.6945
42.075, 1.76813, -1.69458
42.1, 1.76813, -1.69458
42.125, 1.76468, -1.69464
42.15, 1.75893, -1.69471
42.175, 1.75893, -1.69471
42.2, 1.75018, -1.69478
42.225, 1.75018, -1.69478
42.25, 1.75018, -1.69478
42.275, 1.75018, -1.69478
42.3, 1.7436, -1.69484
42.325, 1.7436, -1.69484
42.35, 1.7436, -1.69484
42.375, 1.73553, -1.6949
42.4, 1.72581, -1.69495
42.425, 1.71384, -1.69502
42.45, 1.71384, -1.69502
42.475, 1.71384, -1.69502
42.5, 1.71384, -1.69502
42.525, 1.70146, -1.69508
42.55, 1.70146, -1.69508
42.575, 1.68869, -1.69515
42.6, 1.67552, -1.69521
42.625, 1.67552, -1.69521
42.65, 1.66105, -1.69528
42.675, 1.66105, -1.69528
42.7, 1.64589, -1.69536
42.725, 1.64589, -1.69536
42.75, 1.64589, -1.69536
42.775, 1.6319, -1.69543
42.8, 1.61813, -1.6955
42.825, 1.61813, -1.6955
42.85, 1.61813, -1.6955
42.875, 1.61813, -1.6955
42.9, 1.6031, -1.69556
42.925, 1.6031, -1.69556
42.95, 1.6031, -1.69556
42.975, 1.5876, -1.69561
43, 1.57101, -1.69567
43.025, 1.55346, -1.69573
43.05, 1.55346, -1.69573
43.075, 1.53594, -1.69579
43.1, 1.51858, -1.69585
43.125, 1.51858, -1.69585
43.15, 1.51858, -1.69585
43.175, 1.51858, -1.69585
43.2, 1.51858, -1.69585
43.225, 1.51858, -1.69585
43.25, 1.50173, -1.69591
43.275, 1.50173, -1.69591
43.3, 1.48465, -1.69595
43.325, 1.48465, -1.69595
43.35, 1.48465, -1.69595
43.375, 1.48465, -1.69595
43.4, 1.46958, -1.69598
43.425, 1.45574, -1.69603
43.45, 1.4427, -1.69611
43.475, 1.43003, -1.6962
43.5, 1.43003, -1.6962
43.525, 1.41784, -1.69629
43.55, 1.40621, -1.69636
43.575, 1.40621, -1.69636
43.6, 1.39496, -1.69642
43.625, 1.38337, -1.69647
43.65, 1.37081, -1.69653
43.675, 1.35816, -1.69659
43.7, 1.34597, -1.69665
43.725, 1.34597, -1.69665
43.75, 1.34597, -1.69665
43.775, 1.33419, -1.69672
43.8, 1.32269, -1.6968
43.825, 1.32269, -1.6968
43.85, 1.31161, -1.69687
43.875, 1.30079, -1.69695
43.9, 1.30079, -1.69695
43.925, 1.30079, -1.69695
43.95, 1.30079, -1.69695
43.975, 1.30079, -1.69695
44, 1.29033, -1.69702
44.025, 1.29033, -1.69702
44.05, 1.27998, -1.69709
44.075, 1.27998, -1.69709
44.1, 1.27998, -1.69709
44.125, 1.27998, -1.69709
44.15, 1.27998, -1.69709
44.175, 1.27998, -1.69709
44.2, 1.27998, -1.69709
44.225, 1.27094, -1.69714
44.25, 1.27094, -1.69714
44.275, 1.26058, -1.69721
44.3, 1.24805, -1.69732
44.325, 1.23225, -1.69748
44.35, 1.21242, -1.69771
44.375, 1.18957, -1.69798
44.4, 1.16397, -1.69829
44.425, 1.13775, -1.69862
44.45, 1.11294, -1.69893
44.475, 1.11294, -1.69893
44.5, 1.11294, -1.69893
44.525, 1.11294, -1.69893
44.55, 1.11294, -1.69893
44.575, 1.08703, -1.69924
44.6, 1.06048, -1.69956
44.625, 1.06048, -1.69956
44.65, 1.06048, -1.69956
44.675, 1.06048, -1.69956
44.7, 1.03891, -1.6998
44.725, 1.03891, -1.6998
44.75, 1.03891, -1.6998
44.775, 1.03891, -1.6998
44.8, 1.03891, -1.6998
44.825, 1.03891, -1.6998
44.85, 1.03891, -1.6998
44.875, 1.01536, -1.69996
44.9, 0.990994, -1.70015
44.925, 0.990994, -1.70015
44.95, 0.968461, -1.70032
44.975, 0.948076, -1.70045
45, 0.948076, -1.70045
45.025, 0.929881, -1.70056
45.05, 0.929881, -1.70056
45.075, 0.929881, -1.70056
45.1, 0.929881, -1.70056
45.125, 0.912022, -1.70067
45.15, 0.894759, -1.70078
45.175, 0.878049, -1.70088
45.2, 0.878049, -1.70088
45.225, 0.878049, -1.70088
45.25, 0.878049, -1.70088
45.275, 0.862317, -1.70097
45.3, 0.862317, -1.70097
45.325, 0.862317, -1.70097
45.35, 0.862317, -1.70097
45.375, 0.862317, -1.70097
45.4, 0.862317, -1.70097
45.425, 0.862317, -1.70097
45.45, 0.862317, -1.70097
45.475, 0.862317, -1.70097
45.5, 0.842774, -1.70114
45.525, 0.842774, -1.70114
45.55, 0.827695, -1.70124
45.575, 0.827695, -1.70124
45.6, 0.813128, -1.70133
45.625, 0.801356, -1.70139
45.65, 0.801356, -1.70139
45.675, 0.790634, -1.70145
45.7, 0.78003, -1.7015
45.725, 0.770144, -1.70155
45.75, 0.761283, -1.70158
45.775, 0.761283, -1.70158
45.8, 0.761283, -1.70158
45.825, 0.761283, -1.70158
45.85, 0.761283, -1.70158
45.875, 0.761283, -1.70158
45.9, 0.761283, -1.70158
45.925, 0.761283, -1.70158
45.95, 0.757997, -1.70153
45.975, 0.757997, -1.70153
46, 0.757997, -1.70153
46.025, 0.757997, -1.70153
46.05, 0.757997, -1.70153
46.075, 0.751761, -1.70149
46.1, 0.751761, -1.70149
46.125, 0.745917, -1.70145
46.15, 0.741344, -1.7014
46.175, 0.741344, -1.7014
46.2, 0.741344, -1.7014
46.225, 0.741344, -1.7014
46.25, 0.741344, -1.7014
46.275, 0.734433, -1.70136
46.3, 0.718502, -1.70143
46.325, 0.718502, -1.70143
46.35, 0.700865, -1.70155
46.375, 0.700865, -1.70155
46.4, 0.687357, -1.70162
46.425, 0.687357, -1.70162
46.45, 0.678093, -1.70165
46.475, 0.678093, -1.70165
46.5, 0.678093, -1.70165
46.525, 0.678093, -1.70165
46.55, 0.678093, -1.70165
46.575, 0.678093, -1.70165
46.6, 0.678093, -1.70165
46.625, 0.669211, -1.70169
46.65, 0.66404, -1.70171
46.675, 0.661803, -1.7017
46.7, 0.661803, -1.7017
46.725, 0.661803, -1.7017
46.75, 0.661803, -1.7017
46.775, 0.661803, -1.7017
46.8, 0.661803, -1.7017
46.825, 0.659756, -1.70166
46.85, 0.659756, -1.70166
46.875, 0.659756, -1.70166
46.9, 0.659756, -1.70166
46.925, 0.659756, -1.70166
46.95, 0.659756, -1.70166
46.975, 0.659756, -1.70166
47, 0.657543, -1.70162
47.025, 0.655638, -1.70158
47.05, 0.655638, -1.70158
47.075, 0.655638, -1.70158
47.1, 0.655638, -1.70158
47.125, 0.655638, -1.70158
47.15, 0.655638, -1.70158
47.175, 0.654555, -1.70152
47.2, 0.653091, -1.7015
47.225, 0.65053, -1.70152
47.25, 0.65053, -1.70152
47.275, 0.647485, -1.70155
47.3, 0.644751, -1.70158
47.325, 0.643397, -1.70159
47.35, 0.643449, -1.70158
47.375, 0.643852, -1.70157
47.4, 0.643852, -1.70157
47.425, 0.643852, -1.70157
47.45, 0.643852, -1.70157
47.475, 0.644057, -1.70155
47.5, 0.644057, -1.70155
47.525, 0.644111, -1.70155
47.55, 0.644111, -1.70155
47.575, 0.644111, -1.70155
47.6, 0.644111, -1.70155
47.625, 0.644111, -1.70155
47.65, 0.64471, -1.70153
47.675, 0.645126, -1.70151
47.7, 0.645126, -1.70151
47.725, 0.645254, -1.7015
47.75, 0.645149, -1.7015
47.775, 0.645149, -1.7015
47.8, 0.645149, -1.7015
47.825, 0.645149, -1.7015
47.85, 0.645884, -1.70147
47.875, 0.645884, -1.70147
47.9, 0.645884, -1.70147
47.925, 0.646689, -1.70145
47.95, 0.646689, -1.70145
47.975, 0.646689, -1.70145
48, 0.646689, -1.70145
48.025, 0.646689, -1.70145
48.05, 0.646689, -1.70145
48.075, 0.646689, -1.70145
48.1, 0.646689, -1.70145
48.125, 0.646689, -1.70145
48.15, 0.647602, -1.70142
48.175, 0.647602, -1.70142
48.2, 0.647602, -1.70142
48.225, 0.647602, -1.70142
48.25, 0.647602, -1.70142
48.275, 0.647602, -1.70142
48.3, 0.647602, -1.70142
48.325, 0.647602, -1.70142
48.35, 0.649889, -1.70135
48.375, 0.649889, -1.70135
48.4, 0.650968, -1.70132
48.425, 0.650968, -1.70132
48.45, 0.652573, -1.70127
48.475, 0.652573, -1.70127
48.5, 0.656396, -1.70121
48.525, 0.660748, -1.70115
48.55, 0.660748, -1.70115
48.575, 0.664989, -1.70109
48.6, 0.664989, -1.70109
48.625, 0.664989, -1.70109
48.65, 0.664989, -1.70109
48.675, 0.664989, -1.70109
48.7, 0.664989, -1.70109
48.725, 0.670344, -1.70101
48.75, 0.67584, -1.70093
48.775, 0.682737, -1.70084
48.8, 0.682737, -1.70084
48.825, 0.682737, -1.70084
48.85, 0.682737, -1.70084
48.875, 0.689345, -1.70076
48.9, 0.689345, -1.70076
48.925, 0.689345, -1.70076
48.95, 0.689345, -1.70076
48.975, 0.689345, -1.70076
49, 0.695575, -1.70068
49.025, 0.695575, -1.70068
49.05, 0.695575, -1.70068
49.075, 0.695575, -1.70068
49.1, 0.695575, -1.70068
49.125, 0.701669, -1.70061
49.15, 0.707589, -1.70054
49.175, 0.713309, -1.70048
49.2, 0.718772, -1.70044
49.225, 0.723944, -1.7004
49.25, 0.728692, -1.70038
49.275, 0.728692, -1.70038
49.3, 0.728692, -1.70038
49.325, 0.733143, -1.70036
49.35, 0.733143, -1.70036
49.375, 0.737933, -1.70033
49.4, 0.743146, -1.70029
49.425, 0.748308, -1.70026
49.45, 0.748308, -1.70026
49.475, 0.748308, -1.70026
49.5, 0.748308, -1.70026
49.525, 0.752075, -1.70024
49.55, 0.753474, -1.70026
49.575, 0.753474, -1.70026
49.6, 0.755683, -1.70026
49.625, 0.755683, -1.70026
49.65, 0.759266, -1.70026
49.675, 0.759266, -1.70026
49.7, 0.7622, -1.70028
49.725, 0.7622, -1.70028
49.75, 0.7622, -1.70028
49.775, 0.765703, -1.70029
49.8, 0.769146, -1.70033
49.825, 0.769146, -1.70033
49.85, 0.769146, -1.70033
49.875, 0.77249, -1.70034
49.9, 0.775767, -1.70035
49.925, 0.775767, -1.70035
49.95, 0.775767, -1.70035
49.975, 0.775767, -1.70035
50, 0.775767, -1.70035
50, 0.779057, -1.70035
50.025, 0.779057, -1.70035
50.05, 0.779057, -1.70035
50.075, 0.779057, -1.70035
50.1, 0.776808, -1.70037
50.125, 0.773046, -1.70039
50.15, 0.773046, -1.70039
50.175, 0.773046, -1.70039
50.2, 0.773046, -1.70039
50.225, 0.774325, -1.70043
50.25, 0.774325, -1.70043
50.275, 0.780131, -1.70048
50.3, 0.780131, -1.70048
50.325, 0.789128, -1.70055
50.35, 0.803834, -1.7006
50.375, 0.823913, -1.70064
50.4, 0.847316, -1.70068
50.425, 0.873119, -1.70072
50.45, 0.900535, -1.70076
50.475, 0.928871, -1.7008
50.5, 0.928871, -1.7008
50.525, 0.928871, -1.7008
50.55, 0.928871, -1.7008
50.575, 0.928871, -1.7008
50.6, 0.928871, -1.7008
50.625, 0.928871, -1.7008
50.65, 0.958747, -1.70056
50.675, 0.958747, -1.70056
50.7, 0.958747, -1.70056
50.725, 0.958747, -1.70056
50.75, 0.988102, -1.70027
50.775, 0.988102, -1.70027
50.8, 0.988102, -1.70027
50.825, 1.01585, -1.69997
50.85, 1.04369, -1.69968
50.875, 1.04369, -1.69968
50.9, 1.04369, -1.69968
50.925, 1.04369, -1.69968
50.95, 1.04369, -1.69968
50.975, 1.04369, -1.69968
51, 1.04369, -1.69968
51.025, 1.04369, -1.69968
51.05, 1.04369, -1.69968
51.075, 1.07613, -1.6992
51.1, 1.10713, -1.69873
51.125, 1.10713, -1.69873
51.15, 1.10713, -1.69873
51.175, 1.10713, -1.69873
51.2, 1.10713, -1.69873
51.225, 1.10713, -1.69873
51.25, 1.10713, -1.69873
51.275, 1.10713, -1.69873
51.3, 1.10713, -1.69873
51.325, 1.10713, -1.69873
51.35, 1.10713, -1.69873
51.375, 1.10713, -1.69873
51.4, 1.10713, -1.69873
51.425, 1.10713, -1.69873
51.45, 1.10713, -1.69873
51.475, 1.10713, -1.69873
51.5, 1.13978, -1.69822
51.525, 1.13978, -1.69822
51.55, 1.13978, -1.69822
51.575, 1.13978, -1.69822
51.6, 1.13978, -1.69822
51.625, 1.17229, -1.69771
51.65, 1.20525, -1.6972
51.675, 1.20525, -1.6972
51.7, 1.23899, -1.69668
51.725, 1.27334, -1.69614
51.75, 1.27334, -1.69614
51.775, 1.27334, -1.69614
51.8, 1.27334, -1.69614
51.825, 1.30656, -1.69562
51.85, 1.33901, -1.6951
51.875, 1.37065, -1.69457
51.9, 1.37065, -1.69457
51.925, 1.37065, -1.69457
51.95, 1.37065, -1.69457
51.975, 1.37065, -1.69457
52, 1.37065, -1.69457
52.025, 1.37065, -1.69457
52.05, 1.37065, -1.69457
52.075, 1.37065, -1.69457
52.1, 1.37065, -1.69457
52.125, 1.37065, -1.69457
52.15, 1.37065, -1.69457
52.175, 1.37065, -1.69457
52.2, 1.37065, -1.69457
52.225, 1.37065, -1.69457
52.25, 1.37065, -1.69457
52.275, 1.39583, -1.69411
52.3, 1.39583, -1.69411
52.325, 1.41363, -1.69367
52.35, 1.41363, -1.69367
52.375, 1.42437, -1.69326
52.4, 1.42437, -1.69326
52.425, 1.42764, -1.69288
52.45, 1.42764, -1.69288
52.475, 1.42764, -1.69288
52.5, 1.42516, -1.69252
52.525, 1.4182, -1.69218
52.55, 1.4182, -1.69218
52.575, 1.40903, -1.69187
52.6, 1.40903, -1.69187
52.625, 1.39822, -1.69156
52.65, 1.38615, -1.69127
52.675, 1.37272, -1.691
52.7, 1.35736, -1.69075
52.725, 1.33916, -1.69051
52.75, 1.33916, -1.69051
52.775, 1.31893, -1.6903
52.8, 1.31893, -1.6903
52.825, 1.29743, -1.6901
52.85, 1.29743, -1.6901
52.875, 1.27564, -1.68991
52.9, 1.25391, -1.68974
52.925, 1.25391, -1.68974
52.95, 1.23256, -1.68957
52.975, 1.23256, -1.68957
53, 1.23256, -1.68957
53.025, 1.23256, -1.68957
53.05, 1.23256, -1.68957
53.075, 1.20802, -1.68943
53.1, 1.181, -1.68932
53.125, 1.15126, -1.68924
53.15, 1.1212, -1.68918
53.175, 1.09259, -1.68912
53.2, 1.09259, -1.68912
53.225, 1.06604, -1.68906
53.25, 1.06604, -1.68906
53.275, 1.04303, -1.68898
53.3, 1.02083, -1.68891
53.325, 1.02083, -1.68891
53.35, 1.02083, -1.68891
53.375, 1.02083, -1.68891
53.4, 1.02083, -1.68891
53.425, 0.998438, -1.68885
53.45, 0.998438, -1.68885
53.475, 0.998438, -1.68885
53.5, 0.981107, -1.68876
53.525, 0.970692, -1.68863
53.55, 0.963698, -1.6885
53.575, 0.963698, -1.6885
53.6, 0.963698, -1.6885
53.625, 0.957852, -1.68839
53.65, 0.957852, -1.68839
53.675, 0.957852, -1.68839
53.7, 0.957852, -1.68839
53.725, 0.957852, -1.68839
53.75, 0.95412, -1.68842
53.775, 0.949431, -1.68861
53.8, 0.942165, -1.68897
53.825, 0.9309, -1.68952
53.85, 0.9309, -1.68952
53.875, 0.919551, -1.69008
53.9, 0.919551, -1.69008
53.925, 0.91239, -1.69049
53.95, 0.91239, -1.69049
53.975, 0.91239, -1.69049
54, 0.91239, -1.69049
54.025, 0.907364, -1.69084
54.05, 0.907364, -1.69084
54.075, 0.907364, -1.69084
54.1, 0.907364, -1.69084
54.125, 0.903516, -1.69116
54.15, 0.903516, -1.69116
54.175, 0.900362, -1.69145
54.2, 0.900362, -1.69145
54.225, 0.897557, -1.69171
54.25, 0.894794, -1.69194
54.275, 0.894794, -1.69194
54.3, 0.894794, -1.69194
54.325, 0.892127, -1.69216
54.35, 0.892127, -1.69216
54.375, 0.892127, -1.69216
54.4, 0.892127, -1.69216
54.425, 0.892127, -1.69216
54.45, 0.889444, -1.69235
54.475, 0.889444, -1.69235
54.5, 0.889444, -1.69235
54.525, 0.889444, -1.69235
54.55, 0.886758, -1.69251
54.575, 0.886758, -1.69251
54.6, 0.886758, -1.69251
54.625, 0.886758, -1.69251
54.65, 0.886758, -1.69251
54.675, 0.886758, -1.69251
54.7, 0.886758, -1.69251
54.725, 0.884452, -1.6926
54.75, 0.882475, -1.69267
54.775, 0.881191, -1.69272
54.8, 0.880395, -1.69276
54.825, 0.880395, -1.69276
54.85, 0.879137, -1.6928
54.875, 0.879137, -1.6928
54.9, 0.879137, -1.6928
54.925, 0.876935, -1.69289
54.95, 0.876935, -1.69289
54.975, 0.876935, -1.69289
55, 0.874723, -1.69297
55.025, 0.874723, -1.69297
55.05, 0.871848, -1.69308
55.075, 0.871848, -1.69308
55.1, 0.867704, -1.69321
55.125, 0.867704, -1.69321
55.15, 0.861601, -1.6934
55.175, 0.861601, -1.6934
55.2, 0.853195, -1.69364
55.225, 0.853195, -1.69364
55.25, 0.842637, -1.69393
55.275, 0.842637, -1.69393
55.3, 0.842637, -1.69393
55.325, 0.842637, -1.69393
55.35, 0.842637, -1.69393
55.375, 0.835561, -1.69414
55.4, 0.829655, -1.69432
55.425, 0.825858, -1.69446
55.45, 0.823725, -1.69457
55.475, 0.823725, -1.69457
55.5, 0.823725, -1.69457
55.525, 0.823725, -1.69457
55.55, 0.81755, -1.69473
55.575, 0.809468, -1.69493
55.6, 0.809468, -1.69493
55.625, 0.809468, -1.69493
55.65, 0.809468, -1.69493
55.675, 0.809468, -1.69493
55.7, 0.809468, -1.69493
55.725, 0.809468, -1.69493
55.75, 0.809468, -1.69493
55.775, 0.809468, -1.69493
55.8, 0.809468, -1.69493
55.825, 0.793497, -1.69523
55.85, 0.793497, -1.69523
55.875, 0.778677, -1.69551
55.9, 0.778677, -1.69551
55.925, 0.778677, -1.69551
55.95, 0.768197, -1.69571
55.975, 0.768197, -1.69571
56, 0.759195, -1.69591
56.025, 0.759195, -1.69591
56.05, 0.759195, -1.69591
56.075, 0.749588, -1.6961
56.1, 0.749588, -1.6961
56.125, 0.749588, -1.6961
56.15, 0.738897, -1.69633
56.175, 0.738897, -1.69633
56.2, 0.738897, -1.69633
56.225, 0.738897, -1.69633
56.25, 0.727214, -1.69659
56.275, 0.727214, -1.69659
56.3, 0.727214, -1.69659
56.325, 0.727214, -1.69659
56.35, 0.713233, -1.69695
56.375, 0.713233, -1.69695
56.4, 0.70249, -1.69726
56.425, 0.70249, -1.69726
56.45, 0.698171, -1.69752
56.475, 0.699463, -1.69777
56.5, 0.699463, -1.69777
56.525, 0.699463, -1.69777
56.55, 0.702138, -1.69803
56.575, 0.702138, -1.69803
56.6, 0.706081, -1.69831
56.625, 0.706081, -1.69831
56.65, 0.706081, -1.69831
56.675, 0.706081, -1.69831
56.7, 0.706081, -1.69831
56.725, 0.706081, -1.69831
56.75, 0.706081, -1.69831
56.775, 0.706081, -1.69831
56.8, 0.710053, -1.69836
56.825, 0.710053, -1.69836
56.85, 0.712549, -1.69839
56.875, 0.712549, -1.69839
56.9, 0.712549, -1.69839
56.925, 0.712549, -1.69839
56.95, 0.712549, -1.69839
56.975, 0.71707, -1.69844
57, 0.71707, -1.69844
57.025, 0.71707, -1.69844
57.05, 0.720231, -1.69845
57.075, 0.722732, -1.69845
57.1, 0.722732, -1.69845
57.125, 0.722732, -1.69845
57.15, 0.722732, -1.69845
57.175, 0.722732, -1.69845
57.2, 0.722732, -1.69845
57.225, 0.722732, -1.69845
57.25, 0.725786, -1.69847
57.275, 0.729221, -1.69851
57.3, 0.732882, -1.69857
57.325, 0.736648, -1.69864
57.35, 0.740358, -1.69871
57.375, 0.743951, -1.69878
57.4, 0.747513, -1.69885
57.425, 0.751059, -1.69893
57.45, 0.751059, -1.69893
57.475, 0.751059, -1.69893
57.5, 0.754376, -1.69903
57.525, 0.754376, -1.69903
57.55, 0.757322, -1.69915
57.575, 0.759812, -1.69928
57.6, 0.759812, -1.69928
57.625, 0.762208, -1.6994
57.65, 0.764346, -1.69952
57.675, 0.766344, -1.69965
57.7, 0.768248, -1.69977
57.725, 0.768248, -1.69977
57.75, 0.768248, -1.69977
57.775, 0.768248, -1.69977
57.8, 0.768248, -1.69977
57.825, 0.768248, -1.69977
57.85, 0.768248, -1.69977
57.875, 0.769629, -1.69989
57.9, 0.769629, -1.69989
57.925, 0.771144, -1.7
57.95, 0.771144, -1.7
57.975, 0.771144, -1.7
58, 0.771144, -1.7
58.025, 0.771144, -1.7
58.05, 0.771144, -1.7
58.075, 0.771599, -1.70011
58.1, 0.771772, -1.70022
58.125, 0.771772, -1.70022
58.15, 0.771772, -1.70022
58.175, 0.771772, -1.70022
58.2, 0.772612, -1.70029
58.225, 0.774352, -1.70033
58.25, 0.774352, -1.70033
58.275, 0.776549, -1.70038
58.3, 0.778647, -1.70042
58.325, 0.778647, -1.70042
58.35, 0.778647, -1.70042
58.375, 0.778647, -1.70042
58.4, 0.780788, -1.70047
58.425, 0.780788, -1.70047
58.45, 0.780788, -1.70047
58.475, 0.782899, -1.7005
58.5, 0.782899, -1.7005
58.525, 0.782899, -1.7005
58.55, 0.782899, -1.7005
58.575, 0.784934, -1.70052
58.6, 0.786899, -1.70054
58.625, 0.786899, -1.70054
58.65, 0.788719, -1.70057
58.675, 0.790339, -1.70061
58.7, 0.790339, -1.70061
58.725, 0.790339, -1.70061
58.75, 0.790339, -1.70061
58.775, 0.791934, -1.70064
58.8, 0.793415, -1.70068
58.825, 0.793415, -1.70068
58.85, 0.794751, -1.70072
58.875, 0.794751, -1.70072
58.9, 0.79588, -1.70077
58.925, 0.796687, -1.70082
58.95, 0.796687, -1.70082
58.975, 0.796687, -1.70082
59, 0.797162, -1.70089
59.025, 0.79698, -1.70097
59.05, 0.79698, -1.70097
59.075, 0.79698, -1.70097
59.1, 0.797151, -1.70103
59.125, 0.797737, -1.70109
59.15, 0.798722, -1.70114
59.175, 0.800016, -1.70118
59.2, 0.800016, -1.70118
59.225, 0.800016, -1.70118
59.25, 0.800016, -1.70118
59.275, 0.800279, -1.70123
59.3, 0.800279, -1.70123
59.325, 0.800279, -1.70123
59.35, 0.801025, -1.70126
59.375, 0.801025, -1.70126
59.4, 0.801025, -1.70126
59.425, 0.802629, -1.70129
59.45, 0.802629, -1.70129
59.475, 0.802629, -1.70129
59.5, 0.803587, -1.70131
59.525, 0.804355, -1.70134
59.55, 0.804836, -1.70138
59.575, 0.804836, -1.70138
59.6, 0.805308, -1.70142
59.625, 0.805308, -1.70142
59.65, 0.805308, -1.70142
59.675, 0.805308, -1.70142
59.7, 0.805308, -1.70142
59.725, 0.805308, -1.70142
59.75, 0.80573, -1.70145
59.775, 0.806117, -1.70147
59.8, 0.806517, -1.7015
59.825, 0.806517, -1.7015
59.85, 0.806921, -1.70153
59.875, 0.807231, -1.70156
59.9, 0.807231, -1.70156
59.925, 0.807231, -1.70156
59.95, 0.807457, -1.70158
59.975, 0.807555, -1.7016
60, 0.807555, -1.7016
60, 0.8077, -1.70162
60.025, 0.8077, -1.70162
60.05, 0.8077, -1.70162
60.075, 0.805651, -1.70168
60.1, 0.799017, -1.70178
60.125, 0.789689, -1.70191
60.15, 0.789689, -1.70191
60.175, 0.781145, -1.70204
60.2, 0.781145, -1.70204
60.225, 0.781145, -1.70204
60.25, 0.781145, -1.70204
60.275, 0.781145, -1.70204
60.3, 0.781145, -1.70204
60.325, 0.781145, -1.70204
60.35, 0.781145, -1.70204
60.375, 0.768, -1.70208
60.4, 0.761854, -1.70208
60.425, 0.761854, -1.70208
60.45, 0.759744, -1.70209
60.475, 0.759744, -1.70209
60.5, 0.76416, -1.70213
60.525, 0.775325, -1.70217
60.55, 0.792133, -1.7022
60.575, 0.792133, -1.7022
60.6, 0.792133, -1.7022
60.625, 0.792133, -1.7022
60.65, 0.810043, -1.70196
60.675, 0.810043, -1.70196
60.7, 0.810043, -1.70196
60.725, 0.810043, -1.70196
60.75, 0.810043, -1.70196
60.775, 0.810043, -1.70196
60.8, 0.810043, -1.70196
60.825, 0.827786, -1.70168
60.85, 0.846348, -1.70137
60.875, 0.865234, -1.70106
60.9, 0.865234, -1.70106
60.925, 0.865234, -1.70106
60.95, 0.883386, -1.70075
60.975, 0.883386, -1.70075
61, 0.883386, -1.70075
61.025, 0.90092, -1.70046
61.05, 0.9182, -1.70015
61.075, 0.9182, -1.70015
61.1, 0.935008, -1.69986
61.125, 0.951521, -1.69955
61.15, 0.967684, -1.69925
61.175, 0.967684, -1.69925
61.2, 0.983333, -1.69896
61.225, 0.983333, -1.69896
61.25, 0.983333, -1.69896
61.275, 0.983333, -1.69896
61.3, 0.983333, -1.69896
61.325, 0.983333, -1.69896
61.35, 0.983333, -1.69896
61.375, 0.983333, -1.69896
61.4, 0.999072, -1.69865
61.425, 0.999072, -1.69865
61.45, 0.999072, -1.69865
61.475, 0.999072, -1.69865
61.5, 1.01426, -1.69835
61.525, 1.01426, -1.69835
61.55, 1.0289, -1.69806
61.575, 1.043, -1.69778
61.6, 1.043, -1.69778
61.625, 1.043, -1.69778
61.65, 1.05659, -1.69752
61.675, 1.06974, -1.69725
61.7, 1.08238, -1.69697
61.725, 1.08238, -1.69697
61.75, 1.09442, -1.6967
61.775, 1.09442, -1.6967
61.8, 1.1061, -1.69644
61.825, 1.11735, -1.69621
61.85, 1.11735, -1.69621
61.875, 1.12816, -1.69599
61.9, 1.1386, -1.69577
61.925, 1.1386, -1.69577
61.95, 1.14826, -1.69555
61.975, 1.157, -1.69531
62, 1.157, -1.69531
62.025, 1.157, -1.69531
62.05, 1.157, -1.69531
62.075, 1.157, -1.69531
62.1, 1.157, -1.69531
62.125, 1.157, -1.69531
62.15, 1.157, -1.69531
62.175, 1.157, -1.69531
62.2, 1.16598, -1.69508
62.225, 1.16598, -1.69508
62.25, 1.17412, -1.69485
62.275, 1.17412, -1.69485
62.3, 1.18173, -1.69462
62.325, 1.18888, -1.6944
62.35, 1.19573, -1.69418
62.375, 1.20237, -1.69397
62.4, 1.20237, -1.69397
62.425, 1.20237, -1.69397
62.45, 1.20237, -1.69397
62.475, 1.20237, -1.69397
62.5, 1.20906, -1.69378
62.525, 1.21562, -1.69359
62.55, 1.21562, -1.69359
62.575, 1.22215, -1.69342
62.6, 1.22215, -1.69342
62.625, 1.22215, -1.69342
62.65, 1.22215, -1.69342
62.675, 1.22858, -1.69325
62.7, 1.22858, -1.69325
62.725, 1.23474, -1.69309
62.75, 1.23474, -1.69309
62.775, 1.23474, -1.69309
62.8, 1.23474, -1.69309
62.825, 1.23474, -1.69309
62.85, 1.23474, -1.69309
62.875, 1.23474, -1.69309
62.9, 1.23474, -1.69309
62.925, 1.23474, -1.69309
62.95, 1.24083, -1.69294
62.975, 1.24723, -1.69284
63, 1.24723, -1.69284
63.025, 1.24723, -1.69284
63.05, 1.24723, -1.69284
63.075, 1.24131, -1.69315
63.1, 1.24131, -1.69315
63.125, 1.23746, -1.69341
63.15, 1.23408, -1.69366
63.175, 1.23304, -1.69389
63.2, 1.23517, -1.6941
63.225, 1.23517, -1.6941
63.25, 1.23517, -1.6941
63.275, 1.23517, -1.6941
63.3, 1.2371, -1.6943
63.325, 1.2371, -1.6943
63.35, 1.2371, -1.6943
63.375, 1.2371, -1.6943
63.4, 1.23897, -1.6945
63.425, 1.23897, -1.6945
63.45, 1.23897, -1.6945
63.475, 1.23897, -1.6945
63.5, 1.23897, -1.6945
63.525, 1.23897, -1.6945
63.55, 1.24396, -1.69463
63.575, 1.24396, -1.69463
63.6, 1.24396, -1.69463
63.625, 1.24396, -1.69463
63.65, 1.24396, -1.69463
63.675, 1.24396, -1.69463
63.7, 1.25036, -1.69475
63.725, 1.25553, -1.69486
63.75, 1.25553, -1.69486
63.775, 1.25553, -1.69486
63.8, 1.25553, -1.69486
63.825, 1.25553, -1.69486
63.85, 1.25962, -1.69496
63.875, 1.26263, -1.69504
63.9, 1.26263, -1.69504
63.925, 1.26263, -1.69504
63.95, 1.26263, -1.69504
63.975, 1.26263, -1.69504
64, 1.26432, -1.69512
64.025, 1.26432, -1.69512
64.05, 1.26432, -1.69512
64.075, 1.26432, -1.69512
64.1, 1.26563, -1.69518
64.125, 1.26638, -1.69525
64.15, 1.26638, -1.69525
64.175, 1.26638, -1.69525
64.2, 1.26638, -1.69525
64.225, 1.26496, -1.69528
64.25, 1.26496, -1.69528
64.275, 1.26093, -1.69531
64.3, 1.26093, -1.69531
64.325, 1.25562, -1.69532
64.35, 1.25562, -1.69532
64.375, 1.25562, -1.69532
64.4, 1.25562, -1.69532
64.425, 1.25158, -1.69535
64.45, 1.25158, -1.69535
64.475, 1.25158, -1.69535
64.5, 1.2428, -1.69533
64.525, 1.2428, -1.69533
64.55, 1.2428, -1.69533
64.575, 1.2428, -1.69533
64.6, 1.23291, -1.69532
64.625, 1.23291, -1.69532
64.65, 1.23291, -1.69532
64.675, 1.23291, -1.69532
64.7, 1.22912, -1.69537
64.725, 1.22682, -1.69544
64.75, 1.22601, -1.69552
64.775, 1.22576, -1.69561
64.8, 1.22576, -1.69561
64.825, 1.22576, -1.69561
64.85, 1.22393, -1.69567
64.875, 1.22199, -1.69573
64.9, 1.22021, -1.6958
64.925, 1.21895, -1.69586
64.95, 1.21895, -1.69586
64.975, 1.21761, -1.69592
65, 1.21761, -1.69592
65.025, 1.21592, -1.69597
65.05, 1.21438, -1.69602
65.075, 1.21438, -1.69602
65.1, 1.21609, -1.69616
65.125, 1.21978, -1.69644
65.15, 1.22374, -1.69689
65.175, 1.22374, -1.69689
65.2, 1.22374, -1.69689
65.225, 1.22976, -1.69709
65.25, 1.23613, -1.69723
65.275, 1.23613, -1.69723
65.3, 1.24233, -1.69736
65.325, 1.24233, -1.69736
65.35, 1.24803, -1.6975
65.375, 1.25374, -1.69763
65.4, 1.25374, -1.69763
65.425, 1.25922, -1.69774
65.45, 1.26417, -1.69782
65.475, 1.26417, -1.69782
65.5, 1.26417, -1.69782
65.525, 1.26938, -1.6979
65.55, 1.26938, -1.6979
65.575, 1.26938, -1.6979
65.6, 1.27442, -1.698
65.625, 1.27442, -1.698
65.65, 1.27886, -1.69805
65.675, 1.27886, -1.69805
65.7, 1.28205, -1.6981
65.725, 1.28205, -1.6981
65.75, 1.28205, -1.6981
65.775, 1.28205, -1.6981
65.8, 1.28728, -1.69811
65.825, 1.28728, -1.69811
65.85, 1.28728, -1.69811
65.875, 1.2923, -1.69812
65.9, 1.2923, -1.69812
65.925, 1.29658, -1.69811
65.95, 1.29985, -1.69808
65.975, 1.30208, -1.69805
66, 1.30208, -1.69805
66.025, 1.3042, -1.69802
66.05, 1.30641, -1.69799
66.075, 1.30641, -1.69799
66.1, 1.30641, -1.69799
66.125, 1.30641, -1.69799
66.15, 1.30641, -1.69799
66.175, 1.30854, -1.69795
66.2, 1.30854, -1.69795
66.225, 1.30854, -1.69795
66.25, 1.31057, -1.69791
66.275, 1.31057, -1.69791
66.3, 1.31057, -1.69791
66.325, 1.31057, -1.69791
66.35, 1.31057, -1.69791
66.375, 1.31057, -1.69791
66.4, 1.31057, -1.69791
66.425, 1.31057, -1.69791
66.45, 1.31081, -1.69781
66.475, 1.30895, -1.69773
66.5, 1.30895, -1.69773
66.525, 1.30895, -1.69773
66.55, 1.30723, -1.69764
66.575, 1.30526, -1.69756
66.6, 1.3037, -1.69748
66.625, 1.3037, -1.69748
66.65, 1.3037, -1.69748
66.675, 1.3037, -1.69748
66.7, 1.3037, -1.69748
66.725, 1.30248, -1.69744
66.75, 1.30248, -1.69744
66.775, 1.3013, -1.69741
66.8, 1.3013, -1.69741
66.825, 1.3013, -1.69741
66.85, 1.3013, -1.69741
66.875, 1.3013, -1.69741
66.9, 1.3013, -1.69741
66.925, 1.3013, -1.69741
66.95, 1.3013, -1.69741
66.975, 1.3013, -1.69741
67, 1.29815, -1.69746
67.025, 1.29815, -1.69746
67.05, 1.29815, -1.69746
67.075, 1.28472, -1.69776
67.1, 1.28472, -1.69776
67.125, 1.27047, -1.69807
67.15, 1.25474, -1.69838
67.175, 1.25474, -1.69838
67.2, 1.23817, -1.69868
67.225, 1.22041, -1.69899
67.25, 1.20175, -1.69929
67.275, 1.20175, -1.69929
67.3, 1.20175, -1.69929
67.325, 1.20175, -1.69929
67.35, 1.20175, -1.69929
67.375, 1.20175, -1.69929
67.4, 1.20175, -1.69929
67.425, 1.18028, -1.69955
67.45, 1.18028, -1.69955
67.475, 1.18028, -1.69955
67.5, 1.18028, -1.69955
67.525, 1.15726, -1.69977
67.55, 1.15726, -1.69977
67.575, 1.15726, -1.69977
67.6, 1.1348, -1.69998
67.625, 1.11357, -1.70018
67.65, 1.09348, -1.70037
67.675, 1.07449, -1.70053
67.7, 1.0564, -1.70068
67.725, 1.03906, -1.70083
67.75, 1.02239, -1.70096
67.775, 1.00631, -1.70108
67.8, 0.990756, -1.70119
67.825, 0.975689, -1.7013
67.85, 0.975689, -1.7013
67.875, 0.961082, -1.7014
67.9, 0.961082, -1.7014
67.925, 0.961082, -1.7014
67.95, 0.961082, -1.7014
67.975, 0.961082, -1.7014
68, 0.946589, -1.7015
68.025, 0.931693, -1.70159
68.05, 0.931693, -1.70159
68.075, 0.931693, -1.70159
68.1, 0.931693, -1.70159
68.125, 0.931693, -1.70159
68.15, 0.931693, -1.70159
68.175, 0.931693, -1.70159
68.2, 0.931693, -1.70159
68.225, 0.931693, -1.70159
68.25, 0.931693, -1.70159
68.275, 0.916613, -1.70154
68.3, 0.916613, -1.70154
68.325, 0.916613, -1.70154
68.35, 0.901957, -1.70151
68.375, 0.88752, -1.7015
68.4, 0.88752, -1.7015
68.425, 0.87221, -1.70153
68.45, 0.87221, -1.70153
68.475, 0.857632, -1.70155
68.5, 0.844755, -1.70156
68.525, 0.844755, -1.70156
68.55, 0.844755, -1.70156
68.575, 0.832597, -1.70157
68.6, 0.821076, -1.70158
68.625, 0.821076, -1.70158
68.65, 0.821076, -1.70158
68.675, 0.821076, -1.70158
68.7, 0.821076, -1.70158
68.725, 0.821076, -1.70158
68.75, 0.809965, -1.70158
68.775, 0.799269, -1.7016
68.8, 0.788957, -1.70161
68.825, 0.779006, -1.70162
68.85, 0.779006, -1.70162
68.875, 0.769394, -1.70164
68.9, 0.769394, -1.70164
68.925, 0.769394, -1.70164
68.95, 0.769394, -1.70164
68.975, 0.769394, -1.70164
69, 0.769394, -1.70164
69.025, 0.769394, -1.70164
69.05, 0.769394, -1.70164
69.075, 0.759958, -1.70166
69.1, 0.750747, -1.70168
69.125, 0.741698, -1.70171
69.15, 0.741698, -1.70171
69.175, 0.741698, -1.70171
69.2, 0.732978, -1.70174
69.225, 0.732978, -1.70174
69.25, 0.732978, -1.70174
69.275, 0.724275, -1.70177
69.3, 0.724275, -1.70177
69.325, 0.724275, -1.70177
69.35, 0.715751, -1.70181
69.375, 0.715751, -1.70181
69.4, 0.715751, -1.70181
69.425, 0.707752, -1.70184
69.45, 0.707752, -1.70184
69.475, 0.699944, -1.70187
69.5, 0.699944, -1.70187
69.525, 0.691678, -1.70191
69.55, 0.691678, -1.70191
69.575, 0.691678, -1.70191
69.6, 0.691678, -1.70191
69.625, 0.691678, -1.70191
69.65, 0.687964, -1.70187
69.675, 0.686979, -1.70181
69.7, 0.686979, -1.70181
69.725, 0.686979, -1.70181
69.75, 0.686028, -1.70175
69.775, 0.686028, -1.70175
69.8, 0.685552, -1.7017
69.825, 0.685642, -1.70166
69.85, 0.685642, -1.70166
69.875, 0.685642, -1.70166
69.9, 0.685642, -1.70166
69.925, 0.685642, -1.70166
69.95, 0.682963, -1.70161
69.975, 0.677245, -1.70155
70, 0.677245, -1.70155
70.025, 0.677245, -1.70155
70.05, 0.66879, -1.70148
70.075, 0.66879, -1.70148
70.1, 0.66879, -1.70148
70.125, 0.66879, -1.70148
70.15, 0.663102, -1.70141
70.175, 0.663102, -1.70141
70.2, 0.66239, -1.70133
70.225, 0.667622, -1.70126
70.25, 0.679014, -1.7012
70.275, 0.694452, -1.70115
70.3, 0.713215, -1.70111
70.325, 0.713215, -1.70111
70.35, 0.731895, -1.70109
70.375, 0.731895, -1.70109
70.4, 0.750216, -1.70107
70.425, 0.750216, -1.70107
70.45, 0.769136, -1.70108
70.475, 0.790001, -1.70109
70.5, 0.790001, -1.70109
70.525, 0.790001, -1.70109
70.55, 0.790001, -1.70109
70.575, 0.810074, -1.70104
70.6, 0.832417, -1.701
70.625, 0.856144, -1.70098
70.65, 0.856144, -1.70098
70.675, 0.879121, -1.70096
70.7, 0.902086, -1.70094
70.725, 0.924902, -1.70091
70.75, 0.924902, -1.70091
70.775, 0.924902, -1.70091
70.8, 0.924902, -1.70091
70.825, 0.924902, -1.70091
70.85, 0.924902, -1.70091
70.875, 0.924902, -1.70091
70.9, 0.953052, -1.70052
70.925, 0.953052, -1.70052
70.95, 0.980487, -1.70016
70.975, 0.980487, -1.70016
71, 0.980487, -1.70016
71.025, 1.00688, -1.69982
71.05, 1.00688, -1.69982
71.075, 1.03217, -1.69947
71.1, 1.03217, -1.69947
71.125, 1.05625, -1.69913
71.15, 1.05625, -1.69913
71.175, 1.05625, -1.69913
71.2, 1.05625, -1.69913
71.225, 1.07973, -1.69881
71.25, 1.07973, -1.69881
71.275, 1.07973, -1.69881
71.3, 1.07973, -1.69881
71.325, 1.07973, -1.69881
71.35, 1.10364, -1.69851
71.375, 1.10364, -1.69851
71.4, 1.12642, -1.69826
71.425, 1.12642, -1.69826
71.45, 1.12642, -1.69826
71.475, 1.12642, -1.69826
71.5, 1.12642, -1.69826
71.525, 1.12642, -1.69826
71.55, 1.12642, -1.69826
71.575, 1.12642, -1.69826
71.6, 1.12642, -1.69826
71.625, 1.14838, -1.69801
71.65, 1.14838, -1.69801
71.675, 1.16936, -1.69777
71.7, 1.16936, -1.69777
71.725, 1.18919, -1.69753
71.75, 1.18919, -1.69753
71.775, 1.20776, -1.69729
71.8, 1.20776, -1.69729
71.825, 1.20776, -1.69729
71.85, 1.22568, -1.69705
71.875, 1.24238, -1.69682
71.9, 1.25799, -1.69657
71.925, 1.27225, -1.69632
71.95, 1.28489, -1.69605
71.975, 1.29559, -1.69576
72, 1.30389, -1.69545
72.025, 1.30389, -1.69545
72.05, 1.311, -1.69515
72.075, 1.311, -1.69515
72.1, 1.31881, -1.69487
72.125, 1.31881, -1.69487
72.15, 1.31881, -1.69487
72.175, 1.31881, -1.69487
72.2, 1.31881, -1.69487
72.225, 1.32483, -1.69457
72.25, 1.32863, -1.69425
72.275, 1.32863, -1.69425
72.3, 1.32863, -1.69425
72.325, 1.32863, -1.69425
72.35, 1.33433, -1.69393
72.375, 1.33433, -1.69393
72.4, 1.33433, -1.69393
72.425, 1.34079, -1.69364
72.45, 1.34079, -1.69364
72.475, 1.34686, -1.69336
72.5, 1.35222, -1.69308
72.525, 1.35689, -1.6928
72.55, 1.35689, -1.6928
72.575, 1.36133, -1.69254
72.6, 1.36577, -1.69228
72.625, 1.36577, -1.69228
72.65, 1.37029, -1.69204
72.675, 1.37029, -1.69204
72.7, 1.37029, -1.69204
72.725, 1.37029, -1.69204
72.75, 1.37029, -1.69204
72.775, 1.37447, -1.6918
72.8, 1.37955, -1.69159
72.825, 1.37955, -1.69159
72.85, 1.38501, -1.69143
72.875, 1.38501, -1.69143
72.9, 1.38501, -1.69143
72.925, 1.38501, -1.69143
72.95, 1.39026, -1.69127
72.975, 1.39026, -1.69127
73, 1.39026, -1.69127
73.025, 1.39026, -1.69127
73.05, 1.39026, -1.69127
73.075, 1.3949, -1.69119
73.1, 1.39782, -1.69124
73.125, 1.39819, -1.69143
73.15, 1.39638, -1.69171
73.175, 1.39638, -1.69171
73.2, 1.39137, -1.69209
73.225, 1.39137, -1.69209
73.25, 1.39137, -1.69209
73.275, 1.3865, -1.69246
73.3, 1.3865, -1.69246
73.325, 1.38137, -1.69282
73.35, 1.37697, -1.69317
73.375, 1.37697, -1.69317
73.4, 1.37697, -1.69317
73.425, 1.37697, -1.69317
73.45, 1.37697, -1.69317
73.475, 1.37697, -1.69317
73.5, 1.37223, -1.69338
73.525, 1.37223, -1.69338
73.55, 1.37223, -1.69338
73.575, 1.37223, -1.69338
73.6, 1.36753, -1.69359
73.625, 1.363, -1.69378
73.65, 1.35851, -1.69394
73.675, 1.35421, -1.6941
73.7, 1.35421, -1.6941
73.725, 1.35421, -1.6941
73.75, 1.35421, -1.6941
73.775, 1.34336, -1.69454
73.8, 1.34336, -1.69454
73.825, 1.34336, -1.69454
73.85, 1.33507, -1.69491
73.875, 1.33507, -1.69491
73.9, 1.32887, -1.69527
73.925, 1.32604, -1.69561
73.95, 1.32604, -1.69561
73.975, 1.3251, -1.69595
74, 1.3251, -1.69595
74.025, 1.3251, -1.69595
74.05, 1.3251, -1.69595
74.075, 1.3251, -1.69595
74.1, 1.3251, -1.69595
74.125, 1.3251, -1.69595
74.15, 1.3251, -1.69595
74.175, 1.3251, -1.69595
74.2, 1.3251, -1.69595
74.225, 1.3251, -1.69595
74.25, 1.3251, -1.69595
74.275, 1.3251, -1.69595
74.3, 1.3251, -1.69595
74.325, 1.32205, -1.69583
74.35, 1.32205, -1.69583
74.375, 1.31668, -1.6957
74.4, 1.31668, -1.6957
74.425, 1.31668, -1.6957
74.45, 1.31063, -1.69555
74.475, 1.30297, -1.69539
74.5, 1.30297, -1.69539
74.525, 1.30297, -1.69539
74.55, 1.29166, -1.6952
74.575, 1.27642, -1.69497
74.6, 1.27642, -1.69497
74.625, 1.27642, -1.69497
74.65, 1.27642, -1.69497
74.675, 1.27642, -1.69497
74.7, 1.26637, -1.69479
74.725, 1.2593, -1.69464
74.75, 1.25443, -1.69452
74.775, 1.25443, -1.69452
74.8, 1.24722, -1.69438
74.825, 1.23805, -1.69422
74.85, 1.23805, -1.69422
74.875, 1.23805, -1.69422
74.9, 1.22731, -1.69405
74.925, 1.21677, -1.69389
74.95, 1.21677, -1.69389
74.975, 1.20825, -1.69375
75, 1.20174, -1.69363
75.025, 1.19585, -1.69352
75.05, 1.19585, -1.69352
75.075, 1.19585, -1.69352
75.1, 1.19585, -1.69352
75.125, 1.18942, -1.69341
75.15, 1.18347, -1.69331
75.175, 1.18347, -1.69331
75.2, 1.18347, -1.69331
75.225, 1.17777, -1.69321
75.25, 1.17777, -1.69321
75.275, 1.17777, -1.69321
75.3, 1.17229, -1.69311
75.325, 1.17229, -1.69311
75.35, 1.16801, -1.69303
75.375, 1.16469, -1.69296
75.4, 1.16469, -1.69296
75.425, 1.16174, -1.69291
75.45, 1.16174, -1.69291
75.475, 1.16174, -1.69291
75.5, 1.15881, -1.69285
75.525, 1.15613, -1.6928
75.55, 1.15613, -1.6928
75.575, 1.15613, -1.6928
75.6, 1.15613, -1.6928
75.625, 1.15387, -1.69277
75.65, 1.15387, -1.69277
75.675, 1.15387, -1.69277
75.7, 1.15169, -1.69275
75.725, 1.15169, -1.69275
75.75, 1.15169, -1.69275
75.775, 1.15169, -1.69275
75.8, 1.15169, -1.69275
75.825, 1.14946, -1.69275
75.85, 1.14946, -1.69275
75.875, 1.14946, -1.69275
75.9, 1.14733, -1.69274
75.925, 1.14471, -1.69276
75.95, 1.14471, -1.69276
75.975, 1.14045, -1.6928
76, 1.1337, -1.69289
76.025, 1.12388, -1.69304
76.05, 1.12388, -1.69304
76.075, 1.12388, -1.69304
76.1, 1.10967, -1.69326
76.125, 1.07878, -1.69362
76.15, 1.07878, -1.69362
76.175, 1.04203, -1.69406
76.2, 1.04203, -1.69406
76.225, 1.00496, -1.6945
76.25, 0.968561, -1.69492
76.275, 0.968561, -1.69492
76.3, 0.968561, -1.69492
76.325, 0.948127, -1.69534
76.35, 0.939854, -1.69576
76.375, 0.939854, -1.69576
76.4, 0.936729, -1.69618
76.425, 0.939907, -1.69659
76.45, 0.947545, -1.69697
76.475, 0.947545, -1.69697
76.5, 0.947545, -1.69697
76.525, 0.947545, -1.69697
76.55, 0.954568, -1.69731
76.575, 0.954568, -1.69731
76.6, 0.954568, -1.69731
76.625, 0.954568, -1.69731
76.65, 0.954568, -1.69731
76.675, 0.954568, -1.69731
76.7, 0.963237, -1.69759
76.725, 0.970094, -1.69782
76.75, 0.975564, -1.69803
76.775, 0.975564, -1.69803
76.8, 0.980608, -1.69822
76.825, 0.980608, -1.69822
76.85, 0.983761, -1.69837
76.875, 0.983761, -1.69837
76.9, 0.983761, -1.69837
76.925, 0.983761, -1.69837
76.95, 0.985547, -1.69851
76.975, 0.985547, -1.69851
77, 0.987302, -1.69864
77.025, 0.989373, -1.69878
77.05, 0.989373, -1.69878
77.075, 0.990685, -1.69889
77.1, 0.990151, -1.69898
77.125, 0.988371, -1.69904
77.15, 0.988371, -1.69904
77.175, 0.985612, -1.6991
77.2, 0.982185, -1.69914
77.225, 0.982185, -1.69914
77.25, 0.98061, -1.6992
77.275, 0.98061, -1.6992
77.3, 0.98061, -1.6992
77.325, 0.97901, -1.69926
77.35, 0.97901, -1.69926
77.375, 0.97901, -1.69926
77.4, 0.975577, -1.69928
77.425, 0.971014, -1.69929
77.45, 0.965599, -1.69929
77.475, 0.965599, -1.69929
77.5, 0.961283, -1.69929
77.525, 0.958579, -1.69932
77.55, 0.957782, -1.69938
77.575, 0.957782, -1.69938
77.6, 0.95717, -1.69944
77.625, 0.956934, -1.69951
77.65, 0.956935, -1.69958
77.675, 0.956857, -1.69965
77.7, 0.956857, -1.69965
77.725, 0.956627, -1.69972
77.75, 0.956627, -1.69972
77.775, 0.956627, -1.69972
77.8, 0.956334, -1.69978
77.825, 0.956177, -1.69984
77.85, 0.956177, -1.69984
77.875, 0.956177, -1.69984
77.9, 0.955858, -1.69989
77.925, 0.955858, -1.69989
77.95, 0.955858, -1.69989
77.975, 0.955858, -1.69989
78, 0.955531, -1.69994
78.025, 0.955531, -1.69994
78.05, 0.955292, -1.69999
78.075, 0.955153, -1.70005
78.1, 0.955153, -1.70005
78.125, 0.955153, -1.70005
78.15, 0.955153, -1.70005
78.175, 0.955045, -1.70011
78.2, 0.955045, -1.70011
78.225, 0.955045, -1.70011
78.25, 0.955045, -1.70011
78.275, 0.955045, -1.70011
78.3, 0.955017, -1.70015
78.325, 0.954987, -1.70018
78.35, 0.954925, -1.70022
78.375, 0.954657, -1.70027
78.4, 0.953944, -1.70033
78.425, 0.952397, -1.70043
78.45, 0.952397, -1.70043
78.475, 0.952397, -1.70043
78.5, 0.951197, -1.70051
78.525, 0.950603, -1.70058
78.55, 0.950603, -1.70058
78.575, 0.950603, -1.70058
78.6, 0.9504, -1.70065
78.625, 0.9504, -1.70065
78.65, 0.950153, -1.70071
78.675, 0.950153, -1.70071
78.7, 0.950153, -1.70071
78.725, 0.949731, -1.70079
78.75, 0.949268, -1.70086
78.775, 0.948871, -1.70093
78.8, 0.948871, -1.70093
78.825, 0.948871, -1.70093
78.85, 0.948871, -1.70093
78.875, 0.948871, -1.70093
78.9, 0.948344, -1.701
78.925, 0.947884, -1.70106
78.95, 0.947493, -1.70113
78.975, 0.947118, -1.70118
79, 0.946738, -1.70124
79.025, 0.946738, -1.70124
79.05, 0.946738, -1.70124
79.075, 0.946738, -1.70124
79.1, 0.946738, -1.70124
79.125, 0.946738, -1.70124
79.15, 0.946339, -1.7013
79.175, 0.945946, -1.70135
79.2, 0.94549, -1.70141
79.225, 0.94549, -1.70141
79.25, 0.94549, -1.70141
79.275, 0.94549, -1.70141
79.3, 0.944995, -1.70146
79.325, 0.944995, -1.70146
79.35, 0.943886, -1.70153
79.375, 0.943886, -1.70153
79.4, 0.943886, -1.70153
79.425, 0.943367, -1.70158
79.45, 0.943579, -1.70162
79.475, 0.943579, -1.70162
79.5, 0.944014, -1.70165
79.525, 0.944014, -1.70165
79.55, 0.944014, -1.70165
79.575, 0.944014, -1.70165
79.6, 0.944014, -1.70165
79.625, 0.944014, -1.70165
79.65, 0.944014, -1.70165
79.675, 0.944907, -1.70168
79.7, 0.946359, -1.70169
79.725, 0.948134, -1.7017
79.75, 0.948134, -1.7017
79.775, 0.948134, -1.7017
79.8, 0.948134, -1.7017
79.825, 0.948134, -1.7017
79.85, 0.948134, -1.7017
79.875, 0.948809, -1.70169
79.9, 0.949168, -1.70169
79.925, 0.949508, -1.70169
79.95, 0.950093, -1.70168
79.975, 0.950829, -1.70166
80, 0.95195, -1.70164
80.025, 0.953788, -1.70161
80.05, 0.955749, -1.70158
80.075, 0.955749, -1.70158
80.1, 0.950051, -1.70159
80.125, 0.950051, -1.70159
80.15, 0.950051, -1.70159
80.175, 0.946371, -1.7016
80.2, 0.945234, -1.70159
80.225, 0.945234, -1.70159
80.25, 0.94862, -1.7016
80.275, 0.956337, -1.7016
80.3, 0.956337, -1.7016
80.325, 0.965054, -1.70161
80.35, 0.977057, -1.70162
80.375, 0.991567, -1.70163
80.4, 0.991567, -1.70163
80.425, 0.991567, -1.70163
80.45, 0.991567, -1.70163
80.475, 1.00323, -1.70152
80.5, 1.00323, -1.70152
80.525, 1.01532, -1.70141
80.55, 1.01532, -1.70141
80.575, 1.02776, -1.70132
80.6, 1.02776, -1.70132
80.625, 1.02776, -1.70132
80.65, 1.03945, -1.70122
80.675, 1.05284, -1.70111
80.7, 1.05284, -1.70111
80.725, 1.05284, -1.70111
80.75, 1.05284, -1.70111
80.775, 1.05284, -1.70111
80.8, 1.05284, -1.70111
80.825, 1.06686, -1.70082
80.85, 1.08263, -1.70053
80.875, 1.09972, -1.70023
80.9, 1.09972, -1.70023
80.925, 1.09972, -1.70023
80.95, 1.09972, -1.70023
80.975, 1.11618, -1.69988
81, 1.13182, -1.69955
81.025, 1.13182, -1.69955
81.05, 1.14621, -1.69925
81.075, 1.16103, -1.69893
81.1, 1.16103, -1.69893
81.125, 1.16103, -1.69893
81.15, 1.17338, -1.69876
81.175, 1.18491, -1.69861
81.2, 1.19558, -1.69848
81.225, 1.19558, -1.69848
81.25, 1.19558, -1.69848
81.275, 1.19558, -1.69848
81.3, 1.20715, -1.69832
81.325, 1.20715, -1.69832
81.35, 1.21843, -1.69817
81.375, 1.22932, -1.69803
81.4, 1.22932, -1.69803
81.425, 1.22932, -1.69803
81.45, 1.23986, -1.69789
81.475, 1.23986, -1.69789
81.5, 1.23986, -1.69789
81.525, 1.24996, -1.69775
81.55, 1.24996, -1.69775
81.575, 1.24996, -1.69775
81.6, 1.25972, -1.69762
81.625, 1.26905, -1.69748
81.65, 1.27796, -1.69735
81.675, 1.27796, -1.69735
81.7, 1.27796, -1.69735
81.725, 1.27796, -1.69735
81.75, 1.28654, -1.69721
81.775, 1.28654, -1.69721
81.8, 1.2946, -1.69708
81.825, 1.30204, -1.69694
81.85, 1.30204, -1.69694
81.875, 1.30889, -1.69681
81.9, 1.30889, -1.69681
81.925, 1.31518, -1.69667
81.95, 1.31518, -1.69667
81.975, 1.31518, -1.69667
82, 1.31518, -1.69667
82.025, 1.32079, -1.69654
82.05, 1.32079, -1.69654
82.075, 1.32079, -1.69654
82.1, 1.32567, -1.69642
82.125, 1.32567, -1.69642
82.15, 1.33064, -1.6963
82.175, 1.33064, -1.6963
82.2, 1.33064, -1.6963
82.225, 1.3359, -1.6962
82.25, 1.3359, -1.6962
82.275, 1.34029, -1.69608
82.3, 1.34029, -1.69608
82.325, 1.34029, -1.69608
82.35, 1.34374, -1.69596
82.375, 1.34628, -1.69585
82.4, 1.34894, -1.69574
82.425, 1.34894, -1.69574
82.45, 1.34894, -1.69574
82.475, 1.34894, -1.69574
82.5, 1.35152, -1.69563
82.525, 1.35398, -1.69553
82.55, 1.35398, -1.69553
82.575, 1.35398, -1.69553
82.6, 1.35595, -1.69543
82.625, 1.35595, -1.69543
82.65, 1.35595, -1.69543
82.675, 1.35595, -1.69543
82.7, 1.35595, -1.69543
82.725, 1.35595, -1.69543
82.75, 1.35595, -1.69543
82.775, 1.35595, -1.69543
82.8, 1.35595, -1.69543
82.825, 1.35595, -1.69543
82.85, 1.35798, -1.69534
82.875, 1.36012, -1.69527
82.9, 1.36012, -1.69527
82.925, 1.36012, -1.69527
82.95, 1.36012, -1.69527
82.975, 1.36012, -1.69527
83, 1.36051, -1.6953
83.025, 1.36051, -1.6953
83.05, 1.36051, -1.6953
83.075, 1.36111, -1.69532
83.1, 1.36111, -1.69532
83.125, 1.36095, -1.69537
83.15, 1.35985, -1.69544
83.175, 1.35985, -1.69544
83.2, 1.35985, -1.69544
83.225, 1.35953, -1.69548
83.25, 1.35953, -1.69548
83.275, 1.35921, -1.69553
83.3, 1.35874, -1.69558
83.325, 1.35829, -1.69562
83.35, 1.35834, -1.69565
83.375, 1.35834, -1.69565
83.4, 1.35834, -1.69565
83.425, 1.35834, -1.69565
83.45, 1.35847, -1.69567
83.475, 1.35847, -1.69567
83.5, 1.35847, -1.69567
83.525, 1.3588, -1.69569
83.55, 1.3588, -1.69569
83.575, 1.35902, -1.69573
83.6, 1.35902, -1.69573
83.625, 1.35921, -1.69575
83.65, 1.35921, -1.69575
83.675, 1.35921, -1.69575
83.7, 1.359, -1.69577
83.725, 1.359, -1.69577
83.75, 1.35743, -1.69579
83.775, 1.35743, -1.69579
83.8, 1.35743, -1.69579
83.825, 1.35601, -1.6958
83.85, 1.35601, -1.6958
83.875, 1.35601, -1.6958
83.9, 1.3551, -1.69582
83.925, 1.35404, -1.69584
83.95, 1.35404, -1.69584
83.975, 1.35404, -1.69584
84, 1.35404, -1.69584
84.025, 1.35404, -1.69584
84.05, 1.35404, -1.69584
84.075, 1.35404, -1.69584
84.1, 1.35404, -1.69584
84.125, 1.35305, -1.69585
84.15, 1.35305, -1.69585
84.175, 1.35195, -1.69587
84.2, 1.35096, -1.69588
84.225, 1.35009, -1.69589
84.25, 1.35009, -1.69589
84.275, 1.34941, -1.69591
84.3, 1.34941, -1.69591
84.325, 1.34882, -1.69593
84.35, 1.34835, -1.69594
84.375, 1.34807, -1.69596
84.4, 1.34794, -1.69599
84.425, 1.34794, -1.69599
84.45, 1.34794, -1.69599
84.475, 1.34794, -1.69599
84.5, 1.34794, -1.69601
84.525, 1.34794, -1.69601
84.55, 1.34794, -1.69601
84.575, 1.34805, -1.69604
84.6, 1.34842, -1.69609
84.625, 1.34898, -1.69613
84.65, 1.34898, -1.69613
84.675, 1.34898, -1.69613
84.7, 1.34898, -1.69613
84.725, 1.34898, -1.69613
84.75, 1.34898, -1.69613
84.775, 1.34898, -1.69613
84.8, 1.34948, -1.69619
84.825, 1.34996, -1.69626
84.85, 1.34996, -1.69626
84.875, 1.34996, -1.69626
84.9, 1.34996, -1.69626
84.925, 1.35051, -1.69631
84.95, 1.35051, -1.69631
84.975, 1.35051, -1.69631
85, 1.35051, -1.69631
85.025, 1.35051, -1.69631
85.05, 1.35051, -1.69631
85.075, 1.35145, -1.69636
85.1, 1.35145, -1.69636
85.125, 1.35234, -1.6964
85.15, 1.35302, -1.69642
85.175, 1.35302, -1.69642
85.2, 1.35302, -1.69642
85.225, 1.35302, -1.69642
85.25, 1.35469, -1.69642
85.275, 1.35641, -1.69642
85.3, 1.35641, -1.69642
85.325, 1.35813, -1.69643
85.35, 1.35988, -1.69644
85.375, 1.35988, -1.69644
85.4, 1.36155, -1.69649
85.425, 1.36291, -1.69657
85.45, 1.36291, -1.69657
85.475, 1.36432, -1.69664
85.5, 1.36568, -1.69671
85.525, 1.36568, -1.69671
85.55, 1.36568, -1.69671
85.575, 1.36568, -1.69671
85.6, 1.36568, -1.69671
85.625, 1.36568, -1.69671
85.65, 1.36701, -1.69678
85.675, 1.36784, -1.69687
85.7, 1.36726, -1.69702
85.725, 1.36726, -1.69702
85.75, 1.36726, -1.69702
85.775, 1.36726, -1.69702
85.8, 1.36726, -1.69702
85.825, 1.36726, -1.69702
85.85, 1.36702, -1.69715
85.875, 1.36702, -1.69715
85.9, 1.36702, -1.69715
85.925, 1.3668, -1.69728
85.95, 1.3668, -1.69728
85.975, 1.3668, -1.69728
86, 1.36661, -1.6974
86.025, 1.36661, -1.6974
86.05, 1.3662, -1.69752
86.075, 1.3662, -1.69752
86.1, 1.36543, -1.69763
86.125, 1.36543, -1.69763
86.15, 1.36543, -1.69763
86.175, 1.36543, -1.69763
86.2, 1.36543, -1.69763
86.225, 1.36543, -1.69763
86.25, 1.36513, -1.69774
86.275, 1.36513, -1.69774
86.3, 1.36513, -1.69774
86.325, 1.36513, -1.69774
86.35, 1.36425, -1.69786
86.375, 1.36425, -1.69786
86.4, 1.36425, -1.69786
86.425, 1.36425, -1.69786
86.45, 1.36425, -1.69786
86.475, 1.36425, -1.69786
86.5, 1.36392, -1.69797
86.525, 1.36392, -1.69797
86.55, 1.36349, -1.69808
86.575, 1.36349, -1.69808
86.6, 1.36349, -1.69808
86.625, 1.36349, -1.69808
86.65, 1.36294, -1.69818
86.675, 1.36222, -1.69828
86.7, 1.3613, -1.69837
86.725, 1.36035, -1.69845
86.75, 1.36035, -1.69845
86.775, 1.36035, -1.69845
86.8, 1.35954, -1.69854
86.825, 1.35954, -1.69854
86.85, 1.35954, -1.69854
86.875, 1.35874, -1.69862
86.9, 1.35874, -1.69862
86.925, 1.35874, -1.69862
86.95, 1.35874, -1.69862
86.975, 1.35782, -1.6987
87, 1.35782, -1.6987
87.025, 1.35782, -1.6987
87.05, 1.35727, -1.69878
87.075, 1.35727, -1.69878
87.1, 1.35727, -1.69878
87.125, 1.35727, -1.69878
87.15, 1.35727, -1.69878
87.175, 1.35679, -1.69885
87.2, 1.35635, -1.69893
87.225, 1.35635, -1.69893
87.25, 1.35593, -1.699
87.275, 1.35593, -1.699
87.3, 1.35556, -1.69908
87.325, 1.35556, -1.69908
87.35, 1.35526, -1.69915
87.375, 1.35504, -1.69923
87.4, 1.35477, -1.69931
87.425, 1.35427, -1.69937
87.45, 1.35427, -1.69937
87.475, 1.35328, -1.69943
87.5, 1.35328, -1.69943
87.525, 1.35328, -1.69943
87.55, 1.35254, -1.69949
87.575, 1.35254, -1.69949
87.6, 1.35254, -1.69949
87.625, 1.35254, -1.69949
87.65, 1.35254, -1.69949
87.675, 1.35254, -1.69949
87.7, 1.35254, -1.69949
87.725, 1.35254, -1.69949
87.75, 1.35084, -1.69954
87.775, 1.35084, -1.69954
87.8, 1.35084, -1.69954
87.825, 1.35084, -1.69954
87.85, 1.35084, -1.69954
87.875, 1.35048, -1.69957
87.9, 1.35019, -1.69961
87.925, 1.35019, -1.69961
87.95, 1.35033, -1.69965
87.975, 1.35078, -1.69971
88, 1.35078, -1.69971
88.025, 1.35136, -1.69976
88.05, 1.35216, -1.69982
88.075, 1.35216, -1.69982
88.1, 1.35216, -1.69982
88.125, 1.35294, -1.69988
88.15, 1.35382, -1.69995
88.175, 1.35382, -1.69995
88.2, 1.35382, -1.69995
88.225, 1.35382, -1.69995
88.25, 1.35465, -1.70001
88.275, 1.35547, -1.70006
88.3, 1.35628, -1.70012
88.325, 1.35707, -1.70017
88.35, 1.35707, -1.70017
88.375, 1.35783, -1.70022
88.4, 1.35783, -1.70022
88.425, 1.35853, -1.70027
88.45, 1.3592, -1.70032
88.475, 1.3592, -1.70032
88.5, 1.3592, -1.70032
88.525, 1.3592, -1.70032
88.55, 1.35989, -1.70036
88.575, 1.35989, -1.70036
88.6, 1.35989, -1.70036
88.625, 1.35989, -1.70036
88.65, 1.36035, -1.70041
88.675, 1.36085, -1.70045
88.7, 1.36085, -1.70045
88.725, 1.36153, -1.7005
88.75, 1.36242, -1.70056
88.775, 1.36333, -1.70064
88.8, 1.36406, -1.70076
88.825, 1.36469, -1.70087
88.85, 1.36469, -1.70087
88.875, 1.36469, -1.70087
88.9, 1.36531, -1.70097
88.925, 1.36531, -1.70097
88.95, 1.36531, -1.70097
88.975, 1.36531, -1.70097
89, 1.36531, -1.70097
89.025, 1.36531, -1.70097
89.05, 1.367, -1.70103
89.075, 1.367, -1.70103
89.1, 1.367, -1.70103
89.125, 1.367, -1.70103
89.15, 1.367, -1.70103
89.175, 1.367, -1.70103
89.2, 1.367, -1.70103
89.225, 1.367, -1.70103
89.25, 1.367, -1.70103
89.275, 1.36912, -1.70108
89.3, 1.36912, -1.70108
89.325, 1.36912, -1.70108
89.35, 1.36912, -1.70108
89.375, 1.3713, -1.70114
89.4, 1.3713, -1.70114
89.425, 1.37342, -1.70119
89.45, 1.37548, -1.70123
89.475, 1.37748, -1.70128
89.5, 1.37942, -1.70133
89.525, 1.37942, -1.70133
89.55, 1.37942, -1.70133
89.575, 1.37942, -1.70133
89.6, 1.37942, -1.70133
89.625, 1.38123, -1.70138
89.65, 1.38123, -1.70138
89.675, 1.38123, -1.70138
89.7, 1.38123, -1.70138
89.725, 1.38123, -1.70138
89.75, 1.38123, -1.70138
89.775, 1.38123, -1.70138
89.8, 1.38123, -1.70138
89.825, 1.38123, -1.70138
89.85, 1.38123, -1.70138
89.875, 1.38123, -1.70138
89.9, 1.38123, -1.70138
89.925, 1.38123, -1.70138
89.95, 1.38123, -1.70138
89.975, 1.38123, -1.70138
