0, 0.00234568, 0.281997
0.025, 0.00697912, 0.296186
0.05, 0.0117451, 0.342461
0.075, 0.030344, 0.474767
0.1, 0.0637923, 0.507364
0.125, 0.086785, 0.638008
0.15, 0.101185, 0.665364
0.175, 0.129057, 0.772232
0.2, 0.167105, 0.79767
0.225, 0.214708, 0.897634
0.25, 0.27311, 0.928186
0.275, 0.333033, 1.08197
0.3, 0.390613, 1.13016
0.325, 0.45998, 1.25863
0.35, 0.548252, 1.29724
0.375, 0.6699, 1.35118
0.4, 0.820273, 1.36307
0.425, 0.96718, 1.44872
0.45, 1.10861, 1.47761
0.475, 1.25099, 1.57016
0.5, 1.39763, 1.6117
0.525, 1.55287, 1.70464
0.55, 1.71416, 1.74068
0.575, 1.89542, 1.81943
0.6, 2.09701, 1.82761
0.625, 2.31054, 1.85573
0.65, 2.53374, 1.85663
0.675, 2.74784, 1.90866
0.7, 2.95209, 1.93678
0.725, 3.14402, 1.98804
0.75, 3.32626, 1.99775
0.775, 3.51771, 2.02792
0.8, 3.71629, 2.03022
0.825, 3.92934, 2.03048
0.85, 4.16158, 2.03048
0.875, 4.40031, 2.03163
0.9, 4.64067, 2.03227
0.925, 4.8651, 2.054
0.95, 5.07065, 2.05873
0.975, 5.2494, 2.06052
1, 5.40596, 2.06116
1.025, 5.55199, 2.06116
1.05, 5.68687, 2.06116
1.075, 5.83843, 2.07228
1.1, 6.01069, 2.08302
1.125, 6.19278, 2.10079
1.15, 6.38258, 2.10309
1.175, 6.58129, 2.10283
1.2, 6.7836, 2.09759
1.225, 6.95549, 2.03048
1.25, 7.10251, 2.01693
1.275, 7.23541, 1.98241
1.3, 7.34985, 1.98165
1.325, 7.45812, 1.98178
1.35, 7.56755, 1.98178
1.375, 7.69094, 1.96874
1.4, 7.82376, 1.95276
1.425, 7.9633, 1.89843
1.45, 8.1105, 1.87887
1.475, 8.24271, 1.81048
1.5, 8.35746, 1.80102
1.525, 8.45382, 1.79668
1.55, 8.53162, 1.79361
1.575, 8.60788, 1.77098
1.6, 8.68781, 1.75066
1.625, 8.76725, 1.68636
1.65, 8.84423, 1.66629
1.675, 8.90536, 1.59585
1.7, 8.9493, 1.57591
1.725, 8.99203, 1.57233
1.75, 9.03124, 1.57246
1.775, 9.05319, 1.58
1.8, 9.06471, 1.58
1.825, 9.08608, 1.57399
1.85, 9.11309, 1.56671
1.875, 9.13178, 1.52516
1.9, 9.14445, 1.52222
1.925, 9.15311, 1.52171
1.95, 9.1534, 1.52145
1.975, 9.15665, 1.52618
2, 9.17031, 1.52823
2.025, 9.18771, 1.52887
2.05, 9.20332, 1.52631
2.075, 9.22028, 1.52375
2.1, 9.24101, 1.51608
2.125, 9.25555, 1.5157
2.15, 9.26085, 1.5157
2.175, 9.25787, 1.52963
2.2, 9.25039, 1.54127
2.225, 9.24519, 1.54715
2.25, 9.24099, 1.54728
2.275, 9.24603, 1.5474
2.3, 9.26008, 1.5474
2.325, 9.26859, 1.55022
2.35, 9.27147, 1.56479
2.375, 9.25896, 1.61196
2.4, 9.22911, 1.64225
2.425, 9.19753, 1.68418
2.45, 9.16981, 1.69658
2.475, 9.16303, 1.69978
2.5, 9.17542, 1.70157
2.525, 9.20504, 1.74094
2.55, 9.24862, 1.74848
2.575, 9.29816, 1.77993
2.6, 9.35685, 1.79271
2.625, 9.39495, 1.84321
2.65, 9.40656, 1.85982
2.675, 9.40812, 1.88884
2.7, 9.40632, 1.89638
2.725, 9.4153, 1.92604
2.75, 9.43368, 1.93371
2.775, 9.4652, 2.00095
2.8, 9.5089, 2.01897
2.825, 9.56843, 2.06359
2.85, 9.64365, 2.06538
2.875, 9.72072, 2.07535
2.9, 9.79873, 2.07522
2.925, 9.86975, 2.07522
2.95, 9.93358, 2.07509
2.975, 9.99683, 2.07509
3, 10.0607, 2.07675
3.025, 10.1269, 2.07714
3.05, 10.1942, 2.07931
3.075, 10.2666, 2.07637
3.1, 10.3439, 2.07394
3.125, 10.4185, 2.04518
3.15, 10.4895, 2.03495
3.175, 10.5586, 1.98625
3.2, 10.6276, 1.9842
3.225, 10.6818, 1.98395
3.25, 10.7203, 1.98318
3.275, 10.7639, 1.97986
3.3, 10.8143, 1.96874
3.325, 10.8659, 1.90469
3.35, 10.9186, 1.88207
3.375, 10.9682, 1.80473
3.4, 11.0124, 1.79578
3.425, 11.0316, 1.7954
3.45, 11.0251, 1.7954
3.475, 11.0241, 1.783
3.5, 11.0333, 1.76881
3.525, 11.0487, 1.68508
3.55, 11.0696, 1.64929
3.575, 11.0887, 1.57821
3.6, 11.1003, 1.55827
3.625, 11.0962, 1.53769
3.65, 11.0806, 1.53232
3.675, 11.0656, 1.50202
3.7, 11.0531, 1.48387
3.725, 11.0461, 1.42775
3.75, 11.0443, 1.40871
3.775, 11.0251, 1.33098
3.8, 10.9854, 1.31654
3.825, 10.9256, 1.31475
3.85, 10.8442, 1.31603
3.875, 10.7574, 1.34313
3.9, 10.6745, 1.34415
3.925, 10.6113, 1.33392
3.95, 10.5647, 1.31424
3.975, 10.5323, 1.29225
4, 10.51, 1.29008
4.025, 10.4588, 1.28496
4.05, 10.3769, 1.28829
4.075, 10.2812, 1.30593
4.1, 10.1751, 1.30938
4.125, 10.0627, 1.33674
4.15, 9.9447, 1.34505
4.175, 9.8599, 1.38161
4.2, 9.80805, 1.38493
4.225, 9.7639, 1.41228
4.25, 9.72713, 1.42341
4.275, 9.69264, 1.48694
4.3, 9.6564, 1.50368
4.325, 9.61217, 1.5226
4.35, 9.56742, 1.52324
4.375, 9.53477, 1.52542
4.4, 9.50589, 1.53564
4.425, 9.46623, 1.58741
4.45, 9.42201, 1.6117
4.475, 9.39319, 1.66769
4.5, 9.37817, 1.68572
4.525, 9.37452, 1.71435
4.55, 9.38354, 1.72062
4.575, 9.40728, 1.72356
4.6, 9.44253, 1.72368
4.625, 9.47803, 1.72701
4.65, 9.51277, 1.74439
4.675, 9.53529, 1.81751
4.7, 9.54541, 1.83771
4.725, 9.56391, 1.91505
4.75, 9.59357, 1.92297
4.775, 9.63719, 1.92911
4.8, 9.69528, 1.92924
4.825, 9.75132, 1.92911
4.85, 9.80265, 1.92924
4.875, 9.85863, 1.93064
4.9, 9.92002, 1.93371
4.925, 9.97373, 1.93473
4.95, 10.0192, 1.94087
4.975, 10.067, 1.94074
5, 10.1183, 1.93985
5.025, 10.1687, 1.9277
5.05, 10.2166, 1.91901
5.075, 10.2715, 1.91735
5.1, 10.3337, 1.9185
5.125, 10.3907, 1.92093
5.15, 10.4446, 1.92208
5.175, 10.4978, 1.92208
5.2, 10.547, 1.91607
5.225, 10.5867, 1.86455
5.25, 10.6214, 1.85803
5.275, 10.6499, 1.85624
5.3, 10.6659, 1.8565
5.325, 10.6872, 1.85791
5.35, 10.7219, 1.85765
5.375, 10.7668, 1.84794
5.4, 10.8156, 1.82608
5.425, 10.871, 1.74439
5.45, 10.9347, 1.72317
5.475, 10.9577, 1.69224
5.5, 10.9326, 1.68942
5.525, 10.8914, 1.68981
5.55, 10.8454, 1.68994
5.575, 10.8136, 1.66616
5.6, 10.7919, 1.64992
5.625, 10.787, 1.57847
5.65, 10.8021, 1.54868
5.675, 10.8102, 1.4854
5.7, 10.8023, 1.47352
5.725, 10.7687, 1.44923
5.75, 10.7163, 1.44169
5.775, 10.6642, 1.43977
5.8, 10.6101, 1.42878
5.825, 10.5593, 1.36435
5.85, 10.5197, 1.35003
5.875, 10.484, 1.30324
5.9, 10.4427, 1.29979
5.925, 10.3888, 1.28931
5.95, 10.3275, 1.28982
5.975, 10.2635, 1.29187
6, 10.1938, 1.29212
6.025, 10.1171, 1.27947
6.05, 10.0374, 1.27729
6.075, 9.96935, 1.26132
6.1, 9.91048, 1.26132
6.125, 9.84429, 1.26157
6.15, 9.77308, 1.26362
6.175, 9.71362, 1.26681
6.2, 9.66365, 1.26822
6.225, 9.61504, 1.2663
6.25, 9.56998, 1.26643
6.275, 9.53393, 1.26681
6.3, 9.50445, 1.26605
6.325, 9.47002, 1.2865
6.35, 9.43064, 1.29366
6.375, 9.38309, 1.32625
6.4, 9.32943, 1.33405
6.425, 9.28031, 1.34198
6.45, 9.23487, 1.34198
6.475, 9.1908, 1.34223
6.5, 9.14782, 1.34568
6.525, 9.1059, 1.36486
6.55, 9.06637, 1.38263
6.575, 9.02115, 1.47454
6.6, 8.96828, 1.4909
6.625, 8.93092, 1.57003
6.65, 8.91188, 1.57821
6.675, 8.90196, 1.60621
6.7, 8.8987, 1.61106
6.725, 8.89923, 1.6365
6.75, 8.90332, 1.66117
6.775, 8.91139, 1.71346
6.8, 8.92222, 1.72918
6.825, 8.94611, 1.78236
6.85, 8.98411, 1.78619
6.875, 9.01746, 1.78952
6.9, 9.04629, 1.78939
6.925, 9.06503, 1.78939
6.95, 9.07256, 1.79195
6.975, 9.08681, 1.85292
7, 9.11121, 1.86992
7.025, 9.1597, 1.92221
7.05, 9.23341, 1.92527
7.075, 9.32963, 1.92502
7.1, 9.44445, 1.92284
7.125, 9.52792, 1.92042
7.15, 9.57723, 1.92054
7.175, 9.61125, 1.92617
7.2, 9.6311, 1.92745
7.225, 9.63712, 1.97896
7.25, 9.63558, 1.98331
7.275, 9.67026, 2.00402
7.3, 9.73988, 2.00402
7.325, 9.81557, 2.00006
7.35, 9.89407, 1.98791
7.375, 9.96977, 1.96298
7.4, 10.0418, 1.96145
7.425, 10.09, 1.95915
7.45, 10.1133, 1.95289
7.475, 10.1431, 1.9162
7.5, 10.1827, 1.89958
7.525, 10.2277, 1.81674
7.55, 10.2769, 1.79834
7.575, 10.3196, 1.78632
7.6, 10.3545, 1.78568
7.625, 10.3849, 1.7605
7.65, 10.4157, 1.75245
7.675, 10.4529, 1.7288
7.7, 10.4914, 1.70604
7.725, 10.5268, 1.60608
7.75, 10.5662, 1.58038
7.775, 10.5831, 1.52401
7.8, 10.5671, 1.52081
7.825, 10.5421, 1.5212
7.85, 10.5157, 1.51928
7.875, 10.4977, 1.49486
7.9, 10.4844, 1.48195
7.925, 10.4671, 1.39669
7.95, 10.451, 1.37828
7.975, 10.4315, 1.31948
8, 10.3991, 1.31654
8.025, 10.3406, 1.31705
8.05, 10.2629, 1.31705
8.075, 10.191, 1.31143
8.1, 10.1235, 1.30823
8.125, 10.0547, 1.26566
8.15, 9.98993, 1.25544
8.175, 9.94388, 1.22335
8.2, 9.9086, 1.21261
8.225, 9.86629, 1.21325
8.25, 9.82046, 1.21542
8.275, 9.76575, 1.21862
8.3, 9.70141, 1.22386
8.325, 9.62817, 1.2213
8.35, 9.54649, 1.21709
8.375, 9.46731, 1.21824
8.4, 9.39034, 1.22015
8.425, 9.32046, 1.27346
8.45, 9.25847, 1.28816
8.475, 9.20703, 1.3453
8.5, 9.1671, 1.3499
8.525, 9.13569, 1.38378
8.55, 9.1095, 1.38455
8.575, 9.06914, 1.40717
8.6, 9.01608, 1.41765
8.625, 8.95938, 1.45818
8.65, 8.89866, 1.48246
8.675, 8.85215, 1.57207
8.7, 8.82185, 1.58908
8.725, 8.81847, 1.64622
8.75, 8.84295, 1.65478
8.775, 8.87658, 1.65491
8.8, 8.91593, 1.65491
8.825, 8.93726, 1.65529
8.85, 8.9393, 1.67051
8.875, 8.93068, 1.71282
8.9, 8.91486, 1.73123
8.925, 8.91277, 1.79706
8.95, 8.92331, 1.80639
8.975, 8.95471, 1.8124
9, 9.01065, 1.81265
9.025, 9.06557, 1.81265
9.05, 9.11222, 1.81815
9.075, 9.15155, 1.85829
9.1, 9.18472, 1.87286
9.125, 9.22053, 1.89204
9.15, 9.26422, 1.89229
9.175, 9.3156, 1.89242
9.2, 9.37089, 1.89242
9.225, 9.42606, 1.89242
9.25, 9.48171, 1.89242
9.275, 9.53932, 1.89255
9.3, 9.59835, 1.896
9.325, 9.65333, 1.89856
9.35, 9.70374, 1.89843
9.375, 9.75661, 1.88437
9.4, 9.81237, 1.87529
9.425, 9.86602, 1.86161
9.45, 9.91587, 1.86123
9.475, 9.95745, 1.85215
9.5, 9.99381, 1.8519
9.525, 10.0345, 1.85279
9.55, 10.0779, 1.85292
9.575, 10.1195, 1.84065
9.6, 10.1622, 1.83362
9.625, 10.2161, 1.7706
9.65, 10.2796, 1.75705
9.675, 10.3279, 1.71269
9.7, 10.3561, 1.70783
9.725, 10.3679, 1.6916
9.75, 10.3648, 1.6907
9.775, 10.3554, 1.63855
9.8, 10.3469, 1.61848
9.825, 10.3525, 1.57591
9.85, 10.3674, 1.55571
9.875, 10.3792, 1.54242
9.9, 10.3888, 1.5414
9.925, 10.3965, 1.50829
9.95, 10.4025, 1.50432
9.975, 10.3889, 1.48285
10, 10.3524, 1.47249
10.025, 10.3063, 1.44744
10.05, 10.2555, 1.43018
10.075, 10.2102, 1.40142
10.1, 10.1702, 1.39861
10.125, 10.1355, 1.39848
10.15, 10.1043, 1.39861
10.175, 10.0813, 1.38953
10.2, 10.0658, 1.38045
10.225, 10.0346, 1.33584
10.25, 9.98654, 1.32702
10.275, 9.92836, 1.30107
10.3, 9.86062, 1.30107
10.325, 9.78702, 1.31756
10.35, 9.70883, 1.33316
10.375, 9.63713, 1.377
10.4, 9.57164, 1.38991
10.425, 9.52432, 1.39976
10.45, 9.49569, 1.39848
10.475, 9.4695, 1.39695
10.5, 9.44408, 1.39682
10.525, 9.41657, 1.39695
10.55, 9.38888, 1.39963
10.575, 9.36459, 1.439
10.6, 9.33867, 1.45115
10.625, 9.30759, 1.45178
10.65, 9.27963, 1.45242
10.675, 9.25556, 1.45268
10.7, 9.22728, 1.45357
10.725, 9.19747, 1.50202
10.75, 9.17012, 1.52695
10.775, 9.15061, 1.61963
10.8, 9.13813, 1.63331
10.825, 9.14052, 1.68163
10.85, 9.16014, 1.68329
10.875, 9.18865, 1.68495
10.9, 9.22326, 1.68559
10.925, 9.24836, 1.69236
10.95, 9.26519, 1.70221
10.975, 9.28309, 1.76817
11, 9.29955, 1.79003
11.025, 9.3271, 1.85139
11.05, 9.36988, 1.85254
11.075, 9.43384, 1.85254
11.1, 9.51634, 1.85254
11.125, 9.57408, 1.85343
11.15, 9.60632, 1.8565
11.175, 9.63876, 1.90137
11.2, 9.67101, 1.91863
11.225, 9.70185, 1.94688
11.25, 9.73736, 1.9525
11.275, 9.79928, 1.9557
11.3, 9.88164, 1.95557
11.325, 9.95987, 1.95531
11.35, 10.0351, 1.95557
11.375, 10.0964, 1.9557
11.4, 10.1412, 1.95595
11.425, 10.1701, 1.96835
11.45, 10.185, 1.96861
11.475, 10.2056, 1.96861
11.5, 10.2368, 1.96682
11.525, 10.2857, 1.96644
11.55, 10.3476, 1.96644
11.575, 10.4162, 1.96644
11.6, 10.4912, 1.96644
11.625, 10.5466, 1.94816
11.65, 10.5796, 1.94368
11.675, 10.5983, 1.89472
11.7, 10.6055, 1.87312
11.725, 10.6061, 1.85318
11.75, 10.5986, 1.83733
11.775, 10.602, 1.8193
11.8, 10.6201, 1.80844
11.825, 10.645, 1.77597
11.85, 10.6759, 1.76932
11.875, 10.7007, 1.72202
11.9, 10.7188, 1.69045
11.925, 10.7391, 1.5956
11.95, 10.7602, 1.57067
11.975, 10.7564, 1.50599
12, 10.7281, 1.50279
12.025, 10.7009, 1.49806
12.05, 10.6752, 1.48873
12.075, 10.6549, 1.43095
12.1, 10.6456, 1.41689
12.125, 10.6303, 1.32715
12.15, 10.6034, 1.30861
12.175, 10.5641, 1.28445
12.2, 10.5098, 1.28458
12.225, 10.4434, 1.29417
12.25, 10.3709, 1.29583
12.275, 10.3034, 1.29008
12.3, 10.2395, 1.2819
12.325, 10.1814, 1.25326
12.35, 10.1286, 1.24534
12.375, 10.0674, 1.23038
12.4, 9.99751, 1.23102
12.425, 9.92708, 1.24508
12.45, 9.8574, 1.25774
12.475, 9.78907, 1.26771
12.5, 9.72255, 1.27282
12.525, 9.66285, 1.26668
12.55, 9.60859, 1.26438
12.575, 9.55257, 1.26451
12.6, 9.49374, 1.2663
12.625, 9.43476, 1.3113
12.65, 9.37588, 1.32114
12.675, 9.32067, 1.38634
12.7, 9.26967, 1.40666
12.725, 9.23128, 1.43351
12.75, 9.20829, 1.43376
12.775, 9.19216, 1.43913
12.8, 9.17815, 1.44002
12.825, 9.15449, 1.46789
12.85, 9.12278, 1.48502
12.875, 9.08938, 1.53194
12.9, 9.05581, 1.54191
12.925, 9.04542, 1.5855
12.95, 9.05911, 1.58882
12.975, 9.08667, 1.58959
13, 9.12724, 1.58984
13.025, 9.16101, 1.60365
13.05, 9.1805, 1.61924
13.075, 9.17098, 1.66705
13.1, 9.13836, 1.68278
13.125, 9.11371, 1.704
13.15, 9.09893, 1.71704
13.175, 9.09685, 1.71883
13.2, 9.11064, 1.72573
13.225, 9.1484, 1.78082
13.25, 9.20251, 1.78964
13.275, 9.25776, 1.84257
13.3, 9.31843, 1.84627
13.325, 9.36538, 1.84602
13.35, 9.39562, 1.84589
13.375, 9.41005, 1.84602
13.4, 9.40906, 1.84704
13.425, 9.41908, 1.8758
13.45, 9.44281, 1.89178
13.475, 9.47348, 1.91147
13.5, 9.51414, 1.91927
13.525, 9.57243, 1.924
13.55, 9.64286, 1.92412
13.575, 9.70292, 1.92348
13.6, 9.75247, 1.91364
13.625, 9.80315, 1.91198
13.65, 9.85332, 1.91198
13.675, 9.89386, 1.91236
13.7, 9.92845, 1.91441
13.725, 9.97281, 1.91645
13.75, 10.0251, 1.91645
13.775, 10.0725, 1.89664
13.8, 10.1166, 1.88437
13.825, 10.1729, 1.82416
13.85, 10.2387, 1.81214
13.875, 10.2847, 1.78236
13.9, 10.3093, 1.78159
13.925, 10.3353, 1.78159
13.95, 10.3646, 1.77724
13.975, 10.3914, 1.73672
14, 10.4189, 1.72125
14.025, 10.4488, 1.66872
14.05, 10.4775, 1.64711
14.075, 10.4996, 1.59099
14.1, 10.5165, 1.58703
14.125, 10.5266, 1.54804
14.15, 10.528, 1.54549
14.175, 10.5302, 1.52005
14.2, 10.5345, 1.50535
14.225, 10.5317, 1.43351
14.25, 10.5233, 1.42366
14.275, 10.4965, 1.40155
14.3, 10.4485, 1.39771
14.325, 10.4037, 1.39835
14.35, 10.3673, 1.39746
14.375, 10.3343, 1.377
14.4, 10.3044, 1.37189
14.425, 10.2801, 1.30261
14.45, 10.2592, 1.2943
14.475, 10.2179, 1.28509
14.5, 10.1498, 1.28854
14.525, 10.0627, 1.33853
14.55, 9.96543, 1.34914
14.575, 9.88184, 1.36051
14.6, 9.81439, 1.36102
14.625, 9.7728, 1.36064
14.65, 9.75273, 1.36039
14.675, 9.73365, 1.34658
14.7, 9.71442, 1.34505
14.725, 9.68197, 1.34658
14.75, 9.63402, 1.34862
14.775, 9.56935, 1.37048
14.8, 9.49233, 1.37432
14.825, 9.42388, 1.40615
14.85, 9.36415, 1.40807
14.875, 9.31516, 1.42021
14.9, 9.27725, 1.43875
14.925, 9.24646, 1.48937
14.95, 9.21827, 1.5102
14.975, 9.19251, 1.58716
15, 9.17122, 1.59278
15.025, 9.15588, 1.59483
15.05, 9.14968, 1.59483
15.075, 9.14426, 1.60966
15.1, 9.13502, 1.6172
15.125, 9.1286, 1.67345
15.15, 9.12666, 1.68572
15.175, 9.12921, 1.76318
15.2, 9.13614, 1.77737
15.225, 9.15537, 1.78952
15.25, 9.19203, 1.79028
15.275, 9.23482, 1.79054
15.3, 9.27507, 1.79054
15.325, 9.30853, 1.79552
15.35, 9.34054, 1.80792
15.375, 9.36941, 1.85816
15.4, 9.39103, 1.88028
15.425, 9.42125, 1.92374
15.45, 9.46542, 1.924
15.475, 9.51973, 1.92412
15.5, 9.58011, 1.92361
15.525, 9.63727, 1.9162
15.55, 9.69252, 1.91581
15.575, 9.75159, 1.91581
15.6, 9.81143, 1.91645
15.625, 9.86337, 1.91709
15.65, 9.91082, 1.91709
15.675, 9.95932, 1.91057
15.7, 10.0067, 1.89945
15.725, 10.0582, 1.88245
15.75, 10.1156, 1.87925
15.775, 10.1734, 1.87887
15.8, 10.2305, 1.879
15.825, 10.295, 1.87887
15.85, 10.3677, 1.86328
15.875, 10.4336, 1.81738
15.9, 10.4912, 1.78977
15.925, 10.532, 1.73711
15.95, 10.5558, 1.72023
15.975, 10.5588, 1.71154
16, 10.5416, 1.70694
16.025, 10.5412, 1.70643
16.05, 10.5609, 1.70106
16.075, 10.5858, 1.63075
16.1, 10.617, 1.6103
16.125, 10.6438, 1.53411
16.15, 10.655, 1.51212
16.175, 10.6271, 1.48898
16.2, 10.5681, 1.4886
16.225, 10.5011, 1.48272
16.25, 10.4267, 1.47965
16.275, 10.3697, 1.46303
16.3, 10.3307, 1.44105
16.325, 10.3027, 1.41586
16.35, 10.2856, 1.40947
16.375, 10.2561, 1.38199
16.4, 10.2131, 1.38148
16.425, 10.1681, 1.38173
16.45, 10.1191, 1.38161
16.475, 10.0674, 1.36115
16.5, 10.0174, 1.3499
16.525, 9.97422, 1.32089
16.55, 9.93449, 1.30721
16.575, 9.88882, 1.29481
16.6, 9.83996, 1.29442
16.625, 9.78972, 1.30823
16.65, 9.73639, 1.31053
16.675, 9.6866, 1.3237
16.7, 9.64212, 1.3237
16.725, 9.60627, 1.31795
16.75, 9.57698, 1.31398
16.775, 9.54298, 1.31373
16.8, 9.5034, 1.31411
16.825, 9.45665, 1.35719
16.85, 9.40241, 1.38186
16.875, 9.34679, 1.40896
16.9, 9.2944, 1.41689
16.925, 9.26331, 1.43235
16.95, 9.24964, 1.43696
16.975, 9.23064, 1.43862
17, 9.21001, 1.44373
17.025, 9.18914, 1.48489
17.05, 9.16139, 1.50893
17.075, 9.12222, 1.57872
17.1, 9.07809, 1.59572
17.125, 9.05641, 1.63561
17.15, 9.05563, 1.63689
17.175, 9.06043, 1.64123
17.2, 9.07227, 1.64775
17.225, 9.09296, 1.68009
17.25, 9.11733, 1.70758
17.275, 9.13196, 1.772
17.3, 9.13944, 1.77814
17.325, 9.15156, 1.77827
17.35, 9.1693, 1.7784
17.375, 9.17635, 1.78185
17.4, 9.17027, 1.79808
17.425, 9.17952, 1.85151
17.45, 9.20743, 1.8634
17.475, 9.2575, 1.88539
17.5, 9.32953, 1.89728
17.525, 9.41535, 1.89753
17.55, 9.5067, 1.89472
17.575, 9.569, 1.84448
17.6, 9.60767, 1.83451
17.625, 9.63094, 1.83323
17.65, 9.63474, 1.8349
17.675, 9.64586, 1.89319
17.7, 9.67016, 1.89817
17.725, 9.71077, 1.90303
17.75, 9.76853, 1.90252
17.775, 9.83116, 1.88143
17.8, 9.89434, 1.86455
17.825, 9.95794, 1.85701
17.85, 10.0197, 1.85369
17.875, 10.0596, 1.85267
17.9, 10.0836, 1.85279
17.925, 10.115, 1.85139
17.95, 10.1514, 1.8473
17.975, 10.1907, 1.82314
18, 10.2344, 1.80243
18.025, 10.2864, 1.76817
18.05, 10.3435, 1.75615
18.075, 10.3811, 1.72471
18.1, 10.4021, 1.72215
18.125, 10.4242, 1.70591
18.15, 10.4449, 1.69211
18.175, 10.4683, 1.62091
18.2, 10.4991, 1.59611
18.225, 10.5181, 1.5281
18.25, 10.5205, 1.51481
18.275, 10.5047, 1.47134
18.3, 10.475, 1.47045
18.325, 10.4455, 1.45191
18.35, 10.4127, 1.43593
18.375, 10.3823, 1.38352
18.4, 10.3603, 1.36422
18.425, 10.3306, 1.32715
18.45, 10.2868, 1.31079
18.475, 10.24, 1.28164
18.5, 10.1951, 1.27896
18.525, 10.1419, 1.2709
18.55, 10.0753, 1.27103
18.575, 10.0142, 1.25774
18.6, 9.96411, 1.2369
18.625, 9.92389, 1.18896
18.65, 9.89009, 1.17375
18.675, 9.84082, 1.17311
18.7, 9.77772, 1.17439
18.725, 9.70605, 1.18871
18.75, 9.62441, 1.20328
18.775, 9.53468, 1.2052
18.8, 9.43925, 1.2052
18.825, 9.36088, 1.20417
18.85, 9.29999, 1.20417
18.875, 9.24876, 1.22539
18.9, 9.20582, 1.23294
18.925, 9.16803, 1.28829
18.95, 9.13388, 1.30363
18.975, 9.08897, 1.31718
19, 9.03418, 1.32472
19.025, 8.97815, 1.32625
19.05, 8.91906, 1.32868
19.075, 8.85501, 1.36473
19.1, 8.78982, 1.37918
19.125, 8.74291, 1.47531
19.15, 8.7121, 1.50151
19.175, 8.696, 1.54255
19.2, 8.69918, 1.55673
19.225, 8.7076, 1.58051
19.25, 8.71358, 1.58294
19.275, 8.71164, 1.59687
19.3, 8.70605, 1.60442
19.325, 8.70071, 1.64622
19.35, 8.6923, 1.6746
19.375, 8.68619, 1.74171
19.4, 8.68876, 1.75245
19.425, 8.71681, 1.75679
19.45, 8.76627, 1.75666
19.475, 8.81118, 1.75692
19.5, 8.8493, 1.76139
19.525, 8.88413, 1.77903
19.55, 8.91638, 1.79898
19.575, 8.93832, 1.85867
19.6, 8.94959, 1.879
19.625, 8.9775, 1.88846
19.65, 9.02744, 1.88871
19.675, 9.08306, 1.88884
19.7, 9.13743, 1.89025
19.725, 9.18873, 1.90405
19.75, 9.24123, 1.90827
19.775, 9.30132, 1.92118
19.8, 9.36684, 1.92246
19.825, 9.43556, 1.93026
19.85, 9.50777, 1.93039
19.875, 9.57363, 1.92962
19.9, 9.63119, 1.92834
19.925, 9.68314, 1.92834
19.95, 9.73133, 1.92821
19.975, 9.77723, 1.92821
20, 9.82248, 1.92885
20, 9.93536, 1.92374
20.025, 10.0524, 1.92387
20.05, 10.1678, 1.92809
20.075, 10.2764, 1.93461
20.1, 10.3467, 1.97768
20.125, 10.3978, 1.9943
20.15, 10.4278, 2.03623
20.175, 10.456, 2.04965
20.2, 10.4933, 2.11753
20.225, 10.5265, 2.13287
20.25, 10.6321, 2.20101
20.275, 10.7654, 2.20868
20.3, 10.9529, 2.23143
20.325, 11.1555, 2.23437
20.35, 11.3076, 2.24843
20.375, 11.4351, 2.26045
20.4, 11.5134, 2.27208
20.425, 11.5746, 2.28614
20.45, 11.612, 2.33459
20.475, 11.6377, 2.3521
20.5, 11.7505, 2.39429
20.525, 11.901, 2.39787
20.55, 12.0818, 2.41615
20.575, 12.2683, 2.41755
20.6, 12.4538, 2.42637
20.625, 12.6282, 2.43289
20.65, 12.7369, 2.44453
20.675, 12.8278, 2.44772
20.7, 12.9088, 2.47444
20.725, 12.9776, 2.47815
20.75, 13.0951, 2.49221
20.775, 13.2323, 2.49323
20.8, 13.3826, 2.49349
20.825, 13.5346, 2.49361
20.85, 13.6879, 2.49349
20.875, 13.8326, 2.49349
20.9, 13.9518, 2.49323
20.925, 14.0584, 2.49336
20.95, 14.1506, 2.49323
20.975, 14.2358, 2.4931
21, 14.3184, 2.49285
21.025, 14.3964, 2.49272
21.05, 14.4673, 2.49259
21.075, 14.5341, 2.49259
21.1, 14.5997, 2.49246
21.125, 14.6626, 2.49246
21.15, 14.736, 2.48799
21.175, 14.8129, 2.48722
21.2, 14.9013, 2.47636
21.225, 14.9863, 2.47406
21.25, 15.0623, 2.4715
21.275, 15.133, 2.46958
21.3, 15.1903, 2.46255
21.325, 15.2466, 2.46204
21.35, 15.2934, 2.45002
21.375, 15.3356, 2.44849
21.4, 15.3857, 2.44248
21.425, 15.4337, 2.43724
21.45, 15.4902, 2.432
21.475, 15.5506, 2.42701
21.5, 15.5941, 2.415
21.525, 15.6268, 2.40515
21.55, 15.6148, 2.40106
21.575, 15.5897, 2.40094
21.6, 15.539, 2.40094
21.625, 15.4849, 2.40119
21.65, 15.4954, 2.40157
21.675, 15.5298, 2.40157
21.7, 15.5959, 2.40132
21.725, 15.6726, 2.40119
21.75, 15.755, 2.39071
21.775, 15.8362, 2.38368
21.8, 15.8305, 2.35824
21.825, 15.7934, 2.35722
21.85, 15.7092, 2.35722
21.875, 15.6093, 2.35734
21.9, 15.5583, 2.35811
21.925, 15.5368, 2.35875
21.95, 15.5601, 2.35888
21.975, 15.5978, 2.35888
22, 15.6591, 2.35811
22.025, 15.7269, 2.3553
22.05, 15.7163, 2.33855
22.075, 15.6747, 2.3383
22.1, 15.6047, 2.33689
22.125, 15.5219, 2.33689
22.15, 15.4471, 2.3374
22.175, 15.3868, 2.3374
22.2, 15.3639, 2.33779
22.225, 15.3544, 2.33779
22.25, 15.3602, 2.33779
22.275, 15.3723, 2.33779
22.3, 15.3799, 2.33868
22.325, 15.384, 2.33868
22.35, 15.3802, 2.33868
22.375, 15.3754, 2.33868
22.4, 15.3724, 2.33881
22.425, 15.3702, 2.33894
22.45, 15.3774, 2.33919
22.475, 15.3891, 2.33919
22.5, 15.3979, 2.33919
22.525, 15.4046, 2.33907
22.55, 15.4019, 2.33919
22.575, 15.3954, 2.33919
22.6, 15.3781, 2.33932
22.625, 15.3578, 2.33945
22.65, 15.3381, 2.33945
22.675, 15.3188, 2.33945
22.7, 15.2959, 2.33932
22.725, 15.273, 2.33932
22.75, 15.2536, 2.33945
22.775, 15.2363, 2.33945
22.8, 15.229, 2.33958
22.825, 15.2274, 2.33958
22.85, 15.239, 2.33983
22.875, 15.2553, 2.33983
22.9, 15.2741, 2.33996
22.925, 15.2929, 2.33996
22.95, 15.2836, 2.33996
22.975, 15.2633, 2.33983
23, 15.2325, 2.33996
23.025, 15.1993, 2.33996
23.05, 15.1816, 2.34034
23.075, 15.1763, 2.3406
23.1, 15.2118, 2.34367
23.125, 15.2595, 2.34367
23.15, 15.3175, 2.34354
23.175, 15.3774, 2.34354
23.2, 15.3681, 2.32833
23.225, 15.3297, 2.32743
23.25, 15.2522, 2.32756
23.275, 15.1587, 2.32871
23.3, 15.072, 2.34098
23.325, 15.0038, 2.34226
23.35, 15.014, 2.34968
23.375, 15.0521, 2.35044
23.4, 15.118, 2.35044
23.425, 15.1946, 2.35019
23.45, 15.2205, 2.35006
23.475, 15.2219, 2.34993
23.5, 15.1859, 2.34865
23.525, 15.1384, 2.34852
23.55, 15.0839, 2.34865
23.575, 15.0272, 2.34891
23.6, 15.0098, 2.34942
23.625, 15.0084, 2.3498
23.65, 15.0175, 2.34993
23.675, 15.0301, 2.34993
23.7, 15.0485, 2.3498
23.725, 15.0674, 2.3498
23.75, 15.0773, 2.34993
23.775, 15.0839, 2.34993
23.8, 15.0912, 2.3498
23.825, 15.0984, 2.3498
23.85, 15.1097, 2.34993
23.875, 15.1223, 2.34993
23.9, 15.1384, 2.34993
23.925, 15.1551, 2.34993
23.95, 15.1702, 2.34993
23.975, 15.184, 2.34993
24, 15.1958, 2.35006
24.025, 15.2064, 2.35006
24.05, 15.2141, 2.35019
24.075, 15.2208, 2.35031
24.1, 15.2278, 2.35044
24.125, 15.2347, 2.35031
24.15, 15.2424, 2.35044
24.175, 15.2505, 2.35031
24.2, 15.2572, 2.35019
24.225, 15.2635, 2.3498
24.25, 15.2719, 2.3498
24.275, 15.281, 2.3498
24.3, 15.2912, 2.34648
24.325, 15.3043, 2.3461
24.35, 15.306, 2.33434
24.375, 15.2997, 2.33037
24.4, 15.2839, 2.32091
24.425, 15.264, 2.32002
24.45, 15.23, 2.31989
24.475, 15.1918, 2.31989
24.5, 15.2036, 2.31848
24.525, 15.2333, 2.31836
24.55, 15.2676, 2.31567
24.575, 15.3037, 2.3149
24.6, 15.3228, 2.30378
24.625, 15.3281, 2.29969
24.65, 15.2899, 2.2855
24.675, 15.2368, 2.28474
24.7, 15.1684, 2.2841
24.725, 15.0981, 2.28448
24.75, 15.0909, 2.28448
24.775, 15.1105, 2.28435
24.8, 15.152, 2.27656
24.825, 15.1975, 2.27272
24.85, 15.234, 2.27144
24.875, 15.2506, 2.26837
24.9, 15.1978, 2.25482
24.925, 15.1282, 2.25457
24.95, 15.0216, 2.2547
24.975, 14.9033, 2.25495
25, 14.8449, 2.25955
25.025, 14.8135, 2.25968
25.05, 14.8087, 2.26007
25.075, 14.8124, 2.26007
25.1, 14.8331, 2.25968
25.125, 14.859, 2.25968
25.15, 14.8509, 2.25968
25.175, 14.8294, 2.25981
25.2, 14.8039, 2.26083
25.225, 14.7791, 2.26173
25.25, 14.7568, 2.26518
25.275, 14.7364, 2.26595
25.3, 14.7394, 2.27221
25.325, 14.7493, 2.27323
25.35, 14.7539, 2.27349
25.375, 14.7581, 2.27349
25.4, 14.7637, 2.27349
25.425, 14.7679, 2.27336
25.45, 14.7673, 2.27349
25.475, 14.7663, 2.27336
25.5, 14.7658, 2.27362
25.525, 14.7644, 2.27374
25.55, 14.7646, 2.27374
25.575, 14.7665, 2.27362
25.6, 14.7686, 2.27362
25.625, 14.7699, 2.27349
25.65, 14.7664, 2.27336
25.675, 14.7617, 2.27336
25.7, 14.7554, 2.27336
25.725, 14.7485, 2.27336
25.75, 14.7406, 2.27336
25.775, 14.7324, 2.27349
25.8, 14.7193, 2.27362
25.825, 14.7045, 2.27362
25.85, 14.6916, 2.274
25.875, 14.6802, 2.27413
25.9, 14.6959, 2.28116
25.925, 14.7202, 2.28154
25.95, 14.7664, 2.28192
25.975, 14.8222, 2.28192
26, 14.8745, 2.28192
26.025, 14.9228, 2.28192
26.05, 14.9116, 2.27886
26.075, 14.8789, 2.2786
26.1, 14.8226, 2.27834
26.125, 14.7577, 2.27847
26.15, 14.7301, 2.28167
26.175, 14.7258, 2.28244
26.2, 14.7669, 2.28423
26.225, 14.8212, 2.28448
26.25, 14.8902, 2.28435
26.275, 14.9618, 2.28435
26.3, 14.9437, 2.28244
26.325, 14.8911, 2.28244
26.35, 14.8077, 2.28333
26.375, 14.7162, 2.28346
26.4, 14.6433, 2.29138
26.425, 14.5901, 2.29305
26.45, 14.5907, 2.29982
26.475, 14.6141, 2.29995
26.5, 14.663, 2.30787
26.525, 14.7149, 2.30864
26.55, 14.733, 2.30877
26.575, 14.7412, 2.30877
26.6, 14.7285, 2.30877
26.625, 14.7074, 2.30877
26.65, 14.6847, 2.31222
26.675, 14.6655, 2.31478
26.7, 14.6654, 2.32334
26.725, 14.6669, 2.32513
26.75, 14.6799, 2.33012
26.775, 14.6965, 2.33037
26.8, 14.7167, 2.33868
26.825, 14.7348, 2.34034
26.85, 14.7533, 2.34456
26.875, 14.7743, 2.34482
26.9, 14.8017, 2.34929
26.925, 14.8258, 2.35108
26.95, 14.8486, 2.35159
26.975, 14.8735, 2.35159
27, 14.903, 2.35146
27.025, 14.9308, 2.35146
27.05, 14.95, 2.35108
27.075, 14.9661, 2.35095
27.1, 14.977, 2.35083
27.125, 14.9848, 2.35083
27.15, 14.9893, 2.3507
27.175, 14.9935, 2.3507
27.2, 14.9959, 2.34891
27.225, 14.9972, 2.34852
27.25, 14.9972, 2.3452
27.275, 14.995, 2.34264
27.3, 15.0041, 2.33357
27.325, 15.0257, 2.33331
27.35, 15.0685, 2.33076
27.375, 15.115, 2.32909
27.4, 15.1742, 2.31133
27.425, 15.2369, 2.30353
27.45, 15.2526, 2.29522
27.475, 15.2453, 2.29445
27.5, 15.1997, 2.2942
27.525, 15.145, 2.29407
27.55, 15.0894, 2.2942
27.575, 15.0441, 2.29432
27.6, 15.0237, 2.29496
27.625, 15.0429, 2.29547
27.65, 15.0859, 2.29535
27.675, 15.1417, 2.29535
27.7, 15.1992, 2.29356
27.725, 15.2057, 2.28589
27.75, 15.1881, 2.28205
27.775, 15.1261, 2.2818
27.8, 15.0483, 2.28154
27.825, 14.9482, 2.2818
27.85, 14.8482, 2.28333
27.875, 14.8243, 2.28704
27.9, 14.8279, 2.28857
27.925, 14.8522, 2.28959
27.95, 14.8844, 2.28959
27.975, 14.9108, 2.28959
28, 14.9272, 2.28947
28.025, 14.9148, 2.28947
28.05, 14.8945, 2.28959
28.075, 14.872, 2.28947
28.1, 14.8484, 2.28947
28.125, 14.8285, 2.28972
28.15, 14.812, 2.28985
28.175, 14.8023, 2.29036
28.2, 14.7945, 2.29202
28.225, 14.7877, 2.29432
28.25, 14.7792, 2.30251
28.275, 14.7576, 2.30404
28.3, 14.7336, 2.30583
28.325, 14.7172, 2.31273
28.35, 14.7037, 2.31772
28.375, 14.6883, 2.31963
28.4, 14.6742, 2.32219
28.425, 14.6863, 2.32462
28.45, 14.706, 2.32909
28.475, 14.7126, 2.33088
28.5, 14.716, 2.33127
28.525, 14.7556, 2.3314
28.55, 14.8088, 2.33152
28.575, 14.858, 2.33152
28.6, 14.9039, 2.3314
28.625, 14.9359, 2.33114
28.65, 14.9587, 2.33101
28.675, 14.9525, 2.33114
28.7, 14.9366, 2.33114
28.725, 14.923, 2.33114
28.75, 14.9103, 2.33114
28.775, 14.94, 2.33127
28.8, 14.9856, 2.3314
28.825, 15.0511, 2.33127
28.85, 15.1207, 2.33063
28.875, 15.1594, 2.32807
28.9, 15.1785, 2.32743
28.925, 15.1525, 2.32309
28.95, 15.1118, 2.31503
28.975, 15.0553, 2.31337
29, 14.9931, 2.31324
29.025, 14.9847, 2.31337
29.05, 14.996, 2.3135
29.075, 15.036, 2.31312
29.1, 15.0865, 2.31222
29.125, 15.1174, 2.30289
29.15, 15.1281, 2.30008
29.175, 15.0797, 2.2988
29.2, 15.0121, 2.29867
29.225, 14.907, 2.2988
29.25, 14.7947, 2.30072
29.275, 14.7506, 2.30225
29.3, 14.7335, 2.30251
29.325, 14.75, 2.30251
29.35, 14.7806, 2.30251
29.375, 14.8293, 2.30251
29.4, 14.8742, 2.30199
29.425, 14.8707, 2.30135
29.45, 14.8517, 2.30135
29.475, 14.8305, 2.30097
29.5, 14.8084, 2.29969
29.525, 14.7826, 2.29982
29.55, 14.7595, 2.29995
29.575, 14.7507, 2.29995
29.6, 14.7463, 2.29969
29.625, 14.7458, 2.29982
29.65, 14.7479, 2.29982
29.675, 14.7648, 2.29995
29.7, 14.7859, 2.29995
29.725, 14.8112, 2.29995
29.75, 14.8381, 2.29995
29.775, 14.863, 2.29982
29.8, 14.8855, 2.29982
29.825, 14.906, 2.29969
29.85, 14.9248, 2.29982
29.875, 14.9386, 2.29931
29.9, 14.95, 2.29829
29.925, 14.9578, 2.29317
29.95, 14.9642, 2.28423
29.975, 14.9744, 2.28001
30, 14.9843, 2.27796
30, 14.9776, 2.27783
30.025, 14.9634, 2.29445
30.05, 14.9326, 2.31593
30.075, 14.8974, 2.37562
30.1, 14.8294, 2.40375
30.125, 14.7541, 2.46421
30.15, 14.7664, 2.50525
30.175, 14.8174, 2.5496
30.2, 14.8866, 2.5707
30.225, 14.9642, 2.60304
30.25, 15.0823, 2.62413
30.275, 15.2104, 2.65877
30.3, 15.2549, 2.67807
30.325, 15.2692, 2.72601
30.35, 15.2999, 2.74813
30.375, 15.3398, 2.78239
30.4, 15.4017, 2.80859
30.425, 15.4881, 2.83991
30.45, 15.6486, 2.86496
30.475, 15.8262, 2.88133
30.5, 16.0059, 2.89309
30.525, 16.1898, 2.89667
30.55, 16.3047, 2.89884
30.575, 16.3807, 2.93425
30.6, 16.399, 2.94985
30.625, 16.3978, 2.9928
30.65, 16.4397, 3.0199
30.675, 16.5038, 3.04943
30.7, 16.6234, 3.07333
30.725, 16.762, 3.09826
30.75, 16.9273, 3.10388
30.775, 17.0969, 3.11948
30.8, 17.2583, 3.12191
30.825, 17.4056, 3.12357
30.85, 17.517, 3.13546
30.875, 17.6176, 3.15246
30.9, 17.7014, 3.1669
30.925, 17.7729, 3.1839
30.95, 17.8792, 3.20027
30.975, 17.9927, 3.20858
31, 18.1121, 3.22213
31.025, 18.238, 3.22877
31.05, 18.3561, 3.23082
31.075, 18.4703, 3.2482
31.1, 18.5925, 3.25127
31.125, 18.7084, 3.26776
31.15, 18.8246, 3.27147
31.175, 18.9453, 3.27275
31.2, 19.0622, 3.27288
31.225, 19.1781, 3.27313
31.25, 19.2818, 3.27313
31.275, 19.3781, 3.2739
31.3, 19.4875, 3.2739
31.325, 19.6011, 3.2739
31.35, 19.7191, 3.2739
31.375, 19.8353, 3.27377
31.4, 19.9555, 3.27339
31.425, 20.0731, 3.273
31.45, 20.1444, 3.27275
31.475, 20.1951, 3.27211
31.5, 20.2311, 3.2716
31.525, 20.2614, 3.27083
31.55, 20.3115, 3.2693
31.575, 20.3734, 3.26048
31.6, 20.4773, 3.25715
31.625, 20.5959, 3.23683
31.65, 20.7214, 3.22583
31.675, 20.8461, 3.19937
31.7, 20.8948, 3.18889
31.725, 20.8999, 3.1871
31.75, 20.8508, 3.18659
31.775, 20.7825, 3.18646
31.8, 20.7225, 3.18646
31.825, 20.6865, 3.18659
31.85, 20.7355, 3.18672
31.875, 20.8108, 3.18659
31.9, 20.9176, 3.18429
31.925, 21.0329, 3.17291
31.95, 21.0957, 3.15796
31.975, 21.1262, 3.13955
32, 21.1104, 3.13469
32.025, 21.0725, 3.13431
32.05, 21, 3.13443
32.075, 20.9185, 3.13456
32.1, 20.9056, 3.13507
32.125, 20.9182, 3.13507
32.15, 20.937, 3.13482
32.175, 20.9585, 3.13456
32.2, 20.9792, 3.13213
32.225, 20.9936, 3.12255
32.25, 20.9758, 3.11296
32.275, 20.9437, 3.09698
32.3, 20.9183, 3.09583
32.325, 20.8932, 3.09366
32.35, 20.8777, 3.09289
32.375, 20.8672, 3.08765
32.4, 20.8859, 3.08637
32.425, 20.911, 3.07627
32.45, 20.9219, 3.06502
32.475, 20.923, 3.06093
32.5, 20.9136, 3.05454
32.525, 20.8896, 3.04482
32.55, 20.8455, 3.04406
32.575, 20.7961, 3.04418
32.6, 20.7573, 3.04418
32.625, 20.7207, 3.04431
32.65, 20.7027, 3.04444
32.675, 20.6936, 3.04444
32.7, 20.6793, 3.04444
32.725, 20.6627, 3.04444
32.75, 20.6541, 3.04431
32.775, 20.6497, 3.04112
32.8, 20.6462, 3.04022
32.825, 20.6404, 3.03984
32.85, 20.6197, 3.03984
32.875, 20.5949, 3.03856
32.9, 20.5577, 3.0383
32.925, 20.5167, 3.03779
32.95, 20.4814, 3.03728
32.975, 20.4488, 3.03242
33, 20.4639, 3.03115
33.025, 20.4986, 3.01555
33.05, 20.5561, 3.00596
33.075, 20.6208, 2.98474
33.1, 20.6453, 2.97464
33.125, 20.6501, 2.97081
33.15, 20.6011, 2.9657
33.175, 20.5273, 2.96493
33.2, 20.427, 2.96506
33.225, 20.3286, 2.96518
33.25, 20.3145, 2.96582
33.275, 20.3353, 2.9657
33.3, 20.4054, 2.96467
33.325, 20.4908, 2.95023
33.35, 20.5416, 2.93911
33.375, 20.5697, 2.93399
33.4, 20.5141, 2.92377
33.425, 20.4247, 2.92262
33.45, 20.3024, 2.92274
33.475, 20.1802, 2.9253
33.5, 20.1067, 2.9276
33.525, 20.0587, 2.92811
33.55, 20.0647, 2.93041
33.575, 20.0912, 2.93157
33.6, 20.1239, 2.93169
33.625, 20.1447, 2.93169
33.65, 20.0941, 2.93169
33.675, 20.0205, 2.93233
33.7, 19.9243, 2.93284
33.725, 19.8224, 2.94512
33.75, 19.7519, 2.95266
33.775, 19.6974, 2.97145
33.8, 19.6663, 2.97848
33.825, 19.6515, 2.98756
33.85, 19.6597, 2.98794
33.875, 19.6749, 2.98909
33.9, 19.6847, 2.98935
33.925, 19.6912, 2.99011
33.95, 19.6966, 2.99574
33.975, 19.7013, 3.00366
34, 19.6968, 3.00443
34.025, 19.6914, 3.00494
34.05, 19.7046, 3.00507
34.075, 19.7237, 3.00532
34.1, 19.7314, 3.00558
34.125, 19.7345, 3.01044
34.15, 19.7431, 3.01376
34.175, 19.7553, 3.019
34.2, 19.759, 3.01913
34.225, 19.7584, 3.0199
34.25, 19.77, 3.02002
34.275, 19.7803, 3.02066
34.3, 19.7746, 3.02501
34.325, 19.7639, 3.0268
34.35, 19.755, 3.02795
34.375, 19.7477, 3.03319
34.4, 19.7674, 3.03357
34.425, 19.7956, 3.03383
34.45, 19.8457, 3.03383
34.475, 19.9029, 3.03383
34.5, 19.9597, 3.03383
34.525, 20.0041, 3.03357
34.55, 19.9951, 3.03345
34.575, 19.9669, 3.03345
34.6, 19.9201, 3.03345
34.625, 19.869, 3.0337
34.65, 19.8596, 3.0337
34.675, 19.873, 3.0337
34.7, 19.9411, 3.03383
34.725, 20.0263, 3.0337
34.75, 20.1206, 3.03332
34.775, 20.2153, 3.01491
34.8, 20.1944, 3.00417
34.825, 20.1363, 3.0029
34.85, 20.0506, 3.00302
34.875, 19.9521, 3.0052
34.9, 19.8607, 3.00558
34.925, 19.7925, 3.00673
34.95, 19.7999, 3.01172
34.975, 19.8283, 3.01223
35, 19.8772, 3.01235
35.025, 19.934, 3.01235
35.05, 19.9463, 3.01235
35.075, 19.9359, 3.01235
35.1, 19.8981, 3.01235
35.125, 19.8549, 3.01235
35.15, 19.812, 3.01248
35.175, 19.7734, 3.01351
35.2, 19.7663, 3.01376
35.225, 19.7729, 3.01645
35.25, 19.7883, 3.0167
35.275, 19.8073, 3.01683
35.3, 19.8219, 3.01696
35.325, 19.8349, 3.01734
35.35, 19.8345, 3.01734
35.375, 19.8276, 3.01798
35.4, 19.8271, 3.01824
35.425, 19.829, 3.01977
35.45, 19.8277, 3.02642
35.475, 19.8261, 3.02846
35.5, 19.8226, 3.03204
35.525, 19.8263, 3.03894
35.55, 19.8346, 3.03933
35.575, 19.8442, 3.03946
35.6, 19.8644, 3.04099
35.625, 19.8864, 3.04099
35.65, 19.9063, 3.04086
35.675, 19.9317, 3.04112
35.7, 19.9594, 3.04112
35.725, 19.9873, 3.04112
35.75, 20.0158, 3.04112
35.775, 20.044, 3.04099
35.8, 20.0719, 3.04086
35.825, 20.1206, 3.04099
35.85, 20.175, 3.04086
35.875, 20.2277, 3.04073
35.9, 20.2725, 3.04009
35.925, 20.3031, 3.03933
35.95, 20.3178, 3.0323
35.975, 20.2712, 3.01555
36, 20.2064, 3.01504
36.025, 20.136, 3.01491
36.05, 20.1098, 3.01491
36.075, 20.1105, 3.01491
36.1, 20.1215, 3.01504
36.125, 20.166, 3.01478
36.15, 20.22, 3.01466
36.175, 20.2724, 3.00941
36.2, 20.2428, 2.98308
36.225, 20.1878, 2.98206
36.25, 20.1316, 2.98231
36.275, 20.0222, 2.9827
36.3, 19.9049, 2.98538
36.325, 19.8129, 2.98743
36.35, 19.8118, 3.00673
36.375, 19.8425, 3.00763
36.4, 19.8733, 3.00775
36.425, 19.9263, 3.00763
36.45, 19.9727, 3.0075
36.475, 20.0039, 3.00737
36.5, 19.985, 3.00724
36.525, 19.9532, 3.00737
36.55, 19.9236, 3.00737
36.575, 19.8898, 3.00737
36.6, 19.8593, 3.00763
36.625, 19.8348, 3.00763
36.65, 19.8263, 3.00763
36.675, 19.8225, 3.00763
36.7, 19.8186, 3.00763
36.725, 19.821, 3.00763
36.75, 19.8239, 3.00775
36.775, 19.8247, 3.00763
36.8, 19.8297, 3.00775
36.825, 19.8364, 3.00788
36.85, 19.843, 3.00788
36.875, 19.851, 3.00788
36.9, 19.8603, 3.00788
36.925, 19.87, 3.00801
36.95, 19.8803, 3.00814
36.975, 19.8917, 3.00826
37, 19.9043, 3.00814
37.025, 19.9178, 3.00826
37.05, 19.9315, 3.00839
37.075, 19.9449, 3.00852
37.1, 19.9553, 3.00878
37.125, 19.9636, 3.00878
37.15, 19.9712, 3.00878
37.175, 19.9781, 3.00878
37.2, 19.9842, 3.00878
37.225, 19.992, 3.00878
37.25, 20.0149, 3.00865
37.275, 20.0426, 3.00865
37.3, 20.07, 3.00839
37.325, 20.078, 3.00814
37.35, 20.074, 3.00826
37.375, 20.0633, 3.00826
37.4, 20.0195, 3.00826
37.425, 19.9666, 3.00826
37.45, 19.9153, 3.00852
37.475, 19.9295, 3.00865
37.5, 19.9699, 3.00865
37.525, 20.0159, 3.00865
37.55, 20.0945, 3.00852
37.575, 20.1809, 3.00788
37.6, 20.264, 3.00622
37.625, 20.218, 2.99113
37.65, 20.1303, 2.98973
37.675, 20.043, 2.98973
37.7, 19.9303, 2.98986
37.725, 19.831, 2.98986
37.75, 19.7565, 2.99037
37.775, 19.7825, 2.99216
37.8, 19.8401, 2.99254
37.825, 19.8975, 2.99241
37.85, 19.9208, 2.99229
37.875, 19.924, 2.99229
37.9, 19.9166, 2.99241
37.925, 19.8637, 2.99267
37.95, 19.7984, 2.99267
37.975, 19.736, 3.00187
38, 19.705, 3.01031
38.025, 19.6855, 3.01299
38.05, 19.6738, 3.01606
38.075, 19.7005, 3.01849
38.1, 19.7338, 3.01875
38.125, 19.7655, 3.01887
38.15, 19.7743, 3.01977
38.175, 19.7729, 3.01977
38.2, 19.7686, 3.02015
38.225, 19.7642, 3.02041
38.25, 19.7619, 3.02041
38.275, 19.7629, 3.02207
38.3, 19.7732, 3.02846
38.325, 19.7846, 3.02961
38.35, 19.7944, 3.03818
38.375, 19.8156, 3.0415
38.4, 19.8393, 3.04265
38.425, 19.8666, 3.0438
38.45, 19.9018, 3.04393
38.475, 19.9363, 3.04406
38.5, 19.969, 3.04406
38.525, 19.9933, 3.04431
38.55, 20.0127, 3.04431
38.575, 20.0295, 3.04444
38.6, 20.0444, 3.04431
38.625, 20.059, 3.04431
38.65, 20.0743, 3.04444
38.675, 20.0911, 3.04444
38.7, 20.1087, 3.04444
38.725, 20.1269, 3.04431
38.75, 20.1255, 3.04431
38.775, 20.115, 3.04431
38.8, 20.1011, 3.04444
38.825, 20.0704, 3.04444
38.85, 20.035, 3.04444
38.875, 20.0004, 3.04457
38.9, 20.0388, 3.04457
38.925, 20.1036, 3.04457
38.95, 20.1705, 3.04444
38.975, 20.2589, 3.04406
39, 20.351, 3.04316
39.025, 20.4391, 3.03396
39.05, 20.3967, 3.01824
39.075, 20.3094, 3.01785
39.1, 20.2176, 3.01798
39.125, 20.1239, 3.019
39.15, 20.05, 3.02028
39.175, 19.998, 3.02105
39.2, 20.0424, 3.02181
39.225, 20.1154, 3.02181
39.25, 20.1865, 3.02169
39.275, 20.2001, 3.0167
39.3, 20.1864, 3.01632
39.325, 20.1613, 3.01632
39.35, 20.0911, 3.01568
39.375, 20.0089, 3.01568
39.4, 19.9297, 3.01606
39.425, 19.9144, 3.01683
39.45, 19.9225, 3.01683
39.475, 19.9341, 3.01696
39.5, 19.9677, 3.01696
39.525, 20.0072, 3.01696
39.55, 20.0372, 3.01683
39.575, 20.0147, 3.0167
39.6, 19.9763, 3.0167
39.625, 19.938, 3.0167
39.65, 19.9113, 3.01683
39.675, 19.8929, 3.01683
39.7, 19.88, 3.01696
39.725, 19.8897, 3.01721
39.75, 19.9062, 3.01708
39.775, 19.9227, 3.01721
39.8, 19.9336, 3.01708
39.825, 19.9418, 3.01683
39.85, 19.9488, 3.01683
39.875, 19.9526, 3.01683
39.9, 19.955, 3.01683
39.925, 19.9572, 3.0167
39.95, 19.9689, 3.01632
39.975, 19.9834, 3.01632
40, 19.9978, 3.01619
40, 20.0112, 3.01581
40.025, 20.0223, 3.01632
40.05, 20.0306, 3.02079
40.075, 20.0269, 3.05198
40.1, 20.0219, 3.0654
40.125, 20.0124, 3.10184
40.15, 20.0052, 3.15399
40.175, 20.0095, 3.17585
40.2, 20.0106, 3.2064
40.225, 20.0379, 3.25818
40.25, 20.0753, 3.27479
40.275, 20.1109, 3.31302
40.3, 20.1912, 3.36594
40.325, 20.2979, 3.37527
40.35, 20.4102, 3.39202
40.375, 20.5535, 3.41707
40.4, 20.6831, 3.42231
40.425, 20.7957, 3.4333
40.45, 20.8333, 3.47153
40.475, 20.8428, 3.4838
40.5, 20.8431, 3.51972
40.525, 20.8898, 3.57699
40.55, 20.9643, 3.59386
40.575, 21.0408, 3.61892
40.6, 21.2072, 3.64551
40.625, 21.3972, 3.64985
40.65, 21.583, 3.65906
40.675, 21.6681, 3.66315
40.7, 21.7111, 3.67286
40.725, 21.7422, 3.69792
40.75, 21.7213, 3.74253
40.775, 21.6867, 3.75493
40.8, 21.6594, 3.78574
40.825, 21.7933, 3.84633
40.85, 21.9822, 3.85183
40.875, 22.1705, 3.85298
40.9, 22.4164, 3.85336
40.925, 22.6537, 3.85336
40.95, 22.8544, 3.85336
40.975, 22.9512, 3.85374
41, 23.0153, 3.85566
41.025, 23.0758, 3.86768
41.05, 23.1323, 3.89235
41.075, 23.1965, 3.90347
41.1, 23.2695, 3.91855
41.125, 23.3803, 3.94348
41.15, 23.4983, 3.94642
41.175, 23.6091, 3.95294
41.2, 23.736, 3.95345
41.225, 23.8607, 3.95345
41.25, 23.9775, 3.95345
41.275, 24.0901, 3.95345
41.3, 24.1987, 3.95345
41.325, 24.3069, 3.95358
41.35, 24.4342, 3.95358
41.375, 24.565, 3.95371
41.4, 24.6923, 3.95358
41.425, 24.8009, 3.95345
41.45, 24.8962, 3.95332
41.475, 24.983, 3.9532
41.5, 25.0424, 3.95115
41.525, 25.0908, 3.9509
41.55, 25.1363, 3.95064
41.575, 25.1882, 3.95013
41.6, 25.2408, 3.94962
41.625, 25.291, 3.94821
41.65, 25.3509, 3.94783
41.675, 25.4111, 3.9477
41.7, 25.4674, 3.93786
41.725, 25.5559, 3.93479
41.75, 25.6513, 3.93236
41.775, 25.7387, 3.9183
41.8, 25.8189, 3.89491
41.825, 25.8952, 3.88417
41.85, 25.9568, 3.8742
41.875, 25.9436, 3.85336
41.9, 25.9073, 3.85234
41.925, 25.8742, 3.85234
41.95, 25.884, 3.85246
41.975, 25.9141, 3.85234
42, 25.9546, 3.84876
42.025, 26.057, 3.83853
42.05, 26.1742, 3.83393
42.075, 26.2912, 3.81872
42.1, 26.2827, 3.77641
42.125, 26.2318, 3.77129
42.15, 26.1755, 3.7695
42.175, 26.0447, 3.76937
42.2, 25.9016, 3.76976
42.225, 25.7909, 3.77014
42.25, 25.7976, 3.77321
42.275, 25.8408, 3.77334
42.3, 25.886, 3.77334
42.325, 25.9301, 3.77295
42.35, 25.9573, 3.77283
42.375, 25.9652, 3.7672
42.4, 25.9129, 3.75902
42.425, 25.8428, 3.75544
42.45, 25.7757, 3.75519
42.475, 25.7407, 3.75519
42.5, 25.7219, 3.75519
42.525, 25.7119, 3.75519
42.55, 25.7236, 3.74867
42.575, 25.7399, 3.74253
42.6, 25.7561, 3.73754
42.625, 25.7271, 3.72745
42.65, 25.6793, 3.72732
42.675, 25.6328, 3.72706
42.7, 25.5796, 3.72732
42.725, 25.5303, 3.72732
42.75, 25.4901, 3.7277
42.775, 25.4869, 3.7277
42.8, 25.496, 3.7277
42.825, 25.5061, 3.7277
42.85, 25.5116, 3.72745
42.875, 25.5151, 3.72732
42.9, 25.5182, 3.72668
42.925, 25.5154, 3.70878
42.95, 25.507, 3.70495
42.975, 25.5005, 3.70124
43, 25.4587, 3.70035
43.025, 25.4053, 3.70035
43.05, 25.3516, 3.70035
43.075, 25.3108, 3.70035
43.1, 25.2724, 3.70035
43.125, 25.2325, 3.70047
43.15, 25.2258, 3.7006
43.175, 25.231, 3.7006
43.2, 25.2371, 3.7006
43.225, 25.2346, 3.70047
43.25, 25.2273, 3.70047
43.275, 25.2182, 3.70047
43.3, 25.188, 3.7006
43.325, 25.1514, 3.70047
43.35, 25.1159, 3.70086
43.375, 25.1481, 3.70098
43.4, 25.2051, 3.70098
43.425, 25.265, 3.70073
43.45, 25.3552, 3.69562
43.475, 25.4523, 3.69255
43.5, 25.5452, 3.67299
43.525, 25.5177, 3.63822
43.55, 25.4468, 3.6363
43.575, 25.3695, 3.63617
43.6, 25.2379, 3.6363
43.625, 25.1196, 3.63668
43.65, 25.0373, 3.6395
43.675, 25.0581, 3.64538
43.7, 25.1153, 3.64563
43.725, 25.1754, 3.64538
43.75, 25.1976, 3.64308
43.775, 25.1949, 3.64295
43.8, 25.1762, 3.64269
43.825, 25.1004, 3.64282
43.85, 25.0088, 3.64295
43.875, 24.9196, 3.6432
43.9, 24.8967, 3.6441
43.925, 24.9021, 3.64448
43.95, 24.9151, 3.64448
43.975, 24.9527, 3.64448
44, 24.9974, 3.64448
44.025, 25.0423, 3.64372
44.05, 25.0235, 3.64346
44.075, 24.9824, 3.64333
44.1, 24.9408, 3.64333
44.125, 24.8971, 3.64359
44.15, 24.855, 3.64372
44.175, 24.8164, 3.64372
44.2, 24.7914, 3.64397
44.225, 24.7709, 3.64423
44.25, 24.751, 3.64448
44.275, 24.7319, 3.64474
44.3, 24.7138, 3.64474
44.325, 24.6965, 3.64474
44.35, 24.6787, 3.64487
44.375, 24.6615, 3.64499
44.4, 24.6454, 3.64512
44.425, 24.6333, 3.64512
44.45, 24.6233, 3.64512
44.475, 24.6146, 3.64525
44.5, 24.6117, 3.64538
44.525, 24.6143, 3.64538
44.55, 24.6209, 3.64551
44.575, 24.6484, 3.64589
44.6, 24.6819, 3.64602
44.625, 24.7144, 3.64781
44.65, 24.7266, 3.64934
44.675, 24.7259, 3.6496
44.7, 24.7213, 3.6533
44.725, 24.6918, 3.65931
44.75, 24.6501, 3.66391
44.775, 24.6097, 3.67069
44.8, 24.6312, 3.6781
44.825, 24.6763, 3.68002
44.85, 24.7264, 3.68028
44.875, 24.7923, 3.68028
44.9, 24.8612, 3.68028
44.925, 24.9278, 3.68015
44.95, 24.8781, 3.68002
44.975, 24.7909, 3.68002
45, 24.704, 3.68015
45.025, 24.6322, 3.6813
45.05, 24.5831, 3.68219
45.075, 24.5555, 3.68334
45.1, 24.6252, 3.68552
45.125, 24.7245, 3.68577
45.15, 24.8221, 3.68577
45.175, 24.8315, 3.68552
45.2, 24.8037, 3.68564
45.225, 24.7669, 3.68564
45.25, 24.6803, 3.68577
45.275, 24.5803, 3.6859
45.3, 24.4836, 3.69498
45.325, 24.4632, 3.72195
45.35, 24.4792, 3.72604
45.375, 24.4924, 3.73256
45.4, 24.561, 3.73358
45.425, 24.6307, 3.73345
45.45, 24.6869, 3.73345
45.475, 24.6984, 3.73358
45.5, 24.6942, 3.73371
45.525, 24.6881, 3.73358
45.55, 24.6819, 3.73358
45.575, 24.6796, 3.73358
45.6, 24.6816, 3.73371
45.625, 24.6984, 3.73396
45.65, 24.719, 3.73409
45.675, 24.7389, 3.73422
45.7, 24.7447, 3.7346
45.725, 24.7438, 3.73537
45.75, 24.7403, 3.74291
45.775, 24.7305, 3.74496
45.8, 24.7185, 3.74521
45.825, 24.7098, 3.74534
45.85, 24.7396, 3.75135
45.875, 24.7801, 3.75161
45.9, 24.8161, 3.75237
45.925, 24.8671, 3.75263
45.95, 24.9199, 3.75276
45.975, 24.967, 3.75263
46, 25.0085, 3.75276
46.025, 25.0479, 3.75276
46.05, 25.0859, 3.75288
46.075, 25.0777, 3.7534
46.1, 25.0517, 3.75365
46.125, 25.0229, 3.76413
46.15, 24.9669, 3.79059
46.175, 24.8973, 3.79469
46.2, 24.8305, 3.80325
46.225, 24.8693, 3.81079
46.25, 24.9417, 3.81079
46.275, 25.0129, 3.81079
46.3, 25.1141, 3.81066
46.325, 25.2043, 3.81041
46.35, 25.271, 3.81028
46.375, 25.2502, 3.80542
46.4, 25.2025, 3.80517
46.425, 25.1536, 3.80363
46.45, 25.1436, 3.80325
46.475, 25.1603, 3.80312
46.5, 25.1929, 3.80261
46.525, 25.2944, 3.7897
46.55, 25.4178, 3.78088
46.575, 25.5417, 3.75173
46.6, 25.5601, 3.71543
46.625, 25.5342, 3.71211
46.65, 25.4908, 3.71108
46.675, 25.3728, 3.71019
46.7, 25.2396, 3.71032
46.725, 25.1142, 3.71083
46.75, 25.0805, 3.71159
46.775, 25.084, 3.71159
46.8, 25.0951, 3.71159
46.825, 25.1134, 3.71134
46.85, 25.1251, 3.71108
46.875, 25.127, 3.70789
46.9, 25.1006, 3.6983
46.925, 25.0636, 3.69817
46.95, 25.0376, 3.69792
46.975, 24.9949, 3.69792
47, 24.9489, 3.69753
47.025, 24.9544, 3.69753
47.05, 24.9782, 3.69625
47.075, 25.0054, 3.69344
47.1, 25.035, 3.69331
47.125, 25.0625, 3.69216
47.15, 25.0835, 3.68155
47.175, 25.0824, 3.67951
47.2, 25.0805, 3.67606
47.225, 25.0746, 3.67286
47.25, 25.0582, 3.66852
47.275, 25.0489, 3.66749
47.3, 25.0406, 3.66327
47.325, 25.0204, 3.66212
47.35, 24.9927, 3.662
47.375, 24.986, 3.662
47.4, 24.9889, 3.662
47.425, 24.9939, 3.66148
47.45, 24.9998, 3.66008
47.475, 25.0064, 3.65957
47.5, 25.0132, 3.65612
47.525, 24.9968, 3.65509
47.55, 24.9676, 3.64768
47.575, 24.942, 3.64512
47.6, 24.9179, 3.64474
47.625, 24.8953, 3.64397
47.65, 24.8796, 3.6409
47.675, 24.908, 3.64065
47.7, 24.9563, 3.64065
47.725, 25.0011, 3.6395
47.75, 25.0428, 3.63886
47.775, 25.0269, 3.63029
47.8, 24.9868, 3.62902
47.825, 24.9057, 3.62902
47.85, 24.8185, 3.62965
47.875, 24.7142, 3.63196
47.9, 24.6304, 3.63541
47.925, 24.6548, 3.6409
47.95, 24.7167, 3.64167
47.975, 24.8076, 3.64167
48, 24.9049, 3.64167
48.025, 24.9287, 3.64129
48.05, 24.9159, 3.64154
48.075, 24.8434, 3.64154
48.1, 24.7533, 3.64154
48.125, 24.6463, 3.6418
48.15, 24.5362, 3.64372
48.175, 24.5159, 3.65854
48.2, 24.5295, 3.66123
48.225, 24.56, 3.66225
48.25, 24.5915, 3.66404
48.275, 24.6343, 3.66417
48.3, 24.6703, 3.6643
48.325, 24.646, 3.66468
48.35, 24.604, 3.66609
48.375, 24.5547, 3.66749
48.4, 24.5039, 3.67248
48.425, 24.4867, 3.68526
48.45, 24.4849, 3.68667
48.475, 24.5071, 3.68795
48.5, 24.5377, 3.68807
48.525, 24.5738, 3.6882
48.55, 24.6029, 3.68833
48.575, 24.6094, 3.68833
48.6, 24.6105, 3.68833
48.625, 24.609, 3.68833
48.65, 24.6066, 3.68833
48.675, 24.6087, 3.68833
48.7, 24.613, 3.68833
48.725, 24.6249, 3.68833
48.75, 24.6392, 3.6882
48.775, 24.6499, 3.6882
48.8, 24.6603, 3.6882
48.825, 24.6816, 3.6882
48.85, 24.7043, 3.6882
48.875, 24.7244, 3.6882
48.9, 24.7447, 3.6882
48.925, 24.7531, 3.6882
48.95, 24.754, 3.6882
48.975, 24.7454, 3.6882
49, 24.7344, 3.68833
49.025, 24.7184, 3.68833
49.05, 24.7014, 3.68846
49.075, 24.7359, 3.68846
49.1, 24.7891, 3.68846
49.125, 24.854, 3.68846
49.15, 24.9217, 3.68833
49.175, 24.9593, 3.68833
49.2, 24.9758, 3.68833
49.225, 24.9394, 3.68833
49.25, 24.8854, 3.68833
49.275, 24.8168, 3.68846
49.3, 24.7455, 3.68858
49.325, 24.7523, 3.68922
49.35, 24.7912, 3.69319
49.375, 24.8725, 3.69587
49.4, 24.9639, 3.696
49.425, 25.0253, 3.696
49.45, 25.0606, 3.696
49.475, 25.0045, 3.696
49.5, 24.9171, 3.696
49.525, 24.8073, 3.69613
49.55, 24.6944, 3.69689
49.575, 24.646, 3.71274
49.6, 24.6278, 3.72399
49.625, 24.6456, 3.73486
49.65, 24.6783, 3.73818
49.675, 24.7555, 3.73831
49.7, 24.8303, 3.73831
49.725, 24.8258, 3.73831
49.75, 24.7949, 3.73844
49.775, 24.7483, 3.73869
49.8, 24.6968, 3.73972
49.825, 24.6659, 3.75161
49.85, 24.6475, 3.7626
49.875, 24.6484, 3.77756
49.9, 24.6603, 3.79059
49.925, 24.69, 3.79072
49.95, 24.7226, 3.79098
49.975, 24.7532, 3.79111
50, 24.7786, 3.79111
50, 24.7796, 3.79123
50.025, 24.774, 3.82754
50.05, 24.7851, 3.85374
50.075, 24.7899, 3.89465
50.1, 24.7942, 3.92367
50.125, 24.8096, 3.96521
50.15, 24.8497, 4.00024
50.175, 24.8944, 4.0414
50.2, 24.9623, 4.06121
50.225, 25.0317, 4.09547
50.25, 25.1291, 4.11682
50.275, 25.2297, 4.14124
50.3, 25.3151, 4.16846
50.325, 25.393, 4.1994
50.35, 25.4501, 4.2219
50.375, 25.5033, 4.25999
50.4, 25.5604, 4.27853
50.425, 25.6206, 4.31943
50.45, 25.7382, 4.33976
50.475, 25.8746, 4.373
50.5, 26.0399, 4.38361
50.525, 26.2126, 4.38923
50.55, 26.3977, 4.3923
50.575, 26.5821, 4.39332
50.6, 26.6761, 4.4015
50.625, 26.7362, 4.41211
50.65, 26.7748, 4.44202
50.675, 26.8003, 4.47858
50.7, 26.8657, 4.50863
50.725, 26.9571, 4.53087
50.75, 27.1609, 4.54135
50.775, 27.3986, 4.54148
50.8, 27.6552, 4.54161
50.825, 27.9144, 4.54161
50.85, 28.0483, 4.54161
50.875, 28.129, 4.54161
50.9, 28.1557, 4.54161
50.925, 28.1638, 4.5517
50.95, 28.1981, 4.56474
50.975, 28.2536, 4.5953
51, 28.3551, 4.59875
51.025, 28.4774, 4.60642
51.05, 28.6467, 4.60706
51.075, 28.8272, 4.60782
51.1, 28.9391, 4.60782
51.125, 29.0225, 4.60795
51.15, 29.0899, 4.60795
51.175, 29.1482, 4.60808
51.2, 29.1974, 4.60808
51.225, 29.2501, 4.61217
51.25, 29.3454, 4.62891
51.275, 29.4529, 4.63633
51.3, 29.5547, 4.63735
51.325, 29.6584, 4.63812
51.35, 29.7627, 4.63825
51.375, 29.8587, 4.6431
51.4, 29.9279, 4.64962
51.425, 29.9903, 4.65857
51.45, 30.0438, 4.65883
51.475, 30.0883, 4.65934
51.5, 30.1426, 4.65947
51.525, 30.2023, 4.65959
51.55, 30.2587, 4.65959
51.575, 30.3105, 4.65959
51.6, 30.3618, 4.65959
51.625, 30.4107, 4.65959
51.65, 30.4467, 4.65959
51.675, 30.4769, 4.65972
51.7, 30.5163, 4.65972
51.725, 30.5586, 4.65959
51.75, 30.5856, 4.65959
51.775, 30.6056, 4.65959
51.8, 30.6306, 4.65959
51.825, 30.6565, 4.65959
51.85, 30.6939, 4.65959
51.875, 30.7418, 4.65947
51.9, 30.837, 4.65947
51.925, 30.9441, 4.65883
51.95, 31.0514, 4.65205
51.975, 31.1563, 4.62661
52, 31.1966, 4.61485
52.025, 31.2102, 4.59517
52.05, 31.1645, 4.58481
52.075, 31.1005, 4.58456
52.1, 31.0331, 4.58469
52.125, 30.9792, 4.58481
52.15, 31.0153, 4.58481
52.175, 31.0851, 4.58456
52.2, 31.1879, 4.57919
52.225, 31.2971, 4.55286
52.25, 31.3321, 4.53138
52.275, 31.3372, 4.52218
52.3, 31.269, 4.51348
52.325, 31.1705, 4.51284
52.35, 31.0694, 4.51284
52.375, 30.9719, 4.51336
52.4, 30.9566, 4.51348
52.425, 30.9738, 4.51348
52.45, 31.0402, 4.51336
52.475, 31.1229, 4.5053
52.5, 31.1528, 4.48983
52.525, 31.1527, 4.47846
52.55, 31.1083, 4.46606
52.575, 31.0458, 4.4644
52.6, 30.9459, 4.4644
52.625, 30.8383, 4.46478
52.65, 30.7848, 4.46503
52.675, 30.7565, 4.46529
52.7, 30.7506, 4.46542
52.725, 30.7521, 4.4658
52.75, 30.765, 4.4658
52.775, 30.7775, 4.46542
52.8, 30.7671, 4.46503
52.825, 30.7505, 4.46312
52.85, 30.7331, 4.46222
52.875, 30.714, 4.46094
52.9, 30.7078, 4.46094
52.925, 30.7085, 4.45826
52.95, 30.7185, 4.45379
52.975, 30.7293, 4.44292
53, 30.7501, 4.44151
53.025, 30.772, 4.42387
53.05, 30.7604, 4.41403
53.075, 30.7397, 4.41186
53.1, 30.7309, 4.4116
53.125, 30.7252, 4.4116
53.15, 30.6928, 4.4116
53.175, 30.6564, 4.41147
53.2, 30.6134, 4.41109
53.225, 30.5668, 4.41045
53.25, 30.5256, 4.41032
53.275, 30.4893, 4.41007
53.3, 30.4967, 4.40828
53.325, 30.5202, 4.4061
53.35, 30.5635, 4.40316
53.375, 30.6122, 4.38079
53.4, 30.6262, 4.36635
53.425, 30.6233, 4.35459
53.45, 30.5563, 4.35101
53.475, 30.4703, 4.35088
53.5, 30.3559, 4.35088
53.525, 30.2373, 4.35139
53.55, 30.2203, 4.35139
53.575, 30.2439, 4.35126
53.6, 30.312, 4.35126
53.625, 30.3942, 4.34666
53.65, 30.4504, 4.33068
53.675, 30.4753, 4.31995
53.7, 30.415, 4.30691
53.725, 30.3198, 4.3064
53.75, 30.1829, 4.3064
53.775, 30.0327, 4.31023
53.8, 29.959, 4.31164
53.825, 29.9228, 4.31215
53.85, 29.9416, 4.31228
53.875, 29.9804, 4.31291
53.9, 30.0432, 4.31291
53.925, 30.0939, 4.31291
53.95, 30.0367, 4.31291
53.975, 29.9448, 4.3133
54, 29.8356, 4.31496
54.025, 29.7233, 4.32595
54.05, 29.6448, 4.33874
54.075, 29.5849, 4.34973
54.1, 29.5659, 4.35523
54.125, 29.5645, 4.35714
54.15, 29.5898, 4.36315
54.175, 29.6212, 4.36379
54.2, 29.619, 4.36456
54.225, 29.6049, 4.36584
54.25, 29.588, 4.36609
54.275, 29.5677, 4.3666
54.3, 29.5448, 4.36686
54.325, 29.5262, 4.37594
54.35, 29.5208, 4.37939
54.375, 29.5134, 4.3822
54.4, 29.5118, 4.38501
54.425, 29.5175, 4.39294
54.45, 29.5274, 4.39358
54.475, 29.5374, 4.39869
54.5, 29.5622, 4.39895
54.525, 29.5949, 4.39895
54.55, 29.616, 4.39895
54.575, 29.6271, 4.3992
54.6, 29.6235, 4.39946
54.625, 29.6146, 4.40176
54.65, 29.596, 4.40828
54.675, 29.5767, 4.4263
54.7, 29.5875, 4.43218
54.725, 29.6119, 4.43934
54.75, 29.6734, 4.44024
54.775, 29.7473, 4.44036
54.8, 29.8226, 4.44024
54.825, 29.8843, 4.44011
54.85, 29.8823, 4.43998
54.875, 29.8576, 4.43998
54.9, 29.8145, 4.43998
54.925, 29.7664, 4.44011
54.95, 29.7632, 4.44011
54.975, 29.7856, 4.44024
55, 29.8629, 4.44024
55.025, 29.9557, 4.44011
55.05, 30.0615, 4.43998
55.075, 30.1685, 4.43819
55.1, 30.1574, 4.4332
55.125, 30.1009, 4.42899
55.15, 30.0142, 4.4286
55.175, 29.9196, 4.4286
55.2, 29.841, 4.42886
55.225, 29.782, 4.42886
55.25, 29.8101, 4.42899
55.275, 29.8666, 4.42899
55.3, 29.9423, 4.42899
55.325, 30.0231, 4.42796
55.35, 30.041, 4.42196
55.375, 30.0311, 4.42004
55.4, 29.9845, 4.41774
55.425, 29.929, 4.4171
55.45, 29.8746, 4.4171
55.475, 29.8266, 4.41735
55.5, 29.8209, 4.41748
55.525, 29.8311, 4.41761
55.55, 29.8587, 4.41774
55.575, 29.8912, 4.41774
55.6, 29.9058, 4.41761
55.625, 29.9125, 4.41774
55.65, 29.9009, 4.41761
55.675, 29.8828, 4.41774
55.7, 29.8655, 4.41761
55.725, 29.8495, 4.41761
55.75, 29.8532, 4.41761
55.775, 29.8646, 4.41774
55.8, 29.8842, 4.41761
55.825, 29.9054, 4.41723
55.85, 29.926, 4.41723
55.875, 29.9468, 4.4171
55.9, 29.9681, 4.41697
55.925, 29.9886, 4.41007
55.95, 30.006, 4.40598
55.975, 30.0233, 4.3937
56, 30.0343, 4.3923
56.025, 30.0377, 4.38949
56.05, 30.0353, 4.38846
56.075, 30.0331, 4.37836
56.1, 30.0465, 4.37632
56.125, 30.0687, 4.37581
56.15, 30.1187, 4.37568
56.175, 30.1717, 4.37363
56.2, 30.2396, 4.36251
56.225, 30.3118, 4.34973
56.25, 30.313, 4.3372
56.275, 30.2868, 4.33592
56.3, 30.2072, 4.33592
56.325, 30.1094, 4.33631
56.35, 30.0229, 4.33656
56.375, 29.9587, 4.33746
56.4, 29.9761, 4.33759
56.425, 30.0216, 4.33759
56.45, 30.0932, 4.33746
56.475, 30.1719, 4.33554
56.5, 30.1751, 4.3335
56.525, 30.1411, 4.32749
56.55, 30.0365, 4.32659
56.575, 29.914, 4.32672
56.6, 29.7708, 4.32698
56.625, 29.6487, 4.33426
56.65, 29.6502, 4.33669
56.675, 29.6951, 4.3381
56.7, 29.7688, 4.3381
56.725, 29.8528, 4.3381
56.75, 29.9018, 4.33771
56.775, 29.9257, 4.33771
56.8, 29.8879, 4.33771
56.825, 29.8308, 4.33797
56.85, 29.7576, 4.33797
56.875, 29.6803, 4.3381
56.9, 29.6385, 4.33835
56.925, 29.6137, 4.34244
56.95, 29.6107, 4.345
56.975, 29.6148, 4.35472
57, 29.6193, 4.35523
57.025, 29.6241, 4.35778
57.05, 29.6192, 4.36239
57.075, 29.6133, 4.36366
57.1, 29.5972, 4.36737
57.125, 29.5791, 4.37069
57.15, 29.5591, 4.37236
57.175, 29.5392, 4.38194
57.2, 29.5275, 4.39076
57.225, 29.5196, 4.40265
57.25, 29.5053, 4.40342
57.275, 29.4961, 4.40559
57.3, 29.5129, 4.40879
57.325, 29.5356, 4.42029
57.35, 29.5516, 4.42847
57.375, 29.566, 4.43423
57.4, 29.5853, 4.4364
57.425, 29.6052, 4.44305
57.45, 29.6173, 4.44369
57.475, 29.6245, 4.44509
57.5, 29.6384, 4.44535
57.525, 29.6566, 4.44535
57.55, 29.7013, 4.44548
57.575, 29.7543, 4.4456
57.6, 29.8262, 4.4456
57.625, 29.9022, 4.4456
57.65, 29.9355, 4.4456
57.675, 29.9429, 4.44548
57.7, 29.8855, 4.44548
57.725, 29.8074, 4.4456
57.75, 29.7151, 4.4456
57.775, 29.6213, 4.44842
57.8, 29.6293, 4.46005
57.825, 29.6795, 4.46235
57.85, 29.7693, 4.46401
57.875, 29.8733, 4.46401
57.9, 29.9858, 4.46388
57.925, 30.0732, 4.46312
57.95, 30.0381, 4.46209
57.975, 29.9644, 4.46197
58, 29.8636, 4.46209
58.025, 29.7551, 4.46222
58.05, 29.7344, 4.46235
58.075, 29.7545, 4.46222
58.1, 29.8335, 4.46235
58.125, 29.9295, 4.46197
58.15, 30.0397, 4.46133
58.175, 30.1358, 4.45583
58.2, 30.1441, 4.44957
58.225, 30.1226, 4.4488
58.25, 30.0728, 4.44637
58.275, 30.0102, 4.44599
58.3, 29.9763, 4.44599
58.325, 29.9585, 4.44624
58.35, 29.9707, 4.44637
58.375, 29.9937, 4.44624
58.4, 30.0275, 4.44624
58.425, 30.0643, 4.44599
58.45, 30.0832, 4.44484
58.475, 30.0938, 4.44151
58.5, 30.0972, 4.43755
58.525, 30.0987, 4.43717
58.55, 30.1105, 4.43678
58.575, 30.124, 4.43678
58.6, 30.1405, 4.43576
58.625, 30.1601, 4.4309
58.65, 30.1771, 4.42426
58.675, 30.1912, 4.4171
58.7, 30.2051, 4.41454
58.725, 30.2218, 4.41313
58.75, 30.2222, 4.41211
58.775, 30.218, 4.41211
58.8, 30.2123, 4.41186
58.825, 30.2012, 4.40393
58.85, 30.1684, 4.40342
58.875, 30.1315, 4.40329
58.9, 30.0932, 4.40329
58.925, 30.054, 4.40316
58.95, 30.0544, 4.40316
58.975, 30.074, 4.40291
59, 30.1212, 4.40278
59.025, 30.1756, 4.40201
59.05, 30.2389, 4.39562
59.075, 30.2903, 4.38412
59.1, 30.2764, 4.37658
59.125, 30.2369, 4.37517
59.15, 30.1728, 4.37491
59.175, 30.0995, 4.37491
59.2, 30.0753, 4.37491
59.225, 30.0814, 4.37517
59.25, 30.1529, 4.37517
59.275, 30.244, 4.37121
59.3, 30.3477, 4.3629
59.325, 30.4513, 4.33835
59.35, 30.4194, 4.32007
59.375, 30.3444, 4.31585
59.4, 30.2163, 4.31573
59.425, 30.0669, 4.31662
59.45, 29.9477, 4.31675
59.475, 29.8621, 4.31764
59.5, 29.8629, 4.31841
59.525, 29.8912, 4.31892
59.55, 29.9454, 4.31918
59.575, 30.0082, 4.31905
59.6, 29.9975, 4.31892
59.625, 29.9551, 4.31905
59.65, 29.8815, 4.31905
59.675, 29.8003, 4.31918
59.7, 29.718, 4.31931
59.725, 29.6454, 4.32263
59.75, 29.6255, 4.32774
59.775, 29.6258, 4.33439
59.8, 29.6371, 4.33567
59.825, 29.656, 4.34002
59.85, 29.6684, 4.34104
59.875, 29.6689, 4.34551
59.9, 29.6459, 4.34628
59.925, 29.6174, 4.34641
59.95, 29.5913, 4.35395
59.975, 29.569, 4.36737
60, 29.5479, 4.37338
60, 29.5308, 4.37415
60.025, 29.5435, 4.37402
60.05, 29.563, 4.36814
60.075, 29.5644, 4.35165
60.1, 29.5591, 4.30729
60.125, 29.5744, 4.28479
60.15, 29.592, 4.24197
60.175, 29.5685, 4.21193
60.2, 29.5291, 4.16207
60.225, 29.4842, 4.13408
60.25, 29.4378, 4.09892
60.275, 29.3508, 4.07093
60.3, 29.2542, 4.05214
60.325, 29.202, 4.03641
60.35, 29.1756, 3.995
60.375, 29.159, 3.97084
60.4, 29.1511, 3.93198
60.425, 29.1567, 3.89912
60.45, 29.1664, 3.85694
60.475, 29.1057, 3.81821
60.5, 29.0194, 3.79187
60.525, 28.8893, 3.77756
60.55, 28.7386, 3.75889
60.575, 28.5847, 3.75046
60.6, 28.4579, 3.73243
60.625, 28.4031, 3.71671
60.65, 28.3707, 3.68079
60.675, 28.3667, 3.65215
60.7, 28.3718, 3.60511
60.725, 28.2972, 3.57456
60.75, 28.1816, 3.55653
60.775, 27.9802, 3.54465
60.8, 27.7622, 3.53225
60.825, 27.5123, 3.52956
60.85, 27.284, 3.52918
60.875, 27.1396, 3.52918
60.9, 27.0316, 3.52394
60.925, 26.9624, 3.51614
60.95, 26.9118, 3.48175
60.975, 26.8331, 3.46948
61, 26.7406, 3.46117
61.025, 26.5901, 3.45261
61.05, 26.4173, 3.45146
61.075, 26.2515, 3.45146
61.1, 26.0984, 3.45082
61.125, 25.9552, 3.45043
61.15, 25.8227, 3.45043
61.175, 25.7293, 3.44724
61.2, 25.6515, 3.44545
61.225, 25.5712, 3.44264
61.25, 25.4867, 3.43803
61.275, 25.3982, 3.43688
61.3, 25.3164, 3.43548
61.325, 25.2279, 3.43484
61.35, 25.1404, 3.43497
61.375, 25.0656, 3.43484
61.4, 24.9966, 3.43484
61.425, 24.9225, 3.43471
61.45, 24.8489, 3.43471
61.475, 24.7882, 3.43484
61.5, 24.733, 3.43497
61.525, 24.6662, 3.43497
61.55, 24.5981, 3.43586
61.575, 24.5359, 3.43586
61.6, 24.4761, 3.43586
61.625, 24.404, 3.43586
61.65, 24.3296, 3.43727
61.675, 24.247, 3.43791
61.7, 24.1644, 3.4434
61.725, 24.083, 3.45248
61.75, 24.0078, 3.46156
61.775, 23.9728, 3.46718
61.8, 23.9512, 3.4691
61.825, 23.9608, 3.47153
61.85, 23.9783, 3.47651
61.875, 23.9622, 3.47856
61.9, 23.9256, 3.48674
61.925, 23.8512, 3.48751
61.95, 23.7669, 3.50936
61.975, 23.6659, 3.51358
62, 23.554, 3.54401
62.025, 23.5628, 3.55577
62.05, 23.6133, 3.55653
62.075, 23.6859, 3.55679
62.1, 23.773, 3.55679
62.125, 23.8404, 3.55666
62.15, 23.8768, 3.55666
62.175, 23.822, 3.55666
62.2, 23.7399, 3.55705
62.225, 23.6275, 3.5683
62.25, 23.5074, 3.61368
62.275, 23.46, 3.62786
62.3, 23.4433, 3.63937
62.325, 23.5162, 3.64269
62.35, 23.6176, 3.64269
62.375, 23.72, 3.64257
62.4, 23.7992, 3.64269
62.425, 23.8173, 3.64269
62.45, 23.8143, 3.6432
62.475, 23.773, 3.64845
62.5, 23.7195, 3.67299
62.525, 23.695, 3.68488
62.55, 23.6872, 3.68795
62.575, 23.7367, 3.68999
62.6, 23.8069, 3.69025
62.625, 23.8775, 3.69037
62.65, 23.9425, 3.69255
62.675, 23.9938, 3.69268
62.7, 24.0424, 3.6928
62.725, 24.0815, 3.69293
62.75, 24.1161, 3.69421
62.775, 24.1449, 3.69498
62.8, 24.1721, 3.70303
62.825, 24.206, 3.70456
62.85, 24.2412, 3.70533
62.875, 24.2741, 3.70802
62.9, 24.311, 3.71032
62.925, 24.3359, 3.71159
62.95, 24.353, 3.71287
62.975, 24.385, 3.71326
63, 24.4223, 3.71326
63.025, 24.4414, 3.71313
63.05, 24.4522, 3.71326
63.075, 24.4615, 3.71326
63.1, 24.4694, 3.71313
63.125, 24.4654, 3.71313
63.15, 24.4586, 3.71313
63.175, 24.4784, 3.71313
63.2, 24.5076, 3.71313
63.225, 24.5492, 3.71313
63.25, 24.5946, 3.71326
63.275, 24.6442, 3.71326
63.3, 24.6829, 3.71313
63.325, 24.6643, 3.71326
63.35, 24.6265, 3.71326
63.375, 24.5771, 3.71326
63.4, 24.5253, 3.71338
63.425, 24.5327, 3.71364
63.45, 24.5698, 3.71364
63.475, 24.6662, 3.71364
63.5, 24.7795, 3.71364
63.525, 24.9045, 3.71364
63.55, 25.0297, 3.71172
63.575, 25.0427, 3.70814
63.6, 25.0121, 3.70763
63.625, 24.9329, 3.70763
63.65, 24.8391, 3.70776
63.675, 24.7757, 3.70814
63.7, 24.7385, 3.70853
63.725, 24.7747, 3.70904
63.75, 24.8344, 3.70942
63.775, 24.9124, 3.70955
63.8, 24.9947, 3.70955
63.825, 25.0107, 3.70942
63.85, 24.9972, 3.70942
63.875, 24.9424, 3.70955
63.9, 24.8756, 3.70955
63.925, 24.8129, 3.70993
63.95, 24.7655, 3.71274
63.975, 24.7867, 3.71326
64, 24.8332, 3.71326
64.025, 24.9, 3.71313
64.05, 24.9717, 3.71262
64.075, 24.9981, 3.71185
64.1, 25.0025, 3.71057
64.125, 24.9734, 3.71032
64.15, 24.9346, 3.71044
64.175, 24.8845, 3.71044
64.2, 24.8322, 3.71083
64.225, 24.8051, 3.71083
64.25, 24.7886, 3.71083
64.275, 24.7809, 3.71083
64.3, 24.7768, 3.71108
64.325, 24.7763, 3.71134
64.35, 24.7762, 3.71211
64.375, 24.7719, 3.71223
64.4, 24.7672, 3.71287
64.425, 24.7662, 3.71313
64.45, 24.7668, 3.71326
64.475, 24.7751, 3.71377
64.5, 24.7867, 3.71607
64.525, 24.8025, 3.72387
64.55, 24.8193, 3.72425
64.575, 24.834, 3.72476
64.6, 24.8486, 3.72604
64.625, 24.8808, 3.72617
64.65, 24.9151, 3.72617
64.675, 24.9463, 3.72617
64.7, 24.9769, 3.72617
64.725, 24.9773, 3.72617
64.75, 24.9641, 3.72617
64.775, 24.937, 3.72617
64.8, 24.9069, 3.7263
64.825, 24.875, 3.7263
64.85, 24.8531, 3.7277
64.875, 24.8872, 3.72924
64.9, 24.9406, 3.73013
64.925, 25.0086, 3.73026
64.95, 25.0776, 3.73013
64.975, 25.0906, 3.73013
65, 25.0776, 3.73013
65.025, 25.0137, 3.73013
65.05, 24.9344, 3.73077
65.075, 24.8511, 3.741
65.1, 24.7696, 3.75046
65.125, 24.7766, 3.76043
65.15, 24.8289, 3.76068
65.175, 24.9271, 3.76068
65.2, 25.0408, 3.76043
65.225, 25.1117, 3.7603
65.25, 25.1505, 3.75991
65.275, 25.1124, 3.75928
65.3, 25.0481, 3.75915
65.325, 24.9592, 3.75915
65.35, 24.865, 3.75928
65.375, 24.8539, 3.75966
65.4, 24.8763, 3.75979
65.425, 24.9293, 3.75979
65.45, 24.9908, 3.75966
65.475, 25.0443, 3.75966
65.5, 25.0841, 3.7594
65.525, 25.0717, 3.75928
65.55, 25.0413, 3.75928
65.575, 25.0009, 3.75928
65.6, 24.9574, 3.75953
65.625, 24.9523, 3.75966
65.65, 24.9647, 3.75966
65.675, 25.0049, 3.75966
65.7, 25.0535, 3.75966
65.725, 25.1071, 3.75953
65.75, 25.156, 3.75953
65.775, 25.1768, 3.7594
65.8, 25.1872, 3.7594
65.825, 25.1882, 3.7594
65.85, 25.1863, 3.7594
65.875, 25.1919, 3.7594
65.9, 25.2011, 3.7594
65.925, 25.2187, 3.7594
65.95, 25.2398, 3.75928
65.975, 25.2621, 3.75915
66, 25.2843, 3.75506
66.025, 25.3037, 3.74777
66.05, 25.3216, 3.73537
66.075, 25.347, 3.73192
66.1, 25.3703, 3.72438
66.125, 25.3674, 3.72016
66.15, 25.3531, 3.70929
66.175, 25.3439, 3.70431
66.2, 25.3324, 3.69971
66.225, 25.3065, 3.69856
66.25, 25.2745, 3.69779
66.275, 25.2857, 3.69728
66.3, 25.3117, 3.69625
66.325, 25.3506, 3.69357
66.35, 25.3939, 3.6914
66.375, 25.4206, 3.68884
66.4, 25.4249, 3.67452
66.425, 25.3685, 3.67069
66.45, 25.294, 3.66992
66.475, 25.1931, 3.67005
66.5, 25.0843, 3.67491
66.525, 25.0583, 3.67797
66.55, 25.0733, 3.67938
66.575, 25.137, 3.67938
66.6, 25.2159, 3.67938
66.625, 25.3124, 3.67913
66.65, 25.3899, 3.66596
66.675, 25.3392, 3.65906
66.7, 25.2509, 3.65893
66.725, 25.1386, 3.65906
66.75, 25.0119, 3.66033
66.775, 24.9287, 3.66136
66.8, 24.8758, 3.66941
66.825, 24.8807, 3.67785
66.85, 24.9051, 3.67836
66.875, 24.941, 3.67836
66.9, 24.9867, 3.67836
66.925, 24.9757, 3.67823
66.95, 24.9382, 3.67836
66.975, 24.8825, 3.67836
67, 24.8257, 3.67861
67.025, 24.7811, 3.67964
67.05, 24.7441, 3.68961
67.075, 24.7436, 3.69574
67.1, 24.7556, 3.696
67.125, 24.7793, 3.69625
67.15, 24.8097, 3.69625
67.175, 24.8285, 3.69638
67.2, 24.8391, 3.69638
67.225, 24.8376, 3.69625
67.25, 24.8332, 3.69638
67.275, 24.8288, 3.69651
67.3, 24.8256, 3.69651
67.325, 24.8295, 3.69651
67.35, 24.8368, 3.69651
67.375, 24.8494, 3.69664
67.4, 24.862, 3.69677
67.425, 24.8736, 3.69702
67.45, 24.8858, 3.69715
67.475, 24.8977, 3.69741
67.5, 24.9083, 3.69753
67.525, 24.9214, 3.69766
67.55, 24.9361, 3.69753
67.575, 24.9358, 3.69753
67.6, 24.9299, 3.69753
67.625, 24.9236, 3.69753
67.65, 24.9172, 3.69753
67.675, 24.9265, 3.69753
67.7, 24.9432, 3.69753
67.725, 24.9752, 3.69753
67.75, 25.0113, 3.69677
67.775, 25.0503, 3.69664
67.8, 25.0892, 3.68935
67.825, 25.0532, 3.68654
67.85, 24.9865, 3.68641
67.875, 24.8972, 3.6868
67.9, 24.7984, 3.68731
67.925, 24.7296, 3.68935
67.95, 24.6878, 3.69753
67.975, 24.7236, 3.70239
68, 24.7843, 3.70405
68.025, 24.8762, 3.70431
68.05, 24.9799, 3.70418
68.075, 24.9926, 3.70418
68.1, 24.9656, 3.70418
68.125, 24.8987, 3.70431
68.15, 24.8216, 3.70495
68.175, 24.7479, 3.70993
68.2, 24.6902, 3.72425
68.225, 24.7126, 3.72847
68.25, 24.7611, 3.72924
68.275, 24.8594, 3.72924
68.3, 24.9712, 3.72911
68.325, 25.0063, 3.72898
68.35, 25.0081, 3.72898
68.375, 24.9764, 3.72898
68.4, 24.9332, 3.72898
68.425, 24.8709, 3.72911
68.45, 24.8046, 3.72911
68.475, 24.7973, 3.72936
68.5, 24.8127, 3.72936
68.525, 24.8422, 3.72936
68.55, 24.8752, 3.72936
68.575, 24.9081, 3.72936
68.6, 24.9388, 3.72924
68.625, 24.9529, 3.72924
68.65, 24.9612, 3.72911
68.675, 24.9712, 3.72911
68.7, 24.9806, 3.72911
68.725, 24.9897, 3.72911
68.75, 25.0004, 3.72911
68.775, 25.0166, 3.72898
68.8, 25.0334, 3.72898
68.825, 25.0457, 3.72898
68.85, 25.0547, 3.72885
68.875, 25.0528, 3.72821
68.9, 25.0467, 3.7277
68.925, 25.0413, 3.72693
68.95, 25.0371, 3.72514
68.975, 25.0274, 3.72041
69, 25.0152, 3.71939
69.025, 25.0095, 3.71939
69.05, 25.0036, 3.71837
69.075, 24.9963, 3.71671
69.1, 24.9954, 3.7162
69.125, 25.0271, 3.71479
69.15, 25.0647, 3.71159
69.175, 25.1069, 3.70942
69.2, 25.1535, 3.70252
69.225, 25.154, 3.68884
69.25, 25.1367, 3.68028
69.275, 25.0786, 3.68002
69.3, 25.0121, 3.68015
69.325, 24.9235, 3.68104
69.35, 24.8314, 3.68283
69.375, 24.8579, 3.68718
69.4, 24.9263, 3.68718
69.425, 25.0153, 3.68705
69.45, 25.1142, 3.68232
69.475, 25.1753, 3.67107
69.5, 25.2083, 3.66008
69.525, 25.15, 3.65228
69.55, 25.0567, 3.65241
69.575, 24.94, 3.65254
69.6, 24.8144, 3.65586
69.625, 24.793, 3.65714
69.65, 24.8151, 3.65714
69.675, 24.8771, 3.65701
69.7, 24.9536, 3.65688
69.725, 25.0159, 3.65599
69.75, 25.0606, 3.64819
69.775, 25.0305, 3.64295
69.8, 24.973, 3.6363
69.825, 24.9031, 3.6363
69.85, 24.8322, 3.63656
69.875, 24.7732, 3.63745
69.9, 24.7258, 3.63758
69.925, 24.7171, 3.63822
69.95, 24.7206, 3.63886
69.975, 24.7269, 3.6395
70, 24.7328, 3.6395
70.025, 24.7284, 3.63617
70.05, 24.7205, 3.60856
70.075, 24.7068, 3.57213
70.1, 24.6991, 3.52739
70.125, 24.6947, 3.4962
70.15, 24.6865, 3.45043
70.175, 24.6499, 3.41963
70.2, 24.606, 3.37655
70.225, 24.5668, 3.35469
70.25, 24.5304, 3.3157
70.275, 24.4641, 3.29077
70.3, 24.3882, 3.25332
70.325, 24.3261, 3.23568
70.35, 24.2678, 3.19196
70.375, 24.1882, 3.16805
70.4, 24.106, 3.13264
70.425, 24.0175, 3.10976
70.45, 23.9247, 3.08407
70.475, 23.813, 3.06489
70.5, 23.7008, 3.03958
70.525, 23.6187, 3.01632
70.55, 23.5507, 2.98743
70.575, 23.4964, 2.96608
70.6, 23.4485, 2.92939
70.625, 23.3826, 2.89807
70.65, 23.303, 2.86522
70.675, 23.1548, 2.84234
70.7, 22.9801, 2.82086
70.725, 22.7696, 2.81076
70.75, 22.5597, 2.80003
70.775, 22.3957, 2.7999
70.8, 22.2551, 2.79453
70.825, 22.1451, 2.79133
70.85, 22.0507, 2.78379
70.875, 21.9733, 2.77357
70.9, 21.8861, 2.75081
70.925, 21.7285, 2.73649
70.95, 21.5541, 2.73509
70.975, 21.3439, 2.73534
71, 21.1204, 2.7356
71.025, 20.94, 2.73573
71.05, 20.7922, 2.7379
71.075, 20.6867, 2.73931
71.1, 20.5952, 2.7402
71.125, 20.5216, 2.74084
71.15, 20.4595, 2.74097
71.175, 20.3497, 2.74097
71.2, 20.2227, 2.74212
71.225, 20.0877, 2.74531
71.25, 19.9573, 2.75912
71.275, 19.8319, 2.76743
71.3, 19.7089, 2.78226
71.325, 19.6166, 2.78686
71.35, 19.5409, 2.79453
71.375, 19.4742, 2.80488
71.4, 19.4146, 2.8137
71.425, 19.3647, 2.81626
71.45, 19.3143, 2.82431
71.475, 19.277, 2.83684
71.5, 19.2425, 2.84234
71.525, 19.1988, 2.84477
71.55, 19.1598, 2.85768
71.575, 19.149, 2.85947
71.6, 19.1392, 2.85985
71.625, 19.1254, 2.86075
71.65, 19.1162, 2.8619
71.675, 19.1036, 2.86637
71.7, 19.0872, 2.8711
71.725, 19.0671, 2.87967
71.75, 19.0519, 2.88606
71.775, 19.0431, 2.88976
71.8, 19.0281, 2.89539
71.825, 19.0295, 2.89577
71.85, 19.0368, 2.89705
71.875, 19.0489, 2.8982
71.9, 19.0611, 2.89871
71.925, 19.084, 2.89935
71.95, 19.1122, 2.89961
71.975, 19.1623, 2.89974
72, 19.218, 2.89974
72.025, 19.2779, 2.89986
72.05, 19.337, 2.89961
72.075, 19.3158, 2.89948
72.1, 19.265, 2.89948
72.125, 19.1948, 2.89961
72.15, 19.1203, 2.90025
72.175, 19.0667, 2.90383
72.2, 19.0347, 2.91188
72.225, 19.0773, 2.92057
72.25, 19.1418, 2.92466
72.275, 19.2232, 2.92505
72.3, 19.3091, 2.92517
72.325, 19.3229, 2.92517
72.35, 19.3047, 2.9253
72.375, 19.2297, 2.9253
72.4, 19.1379, 2.93757
72.425, 19.0534, 2.95419
72.45, 18.9882, 2.97643
72.475, 18.9887, 2.98564
72.5, 19.0179, 2.98679
72.525, 19.0924, 2.98692
72.55, 19.1795, 2.98679
72.575, 19.2199, 2.98666
72.6, 19.2384, 2.98653
72.625, 19.2347, 2.98666
72.65, 19.2217, 2.98666
72.675, 19.1949, 2.98666
72.7, 19.1649, 2.98704
72.725, 19.1911, 2.98717
72.75, 19.2365, 2.98717
72.775, 19.2924, 2.98717
72.8, 19.3508, 2.98717
72.825, 19.3962, 2.98717
72.85, 19.4315, 2.9873
72.875, 19.4401, 2.98717
72.9, 19.4398, 2.98717
72.925, 19.4353, 2.98717
72.95, 19.4286, 2.98717
72.975, 19.4328, 2.98717
73, 19.4416, 2.9873
73.025, 19.4584, 2.9873
73.05, 19.477, 2.9873
73.075, 19.494, 2.9873
73.1, 19.5084, 2.98781
73.125, 19.5136, 2.98819
73.15, 19.5158, 2.98883
73.175, 19.5169, 2.98947
73.2, 19.5179, 2.99075
73.225, 19.5204, 2.99727
73.25, 19.5241, 3.00801
73.275, 19.5223, 3.01376
73.3, 19.5198, 3.02041
73.325, 19.5333, 3.02693
73.35, 19.5516, 3.02974
73.375, 19.5595, 3.03511
73.4, 19.5617, 3.04265
73.425, 19.5752, 3.04291
73.45, 19.584, 3.04291
73.475, 19.5904, 3.04303
73.5, 19.5948, 3.04316
73.525, 19.5827, 3.04355
73.55, 19.5656, 3.04713
73.575, 19.554, 3.04981
73.6, 19.5438, 3.05825
73.625, 19.5879, 3.0654
73.65, 19.6501, 3.06604
73.675, 19.7332, 3.06604
73.7, 19.8202, 3.06592
73.725, 19.8781, 3.06579
73.75, 19.9129, 3.06553
73.775, 19.8917, 3.06374
73.8, 19.8525, 3.06362
73.825, 19.7993, 3.06362
73.85, 19.7426, 3.064
73.875, 19.7655, 3.06413
73.9, 19.8217, 3.064
73.925, 19.9171, 3.06387
73.95, 20.0229, 3.06272
73.975, 20.1062, 3.04764
74, 20.1656, 3.02335
74.025, 20.1543, 3.01696
74.05, 20.1218, 3.01568
74.075, 20.0346, 3.01568
74.1, 19.9313, 3.01734
74.125, 19.9034, 3.02015
74.15, 19.9084, 3.02233
74.175, 19.9331, 3.02309
74.2, 19.9618, 3.0245
74.225, 20.0188, 3.0245
74.25, 20.0717, 3.02386
74.275, 20.0564, 3.02284
74.3, 20.0174, 3.02296
74.325, 19.9739, 3.02284
74.35, 19.9315, 3.02296
74.375, 19.898, 3.02309
74.4, 19.8717, 3.02309
74.425, 19.8778, 3.02309
74.45, 19.8958, 3.02309
74.475, 19.915, 3.02309
74.5, 19.9349, 3.02258
74.525, 19.9413, 3.02233
74.55, 19.9406, 3.02194
74.575, 19.927, 3.01951
74.6, 19.9101, 3.01913
74.625, 19.9087, 3.019
74.65, 19.911, 3.0176
74.675, 19.9225, 3.01734
74.7, 19.938, 3.01632
74.725, 19.9558, 3.01453
74.75, 19.9721, 3.00814
74.775, 19.9937, 3.0075
74.8, 20.0175, 2.99842
74.825, 20.0406, 2.99267
74.85, 20.0559, 2.99101
74.875, 20.0797, 2.99075
74.9, 20.0979, 2.9864
74.925, 20.0888, 2.98104
74.95, 20.0723, 2.97413
74.975, 20.0566, 2.97183
75, 20.0354, 2.97132
75.025, 20.0157, 2.97119
75.05, 19.9994, 2.97132
75.075, 19.9997, 2.97132
75.1, 20.0062, 2.97145
75.125, 20.0112, 2.97145
75.15, 20.0097, 2.97158
75.175, 19.9773, 2.9717
75.2, 19.934, 2.97324
75.225, 19.8746, 2.97477
75.25, 19.8131, 2.97579
75.275, 19.7876, 2.97707
75.3, 19.7807, 2.98078
75.325, 19.816, 2.98449
75.35, 19.8618, 2.98513
75.375, 19.9212, 2.985
75.4, 19.9835, 2.98487
75.425, 19.9646, 2.98449
75.45, 19.9136, 2.98449
75.475, 19.8282, 2.98449
75.5, 19.7341, 2.98513
75.525, 19.6706, 2.98538
75.55, 19.6299, 2.98756
75.575, 19.6565, 2.98922
75.6, 19.7068, 2.99216
75.625, 19.7764, 2.99292
75.65, 19.8526, 2.99292
75.675, 19.8545, 2.9928
75.7, 19.8255, 2.9928
75.725, 19.7602, 2.9928
75.75, 19.6843, 2.99612
75.775, 19.6129, 3.00353
75.8, 19.555, 3.01645
75.825, 19.5413, 3.02565
75.85, 19.544, 3.02642
75.875, 19.5863, 3.02654
75.9, 19.645, 3.02616
75.925, 19.6786, 3.02565
75.95, 19.7, 3.02552
75.975, 19.7096, 3.02565
76, 19.7158, 3.02565
76.025, 19.7116, 3.02565
76.05, 19.7035, 3.02578
76.075, 19.7047, 3.02578
76.1, 19.7099, 3.02578
76.125, 19.7124, 3.02578
76.15, 19.7133, 3.02565
76.175, 19.7248, 3.02578
76.2, 19.7407, 3.02565
76.225, 19.764, 3.02565
76.25, 19.7894, 3.02424
76.275, 19.8189, 3.02322
76.3, 19.848, 3.01376
76.325, 19.86, 3.00852
76.35, 19.8689, 3.00417
76.375, 19.8709, 3.00264
76.4, 19.8648, 3.00187
76.425, 19.8599, 3.00174
76.45, 19.8615, 3.00021
76.475, 19.8762, 2.99868
76.5, 19.898, 2.99855
76.525, 19.9244, 2.99689
76.55, 19.9499, 2.99663
76.575, 19.9533, 2.99586
76.6, 19.9438, 2.99574
76.625, 19.9153, 2.99433
76.65, 19.8849, 2.99382
76.675, 19.8683, 2.99369
76.7, 19.8613, 2.99037
76.725, 19.892, 2.98615
76.75, 19.9314, 2.97247
76.775, 19.9834, 2.96263
76.8, 20.0372, 2.9524
76.825, 20.0429, 2.94524
76.85, 20.0257, 2.93796
76.875, 19.9603, 2.93757
76.9, 19.8794, 2.93821
76.925, 19.7753, 2.9386
76.95, 19.6685, 2.95355
76.975, 19.6663, 2.96544
77, 19.6978, 2.96595
77.025, 19.7597, 2.96595
77.05, 19.8331, 2.96595
77.075, 19.8685, 2.96467
77.1, 19.8758, 2.9648
77.125, 19.8254, 2.9648
77.15, 19.7585, 2.96506
77.175, 19.674, 2.96506
77.2, 19.5848, 2.97158
77.225, 19.559, 2.97925
77.25, 19.5619, 2.985
77.275, 19.5892, 2.9873
77.3, 19.6243, 2.98717
77.325, 19.6637, 2.98717
77.35, 19.6935, 2.9873
77.375, 19.6724, 2.9873
77.4, 19.6339, 2.98832
77.425, 19.5913, 2.99446
77.45, 19.5486, 3.01683
77.475, 19.5224, 3.02744
77.5, 19.5067, 3.04393
77.525, 19.5314, 3.0447
77.55, 19.5748, 3.04546
77.575, 19.625, 3.04572
77.6, 19.6714, 3.04636
77.625, 19.7043, 3.04661
77.65, 19.7305, 3.04802
77.675, 19.7461, 3.05058
77.7, 19.758, 3.0562
77.725, 19.7697, 3.06004
77.75, 19.7853, 3.06566
77.775, 19.8035, 3.06758
77.8, 19.8217, 3.06758
77.825, 19.8443, 3.06783
77.85, 19.8716, 3.06783
77.875, 19.9065, 3.06783
77.9, 19.9416, 3.06783
77.925, 19.9809, 3.06783
77.95, 20.0207, 3.06771
77.975, 20.0506, 3.06771
78, 20.0743, 3.06771
78.025, 20.0894, 3.06783
78.05, 20.1009, 3.06758
78.075, 20.1061, 3.06758
78.1, 20.1092, 3.06758
78.125, 20.1221, 3.06758
78.15, 20.1383, 3.06758
78.175, 20.1613, 3.06758
78.2, 20.186, 3.06758
78.225, 20.2041, 3.06758
78.25, 20.2125, 3.06771
78.275, 20.1819, 3.06771
78.3, 20.1386, 3.06783
78.325, 20.0883, 3.06783
78.35, 20.0373, 3.06822
78.375, 20.0463, 3.06835
78.4, 20.0819, 3.06873
78.425, 20.161, 3.06898
78.45, 20.2528, 3.06873
78.475, 20.3541, 3.0686
78.5, 20.4387, 3.06285
78.525, 20.4327, 3.05914
78.55, 20.3934, 3.05876
78.575, 20.3328, 3.05876
78.6, 20.2624, 3.05889
78.625, 20.2413, 3.05914
78.65, 20.2486, 3.0594
78.675, 20.3138, 3.0594
78.7, 20.395, 3.05914
78.725, 20.4875, 3.05876
78.75, 20.5814, 3.04789
78.775, 20.573, 3.03421
78.8, 20.5266, 3.03012
78.825, 20.4602, 3.02846
78.85, 20.3846, 3.02821
78.875, 20.2927, 3.02821
78.9, 20.2127, 3.0291
78.925, 20.1908, 3.02923
78.95, 20.1878, 3.02936
78.975, 20.1969, 3.02948
79, 20.2122, 3.02923
79.025, 20.2145, 3.02897
79.05, 20.2082, 3.0291
79.075, 20.1838, 3.0291
79.1, 20.1552, 3.0291
79.125, 20.1325, 3.0291
79.15, 20.112, 3.02936
79.175, 20.095, 3.02936
79.2, 20.0811, 3.02923
79.225, 20.0709, 3.0291
79.25, 20.061, 3.02897
79.275, 20.0519, 3.02897
79.3, 20.0446, 3.02897
79.325, 20.0344, 3.02872
79.35, 20.0231, 3.02859
79.375, 20.0162, 3.02795
79.4, 20.0114, 3.02744
79.425, 20.018, 3.02731
79.45, 20.0289, 3.02693
79.475, 20.0452, 3.0259
79.5, 20.0625, 3.0259
79.525, 20.0779, 3.02501
79.55, 20.091, 3.0245
79.575, 20.1032, 3.02437
79.6, 20.1147, 3.02258
79.625, 20.1243, 3.02079
79.65, 20.131, 3.01005
79.675, 20.1364, 3.00699
79.7, 20.1426, 3.00123
79.725, 20.1396, 3.00098
79.75, 20.1301, 2.9965
79.775, 20.1349, 2.99471
79.8, 20.1485, 2.98436
79.825, 20.1759, 2.98104
79.85, 20.2078, 2.97043
79.875, 20.25, 2.95982
79.9, 20.2881, 2.94869
79.925, 20.2756, 2.9354
79.95, 20.2423, 2.93489
79.975, 20.1681, 2.93476
80, 20.0762, 2.93527
80.025, 19.9719, 2.93208
80.05, 19.8852, 2.906
80.075, 19.8969, 2.87788
80.1, 19.9444, 2.80808
80.125, 20.0217, 2.77638
80.15, 20.1046, 2.70735
80.175, 20.0978, 2.67207
80.2, 20.0523, 2.63129
80.225, 19.9404, 2.60048
80.25, 19.8045, 2.56303
80.275, 19.6329, 2.54948
80.3, 19.4567, 2.53618
80.325, 19.3328, 2.52506
80.35, 19.2278, 2.49349
80.375, 19.1513, 2.47022
80.4, 19.0915, 2.43622
80.425, 19.0062, 2.41167
80.45, 18.9071, 2.38112
80.475, 18.7646, 2.35926
80.5, 18.6101, 2.34507
80.525, 18.4391, 2.3314
80.55, 18.2619, 2.31682
80.575, 18.1157, 2.31337
80.6, 17.991, 2.29164
80.625, 17.867, 2.28154
80.65, 17.7456, 2.26326
80.675, 17.6393, 2.25879
80.7, 17.5376, 2.23169
80.725, 17.4147, 2.22197
80.75, 17.2896, 2.20893
80.775, 17.1681, 2.20625
80.8, 17.0527, 2.19423
80.825, 16.9216, 2.18119
80.85, 16.7921, 2.16777
80.875, 16.6821, 2.16151
80.9, 16.5778, 2.15422
80.925, 16.4591, 2.15256
80.95, 16.346, 2.14323
80.975, 16.2572, 2.14144
81, 16.1769, 2.13441
81.025, 16.0875, 2.12993
81.05, 16.0002, 2.12546
81.075, 15.9178, 2.12239
81.1, 15.843, 2.1215
81.125, 15.7419, 2.11536
81.15, 15.6362, 2.10641
81.175, 15.5425, 2.10564
81.2, 15.4549, 2.10398
81.225, 15.3727, 2.10334
81.25, 15.2947, 2.10373
81.275, 15.2431, 2.1036
81.3, 15.2007, 2.10373
81.325, 15.1279, 2.10309
81.35, 15.0425, 2.09682
81.375, 14.9334, 2.09695
81.4, 14.821, 2.09797
81.425, 14.6885, 2.09989
81.45, 14.551, 2.11574
81.475, 14.4799, 2.12073
81.5, 14.4354, 2.12329
81.525, 14.4176, 2.12533
81.55, 14.414, 2.12559
81.575, 14.4021, 2.12559
81.6, 14.3734, 2.12597
81.625, 14.2967, 2.12801
81.65, 14.2065, 2.12891
81.675, 14.1037, 2.13671
81.7, 14.0002, 2.15448
81.725, 13.9425, 2.16304
81.75, 13.9049, 2.1702
81.775, 13.9154, 2.17851
81.8, 13.9466, 2.18055
81.825, 13.9781, 2.18362
81.85, 13.9932, 2.18695
81.875, 13.9632, 2.18784
81.9, 13.9208, 2.20548
81.925, 13.8605, 2.21647
81.95, 13.7929, 2.23399
81.975, 13.7443, 2.24051
82, 13.7139, 2.24984
82.025, 13.7122, 2.25853
82.05, 13.7173, 2.26032
82.075, 13.7285, 2.26416
82.1, 13.7486, 2.27131
82.125, 13.7796, 2.27515
82.15, 13.809, 2.28167
82.175, 13.8466, 2.28384
82.2, 13.8887, 2.28806
82.225, 13.9338, 2.29113
82.25, 13.9757, 2.29471
82.275, 14.019, 2.2956
82.3, 14.0619, 2.29573
82.325, 14.1105, 2.29573
82.35, 14.1574, 2.29586
82.375, 14.1929, 2.29599
82.4, 14.2236, 2.29637
82.425, 14.2524, 2.29637
82.45, 14.2781, 2.29662
82.475, 14.2988, 2.2965
82.5, 14.3163, 2.29701
82.525, 14.3226, 2.29701
82.55, 14.3247, 2.29701
82.575, 14.3268, 2.29714
82.6, 14.3289, 2.29752
82.625, 14.3684, 2.29752
82.65, 14.4226, 2.29752
82.675, 14.4973, 2.29752
82.7, 14.5769, 2.29752
82.725, 14.6565, 2.29739
82.75, 14.7336, 2.28921
82.775, 14.7413, 2.2818
82.8, 14.722, 2.27515
82.825, 14.6923, 2.27477
82.85, 14.6551, 2.27464
82.875, 14.6299, 2.27477
82.9, 14.6176, 2.27592
82.925, 14.6548, 2.27668
82.95, 14.7056, 2.27681
82.975, 14.7582, 2.27643
83, 14.8109, 2.27489
83.025, 14.7948, 2.27183
83.05, 14.752, 2.27042
83.075, 14.6789, 2.27016
83.1, 14.5958, 2.27042
83.125, 14.5354, 2.27068
83.15, 14.4943, 2.27183
83.175, 14.5066, 2.27349
83.2, 14.5381, 2.27374
83.225, 14.5845, 2.2754
83.25, 14.6335, 2.2754
83.275, 14.6335, 2.27528
83.3, 14.6142, 2.27553
83.325, 14.5673, 2.27566
83.35, 14.5112, 2.2809
83.375, 14.4567, 2.2864
83.4, 14.4101, 2.30762
83.425, 14.3883, 2.31145
83.45, 14.3735, 2.32142
83.475, 14.3981, 2.32909
83.5, 14.4372, 2.33178
83.525, 14.4434, 2.33395
83.55, 14.4422, 2.34137
83.575, 14.4476, 2.34737
83.6, 14.4516, 2.34801
83.625, 14.4519, 2.35095
83.65, 14.4517, 2.36271
83.675, 14.4751, 2.36617
83.7, 14.5021, 2.37626
83.725, 14.5354, 2.37997
83.75, 14.5741, 2.38125
83.775, 14.6136, 2.38163
83.8, 14.6503, 2.38163
83.825, 14.6846, 2.38163
83.85, 14.717, 2.38202
83.875, 14.752, 2.38214
83.9, 14.785, 2.38202
83.925, 14.809, 2.38189
83.95, 14.8306, 2.38189
83.975, 14.8538, 2.38189
84, 14.8751, 2.38189
84.025, 14.9025, 2.38202
84.05, 14.9352, 2.38176
84.075, 14.9794, 2.38176
84.1, 15.0256, 2.38138
84.125, 15.0815, 2.38099
84.15, 15.1389, 2.37422
84.175, 15.1605, 2.37256
84.2, 15.1695, 2.37
84.225, 15.1598, 2.36438
84.25, 15.1403, 2.3631
84.275, 15.1324, 2.36271
84.3, 15.1395, 2.36246
84.325, 15.1784, 2.36195
84.35, 15.2281, 2.36029
84.375, 15.2956, 2.34878
84.4, 15.3668, 2.33817
84.425, 15.3903, 2.33127
84.45, 15.3874, 2.32091
84.475, 15.3349, 2.31951
84.5, 15.2676, 2.31938
84.525, 15.1926, 2.31938
84.55, 15.1142, 2.31938
84.575, 15.1129, 2.31976
84.6, 15.1417, 2.32002
84.625, 15.1929, 2.32002
84.65, 15.2489, 2.31478
84.675, 15.2742, 2.30672
84.7, 15.2781, 2.30378
84.725, 15.2356, 2.30289
84.75, 15.1742, 2.30251
84.775, 15.0874, 2.30251
84.8, 14.9978, 2.30302
84.825, 14.9593, 2.30404
84.85, 14.9401, 2.30634
84.875, 14.9431, 2.30749
84.9, 14.9549, 2.30711
84.925, 14.9709, 2.30723
84.95, 14.9816, 2.30723
84.975, 14.9644, 2.30723
85, 14.9395, 2.30736
85.025, 14.9101, 2.30762
85.05, 14.8796, 2.308
85.075, 14.8625, 2.30851
85.1, 14.8524, 2.30902
85.125, 14.8504, 2.30902
85.15, 14.8505, 2.30992
85.175, 14.8568, 2.3103
85.2, 14.8647, 2.31184
85.225, 14.8712, 2.31196
85.25, 14.8763, 2.3126
85.275, 14.8801, 2.3126
85.3, 14.8842, 2.3126
85.325, 14.8792, 2.3126
85.35, 14.8704, 2.3126
85.375, 14.8546, 2.31273
85.4, 14.8366, 2.31273
85.425, 14.817, 2.31273
85.45, 14.798, 2.31388
85.475, 14.8113, 2.31401
85.5, 14.8363, 2.31478
85.525, 14.8712, 2.31542
85.55, 14.9092, 2.31567
85.575, 14.9322, 2.31554
85.6, 14.9452, 2.31554
85.625, 14.9331, 2.31542
85.65, 14.9124, 2.31542
85.675, 14.8839, 2.31542
85.7, 14.8535, 2.3149
85.725, 14.8639, 2.31503
85.75, 14.8907, 2.31427
85.775, 14.9373, 2.31337
85.8, 14.9889, 2.30276
85.825, 15.0272, 2.29816
85.85, 15.0519, 2.28435
85.875, 15.0159, 2.28001
85.9, 14.9556, 2.28039
85.925, 14.8763, 2.28077
85.95, 14.7931, 2.28103
85.975, 14.7766, 2.28793
86, 14.7908, 2.29151
86.025, 14.839, 2.29381
86.05, 14.8936, 2.29432
86.075, 14.9775, 2.29432
86.1, 15.0509, 2.28934
86.125, 15.0286, 2.28435
86.15, 14.9741, 2.28461
86.175, 14.9057, 2.28486
86.2, 14.8324, 2.2942
86.225, 14.7862, 2.29765
86.25, 14.7572, 2.31069
86.275, 14.7735, 2.31938
86.3, 14.8081, 2.31951
86.325, 14.8494, 2.31963
86.35, 14.9001, 2.31951
86.375, 14.9333, 2.31938
86.4, 14.9542, 2.31784
86.425, 14.9601, 2.31759
86.45, 14.9641, 2.31669
86.475, 14.9684, 2.3158
86.5, 14.9713, 2.31363
86.525, 14.9707, 2.30992
86.55, 14.9692, 2.30072
86.575, 14.9751, 2.2988
86.6, 14.9803, 2.28793
86.625, 14.9661, 2.27898
86.65, 14.9487, 2.2786
86.675, 14.9304, 2.27847
86.7, 14.9079, 2.2786
86.725, 14.8829, 2.2786
86.75, 14.8617, 2.27898
86.775, 14.8448, 2.28001
86.8, 14.8276, 2.28026
86.825, 14.8125, 2.28231
86.85, 14.8005, 2.28435
86.875, 14.7949, 2.28589
86.9, 14.7927, 2.28883
86.925, 14.7996, 2.28896
86.95, 14.8096, 2.28908
86.975, 14.8253, 2.28921
87, 14.8421, 2.28934
87.025, 14.8408, 2.28934
87.05, 14.8339, 2.28947
87.075, 14.8237, 2.29011
87.1, 14.8121, 2.29036
87.125, 14.8173, 2.29036
87.15, 14.8321, 2.29036
87.175, 14.8641, 2.29023
87.2, 14.9007, 2.29023
87.225, 14.9424, 2.28959
87.25, 14.9839, 2.28908
87.275, 14.9685, 2.28346
87.3, 14.9329, 2.28256
87.325, 14.8824, 2.28269
87.35, 14.8258, 2.28359
87.375, 14.787, 2.28691
87.4, 14.7654, 2.29586
87.425, 14.805, 2.29803
87.45, 14.8591, 2.29816
87.475, 14.9308, 2.29829
87.5, 15.0092, 2.2979
87.525, 15.0129, 2.29535
87.55, 14.9846, 2.29036
87.575, 14.9232, 2.29023
87.6, 14.8528, 2.29023
87.625, 14.7787, 2.29036
87.65, 14.7124, 2.29087
87.675, 14.713, 2.29151
87.7, 14.7371, 2.29356
87.725, 14.7729, 2.29484
87.75, 14.8101, 2.29484
87.775, 14.8239, 2.29484
87.8, 14.8249, 2.29471
87.825, 14.7911, 2.29484
87.85, 14.7452, 2.29484
87.875, 14.7017, 2.29496
87.9, 14.661, 2.29509
87.925, 14.6426, 2.29522
87.95, 14.6336, 2.29688
87.975, 14.6407, 2.29714
88, 14.6534, 2.30097
88.025, 14.6649, 2.30238
88.05, 14.6724, 2.30481
88.075, 14.6823, 2.30902
88.1, 14.694, 2.30941
88.125, 14.6989, 2.30954
88.15, 14.7055, 2.30992
88.175, 14.7222, 2.31043
88.2, 14.7415, 2.31196
88.225, 14.7544, 2.31248
88.25, 14.7635, 2.31593
88.275, 14.7797, 2.31708
88.3, 14.7985, 2.32015
88.325, 14.8217, 2.3204
88.35, 14.8466, 2.32168
88.375, 14.8736, 2.32181
88.4, 14.8985, 2.32245
88.425, 14.9057, 2.32321
88.45, 14.9066, 2.32667
88.475, 14.9021, 2.32871
88.5, 14.8936, 2.33676
88.525, 14.8839, 2.33817
88.55, 14.8785, 2.34341
88.575, 14.9022, 2.34392
88.6, 14.9287, 2.34392
88.625, 14.9676, 2.34418
88.65, 15.0129, 2.34418
88.675, 15.0204, 2.34418
88.7, 15.0104, 2.34405
88.725, 14.9723, 2.34405
88.75, 14.9259, 2.34418
88.775, 14.8753, 2.34418
88.8, 14.8253, 2.3461
88.825, 14.849, 2.35338
88.85, 14.899, 2.35377
88.875, 14.9672, 2.35364
88.9, 15.0434, 2.35351
88.925, 15.0993, 2.3507
88.95, 15.1353, 2.34558
88.975, 15.1143, 2.3429
89, 15.0775, 2.34264
89.025, 15.022, 2.34252
89.05, 14.958, 2.34252
89.075, 14.9394, 2.34303
89.1, 14.9422, 2.34328
89.125, 14.9723, 2.34316
89.15, 15.0089, 2.34226
89.175, 15.0363, 2.34201
89.2, 15.0525, 2.33702
89.225, 15.0244, 2.33267
89.25, 14.9794, 2.33203
89.275, 14.9296, 2.33178
89.3, 14.877, 2.33203
89.325, 14.8443, 2.33203
89.35, 14.8229, 2.33216
89.375, 14.8276, 2.33216
89.4, 14.8399, 2.33216
89.425, 14.8575, 2.33216
89.45, 14.8762, 2.32807
89.475, 14.8924, 2.32641
89.5, 14.9067, 2.3236
89.525, 14.9175, 2.32002
89.55, 14.9294, 2.31337
89.575, 14.9409, 2.30621
89.6, 14.9531, 2.29893
89.625, 14.9647, 2.29509
89.65, 14.975, 2.28729
89.675, 14.9775, 2.28704
89.7, 14.9791, 2.28333
89.725, 14.9855, 2.28333
89.75, 14.996, 2.28167
89.775, 15.0018, 2.27732
89.8, 15.0085, 2.2763
89.825, 15.0244, 2.27195
89.85, 15.0418, 2.26275
89.875, 15.0561, 2.25815
89.9, 15.0697, 2.24728
89.925, 15.0803, 2.23974
89.95, 15.09, 2.22721
89.975, 15.1077, 2.22057
