0, 1, 2.31246
0.025, 1, 2.31246
0.05, 1, 2.31246
0.075, 1, 1.45247
0.1, 1, 1.45247
0.125, 1, -5.39274
0.15, 1, -0.585003
0.175, 1, -0.173904
0.2, 1, -0.173904
0.225, 1, -0.173904
0.25, 1, -0.0377167
0.275, 1, -0.0377167
0.3, 1, -0.0377167
0.325, 1, 0.00531548
0.35, 1, 0.00531548
0.375, 1, 0.00531548
0.4, 1, 0.0300844
0.425, 1, 0.0403728
0.45, 1, 0.0403728
0.475, 1, 0.0403728
0.5, 1, 0.0468104
0.525, 1, 0.0515813
0.55, 1, 0.0556985
0.575, 1, 0.0556985
0.6, 1, 0.0556985
0.625, 1, 0.0668915
0.65, 1, 0.0668915
0.675, 1, 0.0789402
0.7, 1, 0.0789402
0.725, 1, 0.0928655
0.75, 1, 0.105543
0.775, 1, 0.122471
0.8, 1, 0.142915
0.825, 1, 0.142915
0.85, 1, 0.197454
0.875, 1, 0.272435
0.9, 1, 0.272435
0.925, 1, 0.320714
0.95, 1, 0.346055
0.975, 1, 0.362596
1, 1, 0.362596
1.025, 1, 0.362596
1.05, 1, 0.305507
1.075, 1, 0.305507
1.1, 1, 0.205653
1.125, 1, 0.205653
1.15, 1, 0.205653
1.175, 1, 0.12776
1.2, 1, 0.17181
1.225, 1, 0.17181
1.25, 1, 0.17181
1.275, 1, 0.105519
1.3, 1, 0.105519
1.325, 1, 0.105519
1.35, 1, 0.0994096
1.375, 1, 0.0994096
1.4, 1, 0.121572
1.425, 1, 0.121572
1.45, 1, 0.129319
1.475, 1, 0.129319
1.5, 1, 0.135188
1.525, 1, 0.135188
1.55, 1, 0.135188
1.575, 1, 0.135188
1.6, 1, 0.120385
1.625, 1, 0.120385
1.65, 1, 0.124142
1.675, 1, 0.124142
1.7, 1, 0.125153
1.725, 1, 0.12532
1.75, 1, 0.12532
1.775, 1, 0.130581
1.8, 1, 0.130581
1.825, 1, 0.130581
1.85, 1, 0.130581
1.875, 1, 0.128295
1.9, 1, 0.127727
1.925, 1, 0.127775
1.95, 1, 0.128061
1.975, 1, 0.128061
2, 1, 0.128061
2.025, 1, 0.133778
2.05, 1, 0.132847
2.075, 1, 0.132847
2.1, 1, 0.132847
2.125, 1, 0.132847
2.15, 1, 0.132801
2.175, 1, 0.132893
2.2, 1, 0.133042
2.225, 1, 0.133042
2.25, 1, 0.133042
2.275, 1, 0.133042
2.3, 1, 0.133042
2.325, 1, 0.139361
2.35, 1, 0.139361
2.375, 1, 0.139361
2.4, 1, 0.139361
2.425, 1, 0.140832
2.45, 1, 0.140832
2.475, 1, 0.140864
2.5, 1, 0.140864
2.525, 1, 0.141563
2.55, 1, 0.141178
2.575, 1, 0.141178
2.6, 1, 0.141178
2.625, 1, 0.141178
2.65, 1, 0.141178
2.675, 1, 0.141178
2.7, 1, 0.141382
2.725, 1, 0.141382
2.75, 1, 0.141194
2.775, 1, 0.14107
2.8, 1, 0.140725
2.825, 1, 0.140725
2.85, 1, 0.140937
2.875, 1, 0.140937
2.9, 1, 0.140937
2.925, 1, 0.140937
2.95, 1, 0.134773
2.975, 1, 0.134773
3, 1, 0.133917
3.025, 1, 0.133879
3.05, 1, 0.133879
3.075, 1, 0.133879
3.1, 1, 0.133127
3.125, 1, 0.132716
3.15, 1, 0.132716
3.175, 1, 0.1314
3.2, 1, 0.1314
3.225, 1, 0.1314
3.25, 1, 0.1314
3.275, 1, 0.129796
3.3, 1, 0.129796
3.325, 1, 0.129796
3.35, 1, 0.123048
3.375, 1, 0.120746
3.4, 1, 0.119875
3.425, 1, 0.119875
3.45, 1, 0.119875
3.475, 1, 0.123511
3.5, 1, 0.124266
3.525, 1, 0.124182
3.55, 1, 0.122628
3.575, 1, 0.122628
3.6, 1, 0.122628
3.625, 1, 0.122628
3.65, 1, 0.123708
3.675, 1, 0.127191
3.7, 1, 0.127191
3.725, 1, 0.127191
3.75, 1, 0.127191
3.775, 1, 0.119069
3.8, 1, 0.121614
3.825, 1, 0.121614
3.85, 1, 0.121803
3.875, 1, 0.121803
3.9, 1, 0.122458
3.925, 1, 0.122458
3.95, 1, 0.122458
3.975, 1, 0.121955
4, 1, 0.124461
4.025, 1, 0.124461
4.05, 1, 0.124461
4.075, 1, 0.117085
4.1, 1, 0.11821
4.125, 1, 0.11821
4.15, 1, 0.11821
4.175, 1, 0.116175
4.2, 1, 0.117502
4.225, 1, 0.118477
4.25, 1, 0.118477
4.275, 1, 0.118477
4.3, 1, 0.111596
4.325, 1, 0.111596
4.35, 1, 0.109812
4.375, 1, 0.109801
4.4, 1, 0.109912
4.425, 1, 0.109912
4.45, 1, 0.109065
4.475, 1, 0.108033
4.5, 1, 0.1071
4.525, 1, 0.1071
4.55, 1, 0.1071
4.575, 1, 0.107584
4.6, 1, 0.107584
4.625, 1, 0.107584
4.65, 1, 0.107621
4.675, 1, 0.107621
4.7, 1, 0.107621
4.725, 1, 0.105611
4.75, 1, 0.105611
4.775, 1, 0.106071
4.8, 1, 0.106071
4.825, 1, 0.106071
4.85, 1, 0.106081
4.875, 1, 0.10559
4.9, 1, 0.105054
4.925, 1, 0.104466
4.95, 1, 0.105196
4.975, 1, 0.105196
5, 1, 0.105196
5.025, 1, 0.105196
5.05, 1, 0.105196
5.075, 1, 0.105196
5.1, 1, 0.105196
5.125, 1, 0.105196
5.15, 1, 0.114996
5.175, 1, 0.115103
5.2, 1, 0.115103
5.225, 1, 0.115103
5.25, 1, 0.115103
5.275, 1, 0.115103
5.3, 1, 0.108404
5.325, 1, 0.108404
5.35, 1, 0.108404
5.375, 1, 0.108404
5.4, 1, 0.107109
5.425, 1, 0.105905
5.45, 1, 0.105905
5.475, 1, 0.105905
5.5, 1, 0.104821
5.525, 1, 0.104821
5.55, 1, 0.103657
5.575, 1, 0.101305
5.6, 1, 0.101305
5.625, 1, 0.0972144
5.65, 1, 0.0972144
5.675, 1, 0.0972144
5.7, 1, 0.0961475
5.725, 1, 0.0961475
5.75, 1, 0.0966934
5.775, 1, 0.097523
5.8, 1, 0.097523
5.825, 1, 0.097523
5.85, 1, 0.0973622
5.875, 1, 0.0960894
5.9, 1, 0.0959984
5.925, 1, 0.0968974
5.95, 1, 0.0968974
5.975, 1, 0.0968974
6, 1, 0.0968957
6.025, 1, 0.0978261
6.05, 1, 0.0978261
6.075, 1, 0.0978261
6.1, 1, 0.097854
6.125, 1, 0.097854
6.15, 1, 0.097854
6.175, 1, 0.097854
6.2, 1, 0.0981327
6.225, 1, 0.0981327
6.25, 1, 0.0983323
6.275, 1, 0.0995223
6.3, 1, 0.0995223
6.325, 1, 0.0995223
6.35, 1, 0.0995223
6.375, 1, 0.0992447
6.4, 1, 0.0993721
6.425, 1, 0.0993156
6.45, 1, 0.0987541
6.475, 1, 0.0987541
6.5, 1, 0.0987541
6.525, 1, 0.0992364
6.55, 1, 0.0992364
6.575, 1, 0.0992364
6.6, 1, 0.0992364
6.625, 1, 0.0932722
6.65, 1, 0.0932722
6.675, 1, 0.0932722
6.7, 1, 0.0932722
6.725, 1, 0.0963091
6.75, 1, 0.0963091
6.775, 1, 0.0963091
6.8, 1, 0.0963091
6.825, 1, 0.0911274
6.85, 1, 0.0911274
6.875, 1, 0.0911274
6.9, 1, 0.0935817
6.925, 1, 0.0935817
6.95, 1, 0.0935817
6.975, 1, 0.0935817
7, 1, 0.0935516
7.025, 1, 0.0935516
7.05, 1, 0.0932098
7.075, 1, 0.093156
7.1, 1, 0.0933727
7.125, 1, 0.0933727
7.15, 1, 0.0941459
7.175, 1, 0.0957164
7.2, 1, 0.0971063
7.225, 1, 0.0986019
7.25, 1, 0.0986019
7.275, 1, 0.0994923
7.3, 1, 0.101312
7.325, 1, 0.101312
7.35, 1, 0.100666
7.375, 1, 0.100666
7.4, 1, 0.100086
7.425, 1, 0.100086
7.45, 1, 0.100086
7.475, 1, 0.100086
7.5, 1, 0.100086
7.525, 1, 0.0951888
7.55, 1, 0.0951888
7.575, 1, 0.0951888
7.6, 1, 0.0953036
7.625, 1, 0.0953036
7.65, 1, 0.0950966
7.675, 1, 0.0950966
7.7, 1, 0.0937115
7.725, 1, 0.0910722
7.75, 1, 0.0910722
7.775, 1, 0.0878595
7.8, 1, 0.0872327
7.825, 1, 0.0877961
7.85, 1, 0.0872288
7.875, 1, 0.0872288
7.9, 1, 0.0872288
7.925, 1, 0.0857867
7.95, 1, 0.0859936
7.975, 1, 0.0859936
8, 1, 0.0859936
8.025, 1, 0.0863442
8.05, 1, 0.0878037
8.075, 1, 0.0884685
8.1, 1, 0.0884685
8.125, 1, 0.0884685
8.15, 1, 0.0884685
8.175, 1, 0.0884685
8.2, 1, 0.0884685
8.225, 1, 0.0884685
8.25, 1, 0.0884685
8.275, 1, 0.0856049
8.3, 1, 0.0856049
8.325, 1, 0.0854024
8.35, 1, 0.0854024
8.375, 1, 0.0854024
8.4, 1, 0.0854024
8.425, 1, 0.0861322
8.45, 1, 0.0861322
8.475, 1, 0.0859236
8.5, 1, 0.0855381
8.525, 1, 0.0851058
8.55, 1, 0.084756
8.575, 1, 0.084756
8.6, 1, 0.084756
8.625, 1, 0.084756
8.65, 1, 0.0844678
8.675, 1, 0.0822603
8.7, 1, 0.0805039
8.725, 1, 0.0805039
8.75, 1, 0.080554
8.775, 1, 0.080554
8.8, 1, 0.080554
8.825, 1, 0.080554
8.85, 1, 0.0806224
8.875, 1, 0.0808775
8.9, 1, 0.0808775
8.925, 1, 0.080345
8.95, 1, 0.080345
8.975, 1, 0.0819977
9, 1, 0.0843672
9.025, 1, 0.0843672
9.05, 1, 0.0843672
9.075, 1, 0.0843672
9.1, 1, 0.0846
9.125, 1, 0.0846
9.15, 1, 0.0846
9.175, 1, 0.0846
9.2, 1, 0.0845462
9.225, 1, 0.0845462
9.25, 1, 0.0845462
9.275, 1, 0.0845462
9.3, 1, 0.0848951
9.325, 1, 0.0848951
9.35, 1, 0.0848951
9.375, 1, 0.0848951
9.4, 1, 0.0850386
9.425, 1, 0.0864022
9.45, 1, 0.0864022
9.475, 1, 0.0867858
9.5, 1, 0.0867858
9.525, 1, 0.0867858
9.55, 1, 0.0846164
9.575, 1, 0.0846164
9.6, 1, 0.0846164
9.625, 1, 0.0846164
9.65, 1, 0.0846164
9.675, 1, 0.0918683
9.7, 1, 0.0918683
9.725, 1, 0.0918463
9.75, 1, 0.0918463
9.775, 1, 0.0888704
9.8, 1, 0.0888704
9.825, 1, 0.0888704
9.85, 1, 0.0888704
9.875, 1, 0.0894549
9.9, 1, 0.090024
9.925, 1, 0.090024
9.95, 1, 0.090024
9.975, 1, 0.090024
10, 1, 0.090024
10.025, 1, 0.090024
10.05, 1, 0.087371
10.075, 1, 0.087371
10.1, 1, 0.0823266
10.125, 1, 0.0823266
10.15, 1, 0.0823266
10.175, 1, 0.0823266
10.2, 1, 0.0823266
10.225, 1, 0.0823266
10.25, 1, 0.078814
10.275, 1, 0.078814
10.3, 1, 0.078814
10.325, 1, 0.078814
10.35, 1, 0.078814
10.375, 1, 0.078814
10.4, 1, 0.079277
10.425, 1, 0.079277
10.45, 1, 0.079277
10.475, 1, 0.079277
10.5, 1, 0.079277
10.525, 1, 0.0797256
10.55, 1, 0.0826267
10.575, 1, 0.0847228
10.6, 1, 0.0857403
10.625, 1, 0.0857403
10.65, 1, 0.0857403
10.675, 1, 0.0857403
10.7, 1, 0.0857403
10.725, 1, 0.0857403
10.75, 1, 0.0857403
10.775, 1, 0.0853585
10.8, 1, 0.0853585
10.825, 1, 0.0822513
10.85, 1, 0.0822513
10.875, 1, 0.084799
10.9, 1, 0.084799
10.925, 1, 0.084799
10.95, 1, 0.084799
10.975, 1, 0.084799
11, 1, 0.084799
11.025, 1, 0.083531
11.05, 1, 0.083531
11.075, 1, 0.083531
11.1, 1, 0.0816173
11.125, 1, 0.0811558
11.15, 1, 0.0811558
11.175, 1, 0.0811558
11.2, 1, 0.0811558
11.225, 1, 0.0855429
11.25, 1, 0.0892828
11.275, 1, 0.0910056
11.3, 1, 0.0907553
11.325, 1, 0.0884043
11.35, 1, 0.0884043
11.375, 1, 0.0835192
11.4, 1, 0.0835192
11.425, 1, 0.0835192
11.45, 1, 0.0835192
11.475, 1, 0.0861855
11.5, 1, 0.0895461
11.525, 1, 0.0895461
11.55, 1, 0.0895261
11.575, 1, 0.0895261
11.6, 1, 0.0881801
11.625, 1, 0.0881801
11.65, 1, 0.0881801
11.675, 1, 0.0891272
11.7, 1, 0.0897471
11.725, 1, 0.0897471
11.75, 1, 0.0897471
11.775, 1, 0.0897471
11.8, 1, 0.0899183
11.825, 1, 0.0899183
11.85, 1, 0.0899183
11.875, 1, 0.088078
11.9, 1, 0.088078
11.925, 1, 0.0828205
11.95, 1, 0.0828205
11.975, 1, 0.0726845
12, 1, 0.0687988
12.025, 1, 0.0687988
12.05, 1, 0.0695895
12.075, 1, 0.0695895
12.1, 1, 0.0695895
12.125, 1, 0.0695895
12.15, 1, 0.0682534
12.175, 1, 0.0699893
12.2, 1, 0.0699893
12.225, 1, 0.0699893
12.25, 1, 0.0699893
12.275, 1, 0.0699893
12.3, 1, 0.0702371
12.325, 1, 0.0707354
12.35, 1, 0.0707354
12.375, 1, 0.0722133
12.4, 1, 0.0722133
12.425, 1, 0.0741965
12.45, 1, 0.0741965
12.475, 1, 0.075207
12.5, 1, 0.0777322
12.525, 1, 0.0797426
12.55, 1, 0.0797426
12.575, 1, 0.0791274
12.6, 1, 0.0791274
12.625, 1, 0.0791274
12.65, 1, 0.0791274
12.675, 1, 0.0792902
12.7, 1, 0.0800323
12.725, 1, 0.0798445
12.75, 1, 0.0786503
12.775, 1, 0.0786503
12.8, 1, 0.0786503
12.825, 1, 0.0814781
12.85, 1, 0.0811385
12.875, 1, 0.0811385
12.9, 1, 0.0811385
12.925, 1, 0.0824836
12.95, 1, 0.0825396
12.975, 1, 0.0825396
13, 1, 0.0825396
13.025, 1, 0.0814681
13.05, 1, 0.0814681
13.075, 1, 0.077834
13.1, 1, 0.077834
13.125, 1, 0.077834
13.15, 1, 0.077834
13.175, 1, 0.077834
13.2, 1, 0.0784054
13.225, 1, 0.0784054
13.25, 1, 0.0784054
13.275, 1, 0.0765801
13.3, 1, 0.0765801
13.325, 1, 0.0779227
13.35, 1, 0.0825442
13.375, 1, 0.0825442
13.4, 1, 0.0825442
13.425, 1, 0.0825442
13.45, 1, 0.0825442
13.475, 1, 0.0825442
13.5, 1, 0.0825442
13.525, 1, 0.0919536
13.55, 1, 0.0919536
13.575, 1, 0.0919536
13.6, 1, 0.0922682
13.625, 1, 0.0922682
13.65, 1, 0.0922682
13.675, 1, 0.0924022
13.7, 1, 0.0924022
13.725, 1, 0.0924022
13.75, 1, 0.0924512
13.775, 1, 0.0924512
13.8, 1, 0.0924512
13.825, 1, 0.0874273
13.85, 1, 0.0874273
13.875, 1, 0.0852651
13.9, 1, 0.0852651
13.925, 1, 0.0852651
13.95, 1, 0.084921
13.975, 1, 0.084921
14, 1, 0.0797563
14.025, 1, 0.0797563
14.05, 1, 0.0797563
14.075, 1, 0.0797563
14.1, 1, 0.0828274
14.125, 1, 0.0828274
14.15, 1, 0.0866465
14.175, 1, 0.0866465
14.2, 1, 0.0866465
14.225, 1, 0.0859028
14.25, 1, 0.0850504
14.275, 1, 0.0850504
14.3, 1, 0.0818162
14.325, 1, 0.0818162
14.35, 1, 0.0818162
14.375, 1, 0.0818162
14.4, 1, 0.0829944
14.425, 1, 0.0852192
14.45, 1, 0.0852192
14.475, 1, 0.0864337
14.5, 1, 0.0885987
14.525, 1, 0.0904521
14.55, 1, 0.0922388
14.575, 1, 0.0937654
14.6, 1, 0.0937654
14.625, 1, 0.0937654
14.65, 1, 0.0936303
14.675, 1, 0.0936303
14.7, 1, 0.0937742
14.725, 1, 0.0937742
14.75, 1, 0.0937742
14.775, 1, 0.0937742
14.8, 1, 0.0937742
14.825, 1, 0.0957963
14.85, 1, 0.0957963
14.875, 1, 0.0957929
14.9, 1, 0.0958268
14.925, 1, 0.0955424
14.95, 1, 0.0955424
14.975, 1, 0.0935729
15, 1, 0.0927772
15.025, 1, 0.0927772
15.05, 1, 0.0927772
15.075, 1, 0.0927772
15.1, 1, 0.0927772
15.125, 1, 0.0927772
15.15, 1, 0.0927772
15.175, 1, 0.0927772
15.2, 1, 0.0927772
15.225, 1, 0.0927772
15.25, 1, 0.0927772
15.275, 1, 0.0927772
15.3, 1, 0.0927772
15.325, 1, 0.0927772
15.35, 1, 0.0894577
15.375, 1, 0.086317
15.4, 1, 0.0849123
15.425, 1, 0.0849123
15.45, 1, 0.0849123
15.475, 1, 0.0900501
15.5, 1, 0.0929935
15.525, 1, 0.0941281
15.55, 1, 0.0941281
15.575, 1, 0.0941281
15.6, 1, 0.0895022
15.625, 1, 0.0833683
15.65, 1, 0.0841227
15.675, 1, 0.0841227
15.7, 1, 0.0841227
15.725, 1, 0.0844837
15.75, 1, 0.0844837
15.775, 1, 0.0844599
15.8, 1, 0.0844599
15.825, 1, 0.0836059
15.85, 1, 0.0836059
15.875, 1, 0.0827415
15.9, 1, 0.0827415
15.925, 1, 0.084022
15.95, 1, 0.0837941
15.975, 1, 0.0831213
16, 1, 0.0831213
16.025, 1, 0.0828922
16.05, 1, 0.0826891
16.075, 1, 0.0826891
16.1, 1, 0.0826891
16.125, 1, 0.0826891
16.15, 1, 0.0816747
16.175, 1, 0.0808748
16.2, 1, 0.0808748
16.225, 1, 0.0818082
16.25, 1, 0.0818082
16.275, 1, 0.0818082
16.3, 1, 0.0800474
16.325, 1, 0.0800474
16.35, 1, 0.0800474
16.375, 1, 0.0799961
16.4, 1, 0.0799961
16.425, 1, 0.0809
16.45, 1, 0.0809
16.475, 1, 0.0809
16.5, 1, 0.0800271
16.525, 1, 0.0791319
16.55, 1, 0.0793362
16.575, 1, 0.08053
16.6, 1, 0.08053
16.625, 1, 0.0820963
16.65, 1, 0.0820963
16.675, 1, 0.0820963
16.7, 1, 0.0821827
16.725, 1, 0.0821827
16.75, 1, 0.0821827
16.775, 1, 0.0824375
16.8, 1, 0.0832041
16.825, 1, 0.0832041
16.85, 1, 0.081916
16.875, 1, 0.081916
16.9, 1, 0.081916
16.925, 1, 0.081916
16.95, 1, 0.081916
16.975, 1, 0.081916
17, 1, 0.0811854
17.025, 1, 0.0811854
17.05, 1, 0.0811854
17.075, 1, 0.0811854
17.1, 1, 0.0811854
17.125, 1, 0.0811854
17.15, 1, 0.0959023
17.175, 1, 0.0959023
17.2, 1, 0.0959023
17.225, 1, 0.0959023
17.25, 1, 0.087933
17.275, 1, 0.0778922
17.3, 1, 0.0778922
17.325, 1, 0.0746617
17.35, 1, 0.0746617
17.375, 1, 0.0746617
17.4, 1, 0.0746617
17.425, 1, 0.0746617
17.45, 1, 0.0746617
17.475, 1, 0.0713127
17.5, 1, 0.0713127
17.525, 1, 0.0711181
17.55, 1, 0.0711181
17.575, 1, 0.0711181
17.6, 1, 0.0711181
17.625, 1, 0.0711181
17.65, 1, 0.0711181
17.675, 1, 0.0717819
17.7, 1, 0.0717819
17.725, 1, 0.0735863
17.75, 1, 0.0780744
17.775, 1, 0.0816045
17.8, 1, 0.0845375
17.825, 1, 0.0870735
17.85, 1, 0.0870735
17.875, 1, 0.0866157
17.9, 1, 0.0879151
17.925, 1, 0.0879151
17.95, 1, 0.0879151
17.975, 1, 0.0869819
18, 1, 0.0860668
18.025, 1, 0.0845529
18.05, 1, 0.083027
18.075, 1, 0.082359
18.1, 1, 0.082771
18.125, 1, 0.0833534
18.15, 1, 0.0833534
18.175, 1, 0.0833534
18.2, 1, 0.0778897
18.225, 1, 0.071584
18.25, 1, 0.0659836
18.275, 1, 0.0659836
18.3, 1, 0.0690395
18.325, 1, 0.0732369
18.35, 1, 0.0766265
18.375, 1, 0.0797123
18.4, 1, 0.0797123
18.425, 1, 0.0828996
18.45, 1, 0.0886666
18.475, 1, 0.0886666
18.5, 1, 0.0886666
18.525, 1, 0.0886666
18.55, 1, 0.0899445
18.575, 1, 0.0912138
18.6, 1, 0.0912138
18.625, 1, 0.0912138
18.65, 1, 0.0912138
18.675, 1, 0.0893056
18.7, 1, 0.0963627
18.725, 1, 0.09941
18.75, 1, 0.09941
18.775, 1, 0.09941
18.8, 1, 0.103963
18.825, 1, 0.103963
18.85, 1, 0.103559
18.875, 1, 0.103559
18.9, 1, 0.104476
18.925, 1, 0.104476
18.95, 1, 0.104476
18.975, 1, 0.104476
19, 1, 0.104476
19.025, 1, 0.114319
19.05, 1, 0.114319
19.075, 1, 0.114319
19.1, 1, 0.112875
19.125, 1, 0.112875
19.15, 1, 0.106522
19.175, 1, 0.106522
19.2, 1, 0.104934
19.225, 1, 0.104934
19.25, 1, 0.104934
19.275, 1, 0.104934
19.3, 1, 0.104934
19.325, 1, 0.104934
19.35, 1, 0.100302
19.375, 1, 0.100302
19.4, 1, 0.0973634
19.425, 1, 0.0988993
19.45, 1, 0.0988993
19.475, 1, 0.103567
19.5, 1, 0.105981
19.525, 1, 0.105981
19.55, 1, 0.104204
19.575, 1, 0.104204
19.6, 1, 0.104204
19.625, 1, 0.0998056
19.65, 1, 0.104196
19.675, 1, 0.104196
19.7, 1, 0.104196
19.725, 1, 0.104146
19.75, 1, 0.104146
19.775, 1, 0.103588
19.8, 1, 0.103588
19.825, 1, 0.101614
19.85, 1, 0.101173
19.875, 1, 0.101173
19.9, 1, 0.10354
19.925, 1, 0.10354
19.95, 1, 0.103373
19.975, 1, 0.105726
20, 1, 0.106745
20, 1, 0.0944918
20.025, 1, 0.0944918
20.05, 1, 0.0949244
20.075, 1, 0.0949244
20.1, 1, 0.0949244
20.125, 1, 0.0949244
20.15, 1, 0.0952764
20.175, 1, 0.095714
20.2, 1, 0.09635
20.225, 1, 0.09635
20.25, 1, 0.0969476
20.275, 1, 0.0974935
20.3, 1, 0.0974935
20.325, 1, 0.0974935
20.35, 1, 0.0974935
20.375, 1, 0.0974935
20.4, 1, 0.0974935
20.425, 1, 0.0980466
20.45, 1, 0.0988201
20.475, 1, 0.0997002
20.5, 1, 0.0997002
20.525, 1, 0.100561
20.55, 1, 0.100561
20.575, 1, 0.101386
20.6, 1, 0.101386
20.625, 1, 0.102167
20.65, 1, 0.102991
20.675, 1, 0.102991
20.7, 1, 0.102991
20.725, 1, 0.103795
20.75, 1, 0.104664
20.775, 1, 0.105581
20.8, 1, 0.106533
20.825, 1, 0.107525
20.85, 1, 0.108557
20.875, 1, 0.108557
20.9, 1, 0.108557
20.925, 1, 0.109575
20.95, 1, 0.110598
20.975, 1, 0.110598
21, 1, 0.110598
21.025, 1, 0.110598
21.05, 1, 0.111508
21.075, 1, 0.112392
21.1, 1, 0.112392
21.125, 1, 0.113163
21.15, 1, 0.113163
21.175, 1, 0.113916
21.2, 1, 0.113916
21.225, 1, 0.114673
21.25, 1, 0.114673
21.275, 1, 0.114673
21.3, 1, 0.114673
21.325, 1, 0.115291
21.35, 1, 0.115291
21.375, 1, 0.115731
21.4, 1, 0.115731
21.425, 1, 0.115731
21.45, 1, 0.115731
21.475, 1, 0.115731
21.5, 1, 0.116666
21.525, 1, 0.116666
21.55, 1, 0.11757
21.575, 1, 0.11757
21.6, 1, 0.11757
21.625, 1, 0.11757
21.65, 1, 0.11757
21.675, 1, 0.11757
21.7, 1, 0.11757
21.725, 1, 0.118845
21.75, 1, 0.118845
21.775, 1, 0.118845
21.8, 1, 0.120078
21.825, 1, 0.120078
21.85, 1, 0.121226
21.875, 1, 0.121226
21.9, 1, 0.121226
21.925, 1, 0.121226
21.95, 1, 0.122249
21.975, 1, 0.122249
22, 1, 0.123164
22.025, 1, 0.123989
22.05, 1, 0.124738
22.075, 1, 0.124738
22.1, 1, 0.125422
22.125, 1, 0.125422
22.15, 1, 0.126054
22.175, 1, 0.126631
22.2, 1, 0.126631
22.225, 1, 0.127112
22.25, 1, 0.127489
22.275, 1, 0.127489
22.3, 1, 0.127489
22.325, 1, 0.127866
22.35, 1, 0.128241
22.375, 1, 0.128241
22.4, 1, 0.128241
22.425, 1, 0.128617
22.45, 1, 0.128617
22.475, 1, 0.128617
22.5, 1, 0.128617
22.525, 1, 0.128617
22.55, 1, 0.128927
22.575, 1, 0.128927
22.6, 1, 0.129249
22.625, 1, 0.129249
22.65, 1, 0.129598
22.675, 1, 0.129598
22.7, 1, 0.129598
22.725, 1, 0.129904
22.75, 1, 0.130132
22.775, 1, 0.130132
22.8, 1, 0.130132
22.825, 1, 0.130132
22.85, 1, 0.130132
22.875, 1, 0.130132
22.9, 1, 0.130132
22.925, 1, 0.130132
22.95, 1, 0.130132
22.975, 1, 0.130132
23, 1, 0.130364
23.025, 1, 0.130569
23.05, 1, 0.130751
23.075, 1, 0.130751
23.1, 1, 0.130751
23.125, 1, 0.131018
23.15, 1, 0.13127
23.175, 1, 0.13127
23.2, 1, 0.131444
23.225, 1, 0.131444
23.25, 1, 0.131444
23.275, 1, 0.131444
23.3, 1, 0.131444
23.325, 1, 0.131444
23.35, 1, 0.131444
23.375, 1, 0.131608
23.4, 1, 0.131608
23.425, 1, 0.131608
23.45, 1, 0.131608
23.475, 1, 0.131761
23.5, 1, 0.131761
23.525, 1, 0.131911
23.55, 1, 0.131911
23.575, 1, 0.132059
23.6, 1, 0.132059
23.625, 1, 0.132059
23.65, 1, 0.132059
23.675, 1, 0.132159
23.7, 1, 0.132219
23.725, 1, 0.132219
23.75, 1, 0.132219
23.775, 1, 0.132219
23.8, 1, 0.132219
23.825, 1, 0.13225
23.85, 1, 0.13225
23.875, 1, 0.13225
23.9, 1, 0.132235
23.925, 1, 0.132235
23.95, 1, 0.132227
23.975, 1, 0.132232
24, 1, 0.132257
24.025, 1, 0.132257
24.05, 1, 0.132257
24.075, 1, 0.132257
24.1, 1, 0.132246
24.125, 1, 0.132246
24.15, 1, 0.132246
24.175, 1, 0.132246
24.2, 1, 0.132246
24.225, 1, 0.132198
24.25, 1, 0.132176
24.275, 1, 0.132176
24.3, 1, 0.132176
24.325, 1, 0.132084
24.35, 1, 0.131978
24.375, 1, 0.131978
24.4, 1, 0.131874
24.425, 1, 0.131874
24.45, 1, 0.131874
24.475, 1, 0.131579
24.5, 1, 0.131265
24.525, 1, 0.131265
24.55, 1, 0.131265
24.575, 1, 0.131265
24.6, 1, 0.130799
24.625, 1, 0.130799
24.65, 1, 0.130327
24.675, 1, 0.129872
24.7, 1, 0.129872
24.725, 1, 0.129872
24.75, 1, 0.129872
24.775, 1, 0.129872
24.8, 1, 0.129872
24.825, 1, 0.129872
24.85, 1, 0.129872
24.875, 1, 0.129872
24.9, 1, 0.129872
24.925, 1, 0.129872
24.95, 1, 0.129872
24.975, 1, 0.129872
25, 1, 0.129423
25.025, 1, 0.129423
25.05, 1, 0.129423
25.075, 1, 0.129423
25.1, 1, 0.128986
25.125, 1, 0.128986
25.15, 1, 0.128563
25.175, 1, 0.128154
25.2, 1, 0.128154
25.225, 1, 0.128154
25.25, 1, 0.128154
25.275, 1, 0.127766
25.3, 1, 0.127766
25.325, 1, 0.127766
25.35, 1, 0.127766
25.375, 1, 0.127766
25.4, 1, 0.127766
25.425, 1, 0.127766
25.45, 1, 0.127766
25.475, 1, 0.127392
25.5, 1, 0.127392
25.525, 1, 0.127017
25.55, 1, 0.127017
25.575, 1, 0.127017
25.6, 1, 0.127017
25.625, 1, 0.12664
25.65, 1, 0.12628
25.675, 1, 0.125951
25.7, 1, 0.125648
25.725, 1, 0.125366
25.75, 1, 0.125096
25.775, 1, 0.124835
25.8, 1, 0.124835
25.825, 1, 0.124557
25.85, 1, 0.124219
25.875, 1, 0.124219
25.9, 1, 0.124219
25.925, 1, 0.124219
25.95, 1, 0.124219
25.975, 1, 0.124219
26, 1, 0.124219
26.025, 1, 0.124219
26.05, 1, 0.124219
26.075, 1, 0.124219
26.1, 1, 0.124018
26.125, 1, 0.124018
26.15, 1, 0.124018
26.175, 1, 0.124018
26.2, 1, 0.124018
26.225, 1, 0.124018
26.25, 1, 0.124018
26.275, 1, 0.124018
26.3, 1, 0.124018
26.325, 1, 0.123872
26.35, 1, 0.123872
26.375, 1, 0.123872
26.4, 1, 0.123872
26.425, 1, 0.123707
26.45, 1, 0.123541
26.475, 1, 0.123541
26.5, 1, 0.123541
26.525, 1, 0.123541
26.55, 1, 0.123541
26.575, 1, 0.123384
26.6, 1, 0.123384
26.625, 1, 0.123384
26.65, 1, 0.123384
26.675, 1, 0.123212
26.7, 1, 0.123212
26.725, 1, 0.123212
26.75, 1, 0.123212
26.775, 1, 0.123212
26.8, 1, 0.123088
26.825, 1, 0.123088
26.85, 1, 0.123088
26.875, 1, 0.122991
26.9, 1, 0.122991
26.925, 1, 0.122899
26.95, 1, 0.122815
26.975, 1, 0.122815
27, 1, 0.122815
27.025, 1, 0.122728
27.05, 1, 0.122645
27.075, 1, 0.12257
27.1, 1, 0.122507
27.125, 1, 0.122455
27.15, 1, 0.122455
27.175, 1, 0.122406
27.2, 1, 0.122406
27.225, 1, 0.122406
27.25, 1, 0.122323
27.275, 1, 0.122323
27.3, 1, 0.122323
27.325, 1, 0.122323
27.35, 1, 0.122323
27.375, 1, 0.122323
27.4, 1, 0.122323
27.425, 1, 0.122353
27.45, 1, 0.122353
27.475, 1, 0.122374
27.5, 1, 0.122374
27.525, 1, 0.122374
27.55, 1, 0.122374
27.575, 1, 0.122374
27.6, 1, 0.122374
27.625, 1, 0.122374
27.65, 1, 0.122374
27.675, 1, 0.122441
27.7, 1, 0.122464
27.725, 1, 0.122464
27.75, 1, 0.122464
27.775, 1, 0.122536
27.8, 1, 0.122536
27.825, 1, 0.122536
27.85, 1, 0.122646
27.875, 1, 0.122646
27.9, 1, 0.122646
27.925, 1, 0.122645
27.95, 1, 0.122645
27.975, 1, 0.122645
28, 1, 0.122645
28.025, 1, 0.122645
28.05, 1, 0.122744
28.075, 1, 0.12283
28.1, 1, 0.12283
28.125, 1, 0.122924
28.15, 1, 0.123019
28.175, 1, 0.123019
28.2, 1, 0.123103
28.225, 1, 0.123103
28.25, 1, 0.123103
28.275, 1, 0.123103
28.3, 1, 0.123201
28.325, 1, 0.123201
28.35, 1, 0.123201
28.375, 1, 0.123201
28.4, 1, 0.123201
28.425, 1, 0.123292
28.45, 1, 0.123292
28.475, 1, 0.12337
28.5, 1, 0.123441
28.525, 1, 0.123441
28.55, 1, 0.123511
28.575, 1, 0.123511
28.6, 1, 0.123511
28.625, 1, 0.123511
28.65, 1, 0.123537
28.675, 1, 0.123537
28.7, 1, 0.12349
28.725, 1, 0.12349
28.75, 1, 0.12349
28.775, 1, 0.12349
28.8, 1, 0.123557
28.825, 1, 0.123557
28.85, 1, 0.123612
28.875, 1, 0.123612
28.9, 1, 0.123612
28.925, 1, 0.123612
28.95, 1, 0.123612
28.975, 1, 0.123612
29, 1, 0.123612
29.025, 1, 0.123769
29.05, 1, 0.123966
29.075, 1, 0.123966
29.1, 1, 0.123966
29.125, 1, 0.123966
29.15, 1, 0.123966
29.175, 1, 0.124295
29.2, 1, 0.124295
29.225, 1, 0.12457
29.25, 1, 0.12457
29.275, 1, 0.12457
29.3, 1, 0.12457
29.325, 1, 0.12457
29.35, 1, 0.12457
29.375, 1, 0.124835
29.4, 1, 0.124835
29.425, 1, 0.124835
29.45, 1, 0.124835
29.475, 1, 0.125092
29.5, 1, 0.125092
29.525, 1, 0.125092
29.55, 1, 0.125323
29.575, 1, 0.125323
29.6, 1, 0.125323
29.625, 1, 0.125323
29.65, 1, 0.125323
29.675, 1, 0.125323
29.7, 1, 0.125323
29.725, 1, 0.125323
29.75, 1, 0.125559
29.775, 1, 0.125791
29.8, 1, 0.125791
29.825, 1, 0.125791
29.85, 1, 0.12602
29.875, 1, 0.12602
29.9, 1, 0.12602
29.925, 1, 0.12602
29.95, 1, 0.12602
29.975, 1, 0.12602
30, 1, 0.126239
30, 1, 0.126443
30.025, 1, 0.126443
30.05, 1, 0.126582
30.075, 1, 0.126579
30.1, 1, 0.126579
30.125, 1, 0.126579
30.15, 1, 0.126382
30.175, 1, 0.12589
30.2, 1, 0.125026
30.225, 1, 0.123941
30.25, 1, 0.123941
30.275, 1, 0.123941
30.3, 1, 0.123941
30.325, 1, 0.123941
30.35, 1, 0.123941
30.375, 1, 0.122872
30.4, 1, 0.122084
30.425, 1, 0.122084
30.45, 1, 0.120808
30.475, 1, 0.120808
30.5, 1, 0.11907
30.525, 1, 0.117463
30.55, 1, 0.116258
30.575, 1, 0.116258
30.6, 1, 0.115394
30.625, 1, 0.114964
30.65, 1, 0.114964
30.675, 1, 0.114538
30.7, 1, 0.114538
30.725, 1, 0.114538
30.75, 1, 0.114538
30.775, 1, 0.114049
30.8, 1, 0.113716
30.825, 1, 0.113634
30.85, 1, 0.113819
30.875, 1, 0.114199
30.9, 1, 0.114696
30.925, 1, 0.114696
30.95, 1, 0.114696
30.975, 1, 0.115216
31, 1, 0.115216
31.025, 1, 0.115216
31.05, 1, 0.115216
31.075, 1, 0.115216
31.1, 1, 0.1158
31.125, 1, 0.116494
31.15, 1, 0.116494
31.175, 1, 0.117166
31.2, 1, 0.117882
31.225, 1, 0.118628
31.25, 1, 0.118628
31.275, 1, 0.11935
31.3, 1, 0.120092
31.325, 1, 0.120856
31.35, 1, 0.121627
31.375, 1, 0.122396
31.4, 1, 0.123163
31.425, 1, 0.123921
31.45, 1, 0.124645
31.475, 1, 0.124645
31.5, 1, 0.124645
31.525, 1, 0.125111
31.55, 1, 0.125111
31.575, 1, 0.125111
31.6, 1, 0.12565
31.625, 1, 0.126173
31.65, 1, 0.126683
31.675, 1, 0.126683
31.7, 1, 0.126683
31.725, 1, 0.126683
31.75, 1, 0.127029
31.775, 1, 0.127029
31.8, 1, 0.127244
31.825, 1, 0.127244
31.85, 1, 0.127244
31.875, 1, 0.127619
31.9, 1, 0.128022
31.925, 1, 0.128022
31.95, 1, 0.128022
31.975, 1, 0.128022
32, 1, 0.128022
32.025, 1, 0.128152
32.05, 1, 0.128152
32.075, 1, 0.128196
32.1, 1, 0.128196
32.125, 1, 0.128374
32.15, 1, 0.128374
32.175, 1, 0.128374
32.2, 1, 0.128374
32.225, 1, 0.128547
32.25, 1, 0.128709
32.275, 1, 0.128709
32.3, 1, 0.128709
32.325, 1, 0.128709
32.35, 1, 0.128928
32.375, 1, 0.128928
32.4, 1, 0.128928
32.425, 1, 0.129166
32.45, 1, 0.129166
32.475, 1, 0.129411
32.5, 1, 0.129411
32.525, 1, 0.129634
32.55, 1, 0.129634
32.575, 1, 0.129634
32.6, 1, 0.129846
32.625, 1, 0.130034
32.65, 1, 0.130034
32.675, 1, 0.130034
32.7, 1, 0.130219
32.725, 1, 0.130219
32.75, 1, 0.13039
32.775, 1, 0.130546
32.8, 1, 0.13069
32.825, 1, 0.130824
32.85, 1, 0.13095
32.875, 1, 0.13095
32.9, 1, 0.131067
32.925, 1, 0.131168
32.95, 1, 0.131257
32.975, 1, 0.131343
33, 1, 0.131343
33.025, 1, 0.13143
33.05, 1, 0.13143
33.075, 1, 0.131537
33.1, 1, 0.131537
33.125, 1, 0.131537
33.15, 1, 0.131567
33.175, 1, 0.131507
33.2, 1, 0.131381
33.225, 1, 0.131381
33.25, 1, 0.131381
33.275, 1, 0.131396
33.3, 1, 0.131454
33.325, 1, 0.131515
33.35, 1, 0.131515
33.375, 1, 0.131515
33.4, 1, 0.13161
33.425, 1, 0.13161
33.45, 1, 0.131651
33.475, 1, 0.131651
33.5, 1, 0.13176
33.525, 1, 0.13176
33.55, 1, 0.131832
33.575, 1, 0.131832
33.6, 1, 0.131832
33.625, 1, 0.131867
33.65, 1, 0.131867
33.675, 1, 0.131908
33.7, 1, 0.131908
33.725, 1, 0.131908
33.75, 1, 0.131967
33.775, 1, 0.131967
33.8, 1, 0.131967
33.825, 1, 0.132024
33.85, 1, 0.132078
33.875, 1, 0.132078
33.9, 1, 0.132078
33.925, 1, 0.132133
33.95, 1, 0.132133
33.975, 1, 0.132133
34, 1, 0.132192
34.025, 1, 0.132251
34.05, 1, 0.132314
34.075, 1, 0.132314
34.1, 1, 0.132374
34.125, 1, 0.132433
34.15, 1, 0.132489
34.175, 1, 0.132489
34.2, 1, 0.132489
34.225, 1, 0.13254
34.25, 1, 0.13254
34.275, 1, 0.13254
34.3, 1, 0.13259
34.325, 1, 0.132636
34.35, 1, 0.132677
34.375, 1, 0.132677
34.4, 1, 0.13272
34.425, 1, 0.132766
34.45, 1, 0.132766
34.475, 1, 0.132766
34.5, 1, 0.132766
34.525, 1, 0.132766
34.55, 1, 0.132766
34.575, 1, 0.132702
34.6, 1, 0.132702
34.625, 1, 0.132702
34.65, 1, 0.132648
34.675, 1, 0.132648
34.7, 1, 0.132642
34.725, 1, 0.132642
34.75, 1, 0.132642
34.775, 1, 0.132642
34.8, 1, 0.132642
34.825, 1, 0.132642
34.85, 1, 0.132571
34.875, 1, 0.132571
34.9, 1, 0.132571
34.925, 1, 0.132571
34.95, 1, 0.132571
34.975, 1, 0.132571
35, 1, 0.132571
35.025, 1, 0.132571
35.05, 1, 0.132503
35.075, 1, 0.132503
35.1, 1, 0.132503
35.125, 1, 0.132503
35.15, 1, 0.132398
35.175, 1, 0.132286
35.2, 1, 0.132286
35.225, 1, 0.132286
35.25, 1, 0.13219
35.275, 1, 0.132115
35.3, 1, 0.132053
35.325, 1, 0.132053
35.35, 1, 0.131995
35.375, 1, 0.131995
35.4, 1, 0.131995
35.425, 1, 0.131937
35.45, 1, 0.131937
35.475, 1, 0.131937
35.5, 1, 0.131881
35.525, 1, 0.131881
35.55, 1, 0.131881
35.575, 1, 0.131881
35.6, 1, 0.131881
35.625, 1, 0.131823
35.65, 1, 0.131763
35.675, 1, 0.131763
35.7, 1, 0.131763
35.725, 1, 0.131697
35.75, 1, 0.131697
35.775, 1, 0.131628
35.8, 1, 0.131628
35.825, 1, 0.131628
35.85, 1, 0.131628
35.875, 1, 0.131628
35.9, 1, 0.131628
35.925, 1, 0.131561
35.95, 1, 0.131493
35.975, 1, 0.131493
36, 1, 0.131493
36.025, 1, 0.131382
36.05, 1, 0.131249
36.075, 1, 0.131249
36.1, 1, 0.131249
36.125, 1, 0.131249
36.15, 1, 0.131049
36.175, 1, 0.131049
36.2, 1, 0.131049
36.225, 1, 0.131049
36.25, 1, 0.131049
36.275, 1, 0.130812
36.3, 1, 0.130812
36.325, 1, 0.130812
36.35, 1, 0.130812
36.375, 1, 0.130812
36.4, 1, 0.130812
36.425, 1, 0.130812
36.45, 1, 0.130546
36.475, 1, 0.130291
36.5, 1, 0.130291
36.525, 1, 0.130291
36.55, 1, 0.130291
36.575, 1, 0.130051
36.6, 1, 0.130051
36.625, 1, 0.130051
36.65, 1, 0.130051
36.675, 1, 0.129797
36.7, 1, 0.129526
36.725, 1, 0.129249
36.75, 1, 0.129249
36.775, 1, 0.129249
36.8, 1, 0.129249
36.825, 1, 0.129249
36.85, 1, 0.129249
36.875, 1, 0.128981
36.9, 1, 0.128722
36.925, 1, 0.128469
36.95, 1, 0.128469
36.975, 1, 0.128222
37, 1, 0.128222
37.025, 1, 0.128222
37.05, 1, 0.128222
37.075, 1, 0.127983
37.1, 1, 0.127753
37.125, 1, 0.127753
37.15, 1, 0.127529
37.175, 1, 0.12731
37.2, 1, 0.127096
37.225, 1, 0.127096
37.25, 1, 0.127096
37.275, 1, 0.127096
37.3, 1, 0.127096
37.325, 1, 0.126894
37.35, 1, 0.126894
37.375, 1, 0.126894
37.4, 1, 0.126675
37.425, 1, 0.126427
37.45, 1, 0.126427
37.475, 1, 0.1262
37.5, 1, 0.126003
37.525, 1, 0.126003
37.55, 1, 0.126003
37.575, 1, 0.125778
37.6, 1, 0.125543
37.625, 1, 0.125323
37.65, 1, 0.125323
37.675, 1, 0.12499
37.7, 1, 0.124481
37.725, 1, 0.124481
37.75, 1, 0.124078
37.775, 1, 0.124078
37.8, 1, 0.123728
37.825, 1, 0.123728
37.85, 1, 0.123357
37.875, 1, 0.123357
37.9, 1, 0.123357
37.925, 1, 0.123357
37.95, 1, 0.123357
37.975, 1, 0.122932
38, 1, 0.122932
38.025, 1, 0.122932
38.05, 1, 0.122932
38.075, 1, 0.122932
38.1, 1, 0.122532
38.125, 1, 0.122145
38.15, 1, 0.121768
38.175, 1, 0.121768
38.2, 1, 0.121369
38.225, 1, 0.121369
38.25, 1, 0.121369
38.275, 1, 0.121369
38.3, 1, 0.121369
38.325, 1, 0.121369
38.35, 1, 0.121031
38.375, 1, 0.121031
38.4, 1, 0.120699
38.425, 1, 0.120699
38.45, 1, 0.120364
38.475, 1, 0.12003
38.5, 1, 0.12003
38.525, 1, 0.12003
38.55, 1, 0.1197
38.575, 1, 0.119373
38.6, 1, 0.119373
38.625, 1, 0.119373
38.65, 1, 0.119373
38.675, 1, 0.119373
38.7, 1, 0.119017
38.725, 1, 0.118625
38.75, 1, 0.118197
38.775, 1, 0.118197
38.8, 1, 0.117711
38.825, 1, 0.117169
38.85, 1, 0.116554
38.875, 1, 0.116554
38.9, 1, 0.116554
38.925, 1, 0.116554
38.95, 1, 0.116041
38.975, 1, 0.116041
39, 1, 0.115569
39.025, 1, 0.115094
39.05, 1, 0.11452
39.075, 1, 0.113769
39.1, 1, 0.113769
39.125, 1, 0.113769
39.15, 1, 0.113769
39.175, 1, 0.113769
39.2, 1, 0.113628
39.225, 1, 0.113628
39.25, 1, 0.113628
39.275, 1, 0.113628
39.3, 1, 0.113937
39.325, 1, 0.114234
39.35, 1, 0.11449
39.375, 1, 0.11449
39.4, 1, 0.114657
39.425, 1, 0.114657
39.45, 1, 0.114657
39.475, 1, 0.114859
39.5, 1, 0.114859
39.525, 1, 0.115033
39.55, 1, 0.115033
39.575, 1, 0.115033
39.6, 1, 0.115033
39.625, 1, 0.115033
39.65, 1, 0.115179
39.675, 1, 0.115179
39.7, 1, 0.115344
39.725, 1, 0.115512
39.75, 1, 0.115512
39.775, 1, 0.115512
39.8, 1, 0.115674
39.825, 1, 0.115674
39.85, 1, 0.115674
39.875, 1, 0.115674
39.9, 1, 0.115674
39.925, 1, 0.115825
39.95, 1, 0.115825
39.975, 1, 0.115825
40, 1, 0.115825
40, 1, 0.115973
40.025, 1, 0.116092
40.05, 1, 0.116092
40.075, 1, 0.116092
40.1, 1, 0.115838
40.125, 1, 0.115838
40.15, 1, 0.115838
40.175, 1, 0.115569
40.2, 1, 0.115569
40.225, 1, 0.115206
40.25, 1, 0.115206
40.275, 1, 0.114818
40.3, 1, 0.114818
40.325, 1, 0.114818
40.35, 1, 0.114078
40.375, 1, 0.114078
40.4, 1, 0.113347
40.425, 1, 0.113347
40.45, 1, 0.113347
40.475, 1, 0.112796
40.5, 1, 0.112796
40.525, 1, 0.112796
40.55, 1, 0.112796
40.575, 1, 0.112432
40.6, 1, 0.111719
40.625, 1, 0.111719
40.65, 1, 0.111719
40.675, 1, 0.111033
40.7, 1, 0.111033
40.725, 1, 0.111033
40.75, 1, 0.111033
40.775, 1, 0.111033
40.8, 1, 0.111033
40.825, 1, 0.111033
40.85, 1, 0.111033
40.875, 1, 0.111033
40.9, 1, 0.111033
40.925, 1, 0.111033
40.95, 1, 0.111033
40.975, 1, 0.110659
41, 1, 0.110659
41.025, 1, 0.110659
41.05, 1, 0.110454
41.075, 1, 0.110454
41.1, 1, 0.110358
41.125, 1, 0.110358
41.15, 1, 0.110358
41.175, 1, 0.110358
41.2, 1, 0.110358
41.225, 1, 0.110275
41.25, 1, 0.110378
41.275, 1, 0.110378
41.3, 1, 0.110378
41.325, 1, 0.110378
41.35, 1, 0.110492
41.375, 1, 0.110762
41.4, 1, 0.110762
41.425, 1, 0.111097
41.45, 1, 0.111097
41.475, 1, 0.111097
41.5, 1, 0.111432
41.525, 1, 0.111834
41.55, 1, 0.111834
41.575, 1, 0.112264
41.6, 1, 0.112768
41.625, 1, 0.113345
41.65, 1, 0.113983
41.675, 1, 0.113983
41.7, 1, 0.114603
41.725, 1, 0.11523
41.75, 1, 0.115855
41.775, 1, 0.115855
41.8, 1, 0.116463
41.825, 1, 0.117076
41.85, 1, 0.117696
41.875, 1, 0.118252
41.9, 1, 0.118661
41.925, 1, 0.118825
41.95, 1, 0.118823
41.975, 1, 0.118814
42, 1, 0.118814
42.025, 1, 0.118814
42.05, 1, 0.118871
42.075, 1, 0.118871
42.1, 1, 0.118921
42.125, 1, 0.11893
42.15, 1, 0.11893
42.175, 1, 0.118587
42.2, 1, 0.118587
42.225, 1, 0.118259
42.25, 1, 0.118259
42.275, 1, 0.118101
42.3, 1, 0.118101
42.325, 1, 0.117934
42.35, 1, 0.117777
42.375, 1, 0.117615
42.4, 1, 0.117615
42.425, 1, 0.117615
42.45, 1, 0.117615
42.475, 1, 0.117415
42.5, 1, 0.117218
42.525, 1, 0.117067
42.55, 1, 0.116944
42.575, 1, 0.116842
42.6, 1, 0.116842
42.625, 1, 0.116711
42.65, 1, 0.116542
42.675, 1, 0.116334
42.7, 1, 0.116074
42.725, 1, 0.115766
42.75, 1, 0.115766
42.775, 1, 0.115766
42.8, 1, 0.115766
42.825, 1, 0.115536
42.85, 1, 0.115536
42.875, 1, 0.115536
42.9, 1, 0.115309
42.925, 1, 0.115052
42.95, 1, 0.114763
42.975, 1, 0.114447
43, 1, 0.114447
43.025, 1, 0.114141
43.05, 1, 0.114141
43.075, 1, 0.113808
43.1, 1, 0.113808
43.125, 1, 0.113554
43.15, 1, 0.113403
43.175, 1, 0.113403
43.2, 1, 0.113403
43.225, 1, 0.11329
43.25, 1, 0.11329
43.275, 1, 0.113176
43.3, 1, 0.113176
43.325, 1, 0.113176
43.35, 1, 0.113061
43.375, 1, 0.113061
43.4, 1, 0.113061
43.425, 1, 0.113061
43.45, 1, 0.113061
43.475, 1, 0.113061
43.5, 1, 0.113061
43.525, 1, 0.113061
43.55, 1, 0.113061
43.575, 1, 0.113061
43.6, 1, 0.112982
43.625, 1, 0.112847
43.65, 1, 0.112813
43.675, 1, 0.112886
43.7, 1, 0.11297
43.725, 1, 0.11297
43.75, 1, 0.11297
43.775, 1, 0.11297
43.8, 1, 0.113085
43.825, 1, 0.113085
43.85, 1, 0.113085
43.875, 1, 0.113188
43.9, 1, 0.113188
43.925, 1, 0.113188
43.95, 1, 0.113188
43.975, 1, 0.113188
44, 1, 0.113188
44.025, 1, 0.113188
44.05, 1, 0.113188
44.075, 1, 0.113284
44.1, 1, 0.11338
44.125, 1, 0.113476
44.15, 1, 0.113576
44.175, 1, 0.113678
44.2, 1, 0.113678
44.225, 1, 0.113678
44.25, 1, 0.113678
44.275, 1, 0.113775
44.3, 1, 0.113775
44.325, 1, 0.113775
44.35, 1, 0.113874
44.375, 1, 0.113977
44.4, 1, 0.113977
44.425, 1, 0.113977
44.45, 1, 0.113977
44.475, 1, 0.113977
44.5, 1, 0.113977
44.525, 1, 0.113977
44.55, 1, 0.113977
44.575, 1, 0.114176
44.6, 1, 0.114176
44.625, 1, 0.114176
44.65, 1, 0.114176
44.675, 1, 0.114176
44.7, 1, 0.114176
44.725, 1, 0.114342
44.75, 1, 0.114392
44.775, 1, 0.114284
44.8, 1, 0.114284
44.825, 1, 0.114368
44.85, 1, 0.114368
44.875, 1, 0.114426
44.9, 1, 0.114426
44.925, 1, 0.114426
44.95, 1, 0.114426
44.975, 1, 0.114426
45, 1, 0.11435
45.025, 1, 0.114009
45.05, 1, 0.113612
45.075, 1, 0.113347
45.1, 1, 0.113347
45.125, 1, 0.113122
45.15, 1, 0.112901
45.175, 1, 0.112901
45.2, 1, 0.112901
45.225, 1, 0.112756
45.25, 1, 0.112756
45.275, 1, 0.112603
45.3, 1, 0.112603
45.325, 1, 0.112603
45.35, 1, 0.112501
45.375, 1, 0.112405
45.4, 1, 0.112405
45.425, 1, 0.112405
45.45, 1, 0.112405
45.475, 1, 0.112405
45.5, 1, 0.112405
45.525, 1, 0.112405
45.55, 1, 0.112323
45.575, 1, 0.112323
45.6, 1, 0.112323
45.625, 1, 0.112323
45.65, 1, 0.112323
45.675, 1, 0.112323
45.7, 1, 0.112323
45.725, 1, 0.112224
45.75, 1, 0.112224
45.775, 1, 0.112224
45.8, 1, 0.112224
45.825, 1, 0.11211
45.85, 1, 0.11211
45.875, 1, 0.112
45.9, 1, 0.112
45.925, 1, 0.111895
45.95, 1, 0.111895
45.975, 1, 0.111791
46, 1, 0.111791
46.025, 1, 0.111613
46.05, 1, 0.111613
46.075, 1, 0.111412
46.1, 1, 0.111412
46.125, 1, 0.11126
46.15, 1, 0.11126
46.175, 1, 0.111009
46.2, 1, 0.111009
46.225, 1, 0.111009
46.25, 1, 0.110986
46.275, 1, 0.110986
46.3, 1, 0.110732
46.325, 1, 0.110732
46.35, 1, 0.110556
46.375, 1, 0.110556
46.4, 1, 0.110202
46.425, 1, 0.110202
46.45, 1, 0.10954
46.475, 1, 0.108781
46.5, 1, 0.108045
46.525, 1, 0.10745
46.55, 1, 0.107025
46.575, 1, 0.106645
46.6, 1, 0.106262
46.625, 1, 0.10585
46.65, 1, 0.105376
46.675, 1, 0.105376
46.7, 1, 0.105376
46.725, 1, 0.105376
46.75, 1, 0.105217
46.775, 1, 0.105217
46.8, 1, 0.105217
46.825, 1, 0.105217
46.85, 1, 0.10506
46.875, 1, 0.104978
46.9, 1, 0.104949
46.925, 1, 0.104947
46.95, 1, 0.104949
46.975, 1, 0.104949
47, 1, 0.104949
47.025, 1, 0.104949
47.05, 1, 0.104933
47.075, 1, 0.10491
47.1, 1, 0.10491
47.125, 1, 0.104874
47.15, 1, 0.104874
47.175, 1, 0.104874
47.2, 1, 0.104837
47.225, 1, 0.104837
47.25, 1, 0.104775
47.275, 1, 0.104775
47.3, 1, 0.104775
47.325, 1, 0.104685
47.35, 1, 0.104685
47.375, 1, 0.104685
47.4, 1, 0.104685
47.425, 1, 0.104685
47.45, 1, 0.104685
47.475, 1, 0.10459
47.5, 1, 0.104497
47.525, 1, 0.104497
47.55, 1, 0.104497
47.575, 1, 0.104497
47.6, 1, 0.104497
47.625, 1, 0.104544
47.65, 1, 0.104722
47.675, 1, 0.104925
47.7, 1, 0.105036
47.725, 1, 0.105036
47.75, 1, 0.105036
47.775, 1, 0.105036
47.8, 1, 0.105591
47.825, 1, 0.10612
47.85, 1, 0.106592
47.875, 1, 0.106592
47.9, 1, 0.106592
47.925, 1, 0.106592
47.95, 1, 0.106592
47.975, 1, 0.106687
48, 1, 0.106376
48.025, 1, 0.106376
48.05, 1, 0.106376
48.075, 1, 0.106376
48.1, 1, 0.106299
48.125, 1, 0.106246
48.15, 1, 0.106246
48.175, 1, 0.106128
48.2, 1, 0.106128
48.225, 1, 0.105833
48.25, 1, 0.105304
48.275, 1, 0.105304
48.3, 1, 0.104718
48.325, 1, 0.104113
48.35, 1, 0.103525
48.375, 1, 0.103525
48.4, 1, 0.103525
48.425, 1, 0.103525
48.45, 1, 0.103525
48.475, 1, 0.103525
48.5, 1, 0.103525
48.525, 1, 0.102956
48.55, 1, 0.102956
48.575, 1, 0.102405
48.6, 1, 0.102405
48.625, 1, 0.101875
48.65, 1, 0.101875
48.675, 1, 0.101359
48.7, 1, 0.101359
48.725, 1, 0.101359
48.75, 1, 0.101359
48.775, 1, 0.100863
48.8, 1, 0.100863
48.825, 1, 0.10036
48.85, 1, 0.0998353
48.875, 1, 0.0998353
48.9, 1, 0.0998353
48.925, 1, 0.0998353
48.95, 1, 0.0998353
48.975, 1, 0.0998353
49, 1, 0.0998353
49.025, 1, 0.0998353
49.05, 1, 0.0995506
49.075, 1, 0.0995506
49.1, 1, 0.0991347
49.125, 1, 0.098464
49.15, 1, 0.0974269
49.175, 1, 0.0974269
49.2, 1, 0.0968433
49.225, 1, 0.0968433
49.25, 1, 0.096246
49.275, 1, 0.096246
49.3, 1, 0.0956604
49.325, 1, 0.0956604
49.35, 1, 0.0956604
49.375, 1, 0.0956604
49.4, 1, 0.0956604
49.425, 1, 0.0951098
49.45, 1, 0.0951098
49.475, 1, 0.0951098
49.5, 1, 0.0951098
49.525, 1, 0.0951098
49.55, 1, 0.0951098
49.575, 1, 0.0946174
49.6, 1, 0.0946174
49.625, 1, 0.0941347
49.65, 1, 0.0936573
49.675, 1, 0.0931956
49.7, 1, 0.0927625
49.725, 1, 0.0927625
49.75, 1, 0.0923786
49.775, 1, 0.0920208
49.8, 1, 0.0920208
49.825, 1, 0.0920208
49.85, 1, 0.0920208
49.875, 1, 0.0920208
49.9, 1, 0.0916931
49.925, 1, 0.0916931
49.95, 1, 0.0916931
49.975, 1, 0.0916931
50, 1, 0.0916931
50, 1, 0.0916931
50.025, 1, 0.0913763
50.05, 1, 0.0911404
50.075, 1, 0.0909891
50.1, 1, 0.0908193
50.125, 1, 0.0908193
50.15, 1, 0.0904494
50.175, 1, 0.0904494
50.2, 1, 0.0904494
50.225, 1, 0.0904494
50.25, 1, 0.0894234
50.275, 1, 0.0880754
50.3, 1, 0.0880754
50.325, 1, 0.0873562
50.35, 1, 0.0873562
50.375, 1, 0.0870624
50.4, 1, 0.08722
50.425, 1, 0.0876075
50.45, 1, 0.0878185
50.475, 1, 0.0876373
50.5, 1, 0.0871048
50.525, 1, 0.08627
50.55, 1, 0.0855534
50.575, 1, 0.0851638
50.6, 1, 0.0851638
50.625, 1, 0.0850045
50.65, 1, 0.0851331
50.675, 1, 0.0854369
50.7, 1, 0.0854369
50.725, 1, 0.0854369
50.75, 1, 0.0854369
50.775, 1, 0.0854369
50.8, 1, 0.0854369
50.825, 1, 0.0855812
50.85, 1, 0.0855812
50.875, 1, 0.0858857
50.9, 1, 0.0858857
50.925, 1, 0.0858857
50.95, 1, 0.0858857
50.975, 1, 0.0858857
51, 1, 0.0866396
51.025, 1, 0.0866396
51.05, 1, 0.0866396
51.075, 1, 0.0866396
51.1, 1, 0.0866396
51.125, 1, 0.0873635
51.15, 1, 0.0873635
51.175, 1, 0.0873635
51.2, 1, 0.0873635
51.225, 1, 0.0873635
51.25, 1, 0.0873635
51.275, 1, 0.0882169
51.3, 1, 0.0882169
51.325, 1, 0.0891108
51.35, 1, 0.0901339
51.375, 1, 0.0901339
51.4, 1, 0.0911838
51.425, 1, 0.0923328
51.45, 1, 0.0923328
51.475, 1, 0.0934534
51.5, 1, 0.0945938
51.525, 1, 0.09574
51.55, 1, 0.0968801
51.575, 1, 0.0968801
51.6, 1, 0.0968801
51.625, 1, 0.0979804
51.65, 1, 0.0990581
51.675, 1, 0.100114
51.7, 1, 0.101146
51.725, 1, 0.101146
51.75, 1, 0.102061
51.775, 1, 0.102855
51.8, 1, 0.103458
51.825, 1, 0.103458
51.85, 1, 0.103458
51.875, 1, 0.103458
51.9, 1, 0.103458
51.925, 1, 0.103458
51.95, 1, 0.104559
51.975, 1, 0.104559
52, 1, 0.104559
52.025, 1, 0.105183
52.05, 1, 0.105183
52.075, 1, 0.105201
52.1, 1, 0.105201
52.125, 1, 0.105257
52.15, 1, 0.105257
52.175, 1, 0.105257
52.2, 1, 0.105257
52.225, 1, 0.105257
52.25, 1, 0.105257
52.275, 1, 0.105257
52.3, 1, 0.105257
52.325, 1, 0.105257
52.35, 1, 0.105159
52.375, 1, 0.105159
52.4, 1, 0.105159
52.425, 1, 0.105159
52.45, 1, 0.105298
52.475, 1, 0.105298
52.5, 1, 0.105298
52.525, 1, 0.105298
52.55, 1, 0.105298
52.575, 1, 0.105298
52.6, 1, 0.105298
52.625, 1, 0.105298
52.65, 1, 0.105298
52.675, 1, 0.105298
52.7, 1, 0.105298
52.725, 1, 0.105716
52.75, 1, 0.105716
52.775, 1, 0.105716
52.8, 1, 0.105716
52.825, 1, 0.105716
52.85, 1, 0.106027
52.875, 1, 0.106027
52.9, 1, 0.106295
52.925, 1, 0.106295
52.95, 1, 0.106535
52.975, 1, 0.106747
53, 1, 0.106955
53.025, 1, 0.106955
53.05, 1, 0.106955
53.075, 1, 0.106955
53.1, 1, 0.106955
53.125, 1, 0.107202
53.15, 1, 0.107202
53.175, 1, 0.107202
53.2, 1, 0.10736
53.225, 1, 0.10736
53.25, 1, 0.10736
53.275, 1, 0.107584
53.3, 1, 0.107584
53.325, 1, 0.107906
53.35, 1, 0.107906
53.375, 1, 0.108277
53.4, 1, 0.108655
53.425, 1, 0.108961
53.45, 1, 0.108961
53.475, 1, 0.108961
53.5, 1, 0.10918
53.525, 1, 0.10918
53.55, 1, 0.109549
53.575, 1, 0.110032
53.6, 1, 0.110533
53.625, 1, 0.110533
53.65, 1, 0.110533
53.675, 1, 0.110533
53.7, 1, 0.110533
53.725, 1, 0.110533
53.75, 1, 0.111208
53.775, 1, 0.111788
53.8, 1, 0.111788
53.825, 1, 0.111788
53.85, 1, 0.111788
53.875, 1, 0.111788
53.9, 1, 0.111788
53.925, 1, 0.111788
53.95, 1, 0.111788
53.975, 1, 0.111788
54, 1, 0.111788
54.025, 1, 0.111788
54.05, 1, 0.112367
54.075, 1, 0.112938
54.1, 1, 0.112938
54.125, 1, 0.112938
54.15, 1, 0.113451
54.175, 1, 0.113931
54.2, 1, 0.113931
54.225, 1, 0.113931
54.25, 1, 0.114393
54.275, 1, 0.114393
54.3, 1, 0.114393
54.325, 1, 0.114393
54.35, 1, 0.114839
54.375, 1, 0.114839
54.4, 1, 0.115258
54.425, 1, 0.115651
54.45, 1, 0.116019
54.475, 1, 0.116354
54.5, 1, 0.116354
54.525, 1, 0.116354
54.55, 1, 0.116354
54.575, 1, 0.116354
54.6, 1, 0.116354
54.625, 1, 0.116689
54.65, 1, 0.116689
54.675, 1, 0.117016
54.7, 1, 0.117016
54.725, 1, 0.117016
54.75, 1, 0.117016
54.775, 1, 0.117316
54.8, 1, 0.117607
54.825, 1, 0.117607
54.85, 1, 0.117837
54.875, 1, 0.117837
54.9, 1, 0.117837
54.925, 1, 0.117837
54.95, 1, 0.118202
54.975, 1, 0.118202
55, 1, 0.118202
55.025, 1, 0.118467
55.05, 1, 0.118467
55.075, 1, 0.118728
55.1, 1, 0.118728
55.125, 1, 0.118728
55.15, 1, 0.118763
55.175, 1, 0.118763
55.2, 1, 0.118763
55.225, 1, 0.119049
55.25, 1, 0.119375
55.275, 1, 0.119728
55.3, 1, 0.120073
55.325, 1, 0.120073
55.35, 1, 0.120412
55.375, 1, 0.120412
55.4, 1, 0.120412
55.425, 1, 0.120412
55.45, 1, 0.120631
55.475, 1, 0.120631
55.5, 1, 0.120876
55.525, 1, 0.120876
55.55, 1, 0.120876
55.575, 1, 0.120876
55.6, 1, 0.121121
55.625, 1, 0.121318
55.65, 1, 0.121456
55.675, 1, 0.121523
55.7, 1, 0.121523
55.725, 1, 0.121553
55.75, 1, 0.121575
55.775, 1, 0.12161
55.8, 1, 0.121648
55.825, 1, 0.121687
55.85, 1, 0.121687
55.875, 1, 0.121717
55.9, 1, 0.121748
55.925, 1, 0.121748
55.95, 1, 0.121748
55.975, 1, 0.121748
56, 1, 0.121739
56.025, 1, 0.121686
56.05, 1, 0.121686
56.075, 1, 0.121686
56.1, 1, 0.121686
56.125, 1, 0.121644
56.15, 1, 0.121606
56.175, 1, 0.121578
56.2, 1, 0.121578
56.225, 1, 0.121536
56.25, 1, 0.121453
56.275, 1, 0.121453
56.3, 1, 0.12127
56.325, 1, 0.120986
56.35, 1, 0.120693
56.375, 1, 0.12046
56.4, 1, 0.120293
56.425, 1, 0.120154
56.45, 1, 0.120154
56.475, 1, 0.120154
56.5, 1, 0.120154
56.525, 1, 0.120154
56.55, 1, 0.120207
56.575, 1, 0.120015
56.6, 1, 0.120015
56.625, 1, 0.119966
56.65, 1, 0.119966
56.675, 1, 0.119966
56.7, 1, 0.119966
56.725, 1, 0.119548
56.75, 1, 0.119057
56.775, 1, 0.118599
56.8, 1, 0.118181
56.825, 1, 0.118181
56.85, 1, 0.118181
56.875, 1, 0.118181
56.9, 1, 0.118181
56.925, 1, 0.117857
56.95, 1, 0.117857
56.975, 1, 0.117857
57, 1, 0.117857
57.025, 1, 0.11761
57.05, 1, 0.117376
57.075, 1, 0.117376
57.1, 1, 0.117158
57.125, 1, 0.116953
57.15, 1, 0.116953
57.175, 1, 0.116734
57.2, 1, 0.116734
57.225, 1, 0.116734
57.25, 1, 0.116734
57.275, 1, 0.116485
57.3, 1, 0.116485
57.325, 1, 0.116221
57.35, 1, 0.116221
57.375, 1, 0.115936
57.4, 1, 0.115936
57.425, 1, 0.115641
57.45, 1, 0.115641
57.475, 1, 0.115641
57.5, 1, 0.115641
57.525, 1, 0.115332
57.55, 1, 0.114996
57.575, 1, 0.114996
57.6, 1, 0.114634
57.625, 1, 0.114634
57.65, 1, 0.114321
57.675, 1, 0.114321
57.7, 1, 0.114321
57.725, 1, 0.113964
57.75, 1, 0.113964
57.775, 1, 0.113964
57.8, 1, 0.113752
57.825, 1, 0.113499
57.85, 1, 0.113499
57.875, 1, 0.113499
57.9, 1, 0.113279
57.925, 1, 0.113279
57.95, 1, 0.113025
57.975, 1, 0.11258
58, 1, 0.11258
58.025, 1, 0.11258
58.05, 1, 0.112419
58.075, 1, 0.112419
58.1, 1, 0.112419
58.125, 1, 0.112419
58.15, 1, 0.112419
58.175, 1, 0.112419
58.2, 1, 0.112419
58.225, 1, 0.112466
58.25, 1, 0.112466
58.275, 1, 0.112494
58.3, 1, 0.112525
58.325, 1, 0.112525
58.35, 1, 0.112525
58.375, 1, 0.112504
58.4, 1, 0.112442
58.425, 1, 0.112358
58.45, 1, 0.112358
58.475, 1, 0.112358
58.5, 1, 0.112358
58.525, 1, 0.112358
58.55, 1, 0.112273
58.575, 1, 0.112174
58.6, 1, 0.112174
58.625, 1, 0.112043
58.65, 1, 0.11189
58.675, 1, 0.111723
58.7, 1, 0.111723
58.725, 1, 0.111583
58.75, 1, 0.111583
58.775, 1, 0.111583
58.8, 1, 0.111583
58.825, 1, 0.111583
58.85, 1, 0.111583
58.875, 1, 0.111583
58.9, 1, 0.111583
58.925, 1, 0.111471
58.95, 1, 0.111471
58.975, 1, 0.111471
59, 1, 0.111471
59.025, 1, 0.111471
59.05, 1, 0.111354
59.075, 1, 0.11126
59.1, 1, 0.111201
59.125, 1, 0.111167
59.15, 1, 0.111167
59.175, 1, 0.111167
59.2, 1, 0.111167
59.225, 1, 0.111167
59.25, 1, 0.111188
59.275, 1, 0.111107
59.3, 1, 0.111107
59.325, 1, 0.110931
59.35, 1, 0.110931
59.375, 1, 0.11085
59.4, 1, 0.11085
59.425, 1, 0.110533
59.45, 1, 0.110533
59.475, 1, 0.110146
59.5, 1, 0.110146
59.525, 1, 0.109929
59.55, 1, 0.109929
59.575, 1, 0.109929
59.6, 1, 0.109929
59.625, 1, 0.109929
59.65, 1, 0.109893
59.675, 1, 0.109756
59.7, 1, 0.109756
59.725, 1, 0.109756
59.75, 1, 0.109756
59.775, 1, 0.109801
59.8, 1, 0.109801
59.825, 1, 0.109801
59.85, 1, 0.109801
59.875, 1, 0.109801
59.9, 1, 0.109856
59.925, 1, 0.10991
59.95, 1, 0.10991
59.975, 1, 0.109962
60, 1, 0.110012
60, 1, 0.110012
60.025, 1, 0.110012
60.05, 1, 0.110012
60.075, 1, 0.110012
60.1, 1, 0.109819
60.125, 1, 0.109819
60.15, 1, 0.109073
60.175, 1, 0.109073
60.2, 1, 0.10784
60.225, 1, 0.106374
60.25, 1, 0.106374
60.275, 1, 0.104619
60.3, 1, 0.104619
60.325, 1, 0.104619
60.35, 1, 0.104619
60.375, 1, 0.104619
60.4, 1, 0.104619
60.425, 1, 0.104619
60.45, 1, 0.104619
60.475, 1, 0.104619
60.5, 1, 0.10282
60.525, 1, 0.10282
60.55, 1, 0.10282
60.575, 1, 0.10282
60.6, 1, 0.10282
60.625, 1, 0.101521
60.65, 1, 0.101521
60.675, 1, 0.101521
60.7, 1, 0.100683
60.725, 1, 0.100621
60.75, 1, 0.100621
60.775, 1, 0.100311
60.8, 1, 0.0999235
60.825, 1, 0.0994777
60.85, 1, 0.0991255
60.875, 1, 0.0991255
60.9, 1, 0.0991255
60.925, 1, 0.0989557
60.95, 1, 0.0991991
60.975, 1, 0.0991991
61, 1, 0.0991991
61.025, 1, 0.0991991
61.05, 1, 0.0991991
61.075, 1, 0.099782
61.1, 1, 0.100388
61.125, 1, 0.100388
61.15, 1, 0.100388
61.175, 1, 0.101036
61.2, 1, 0.101036
61.225, 1, 0.101036
61.25, 1, 0.101036
61.275, 1, 0.101036
61.3, 1, 0.101698
61.325, 1, 0.101698
61.35, 1, 0.102377
61.375, 1, 0.102377
61.4, 1, 0.102377
61.425, 1, 0.102377
61.45, 1, 0.103018
61.475, 1, 0.103742
61.5, 1, 0.10452
61.525, 1, 0.105335
61.55, 1, 0.106185
61.575, 1, 0.106185
61.6, 1, 0.106185
61.625, 1, 0.106988
61.65, 1, 0.106988
61.675, 1, 0.107767
61.7, 1, 0.108556
61.725, 1, 0.108556
61.75, 1, 0.109303
61.775, 1, 0.109303
61.8, 1, 0.109303
61.825, 1, 0.109303
61.85, 1, 0.109303
61.875, 1, 0.109303
61.9, 1, 0.109303
61.925, 1, 0.110131
61.95, 1, 0.110131
61.975, 1, 0.110933
62, 1, 0.110933
62.025, 1, 0.111711
62.05, 1, 0.11246
62.075, 1, 0.113158
62.1, 1, 0.113782
62.125, 1, 0.114308
62.15, 1, 0.114308
62.175, 1, 0.114308
62.2, 1, 0.114878
62.225, 1, 0.115443
62.25, 1, 0.115443
62.275, 1, 0.115443
62.3, 1, 0.115443
62.325, 1, 0.115827
62.35, 1, 0.115937
62.375, 1, 0.115702
62.4, 1, 0.115202
62.425, 1, 0.114592
62.45, 1, 0.114019
62.475, 1, 0.114019
62.5, 1, 0.113557
62.525, 1, 0.113187
62.55, 1, 0.11283
62.575, 1, 0.11283
62.6, 1, 0.11283
62.625, 1, 0.112295
62.65, 1, 0.112295
62.675, 1, 0.111752
62.7, 1, 0.111218
62.725, 1, 0.111218
62.75, 1, 0.11077
62.775, 1, 0.11077
62.8, 1, 0.11077
62.825, 1, 0.11077
62.85, 1, 0.110314
62.875, 1, 0.110314
62.9, 1, 0.110314
62.925, 1, 0.110314
62.95, 1, 0.110314
62.975, 1, 0.109965
63, 1, 0.109965
63.025, 1, 0.109965
63.05, 1, 0.109965
63.075, 1, 0.109965
63.1, 1, 0.109605
63.125, 1, 0.109299
63.15, 1, 0.109299
63.175, 1, 0.109013
63.2, 1, 0.108758
63.225, 1, 0.108758
63.25, 1, 0.108758
63.275, 1, 0.108513
63.3, 1, 0.108513
63.325, 1, 0.108323
63.35, 1, 0.108323
63.375, 1, 0.108323
63.4, 1, 0.108105
63.425, 1, 0.108105
63.45, 1, 0.10789
63.475, 1, 0.10789
63.5, 1, 0.10789
63.525, 1, 0.107602
63.55, 1, 0.107319
63.575, 1, 0.107101
63.6, 1, 0.107101
63.625, 1, 0.107101
63.65, 1, 0.107101
63.675, 1, 0.106508
63.7, 1, 0.105867
63.725, 1, 0.105867
63.75, 1, 0.105867
63.775, 1, 0.105144
63.8, 1, 0.105144
63.825, 1, 0.104394
63.85, 1, 0.103711
63.875, 1, 0.103118
63.9, 1, 0.103118
63.925, 1, 0.103118
63.95, 1, 0.102514
63.975, 1, 0.102514
64, 1, 0.102514
64.025, 1, 0.102514
64.05, 1, 0.102514
64.075, 1, 0.102514
64.1, 1, 0.102514
64.125, 1, 0.102091
64.15, 1, 0.102091
64.175, 1, 0.101665
64.2, 1, 0.101246
64.225, 1, 0.101246
64.25, 1, 0.10084
64.275, 1, 0.10084
64.3, 1, 0.10084
64.325, 1, 0.10084
64.35, 1, 0.10084
64.375, 1, 0.10084
64.4, 1, 0.10084
64.425, 1, 0.10084
64.45, 1, 0.10084
64.475, 1, 0.10084
64.5, 1, 0.100499
64.525, 1, 0.100168
64.55, 1, 0.100168
64.575, 1, 0.100168
64.6, 1, 0.0998383
64.625, 1, 0.0995087
64.65, 1, 0.0991795
64.675, 1, 0.0988511
64.7, 1, 0.0988511
64.725, 1, 0.0985484
64.75, 1, 0.0982707
64.775, 1, 0.0982707
64.8, 1, 0.0982707
64.825, 1, 0.0979979
64.85, 1, 0.0979979
64.875, 1, 0.0979979
64.9, 1, 0.0979979
64.925, 1, 0.0979979
64.95, 1, 0.0976554
64.975, 1, 0.0972729
65, 1, 0.0972729
65.025, 1, 0.0969971
65.05, 1, 0.0969971
65.075, 1, 0.0969971
65.1, 1, 0.0967353
65.125, 1, 0.0967353
65.15, 1, 0.0967353
65.175, 1, 0.0963181
65.2, 1, 0.0963181
65.225, 1, 0.0963181
65.25, 1, 0.0961008
65.275, 1, 0.0961008
65.3, 1, 0.0961008
65.325, 1, 0.0961008
65.35, 1, 0.0958013
65.375, 1, 0.0954982
65.4, 1, 0.0952042
65.425, 1, 0.0952042
65.45, 1, 0.0948406
65.475, 1, 0.0948406
65.5, 1, 0.0948406
65.525, 1, 0.0945355
65.55, 1, 0.0945355
65.575, 1, 0.0945355
65.6, 1, 0.0945355
65.625, 1, 0.0942401
65.65, 1, 0.0939607
65.675, 1, 0.093694
65.7, 1, 0.093694
65.725, 1, 0.0934179
65.75, 1, 0.0931509
65.775, 1, 0.0929063
65.8, 1, 0.0929063
65.825, 1, 0.0929063
65.85, 1, 0.0926758
65.875, 1, 0.0924702
65.9, 1, 0.0924702
65.925, 1, 0.0922735
65.95, 1, 0.0922735
65.975, 1, 0.0922735
66, 1, 0.0920825
66.025, 1, 0.0918987
66.05, 1, 0.0918987
66.075, 1, 0.0917207
66.1, 1, 0.0915483
66.125, 1, 0.0915483
66.15, 1, 0.091365
66.175, 1, 0.091365
66.2, 1, 0.091365
66.225, 1, 0.091365
66.25, 1, 0.0911558
66.275, 1, 0.0911558
66.3, 1, 0.0911558
66.325, 1, 0.0911558
66.35, 1, 0.0911558
66.375, 1, 0.0911558
66.4, 1, 0.0911558
66.425, 1, 0.0910192
66.45, 1, 0.0908585
66.475, 1, 0.0908585
66.5, 1, 0.0908585
66.525, 1, 0.0908585
66.55, 1, 0.0908585
66.575, 1, 0.0908938
66.6, 1, 0.0908784
66.625, 1, 0.0908784
66.65, 1, 0.09085
66.675, 1, 0.0908446
66.7, 1, 0.0908446
66.725, 1, 0.0908446
66.75, 1, 0.0907117
66.775, 1, 0.0904744
66.8, 1, 0.0902547
66.825, 1, 0.0902547
66.85, 1, 0.0902547
66.875, 1, 0.0899741
66.9, 1, 0.0896564
66.925, 1, 0.0893242
66.95, 1, 0.0893242
66.975, 1, 0.089021
67, 1, 0.0887251
67.025, 1, 0.0887251
67.05, 1, 0.0884389
67.075, 1, 0.0881638
67.1, 1, 0.0881638
67.125, 1, 0.0878864
67.15, 1, 0.0878864
67.175, 1, 0.0878864
67.2, 1, 0.0878864
67.225, 1, 0.0876358
67.25, 1, 0.087388
67.275, 1, 0.087388
67.3, 1, 0.0871466
67.325, 1, 0.0871466
67.35, 1, 0.0871466
67.375, 1, 0.0871466
67.4, 1, 0.0869007
67.425, 1, 0.0869007
67.45, 1, 0.0869007
67.475, 1, 0.0869007
67.5, 1, 0.0866734
67.525, 1, 0.0866734
67.55, 1, 0.0864586
67.575, 1, 0.0862528
67.6, 1, 0.0862528
67.625, 1, 0.0862528
67.65, 1, 0.0860224
67.675, 1, 0.0857647
67.7, 1, 0.0857647
67.725, 1, 0.0857647
67.75, 1, 0.0855354
67.775, 1, 0.0855354
67.8, 1, 0.0853129
67.825, 1, 0.0850967
67.85, 1, 0.084858
67.875, 1, 0.084858
67.9, 1, 0.0844968
67.925, 1, 0.0844968
67.95, 1, 0.0842081
67.975, 1, 0.0842081
68, 1, 0.0839055
68.025, 1, 0.0834629
68.05, 1, 0.0834629
68.075, 1, 0.0830351
68.1, 1, 0.0830351
68.125, 1, 0.0827537
68.15, 1, 0.0824981
68.175, 1, 0.0824981
68.2, 1, 0.082244
68.225, 1, 0.0820182
68.25, 1, 0.0820182
68.275, 1, 0.0820182
68.3, 1, 0.0820182
68.325, 1, 0.0820182
68.35, 1, 0.0820182
68.375, 1, 0.0821329
68.4, 1, 0.0821329
68.425, 1, 0.082191
68.45, 1, 0.082191
68.475, 1, 0.082191
68.5, 1, 0.082191
68.525, 1, 0.082191
68.55, 1, 0.082191
68.575, 1, 0.0822425
68.6, 1, 0.0822425
68.625, 1, 0.0823003
68.65, 1, 0.0823003
68.675, 1, 0.0823003
68.7, 1, 0.0823556
68.725, 1, 0.0823556
68.75, 1, 0.0823556
68.775, 1, 0.0823556
68.8, 1, 0.0824096
68.825, 1, 0.0824096
68.85, 1, 0.082461
68.875, 1, 0.082461
68.9, 1, 0.0825097
68.925, 1, 0.0825097
68.95, 1, 0.0825097
68.975, 1, 0.0825635
69, 1, 0.0825635
69.025, 1, 0.0825635
69.05, 1, 0.0825635
69.075, 1, 0.0826153
69.1, 1, 0.0826701
69.125, 1, 0.0826701
69.15, 1, 0.0826701
69.175, 1, 0.0827101
69.2, 1, 0.0827513
69.225, 1, 0.0827894
69.25, 1, 0.0827894
69.275, 1, 0.0827894
69.3, 1, 0.0827894
69.325, 1, 0.0827894
69.35, 1, 0.082966
69.375, 1, 0.082966
69.4, 1, 0.082966
69.425, 1, 0.0830882
69.45, 1, 0.0830882
69.475, 1, 0.0831915
69.5, 1, 0.0831915
69.525, 1, 0.0831915
69.55, 1, 0.0831915
69.575, 1, 0.0832228
69.6, 1, 0.0832228
69.625, 1, 0.0833098
69.65, 1, 0.0835322
69.675, 1, 0.0835322
69.7, 1, 0.0835322
69.725, 1, 0.0837461
69.75, 1, 0.0837461
69.775, 1, 0.0837461
69.8, 1, 0.083968
69.825, 1, 0.0841055
69.85, 1, 0.0841055
69.875, 1, 0.0841055
69.9, 1, 0.0841055
69.925, 1, 0.0843711
69.95, 1, 0.0846207
69.975, 1, 0.084842
70, 1, 0.085062
70.025, 1, 0.085062
70.05, 1, 0.085062
70.075, 1, 0.0850055
70.1, 1, 0.0845897
70.125, 1, 0.0837222
70.15, 1, 0.0837222
70.175, 1, 0.0828486
70.2, 1, 0.082103
70.225, 1, 0.0813027
70.25, 1, 0.0806237
70.275, 1, 0.0801535
70.3, 1, 0.0797701
70.325, 1, 0.0797701
70.35, 1, 0.0797701
70.375, 1, 0.0797701
70.4, 1, 0.0797701
70.425, 1, 0.0797701
70.45, 1, 0.0797701
70.475, 1, 0.0789766
70.5, 1, 0.0785689
70.525, 1, 0.0783812
70.55, 1, 0.0783812
70.575, 1, 0.0784565
70.6, 1, 0.0784565
70.625, 1, 0.0784565
70.65, 1, 0.0784565
70.675, 1, 0.0784565
70.7, 1, 0.0784565
70.725, 1, 0.078558
70.75, 1, 0.078558
70.775, 1, 0.0789889
70.8, 1, 0.0800084
70.825, 1, 0.0800084
70.85, 1, 0.0811204
70.875, 1, 0.0811204
70.9, 1, 0.0811204
70.925, 1, 0.0811204
70.95, 1, 0.0811204
70.975, 1, 0.0823776
71, 1, 0.0823776
71.025, 1, 0.0823776
71.05, 1, 0.0823776
71.075, 1, 0.0836218
71.1, 1, 0.085421
71.125, 1, 0.0875333
71.15, 1, 0.0875333
71.175, 1, 0.0875333
71.2, 1, 0.0895857
71.225, 1, 0.0895857
71.25, 1, 0.0914494
71.275, 1, 0.0914494
71.3, 1, 0.0914494
71.325, 1, 0.0933675
71.35, 1, 0.0953935
71.375, 1, 0.0974868
71.4, 1, 0.0996075
71.425, 1, 0.101736
71.45, 1, 0.101736
71.475, 1, 0.101736
71.5, 1, 0.101736
71.525, 1, 0.101736
71.55, 1, 0.101736
71.575, 1, 0.101736
71.6, 1, 0.101736
71.625, 1, 0.103852
71.65, 1, 0.103852
71.675, 1, 0.103852
71.7, 1, 0.105862
71.725, 1, 0.105862
71.75, 1, 0.105862
71.775, 1, 0.107807
71.8, 1, 0.107807
71.825, 1, 0.109678
71.85, 1, 0.109678
71.875, 1, 0.109678
71.9, 1, 0.111433
71.925, 1, 0.111433
71.95, 1, 0.113081
71.975, 1, 0.113081
72, 1, 0.113081
72.025, 1, 0.113081
72.05, 1, 0.113081
72.075, 1, 0.113081
72.1, 1, 0.114763
72.125, 1, 0.116398
72.15, 1, 0.117988
72.175, 1, 0.119532
72.2, 1, 0.119532
72.225, 1, 0.119532
72.25, 1, 0.119532
72.275, 1, 0.119532
72.3, 1, 0.119532
72.325, 1, 0.12103
72.35, 1, 0.12103
72.375, 1, 0.122523
72.4, 1, 0.123987
72.425, 1, 0.123987
72.45, 1, 0.1254
72.475, 1, 0.1254
72.5, 1, 0.126688
72.525, 1, 0.126688
72.55, 1, 0.127742
72.575, 1, 0.128669
72.6, 1, 0.128669
72.625, 1, 0.128669
72.65, 1, 0.128669
72.675, 1, 0.128669
72.7, 1, 0.129563
72.725, 1, 0.130422
72.75, 1, 0.130422
72.775, 1, 0.131143
72.8, 1, 0.131694
72.825, 1, 0.131694
72.85, 1, 0.132111
72.875, 1, 0.132111
72.9, 1, 0.132111
72.925, 1, 0.132542
72.95, 1, 0.132542
72.975, 1, 0.13295
73, 1, 0.133323
73.025, 1, 0.133323
73.05, 1, 0.133639
73.075, 1, 0.133639
73.1, 1, 0.133922
73.125, 1, 0.134196
73.15, 1, 0.134196
73.175, 1, 0.134196
73.2, 1, 0.134491
73.225, 1, 0.134491
73.25, 1, 0.13479
73.275, 1, 0.13479
73.3, 1, 0.13479
73.325, 1, 0.13479
73.35, 1, 0.13479
73.375, 1, 0.13508
73.4, 1, 0.135381
73.425, 1, 0.135687
73.45, 1, 0.135687
73.475, 1, 0.135687
73.5, 1, 0.135999
73.525, 1, 0.136333
73.55, 1, 0.136333
73.575, 1, 0.136333
73.6, 1, 0.136333
73.625, 1, 0.136333
73.65, 1, 0.136333
73.675, 1, 0.136663
73.7, 1, 0.136976
73.725, 1, 0.136976
73.75, 1, 0.137323
73.775, 1, 0.137323
73.8, 1, 0.137592
73.825, 1, 0.137772
73.85, 1, 0.137772
73.875, 1, 0.137895
73.9, 1, 0.138017
73.925, 1, 0.138017
73.95, 1, 0.138066
73.975, 1, 0.138066
74, 1, 0.138066
74.025, 1, 0.138343
74.05, 1, 0.138595
74.075, 1, 0.138595
74.1, 1, 0.138595
74.125, 1, 0.138595
74.15, 1, 0.138595
74.175, 1, 0.139004
74.2, 1, 0.139249
74.225, 1, 0.139249
74.25, 1, 0.13933
74.275, 1, 0.13933
74.3, 1, 0.139407
74.325, 1, 0.13949
74.35, 1, 0.13949
74.375, 1, 0.13949
74.4, 1, 0.139571
74.425, 1, 0.139571
74.45, 1, 0.139632
74.475, 1, 0.139632
74.5, 1, 0.139632
74.525, 1, 0.139709
74.55, 1, 0.139796
74.575, 1, 0.139796
74.6, 1, 0.139882
74.625, 1, 0.139969
74.65, 1, 0.139969
74.675, 1, 0.139969
74.7, 1, 0.139969
74.725, 1, 0.139969
74.75, 1, 0.140053
74.775, 1, 0.140133
74.8, 1, 0.140133
74.825, 1, 0.140215
74.85, 1, 0.140297
74.875, 1, 0.14038
74.9, 1, 0.14038
74.925, 1, 0.140466
74.95, 1, 0.140551
74.975, 1, 0.140628
75, 1, 0.140698
75.025, 1, 0.140766
75.05, 1, 0.140766
75.075, 1, 0.140812
75.1, 1, 0.140817
75.125, 1, 0.140767
75.15, 1, 0.140767
75.175, 1, 0.140788
75.2, 1, 0.140788
75.225, 1, 0.140788
75.25, 1, 0.140788
75.275, 1, 0.140788
75.3, 1, 0.140788
75.325, 1, 0.140788
75.35, 1, 0.140974
75.375, 1, 0.140974
75.4, 1, 0.140974
75.425, 1, 0.140974
75.45, 1, 0.140974
75.475, 1, 0.141396
75.5, 1, 0.141717
75.525, 1, 0.141913
75.55, 1, 0.141913
75.575, 1, 0.14217
75.6, 1, 0.14217
75.625, 1, 0.14205
75.65, 1, 0.14205
75.675, 1, 0.14205
75.7, 1, 0.14205
75.725, 1, 0.14205
75.75, 1, 0.142172
75.775, 1, 0.142172
75.8, 1, 0.142172
75.825, 1, 0.142249
75.85, 1, 0.142235
75.875, 1, 0.142235
75.9, 1, 0.142235
75.925, 1, 0.142235
75.95, 1, 0.142282
75.975, 1, 0.142359
76, 1, 0.142359
76.025, 1, 0.142359
76.05, 1, 0.142359
76.075, 1, 0.142359
76.1, 1, 0.142359
76.125, 1, 0.142359
76.15, 1, 0.142359
76.175, 1, 0.142359
76.2, 1, 0.142359
76.225, 1, 0.142453
76.25, 1, 0.142453
76.275, 1, 0.142556
76.3, 1, 0.142556
76.325, 1, 0.142556
76.35, 1, 0.142655
76.375, 1, 0.142655
76.4, 1, 0.142655
76.425, 1, 0.142751
76.45, 1, 0.142843
76.475, 1, 0.142843
76.5, 1, 0.14292
76.525, 1, 0.14292
76.55, 1, 0.14292
76.575, 1, 0.14292
76.6, 1, 0.14292
76.625, 1, 0.14292
76.65, 1, 0.142927
76.675, 1, 0.142927
76.7, 1, 0.142927
76.725, 1, 0.142927
76.75, 1, 0.142927
76.775, 1, 0.142927
76.8, 1, 0.142927
76.825, 1, 0.142927
76.85, 1, 0.142927
76.875, 1, 0.142927
76.9, 1, 0.143265
76.925, 1, 0.143265
76.95, 1, 0.143265
76.975, 1, 0.143265
77, 1, 0.143781
77.025, 1, 0.143781
77.05, 1, 0.14374
77.075, 1, 0.14374
77.1, 1, 0.143446
77.125, 1, 0.143446
77.15, 1, 0.143446
77.175, 1, 0.143446
77.2, 1, 0.143446
77.225, 1, 0.143446
77.25, 1, 0.143092
77.275, 1, 0.142593
77.3, 1, 0.141957
77.325, 1, 0.141957
77.35, 1, 0.141957
77.375, 1, 0.141957
77.4, 1, 0.141298
77.425, 1, 0.141298
77.45, 1, 0.141298
77.475, 1, 0.140647
77.5, 1, 0.140031
77.525, 1, 0.140031
77.55, 1, 0.139462
77.575, 1, 0.138953
77.6, 1, 0.138953
77.625, 1, 0.138953
77.65, 1, 0.138486
77.675, 1, 0.138136
77.7, 1, 0.138136
77.725, 1, 0.138136
77.75, 1, 0.138136
77.775, 1, 0.137798
77.8, 1, 0.137798
77.825, 1, 0.137477
77.85, 1, 0.137477
77.875, 1, 0.137164
77.9, 1, 0.136879
77.925, 1, 0.136879
77.95, 1, 0.136879
77.975, 1, 0.136879
78, 1, 0.136879
78.025, 1, 0.136879
78.05, 1, 0.136879
78.075, 1, 0.136879
78.1, 1, 0.136879
78.125, 1, 0.136879
78.15, 1, 0.137129
78.175, 1, 0.137129
78.2, 1, 0.137129
78.225, 1, 0.137129
78.25, 1, 0.137129
78.275, 1, 0.137129
78.3, 1, 0.137129
78.325, 1, 0.137284
78.35, 1, 0.137284
78.375, 1, 0.137284
78.4, 1, 0.137617
78.425, 1, 0.137617
78.45, 1, 0.137865
78.475, 1, 0.137913
78.5, 1, 0.137913
78.525, 1, 0.138065
78.55, 1, 0.138065
78.575, 1, 0.138189
78.6, 1, 0.138189
78.625, 1, 0.138189
78.65, 1, 0.138354
78.675, 1, 0.138354
78.7, 1, 0.138354
78.725, 1, 0.138354
78.75, 1, 0.138354
78.775, 1, 0.138622
78.8, 1, 0.138909
78.825, 1, 0.138909
78.85, 1, 0.139166
78.875, 1, 0.139166
78.9, 1, 0.139166
78.925, 1, 0.139166
78.95, 1, 0.139466
78.975, 1, 0.139755
79, 1, 0.140037
79.025, 1, 0.140037
79.05, 1, 0.140037
79.075, 1, 0.140037
79.1, 1, 0.14029
79.125, 1, 0.14029
79.15, 1, 0.14029
79.175, 1, 0.140489
79.2, 1, 0.140489
79.225, 1, 0.140489
79.25, 1, 0.140615
79.275, 1, 0.140615
79.3, 1, 0.140615
79.325, 1, 0.140615
79.35, 1, 0.140615
79.375, 1, 0.140615
79.4, 1, 0.140615
79.425, 1, 0.140615
79.45, 1, 0.140615
79.475, 1, 0.140615
79.5, 1, 0.140513
79.525, 1, 0.140123
79.55, 1, 0.140123
79.575, 1, 0.139803
79.6, 1, 0.139521
79.625, 1, 0.139521
79.65, 1, 0.139185
79.675, 1, 0.139185
79.7, 1, 0.139185
79.725, 1, 0.139185
79.75, 1, 0.139185
79.775, 1, 0.138574
79.8, 1, 0.138574
79.825, 1, 0.138574
79.85, 1, 0.138268
79.875, 1, 0.138221
79.9, 1, 0.138261
79.925, 1, 0.138261
79.95, 1, 0.138261
79.975, 1, 0.138196
80, 1, 0.138196
80.025, 1, 0.138196
80.05, 1, 0.138196
80.075, 1, 0.138196
80.1, 1, 0.13829
80.125, 1, 0.138197
80.15, 1, 0.138197
80.175, 1, 0.13819
80.2, 1, 0.13819
80.225, 1, 0.137134
80.25, 1, 0.137134
80.275, 1, 0.137134
80.3, 1, 0.135606
80.325, 1, 0.135606
80.35, 1, 0.134339
80.375, 1, 0.134339
80.4, 1, 0.133287
80.425, 1, 0.132469
80.45, 1, 0.132469
80.475, 1, 0.132469
80.5, 1, 0.131572
80.525, 1, 0.131572
80.55, 1, 0.131572
80.575, 1, 0.131572
80.6, 1, 0.131572
80.625, 1, 0.131572
80.65, 1, 0.131572
80.675, 1, 0.131572
80.7, 1, 0.131572
80.725, 1, 0.130939
80.75, 1, 0.130655
80.775, 1, 0.130655
80.8, 1, 0.130527
80.825, 1, 0.13056
80.85, 1, 0.130703
80.875, 1, 0.130896
80.9, 1, 0.131087
80.925, 1, 0.131263
80.95, 1, 0.131263
80.975, 1, 0.131529
81, 1, 0.131892
81.025, 1, 0.132327
81.05, 1, 0.132849
81.075, 1, 0.132849
81.1, 1, 0.132849
81.125, 1, 0.133355
81.15, 1, 0.133355
81.175, 1, 0.133865
81.2, 1, 0.134428
81.225, 1, 0.134428
81.25, 1, 0.13501
81.275, 1, 0.13501
81.3, 1, 0.13501
81.325, 1, 0.135483
81.35, 1, 0.135483
81.375, 1, 0.135939
81.4, 1, 0.136351
81.425, 1, 0.136351
81.45, 1, 0.136351
81.475, 1, 0.136767
81.5, 1, 0.136767
81.525, 1, 0.137098
81.55, 1, 0.137098
81.575, 1, 0.137235
81.6, 1, 0.137235
81.625, 1, 0.137301
81.65, 1, 0.137359
81.675, 1, 0.137416
81.7, 1, 0.137416
81.725, 1, 0.137416
81.75, 1, 0.137435
81.775, 1, 0.137435
81.8, 1, 0.137435
81.825, 1, 0.137435
81.85, 1, 0.13736
81.875, 1, 0.137224
81.9, 1, 0.137042
81.925, 1, 0.137042
81.95, 1, 0.137042
81.975, 1, 0.137042
82, 1, 0.136872
82.025, 1, 0.136872
82.05, 1, 0.136705
82.075, 1, 0.136705
82.1, 1, 0.136535
82.125, 1, 0.136535
82.15, 1, 0.136372
82.175, 1, 0.136213
82.2, 1, 0.136058
82.225, 1, 0.135911
82.25, 1, 0.135772
82.275, 1, 0.135772
82.3, 1, 0.135646
82.325, 1, 0.135533
82.35, 1, 0.135533
82.375, 1, 0.135533
82.4, 1, 0.135419
82.425, 1, 0.135299
82.45, 1, 0.135299
82.475, 1, 0.135299
82.5, 1, 0.135299
82.525, 1, 0.135299
82.55, 1, 0.135299
82.575, 1, 0.135299
82.6, 1, 0.135299
82.625, 1, 0.135186
82.65, 1, 0.135186
82.675, 1, 0.135079
82.7, 1, 0.135079
82.725, 1, 0.134971
82.75, 1, 0.134882
82.775, 1, 0.134882
82.8, 1, 0.134882
82.825, 1, 0.134882
82.85, 1, 0.134882
82.875, 1, 0.134882
82.9, 1, 0.134829
82.925, 1, 0.134829
82.95, 1, 0.134685
82.975, 1, 0.134685
83, 1, 0.134685
83.025, 1, 0.134685
83.05, 1, 0.13462
83.075, 1, 0.134556
83.1, 1, 0.134513
83.125, 1, 0.134513
83.15, 1, 0.134513
83.175, 1, 0.134457
83.2, 1, 0.134378
83.225, 1, 0.134378
83.25, 1, 0.134378
83.275, 1, 0.134378
83.3, 1, 0.134304
83.325, 1, 0.134304
83.35, 1, 0.134304
83.375, 1, 0.13423
83.4, 1, 0.13423
83.425, 1, 0.134184
83.45, 1, 0.13416
83.475, 1, 0.134158
83.5, 1, 0.134158
83.525, 1, 0.134158
83.55, 1, 0.134158
83.575, 1, 0.134138
83.6, 1, 0.134098
83.625, 1, 0.134098
83.65, 1, 0.134041
83.675, 1, 0.134041
83.7, 1, 0.134041
83.725, 1, 0.134041
83.75, 1, 0.134041
83.775, 1, 0.134041
83.8, 1, 0.134041
83.825, 1, 0.134041
83.85, 1, 0.133962
83.875, 1, 0.133962
83.9, 1, 0.133898
83.925, 1, 0.133877
83.95, 1, 0.133877
83.975, 1, 0.133877
84, 1, 0.133877
84.025, 1, 0.133877
84.05, 1, 0.133877
84.075, 1, 0.133906
84.1, 1, 0.133906
84.125, 1, 0.133906
84.15, 1, 0.133925
84.175, 1, 0.13396
84.2, 1, 0.13396
84.225, 1, 0.13396
84.25, 1, 0.13396
84.275, 1, 0.133943
84.3, 1, 0.133933
84.325, 1, 0.133899
84.35, 1, 0.133899
84.375, 1, 0.133899
84.4, 1, 0.133899
84.425, 1, 0.133816
84.45, 1, 0.133816
84.475, 1, 0.133816
84.5, 1, 0.133816
84.525, 1, 0.133754
84.55, 1, 0.133754
84.575, 1, 0.133754
84.6, 1, 0.133754
84.625, 1, 0.133754
84.65, 1, 0.133651
84.675, 1, 0.133651
84.7, 1, 0.133547
84.725, 1, 0.133547
84.75, 1, 0.133547
84.775, 1, 0.133547
84.8, 1, 0.133547
84.825, 1, 0.133454
84.85, 1, 0.133454
84.875, 1, 0.133454
84.9, 1, 0.133454
84.925, 1, 0.133368
84.95, 1, 0.133368
84.975, 1, 0.133368
85, 1, 0.133285
85.025, 1, 0.133207
85.05, 1, 0.133138
85.075, 1, 0.133138
85.1, 1, 0.133138
85.125, 1, 0.133138
85.15, 1, 0.133138
85.175, 1, 0.133064
85.2, 1, 0.132993
85.225, 1, 0.132993
85.25, 1, 0.132993
85.275, 1, 0.132993
85.3, 1, 0.132926
85.325, 1, 0.132926
85.35, 1, 0.132868
85.375, 1, 0.132868
85.4, 1, 0.132807
85.425, 1, 0.132807
85.45, 1, 0.132745
85.475, 1, 0.132684
85.5, 1, 0.132623
85.525, 1, 0.132623
85.55, 1, 0.132623
85.575, 1, 0.132559
85.6, 1, 0.132559
85.625, 1, 0.132559
85.65, 1, 0.132501
85.675, 1, 0.132419
85.7, 1, 0.132326
85.725, 1, 0.132237
85.75, 1, 0.132148
85.775, 1, 0.132148
85.8, 1, 0.132148
85.825, 1, 0.131991
85.85, 1, 0.131846
85.875, 1, 0.131846
85.9, 1, 0.131846
85.925, 1, 0.131846
85.95, 1, 0.131669
85.975, 1, 0.131669
86, 1, 0.131502
86.025, 1, 0.131502
86.05, 1, 0.131502
86.075, 1, 0.131502
86.1, 1, 0.131502
86.125, 1, 0.131338
86.15, 1, 0.131338
86.175, 1, 0.131194
86.2, 1, 0.131194
86.225, 1, 0.131058
86.25, 1, 0.131058
86.275, 1, 0.130924
86.3, 1, 0.130791
86.325, 1, 0.130791
86.35, 1, 0.130791
86.375, 1, 0.130658
86.4, 1, 0.130658
86.425, 1, 0.130515
86.45, 1, 0.130373
86.475, 1, 0.130373
86.5, 1, 0.130231
86.525, 1, 0.130231
86.55, 1, 0.130095
86.575, 1, 0.130095
86.6, 1, 0.130095
86.625, 1, 0.130095
86.65, 1, 0.130095
86.675, 1, 0.130095
86.7, 1, 0.130095
86.725, 1, 0.130095
86.75, 1, 0.130095
86.775, 1, 0.130095
86.8, 1, 0.130095
86.825, 1, 0.130095
86.85, 1, 0.129975
86.875, 1, 0.129857
86.9, 1, 0.129857
86.925, 1, 0.129857
86.95, 1, 0.12973
86.975, 1, 0.129588
87, 1, 0.12947
87.025, 1, 0.129385
87.05, 1, 0.129301
87.075, 1, 0.129191
87.1, 1, 0.129191
87.125, 1, 0.129019
87.15, 1, 0.129019
87.175, 1, 0.129019
87.2, 1, 0.128861
87.225, 1, 0.128861
87.25, 1, 0.128659
87.275, 1, 0.128659
87.3, 1, 0.128491
87.325, 1, 0.128491
87.35, 1, 0.128491
87.375, 1, 0.128327
87.4, 1, 0.128327
87.425, 1, 0.128128
87.45, 1, 0.128128
87.475, 1, 0.128128
87.5, 1, 0.128128
87.525, 1, 0.128128
87.55, 1, 0.128128
87.575, 1, 0.128155
87.6, 1, 0.128155
87.625, 1, 0.128191
87.65, 1, 0.128191
87.675, 1, 0.128223
87.7, 1, 0.128223
87.725, 1, 0.128223
87.75, 1, 0.128223
87.775, 1, 0.128247
87.8, 1, 0.128274
87.825, 1, 0.128316
87.85, 1, 0.128365
87.875, 1, 0.128365
87.9, 1, 0.128365
87.925, 1, 0.128412
87.95, 1, 0.128412
87.975, 1, 0.128412
88, 1, 0.128453
88.025, 1, 0.128453
88.05, 1, 0.128453
88.075, 1, 0.128453
88.1, 1, 0.128453
88.125, 1, 0.128492
88.15, 1, 0.128492
88.175, 1, 0.128492
88.2, 1, 0.128492
88.225, 1, 0.128492
88.25, 1, 0.128492
88.275, 1, 0.128492
88.3, 1, 0.12853
88.325, 1, 0.12853
88.35, 1, 0.12853
88.375, 1, 0.12853
88.4, 1, 0.128561
88.425, 1, 0.128561
88.45, 1, 0.128561
88.475, 1, 0.128561
88.5, 1, 0.128592
88.525, 1, 0.128622
88.55, 1, 0.128639
88.575, 1, 0.128631
88.6, 1, 0.128631
88.625, 1, 0.128631
88.65, 1, 0.128631
88.675, 1, 0.128631
88.7, 1, 0.128631
88.725, 1, 0.128631
88.75, 1, 0.128631
88.775, 1, 0.128631
88.8, 1, 0.1286
88.825, 1, 0.12857
88.85, 1, 0.12857
88.875, 1, 0.128486
88.9, 1, 0.128486
88.925, 1, 0.128486
88.95, 1, 0.128414
88.975, 1, 0.128414
89, 1, 0.128414
89.025, 1, 0.128414
89.05, 1, 0.128351
89.075, 1, 0.128351
89.1, 1, 0.128351
89.125, 1, 0.128351
89.15, 1, 0.128351
89.175, 1, 0.128287
89.2, 1, 0.128228
89.225, 1, 0.128228
89.25, 1, 0.128228
89.275, 1, 0.128228
89.3, 1, 0.128173
89.325, 1, 0.128124
89.35, 1, 0.128124
89.375, 1, 0.128073
89.4, 1, 0.128073
89.425, 1, 0.128073
89.45, 1, 0.128073
89.475, 1, 0.128012
89.5, 1, 0.127943
89.525, 1, 0.127867
89.55, 1, 0.127867
89.575, 1, 0.127793
89.6, 1, 0.127718
89.625, 1, 0.127718
89.65, 1, 0.127642
89.675, 1, 0.127569
89.7, 1, 0.127569
89.725, 1, 0.127498
89.75, 1, 0.127498
89.775, 1, 0.127428
89.8, 1, 0.127428
89.825, 1, 0.127363
89.85, 1, 0.127363
89.875, 1, 0.127284
89.9, 1, 0.127169
89.925, 1, 0.126989
89.95, 1, 0.126775
89.975, 1, 0.126566
