0, 8.04263, -2.69177
0.025, 8.04263, -2.69177
0.05, 8.04263, -2.69177
0.075, 1.62212, -0.162288
0.1, 1.62212, -0.162288
0.125, 6.2448, 2.97413
0.15, 0.660326, 2.9778
0.175, 0.195873, 2.97811
0.2, 0.195873, 2.97811
0.225, 0.195873, 2.97811
0.25, 0.0424512, 2.97821
0.275, 0.0424512, 2.97821
0.3, 0.0424512, 2.97821
0.325, 0.0059814, -0.163353
0.35, 0.0059814, -0.163353
0.375, 0.0059814, -0.163353
0.4, 0.0338495, -0.163336
0.425, 0.0454235, -0.16333
0.45, 0.0454235, -0.16333
0.475, 0.0454235, -0.16333
0.5, 0.0526651, -0.163326
0.525, 0.0580316, -0.163324
0.55, 0.0626631, -0.163322
0.575, 0.0626631, -0.163322
0.6, 0.0626631, -0.163322
0.625, 0.0752566, -0.163322
0.65, 0.0752566, -0.163322
0.675, 0.0888225, -0.163335
0.7, 0.0888225, -0.163335
0.725, 0.104518, -0.163366
0.75, 0.118827, -0.163408
0.775, 0.137977, -0.163489
0.8, 0.161211, -0.163643
0.825, 0.161211, -0.163643
0.85, 0.22423, -0.164444
0.875, 0.314884, -0.16669
0.9, 0.314884, -0.16669
0.925, 0.381362, -0.170248
0.95, 0.42819, -0.175685
0.975, 0.476487, -0.184293
1, 0.476487, -0.184293
1.025, 0.476487, -0.184293
1.05, 1.05488, -0.414718
1.075, 1.05488, -0.414718
1.1, 1.73202, -1.16927
1.125, 1.73202, -1.16927
1.15, 1.73202, -1.16927
1.175, 1.00489, -2.18377
1.2, 1.67537, -1.55686
1.225, 1.67537, -1.55686
1.25, 1.67537, -1.55686
1.275, 0.925171, -2.14135
1.3, 0.925171, -2.14135
1.325, 0.925171, -2.14135
1.35, 0.849737, -2.18418
1.375, 0.849737, -2.18418
1.4, 1.19045, -1.97497
1.425, 1.19045, -1.97497
1.45, 1.31013, -1.90061
1.475, 1.31013, -1.90061
1.5, 1.39553, -1.84985
1.525, 1.39553, -1.84985
1.55, 1.39553, -1.84985
1.575, 1.39553, -1.84985
1.6, 1.25827, -1.90032
1.625, 1.25827, -1.90032
1.65, 1.331, -1.85862
1.675, 1.331, -1.85862
1.7, 1.34657, -1.85099
1.725, 1.39683, -1.81311
1.75, 1.39683, -1.81311
1.775, 1.46992, -1.78083
1.8, 1.46992, -1.78083
1.825, 1.46992, -1.78083
1.85, 1.46992, -1.78083
1.875, 1.44846, -1.78646
1.9, 1.47902, -1.76376
1.925, 1.49808, -1.75129
1.95, 1.51471, -1.74158
1.975, 1.51471, -1.74158
2, 1.51471, -1.74158
2.025, 1.57338, -1.72643
2.05, 1.59649, -1.70949
2.075, 1.59649, -1.70949
2.1, 1.59649, -1.70949
2.125, 1.59649, -1.70949
2.15, 1.59603, -1.70959
2.175, 1.60459, -1.7052
2.2, 1.61128, -1.70208
2.225, 1.61128, -1.70208
2.25, 1.61128, -1.70208
2.275, 1.61128, -1.70208
2.3, 1.61128, -1.70208
2.325, 1.665, -1.69377
2.35, 1.665, -1.69377
2.375, 1.665, -1.69377
2.4, 1.665, -1.69377
2.425, 1.68464, -1.6882
2.45, 1.68464, -1.6882
2.475, 1.68519, -1.68803
2.5, 1.68519, -1.68803
2.525, 1.69308, -1.68625
2.55, 1.70486, -1.68006
2.575, 1.70486, -1.68006
2.6, 1.70486, -1.68006
2.625, 1.70486, -1.68006
2.65, 1.70486, -1.68006
2.675, 1.70486, -1.68006
2.7, 1.7067, -1.67974
2.725, 1.7067, -1.67974
2.75, 1.70391, -1.68051
2.775, 1.70601, -1.67927
2.8, 1.70852, -1.67728
2.825, 1.70852, -1.67728
2.85, 1.71157, -1.67648
2.875, 1.71157, -1.67648
2.9, 1.71157, -1.67648
2.925, 1.71157, -1.67648
2.95, 1.66116, -1.68218
2.975, 1.66116, -1.68218
3, 1.65149, -1.68385
3.025, 1.65031, -1.68418
3.05, 1.65031, -1.68418
3.075, 1.65031, -1.68418
3.1, 1.6428, -1.68519
3.125, 1.63501, -1.68678
3.15, 1.63501, -1.68678
3.175, 1.62127, -1.68855
3.2, 1.62127, -1.68855
3.225, 1.62127, -1.68855
3.25, 1.62127, -1.68855
3.275, 1.60688, -1.68996
3.3, 1.60688, -1.68996
3.325, 1.60688, -1.68996
3.35, 1.54175, -1.69617
3.375, 1.51369, -1.69945
3.4, 1.50276, -1.70075
3.425, 1.50276, -1.70075
3.45, 1.50276, -1.70075
3.475, 1.55027, -1.69507
3.5, 1.56834, -1.69229
3.525, 1.56707, -1.69244
3.55, 1.54834, -1.69432
3.575, 1.54834, -1.69432
3.6, 1.54834, -1.69432
3.625, 1.54834, -1.69432
3.65, 1.55881, -1.69353
3.675, 1.60367, -1.68921
3.7, 1.60367, -1.68921
3.725, 1.60367, -1.68921
3.75, 1.60367, -1.68921
3.775, 1.58186, -1.68596
3.8, 1.61794, -1.68258
3.825, 1.61794, -1.68258
3.85, 1.62767, -1.68121
3.875, 1.62767, -1.68121
3.9, 1.64124, -1.67966
3.925, 1.64124, -1.67966
3.95, 1.64124, -1.67966
3.975, 1.64325, -1.67896
4, 1.67163, -1.67678
4.025, 1.67163, -1.67678
4.05, 1.67163, -1.67678
4.075, 1.63215, -1.67611
4.1, 1.65257, -1.67368
4.125, 1.65257, -1.67368
4.15, 1.65257, -1.67368
4.175, 1.64134, -1.67338
4.2, 1.65884, -1.67155
4.225, 1.67324, -1.66977
4.25, 1.67324, -1.66977
4.275, 1.67324, -1.66977
4.3, 1.62177, -1.67019
4.325, 1.62177, -1.67019
4.35, 1.60857, -1.66996
4.375, 1.60916, -1.66962
4.4, 1.61084, -1.66914
4.425, 1.61084, -1.66914
4.45, 1.60421, -1.66847
4.475, 1.59545, -1.66737
4.5, 1.58705, -1.66677
4.525, 1.58705, -1.66677
4.55, 1.58705, -1.66677
4.575, 1.5915, -1.66692
4.6, 1.5915, -1.66692
4.625, 1.5915, -1.66692
4.65, 1.59217, -1.66716
4.675, 1.59217, -1.66716
4.7, 1.59217, -1.66716
4.725, 1.56983, -1.66643
4.75, 1.56983, -1.66643
4.775, 1.57466, -1.66648
4.8, 1.57466, -1.66648
4.825, 1.57466, -1.66648
4.85, 1.57424, -1.66631
4.875, 1.56867, -1.66614
4.9, 1.56277, -1.66603
4.925, 1.55628, -1.66592
4.95, 1.56435, -1.66606
4.975, 1.56435, -1.66606
5, 1.56435, -1.66606
5.025, 1.56435, -1.66606
5.05, 1.56435, -1.66606
5.075, 1.56435, -1.66606
5.1, 1.56435, -1.66606
5.125, 1.56435, -1.66606
5.15, 1.64479, -1.6608
5.175, 1.64596, -1.66092
5.2, 1.64596, -1.66092
5.225, 1.64596, -1.66092
5.25, 1.64596, -1.66092
5.275, 1.64596, -1.66092
5.3, 1.58815, -1.66515
5.325, 1.58815, -1.66515
5.35, 1.58815, -1.66515
5.375, 1.58815, -1.66515
5.4, 1.57559, -1.66603
5.425, 1.56091, -1.66754
5.45, 1.56091, -1.66754
5.475, 1.56091, -1.66754
5.5, 1.54845, -1.66857
5.525, 1.54845, -1.66857
5.55, 1.53349, -1.66991
5.575, 1.50469, -1.67199
5.6, 1.50469, -1.67199
5.625, 1.45591, -1.6746
5.65, 1.45591, -1.6746
5.675, 1.45591, -1.6746
5.7, 1.44286, -1.67522
5.725, 1.44286, -1.67522
5.75, 1.45118, -1.67478
5.775, 1.46258, -1.67422
5.8, 1.46258, -1.67422
5.825, 1.46258, -1.67422
5.85, 1.45601, -1.67457
5.875, 1.43947, -1.67526
5.9, 1.43831, -1.67531
5.925, 1.44994, -1.67481
5.95, 1.44994, -1.67481
5.975, 1.44994, -1.67481
6, 1.44998, -1.67481
6.025, 1.46234, -1.67427
6.05, 1.46234, -1.67427
6.075, 1.46234, -1.67427
6.1, 1.46204, -1.6743
6.125, 1.46204, -1.6743
6.15, 1.46204, -1.6743
6.175, 1.46204, -1.6743
6.2, 1.46362, -1.67428
6.225, 1.46362, -1.67428
6.25, 1.46841, -1.67394
6.275, 1.48455, -1.67303
6.3, 1.48455, -1.67303
6.325, 1.48455, -1.67303
6.35, 1.48455, -1.67303
6.375, 1.48225, -1.67307
6.4, 1.48448, -1.67273
6.425, 1.48371, -1.67281
6.45, 1.47689, -1.67338
6.475, 1.47689, -1.67338
6.5, 1.47689, -1.67338
6.525, 1.48329, -1.67256
6.55, 1.48329, -1.67256
6.575, 1.48329, -1.67256
6.6, 1.48329, -1.67256
6.625, 1.42434, -1.67357
6.65, 1.42434, -1.67357
6.675, 1.42434, -1.67357
6.7, 1.42434, -1.67357
6.725, 1.45878, -1.67382
6.75, 1.45878, -1.67382
6.775, 1.45878, -1.67382
6.8, 1.45878, -1.67382
6.825, 1.3909, -1.67271
6.85, 1.3909, -1.67271
6.875, 1.3909, -1.67271
6.9, 1.41998, -1.67269
6.925, 1.41998, -1.67269
6.95, 1.41998, -1.67269
6.975, 1.41998, -1.67269
7, 1.42035, -1.67281
7.025, 1.42035, -1.67281
7.05, 1.41518, -1.67265
7.075, 1.41446, -1.67264
7.1, 1.41734, -1.67268
7.125, 1.41734, -1.67268
7.15, 1.42834, -1.67292
7.175, 1.44968, -1.67324
7.2, 1.4688, -1.67356
7.225, 1.48942, -1.67392
7.25, 1.48942, -1.67392
7.275, 1.50899, -1.67525
7.3, 1.53777, -1.67643
7.325, 1.53777, -1.67643
7.35, 1.54058, -1.6783
7.375, 1.54058, -1.6783
7.4, 1.54151, -1.67978
7.425, 1.54151, -1.67978
7.45, 1.54151, -1.67978
7.475, 1.54151, -1.67978
7.5, 1.54151, -1.67978
7.525, 1.49724, -1.68331
7.55, 1.49724, -1.68331
7.575, 1.49724, -1.68331
7.6, 1.49834, -1.68321
7.625, 1.49834, -1.68321
7.65, 1.49591, -1.68358
7.675, 1.49591, -1.68358
7.7, 1.4783, -1.68498
7.725, 1.44435, -1.68716
7.75, 1.44435, -1.68716
7.775, 1.4046, -1.68929
7.8, 1.39638, -1.68976
7.825, 1.40425, -1.6893
7.85, 1.39583, -1.68976
7.875, 1.39583, -1.68976
7.9, 1.39583, -1.68976
7.925, 1.37563, -1.69059
7.95, 1.37851, -1.69048
7.975, 1.37851, -1.69048
8, 1.37851, -1.69048
8.025, 1.39065, -1.69002
8.05, 1.41476, -1.68907
8.075, 1.42529, -1.68866
8.1, 1.42529, -1.68866
8.125, 1.42529, -1.68866
8.15, 1.42529, -1.68866
8.175, 1.42529, -1.68866
8.2, 1.42529, -1.68866
8.225, 1.42529, -1.68866
8.25, 1.42529, -1.68866
8.275, 1.40474, -1.68965
8.3, 1.40474, -1.68965
8.325, 1.40558, -1.68964
8.35, 1.40558, -1.68964
8.375, 1.40558, -1.68964
8.4, 1.40558, -1.68964
8.425, 1.40783, -1.68969
8.45, 1.40783, -1.68969
8.475, 1.41281, -1.68861
8.5, 1.41342, -1.68756
8.525, 1.41177, -1.68661
8.55, 1.40956, -1.68587
8.575, 1.40956, -1.68587
8.6, 1.40956, -1.68587
8.625, 1.40956, -1.68587
8.65, 1.40613, -1.6859
8.675, 1.37521, -1.68525
8.7, 1.35044, -1.68494
8.725, 1.35044, -1.68494
8.75, 1.35116, -1.68495
8.775, 1.35116, -1.68495
8.8, 1.35116, -1.68495
8.825, 1.35116, -1.68495
8.85, 1.35232, -1.68498
8.875, 1.35629, -1.68504
8.9, 1.35629, -1.68504
8.925, 1.34785, -1.68492
8.95, 1.34785, -1.68492
8.975, 1.37527, -1.68549
9, 1.41392, -1.68626
9.025, 1.41392, -1.68626
9.05, 1.41392, -1.68626
9.075, 1.41392, -1.68626
9.1, 1.40596, -1.68471
9.125, 1.40596, -1.68471
9.15, 1.40596, -1.68471
9.175, 1.40596, -1.68471
9.2, 1.40625, -1.68487
9.225, 1.40625, -1.68487
9.25, 1.40625, -1.68487
9.275, 1.40625, -1.68487
9.3, 1.40611, -1.68411
9.325, 1.40611, -1.68411
9.35, 1.40611, -1.68411
9.375, 1.40611, -1.68411
9.4, 1.40642, -1.6838
9.425, 1.42751, -1.68447
9.45, 1.42751, -1.68447
9.475, 1.43774, -1.68558
9.5, 1.43774, -1.68558
9.525, 1.43774, -1.68558
9.55, 1.41873, -1.6878
9.575, 1.41873, -1.6878
9.6, 1.41873, -1.6878
9.625, 1.41873, -1.6878
9.65, 1.41873, -1.6878
9.675, 1.49934, -1.68323
9.7, 1.49934, -1.68323
9.725, 1.49918, -1.68316
9.75, 1.49918, -1.68316
9.775, 1.45621, -1.68634
9.8, 1.45621, -1.68634
9.825, 1.45621, -1.68634
9.85, 1.45621, -1.68634
9.875, 1.46352, -1.68607
9.9, 1.4718, -1.68573
9.925, 1.4718, -1.68573
9.95, 1.4718, -1.68573
9.975, 1.4718, -1.68573
10, 1.4718, -1.68573
10.025, 1.4718, -1.68573
10.05, 1.40729, -1.68764
10.075, 1.40729, -1.68764
10.1, 1.33454, -1.68974
10.125, 1.33454, -1.68974
10.15, 1.33454, -1.68974
10.175, 1.33454, -1.68974
10.2, 1.33454, -1.68974
10.225, 1.33454, -1.68974
10.25, 1.27087, -1.6911
10.275, 1.27087, -1.6911
10.3, 1.27087, -1.6911
10.325, 1.27087, -1.6911
10.35, 1.27087, -1.6911
10.375, 1.27087, -1.6911
10.4, 1.27271, -1.69105
10.425, 1.27271, -1.69105
10.45, 1.27271, -1.69105
10.475, 1.27271, -1.69105
10.5, 1.27271, -1.69105
10.525, 1.27281, -1.69107
10.55, 1.31665, -1.68937
10.575, 1.35102, -1.68752
10.6, 1.36988, -1.6862
10.625, 1.36988, -1.6862
10.65, 1.36988, -1.6862
10.675, 1.36988, -1.6862
10.7, 1.36988, -1.6862
10.725, 1.36988, -1.6862
10.75, 1.36988, -1.6862
10.775, 1.36536, -1.68624
10.8, 1.36536, -1.68624
10.825, 1.3242, -1.68596
10.85, 1.3242, -1.68596
10.875, 1.3596, -1.68646
10.9, 1.3596, -1.68646
10.925, 1.3596, -1.68646
10.95, 1.3596, -1.68646
10.975, 1.3596, -1.68646
11, 1.3596, -1.68646
11.025, 1.31131, -1.68166
11.05, 1.31131, -1.68166
11.075, 1.31131, -1.68166
11.1, 1.28521, -1.68167
11.125, 1.27861, -1.68164
11.15, 1.27861, -1.68164
11.175, 1.27861, -1.68164
11.2, 1.27861, -1.68164
11.225, 1.34864, -1.68266
11.25, 1.40532, -1.68317
11.275, 1.43108, -1.68339
11.3, 1.42741, -1.68336
11.325, 1.39366, -1.68324
11.35, 1.39366, -1.68324
11.375, 1.32395, -1.68327
11.4, 1.32395, -1.68327
11.425, 1.32395, -1.68327
11.45, 1.32395, -1.68327
11.475, 1.37756, -1.68544
11.5, 1.43711, -1.6874
11.525, 1.43711, -1.6874
11.55, 1.43983, -1.68784
11.575, 1.43983, -1.68784
11.6, 1.4168, -1.68716
11.625, 1.4168, -1.68716
11.65, 1.4168, -1.68716
11.675, 1.43319, -1.68812
11.7, 1.44519, -1.68947
11.725, 1.44519, -1.68947
11.75, 1.44519, -1.68947
11.775, 1.44519, -1.68947
11.8, 1.44708, -1.68936
11.825, 1.44708, -1.68936
11.85, 1.44708, -1.68936
11.875, 1.42327, -1.69059
11.9, 1.42327, -1.69059
11.925, 1.34973, -1.69348
11.95, 1.34973, -1.69348
11.975, 1.20566, -1.69852
12, 1.14813, -1.70049
12.025, 1.14813, -1.70049
12.05, 1.16035, -1.70011
12.075, 1.16035, -1.70011
12.1, 1.16035, -1.70011
12.125, 1.16035, -1.70011
12.15, 1.1374, -1.70062
12.175, 1.16473, -1.69992
12.2, 1.16473, -1.69992
12.225, 1.16473, -1.69992
12.25, 1.16473, -1.69992
12.275, 1.16473, -1.69992
12.3, 1.14567, -1.69954
12.325, 1.15337, -1.69935
12.35, 1.15337, -1.69935
12.375, 1.17705, -1.69877
12.4, 1.17705, -1.69877
12.425, 1.21236, -1.69787
12.45, 1.21236, -1.69787
12.475, 1.24419, -1.69709
12.5, 1.29155, -1.6956
12.525, 1.32727, -1.69447
12.55, 1.32727, -1.69447
12.575, 1.31248, -1.69493
12.6, 1.31248, -1.69493
12.625, 1.31248, -1.69493
12.65, 1.31248, -1.69493
12.675, 1.31586, -1.69464
12.7, 1.32853, -1.69326
12.725, 1.33194, -1.69181
12.75, 1.32252, -1.6909
12.775, 1.32252, -1.6909
12.8, 1.32252, -1.6909
12.825, 1.35411, -1.69047
12.85, 1.34925, -1.69012
12.875, 1.34925, -1.69012
12.9, 1.34925, -1.69012
12.925, 1.36799, -1.69056
12.95, 1.36895, -1.69062
12.975, 1.36895, -1.69062
13, 1.36895, -1.69062
13.025, 1.35278, -1.6903
13.05, 1.35278, -1.6903
13.075, 1.29998, -1.69001
13.1, 1.29998, -1.69001
13.125, 1.29998, -1.69001
13.15, 1.29998, -1.69001
13.175, 1.29998, -1.69001
13.2, 1.30949, -1.69019
13.225, 1.30949, -1.69019
13.25, 1.30949, -1.69019
13.275, 1.27886, -1.68972
13.3, 1.27886, -1.68972
13.325, 1.30022, -1.68993
13.35, 1.37213, -1.69057
13.375, 1.37213, -1.69057
13.4, 1.37213, -1.69057
13.425, 1.37213, -1.69057
13.45, 1.37213, -1.69057
13.475, 1.37213, -1.69057
13.5, 1.37213, -1.69057
13.525, 1.43679, -1.68265
13.55, 1.43679, -1.68265
13.575, 1.43679, -1.68265
13.6, 1.44585, -1.68341
13.625, 1.44585, -1.68341
13.65, 1.44585, -1.68341
13.675, 1.45146, -1.684
13.7, 1.45146, -1.684
13.725, 1.45146, -1.684
13.75, 1.45875, -1.68514
13.775, 1.45875, -1.68514
13.8, 1.45875, -1.68514
13.825, 1.40555, -1.68854
13.85, 1.40555, -1.68854
13.875, 1.38034, -1.69007
13.9, 1.38034, -1.69007
13.925, 1.38034, -1.69007
13.95, 1.37551, -1.69049
13.975, 1.37551, -1.69049
14, 1.30305, -1.69362
14.025, 1.30305, -1.69362
14.05, 1.30305, -1.69362
14.075, 1.30305, -1.69362
14.1, 1.34312, -1.69248
14.125, 1.34312, -1.69248
14.15, 1.40496, -1.69067
14.175, 1.40496, -1.69067
14.2, 1.40496, -1.69067
14.225, 1.38206, -1.6912
14.25, 1.36889, -1.69153
14.275, 1.36889, -1.69153
14.3, 1.31876, -1.69272
14.325, 1.31876, -1.69272
14.35, 1.31876, -1.69272
14.375, 1.31876, -1.69272
14.4, 1.33853, -1.69233
14.425, 1.37295, -1.69165
14.45, 1.37295, -1.69165
14.475, 1.39507, -1.69122
14.5, 1.43024, -1.69035
14.525, 1.46126, -1.68946
14.55, 1.49201, -1.68849
14.575, 1.51901, -1.68762
14.6, 1.51901, -1.68762
14.625, 1.51901, -1.68762
14.65, 1.51074, -1.68785
14.675, 1.51074, -1.68785
14.7, 1.51345, -1.68776
14.725, 1.51345, -1.68776
14.75, 1.51345, -1.68776
14.775, 1.51345, -1.68776
14.8, 1.51345, -1.68776
14.825, 1.53034, -1.68759
14.85, 1.53034, -1.68759
14.875, 1.53098, -1.68749
14.9, 1.53218, -1.68713
14.925, 1.52903, -1.68673
14.95, 1.52903, -1.68673
14.975, 1.50452, -1.68641
15, 1.494, -1.68618
15.025, 1.494, -1.68618
15.05, 1.494, -1.68618
15.075, 1.494, -1.68618
15.1, 1.494, -1.68618
15.125, 1.494, -1.68618
15.15, 1.494, -1.68618
15.175, 1.494, -1.68618
15.2, 1.494, -1.68618
15.225, 1.494, -1.68618
15.25, 1.494, -1.68618
15.275, 1.494, -1.68618
15.3, 1.494, -1.68618
15.325, 1.494, -1.68618
15.35, 1.44544, -1.6858
15.375, 1.40014, -1.6856
15.4, 1.37975, -1.68552
15.425, 1.37975, -1.68552
15.45, 1.37975, -1.68552
15.475, 1.46972, -1.68762
15.5, 1.52081, -1.68885
15.525, 1.53934, -1.68921
15.55, 1.53934, -1.68921
15.575, 1.53934, -1.68921
15.6, 1.46362, -1.688
15.625, 1.37641, -1.68789
15.65, 1.38708, -1.6879
15.675, 1.38708, -1.6879
15.7, 1.38708, -1.6879
15.725, 1.40939, -1.69016
15.75, 1.40939, -1.69016
15.775, 1.40834, -1.69007
15.8, 1.40834, -1.69007
15.825, 1.39388, -1.68971
15.85, 1.39388, -1.68971
15.875, 1.38096, -1.68949
15.9, 1.38096, -1.68949
15.925, 1.40224, -1.69081
15.95, 1.40475, -1.69252
15.975, 1.40046, -1.69424
16, 1.40046, -1.69424
16.025, 1.39805, -1.69447
16.05, 1.39533, -1.69477
16.075, 1.39533, -1.69477
16.1, 1.39533, -1.69477
16.125, 1.39533, -1.69477
16.15, 1.38068, -1.69532
16.175, 1.36861, -1.69575
16.2, 1.36861, -1.69575
16.225, 1.38352, -1.69527
16.25, 1.38352, -1.69527
16.275, 1.38352, -1.69527
16.3, 1.34968, -1.69593
16.325, 1.34968, -1.69593
16.35, 1.34968, -1.69593
16.375, 1.34886, -1.69595
16.4, 1.34886, -1.69595
16.425, 1.36498, -1.6956
16.45, 1.36498, -1.6956
16.475, 1.36498, -1.6956
16.5, 1.34443, -1.69578
16.525, 1.33074, -1.69608
16.55, 1.33381, -1.69601
16.575, 1.35197, -1.69563
16.6, 1.35197, -1.69563
16.625, 1.386, -1.69515
16.65, 1.386, -1.69515
16.675, 1.386, -1.69515
16.7, 1.38642, -1.69512
16.725, 1.38642, -1.69512
16.75, 1.38642, -1.69512
16.775, 1.38755, -1.69502
16.8, 1.40172, -1.69446
16.825, 1.40172, -1.69446
16.85, 1.38865, -1.6945
16.875, 1.38865, -1.6945
16.9, 1.38865, -1.6945
16.925, 1.38865, -1.6945
16.95, 1.38865, -1.6945
16.975, 1.38865, -1.6945
17, 1.37997, -1.6947
17.025, 1.37997, -1.6947
17.05, 1.37997, -1.6947
17.075, 1.37997, -1.6947
17.1, 1.37997, -1.6947
17.125, 1.37997, -1.6947
17.15, 1.56892, -1.69233
17.175, 1.56892, -1.69233
17.2, 1.56892, -1.69233
17.225, 1.56892, -1.69233
17.25, 1.42402, -1.68936
17.275, 1.27798, -1.68947
17.3, 1.27798, -1.68947
17.325, 1.2307, -1.68958
17.35, 1.2307, -1.68958
17.375, 1.2307, -1.68958
17.4, 1.2307, -1.68958
17.425, 1.2307, -1.68958
17.45, 1.2307, -1.68958
17.475, 1.14557, -1.68567
17.5, 1.14557, -1.68567
17.525, 1.14258, -1.68566
17.55, 1.14258, -1.68566
17.575, 1.14258, -1.68566
17.6, 1.14258, -1.68566
17.625, 1.14258, -1.68566
17.65, 1.14258, -1.68566
17.675, 1.14377, -1.68461
17.7, 1.14377, -1.68461
17.725, 1.17649, -1.68556
17.75, 1.24581, -1.68655
17.775, 1.30237, -1.68795
17.8, 1.35235, -1.68991
17.825, 1.39921, -1.6925
17.85, 1.39921, -1.6925
17.875, 1.39866, -1.69352
17.9, 1.41952, -1.69447
17.925, 1.41952, -1.69447
17.95, 1.41952, -1.69447
17.975, 1.4103, -1.6954
18, 1.39877, -1.69713
18.025, 1.37854, -1.6991
18.05, 1.35775, -1.70069
18.075, 1.34836, -1.7014
18.1, 1.35458, -1.70085
18.125, 1.36487, -1.70001
18.15, 1.36487, -1.70001
18.175, 1.36487, -1.70001
18.2, 1.28343, -1.70245
18.225, 1.18984, -1.70506
18.25, 1.10542, -1.70728
18.275, 1.10542, -1.70728
18.3, 1.15147, -1.7061
18.325, 1.21774, -1.70458
18.35, 1.27244, -1.70346
18.375, 1.32195, -1.70252
18.4, 1.32195, -1.70252
18.425, 1.38031, -1.70173
18.45, 1.47544, -1.70019
18.475, 1.47544, -1.70019
18.5, 1.47544, -1.70019
18.525, 1.47544, -1.70019
18.55, 1.45883, -1.69935
18.575, 1.47753, -1.69901
18.6, 1.47753, -1.69901
18.625, 1.47753, -1.69901
18.65, 1.47753, -1.69901
18.675, 1.48507, -1.70014
18.7, 1.61633, -1.69826
18.725, 1.69978, -1.69705
18.75, 1.69978, -1.69705
18.775, 1.69978, -1.69705
18.8, 1.73335, -1.6956
18.825, 1.73335, -1.6956
18.85, 1.72199, -1.69583
18.875, 1.72199, -1.69583
18.9, 1.73968, -1.6949
18.925, 1.73968, -1.6949
18.95, 1.73968, -1.6949
18.975, 1.73968, -1.6949
19, 1.73968, -1.6949
19.025, 1.84357, -1.69281
19.05, 1.84357, -1.69281
19.075, 1.84357, -1.69281
19.1, 1.825, -1.69266
19.125, 1.825, -1.69266
19.15, 1.73676, -1.69207
19.175, 1.73676, -1.69207
19.2, 1.71441, -1.69198
19.225, 1.71441, -1.69198
19.25, 1.71441, -1.69198
19.275, 1.71441, -1.69198
19.3, 1.71441, -1.69198
19.325, 1.71441, -1.69198
19.35, 1.62763, -1.68969
19.375, 1.62763, -1.68969
19.4, 1.58329, -1.68939
19.425, 1.60621, -1.68953
19.45, 1.60621, -1.68953
19.475, 1.6873, -1.69124
19.5, 1.72706, -1.69189
19.525, 1.72706, -1.69189
19.55, 1.69767, -1.69147
19.575, 1.69767, -1.69147
19.6, 1.69767, -1.69147
19.625, 1.62276, -1.69026
19.65, 1.68564, -1.69033
19.675, 1.68564, -1.69033
19.7, 1.68564, -1.69033
19.725, 1.67912, -1.68974
19.75, 1.67912, -1.68974
19.775, 1.66943, -1.68954
19.8, 1.66943, -1.68954
19.825, 1.63833, -1.68915
19.85, 1.63215, -1.68914
19.875, 1.63215, -1.68914
19.9, 1.66931, -1.68974
19.925, 1.66931, -1.68974
19.95, 1.685, -1.69206
19.975, 1.73132, -1.6942
20, 1.75681, -1.69603
20, 1.54615, -1.69343
20.025, 1.54615, -1.69343
20.05, 1.55231, -1.69337
20.075, 1.55231, -1.69337
20.1, 1.55231, -1.69337
20.125, 1.55231, -1.69337
20.15, 1.55737, -1.69331
20.175, 1.56362, -1.69325
20.2, 1.57275, -1.69318
20.225, 1.57275, -1.69318
20.25, 1.58121, -1.6931
20.275, 1.58891, -1.69303
20.3, 1.58891, -1.69303
20.325, 1.58891, -1.69303
20.35, 1.58891, -1.69303
20.375, 1.58891, -1.69303
20.4, 1.58891, -1.69303
20.425, 1.59546, -1.69287
20.45, 1.60512, -1.69268
20.475, 1.61632, -1.69248
20.5, 1.61632, -1.69248
20.525, 1.62732, -1.69229
20.55, 1.62732, -1.69229
20.575, 1.63777, -1.69211
20.6, 1.63777, -1.69211
20.625, 1.64755, -1.69193
20.65, 1.65789, -1.69175
20.675, 1.65789, -1.69175
20.7, 1.65789, -1.69175
20.725, 1.66786, -1.69156
20.75, 1.6787, -1.69138
20.775, 1.69018, -1.6912
20.8, 1.70209, -1.69102
20.825, 1.7145, -1.69084
20.85, 1.72742, -1.69068
20.875, 1.72742, -1.69068
20.9, 1.72742, -1.69068
20.925, 1.74001, -1.69051
20.95, 1.75261, -1.69035
20.975, 1.75261, -1.69035
21, 1.75261, -1.69035
21.025, 1.75261, -1.69035
21.05, 1.76405, -1.69024
21.075, 1.77511, -1.6902
21.1, 1.77511, -1.6902
21.125, 1.78494, -1.69021
21.15, 1.78494, -1.69021
21.175, 1.7945, -1.69023
21.2, 1.7945, -1.69023
21.225, 1.80411, -1.6902
21.25, 1.80411, -1.6902
21.275, 1.80411, -1.6902
21.3, 1.80411, -1.6902
21.325, 1.81215, -1.69025
21.35, 1.81215, -1.69025
21.375, 1.81812, -1.6904
21.4, 1.81812, -1.6904
21.425, 1.81812, -1.6904
21.45, 1.81812, -1.6904
21.475, 1.81812, -1.6904
21.5, 1.82935, -1.69026
21.525, 1.82935, -1.69026
21.55, 1.84015, -1.69014
21.575, 1.84015, -1.69014
21.6, 1.84015, -1.69014
21.625, 1.84015, -1.69014
21.65, 1.84015, -1.69014
21.675, 1.84015, -1.69014
21.7, 1.84015, -1.69014
21.725, 1.85467, -1.68983
21.75, 1.85467, -1.68983
21.775, 1.85467, -1.68983
21.8, 1.8686, -1.68953
21.825, 1.8686, -1.68953
21.85, 1.88125, -1.68929
21.875, 1.88125, -1.68929
21.9, 1.88125, -1.68929
21.925, 1.88125, -1.68929
21.95, 1.8924, -1.68911
21.975, 1.8924, -1.68911
22, 1.90204, -1.68898
22.025, 1.91024, -1.6889
22.05, 1.91727, -1.68886
22.075, 1.91727, -1.68886
22.1, 1.92342, -1.68886
22.125, 1.92342, -1.68886
22.15, 1.9289, -1.68887
22.175, 1.93355, -1.6889
22.2, 1.93355, -1.6889
22.225, 1.93687, -1.68898
22.25, 1.93866, -1.68911
22.275, 1.93866, -1.68911
22.3, 1.93866, -1.68911
22.325, 1.94054, -1.68923
22.35, 1.94253, -1.68934
22.375, 1.94253, -1.68934
22.4, 1.94253, -1.68934
22.425, 1.94473, -1.68943
22.45, 1.94473, -1.68943
22.475, 1.94473, -1.68943
22.5, 1.94473, -1.68943
22.525, 1.94473, -1.68943
22.55, 1.94616, -1.68954
22.575, 1.94616, -1.68954
22.6, 1.94788, -1.68964
22.625, 1.94788, -1.68964
22.65, 1.95033, -1.68971
22.675, 1.95033, -1.68971
22.7, 1.95033, -1.68971
22.725, 1.95188, -1.6898
22.75, 1.95233, -1.68992
22.775, 1.95233, -1.68992
22.8, 1.95233, -1.68992
22.825, 1.95233, -1.68992
22.85, 1.95233, -1.68992
22.875, 1.95233, -1.68992
22.9, 1.95233, -1.68992
22.925, 1.95233, -1.68992
22.95, 1.95233, -1.68992
22.975, 1.95233, -1.68992
23, 1.95271, -1.69004
23.025, 1.95276, -1.69017
23.05, 1.95254, -1.6903
23.075, 1.95254, -1.6903
23.1, 1.95254, -1.6903
23.125, 1.95387, -1.69037
23.15, 1.95588, -1.6904
23.175, 1.95588, -1.6904
23.2, 1.95772, -1.69043
23.225, 1.95772, -1.69043
23.25, 1.95772, -1.69043
23.275, 1.95772, -1.69043
23.3, 1.95772, -1.69043
23.325, 1.95772, -1.69043
23.35, 1.95772, -1.69043
23.375, 1.95959, -1.69045
23.4, 1.95959, -1.69045
23.425, 1.95959, -1.69045
23.45, 1.95959, -1.69045
23.475, 1.96145, -1.69047
23.5, 1.96145, -1.69047
23.525, 1.96331, -1.69048
23.55, 1.96331, -1.69048
23.575, 1.96516, -1.69049
23.6, 1.96516, -1.69049
23.625, 1.96516, -1.69049
23.65, 1.96516, -1.69049
23.675, 1.96647, -1.69052
23.7, 1.96722, -1.69056
23.725, 1.96722, -1.69056
23.75, 1.96722, -1.69056
23.775, 1.96722, -1.69056
23.8, 1.96722, -1.69056
23.825, 1.96767, -1.69062
23.85, 1.96767, -1.69062
23.875, 1.96772, -1.69069
23.9, 1.96755, -1.69076
23.925, 1.96755, -1.69076
23.95, 1.96748, -1.69083
23.975, 1.96762, -1.69088
24, 1.96816, -1.69092
24.025, 1.96816, -1.69092
24.05, 1.96816, -1.69092
24.075, 1.96816, -1.69092
24.1, 1.96854, -1.69097
24.125, 1.96854, -1.69097
24.15, 1.96854, -1.69097
24.175, 1.96854, -1.69097
24.2, 1.96854, -1.69097
24.225, 1.96842, -1.69103
24.25, 1.96866, -1.69107
24.275, 1.96866, -1.69107
24.3, 1.96866, -1.69107
24.325, 1.96873, -1.69112
24.35, 1.96889, -1.69116
24.375, 1.96889, -1.69116
24.4, 1.96882, -1.69121
24.425, 1.96882, -1.69121
24.45, 1.96882, -1.69121
24.475, 1.96671, -1.69132
24.5, 1.96432, -1.69144
24.525, 1.96432, -1.69144
24.55, 1.96432, -1.69144
24.575, 1.96432, -1.69144
24.6, 1.96121, -1.69159
24.625, 1.96121, -1.69159
24.65, 1.95809, -1.69173
24.675, 1.95507, -1.69187
24.7, 1.95507, -1.69187
24.725, 1.95507, -1.69187
24.75, 1.95507, -1.69187
24.775, 1.95507, -1.69187
24.8, 1.95507, -1.69187
24.825, 1.95507, -1.69187
24.85, 1.95507, -1.69187
24.875, 1.95507, -1.69187
24.9, 1.95507, -1.69187
24.925, 1.95507, -1.69187
24.95, 1.95507, -1.69187
24.975, 1.95507, -1.69187
25, 1.9521, -1.692
25.025, 1.9521, -1.692
25.05, 1.9521, -1.692
25.075, 1.9521, -1.692
25.1, 1.94924, -1.69213
25.125, 1.94924, -1.69213
25.15, 1.9465, -1.69225
25.175, 1.94385, -1.69237
25.2, 1.94385, -1.69237
25.225, 1.94385, -1.69237
25.25, 1.94385, -1.69237
25.275, 1.94137, -1.69248
25.3, 1.94137, -1.69248
25.325, 1.94137, -1.69248
25.35, 1.94137, -1.69248
25.375, 1.94137, -1.69248
25.4, 1.94137, -1.69248
25.425, 1.94137, -1.69248
25.45, 1.94137, -1.69248
25.475, 1.93898, -1.69259
25.5, 1.93898, -1.69259
25.525, 1.93648, -1.6927
25.55, 1.93648, -1.6927
25.575, 1.93648, -1.6927
25.6, 1.93648, -1.6927
25.625, 1.93387, -1.69281
25.65, 1.93138, -1.69292
25.675, 1.92926, -1.69301
25.7, 1.9275, -1.6931
25.725, 1.92605, -1.69317
25.75, 1.92482, -1.69323
25.775, 1.92372, -1.69329
25.8, 1.92372, -1.69329
25.825, 1.92218, -1.69336
25.85, 1.91984, -1.69346
25.875, 1.91984, -1.69346
25.9, 1.91984, -1.69346
25.925, 1.91984, -1.69346
25.95, 1.91984, -1.69346
25.975, 1.91984, -1.69346
26, 1.91984, -1.69346
26.025, 1.91984, -1.69346
26.05, 1.91984, -1.69346
26.075, 1.91984, -1.69346
26.1, 1.91852, -1.69353
26.125, 1.91852, -1.69353
26.15, 1.91852, -1.69353
26.175, 1.91852, -1.69353
26.2, 1.91852, -1.69353
26.225, 1.91852, -1.69353
26.25, 1.91852, -1.69353
26.275, 1.91852, -1.69353
26.3, 1.91852, -1.69353
26.325, 1.9177, -1.69358
26.35, 1.9177, -1.69358
26.375, 1.9177, -1.69358
26.4, 1.9177, -1.69358
26.425, 1.9167, -1.69365
26.45, 1.91569, -1.69372
26.475, 1.91569, -1.69372
26.5, 1.91569, -1.69372
26.525, 1.91569, -1.69372
26.55, 1.91569, -1.69372
26.575, 1.91474, -1.69379
26.6, 1.91474, -1.69379
26.625, 1.91474, -1.69379
26.65, 1.91474, -1.69379
26.675, 1.91362, -1.69387
26.7, 1.91362, -1.69387
26.725, 1.91362, -1.69387
26.75, 1.91362, -1.69387
26.775, 1.91362, -1.69387
26.8, 1.91296, -1.69392
26.825, 1.91296, -1.69392
26.85, 1.91296, -1.69392
26.875, 1.91264, -1.69397
26.9, 1.91264, -1.69397
26.925, 1.91239, -1.694
26.95, 1.91224, -1.69404
26.975, 1.91224, -1.69404
27, 1.91224, -1.69404
27.025, 1.912, -1.69407
27.05, 1.91178, -1.69411
27.075, 1.91166, -1.69414
27.1, 1.91171, -1.69416
27.125, 1.91192, -1.69418
27.15, 1.91192, -1.69418
27.175, 1.91224, -1.69419
27.2, 1.91224, -1.69419
27.225, 1.91224, -1.69419
27.25, 1.91199, -1.69421
27.275, 1.91199, -1.69421
27.3, 1.91199, -1.69421
27.325, 1.91199, -1.69421
27.35, 1.91199, -1.69421
27.375, 1.91199, -1.69421
27.4, 1.91199, -1.69421
27.425, 1.91312, -1.6942
27.45, 1.91312, -1.6942
27.475, 1.91398, -1.69419
27.5, 1.91398, -1.69419
27.525, 1.91398, -1.69419
27.55, 1.91398, -1.69419
27.575, 1.91398, -1.69419
27.6, 1.91398, -1.69419
27.625, 1.91398, -1.69419
27.65, 1.91398, -1.69419
27.675, 1.91563, -1.69416
27.7, 1.91707, -1.69413
27.725, 1.91707, -1.69413
27.75, 1.91707, -1.69413
27.775, 1.91874, -1.69409
27.8, 1.91874, -1.69409
27.825, 1.91874, -1.69409
27.85, 1.92081, -1.69403
27.875, 1.92081, -1.69403
27.9, 1.92081, -1.69403
27.925, 1.92202, -1.694
27.95, 1.92202, -1.694
27.975, 1.92202, -1.694
28, 1.92202, -1.694
28.025, 1.92202, -1.694
28.05, 1.92411, -1.69395
28.075, 1.92602, -1.69389
28.1, 1.92602, -1.69389
28.125, 1.92802, -1.69384
28.15, 1.93005, -1.6938
28.175, 1.93005, -1.6938
28.2, 1.93197, -1.69377
28.225, 1.93197, -1.69377
28.25, 1.93197, -1.69377
28.275, 1.93197, -1.69377
28.3, 1.93397, -1.69374
28.325, 1.93397, -1.69374
28.35, 1.93397, -1.69374
28.375, 1.93397, -1.69374
28.4, 1.93397, -1.69374
28.425, 1.93587, -1.6937
28.45, 1.93587, -1.6937
28.475, 1.93758, -1.69367
28.5, 1.93918, -1.69365
28.525, 1.93918, -1.69365
28.55, 1.94075, -1.69363
28.575, 1.94075, -1.69363
28.6, 1.94075, -1.69363
28.625, 1.94075, -1.69363
28.65, 1.94173, -1.69362
28.675, 1.94173, -1.69362
28.7, 1.9418, -1.69364
28.725, 1.9418, -1.69364
28.75, 1.9418, -1.69364
28.775, 1.9418, -1.69364
28.8, 1.94319, -1.69361
28.825, 1.94319, -1.69361
28.85, 1.94462, -1.69359
28.875, 1.94462, -1.69359
28.9, 1.94462, -1.69359
28.925, 1.94462, -1.69359
28.95, 1.94462, -1.69359
28.975, 1.94462, -1.69359
29, 1.94462, -1.69359
29.025, 1.94722, -1.69354
29.05, 1.95044, -1.69348
29.075, 1.95044, -1.69348
29.1, 1.95044, -1.69348
29.125, 1.95044, -1.69348
29.15, 1.95044, -1.69348
29.175, 1.95421, -1.69337
29.2, 1.95421, -1.69337
29.225, 1.95727, -1.69328
29.25, 1.95727, -1.69328
29.275, 1.95727, -1.69328
29.3, 1.95727, -1.69328
29.325, 1.95727, -1.69328
29.35, 1.95727, -1.69328
29.375, 1.96046, -1.6932
29.4, 1.96046, -1.6932
29.425, 1.96046, -1.6932
29.45, 1.96046, -1.6932
29.475, 1.96335, -1.69312
29.5, 1.96335, -1.69312
29.525, 1.96335, -1.69312
29.55, 1.96592, -1.69304
29.575, 1.96592, -1.69304
29.6, 1.96592, -1.69304
29.625, 1.96592, -1.69304
29.65, 1.96592, -1.69304
29.675, 1.96592, -1.69304
29.7, 1.96592, -1.69304
29.725, 1.96592, -1.69304
29.75, 1.96856, -1.69297
29.775, 1.97116, -1.69289
29.8, 1.97116, -1.69289
29.825, 1.97116, -1.69289
29.85, 1.97375, -1.69282
29.875, 1.97375, -1.69282
29.9, 1.97375, -1.69282
29.925, 1.97375, -1.69282
29.95, 1.97375, -1.69282
29.975, 1.97375, -1.69282
30, 1.97625, -1.69274
30, 1.9786, -1.69267
30.025, 1.9786, -1.69267
30.05, 1.98007, -1.69261
30.075, 1.97959, -1.69255
30.1, 1.97959, -1.69255
30.125, 1.97959, -1.69255
30.15, 1.97638, -1.69252
30.175, 1.96902, -1.69251
30.2, 1.95644, -1.69254
30.225, 1.94077, -1.6926
30.25, 1.94077, -1.6926
30.275, 1.94077, -1.6926
30.3, 1.94077, -1.6926
30.325, 1.94077, -1.6926
30.35, 1.94077, -1.6926
30.375, 1.92497, -1.69264
30.4, 1.91332, -1.69266
30.425, 1.91332, -1.69266
30.45, 1.89419, -1.69271
30.475, 1.89419, -1.69271
30.5, 1.86883, -1.69283
30.525, 1.84522, -1.69294
30.55, 1.82723, -1.693
30.575, 1.82723, -1.693
30.6, 1.8158, -1.6931
30.625, 1.8114, -1.69318
30.65, 1.8114, -1.69318
30.675, 1.80678, -1.69326
30.7, 1.80678, -1.69326
30.725, 1.80678, -1.69326
30.75, 1.80678, -1.69326
30.775, 1.79924, -1.69325
30.8, 1.79376, -1.69322
30.825, 1.79169, -1.69315
30.85, 1.79343, -1.69305
30.875, 1.79814, -1.69293
30.9, 1.80465, -1.69282
30.925, 1.80465, -1.69282
30.95, 1.80465, -1.69282
30.975, 1.81075, -1.69266
31, 1.81075, -1.69266
31.025, 1.81075, -1.69266
31.05, 1.81075, -1.69266
31.075, 1.81075, -1.69266
31.1, 1.81702, -1.69247
31.125, 1.82487, -1.69228
31.15, 1.82487, -1.69228
31.175, 1.83266, -1.6921
31.2, 1.84107, -1.69193
31.225, 1.84989, -1.69177
31.25, 1.84989, -1.69177
31.275, 1.85839, -1.69162
31.3, 1.86712, -1.69147
31.325, 1.87612, -1.69133
31.35, 1.8852, -1.6912
31.375, 1.89425, -1.69108
31.4, 1.90324, -1.69099
31.425, 1.91209, -1.69091
31.45, 1.92057, -1.69088
31.475, 1.92057, -1.69088
31.5, 1.92057, -1.69088
31.525, 1.92669, -1.69095
31.55, 1.92669, -1.69095
31.575, 1.92669, -1.69095
31.6, 1.93346, -1.69097
31.625, 1.94004, -1.691
31.65, 1.94648, -1.69101
31.675, 1.94648, -1.69101
31.7, 1.94648, -1.69101
31.725, 1.94648, -1.69101
31.75, 1.95115, -1.6911
31.775, 1.95115, -1.6911
31.8, 1.95429, -1.69122
31.825, 1.95429, -1.69122
31.85, 1.95429, -1.69122
31.875, 1.95932, -1.69128
31.9, 1.9651, -1.6913
31.925, 1.9651, -1.6913
31.95, 1.9651, -1.6913
31.975, 1.9651, -1.6913
32, 1.9651, -1.6913
32.025, 1.96768, -1.69143
32.05, 1.96768, -1.69143
32.075, 1.9692, -1.69158
32.1, 1.9692, -1.69158
32.125, 1.97269, -1.69168
32.15, 1.97269, -1.69168
32.175, 1.97269, -1.69168
32.2, 1.97269, -1.69168
32.225, 1.97587, -1.69177
32.25, 1.97885, -1.69186
32.275, 1.97885, -1.69186
32.3, 1.97885, -1.69186
32.325, 1.97885, -1.69186
32.35, 1.98256, -1.69192
32.375, 1.98256, -1.69192
32.4, 1.98256, -1.69192
32.425, 1.98669, -1.69197
32.45, 1.98669, -1.69197
32.475, 1.99099, -1.69201
32.5, 1.99099, -1.69201
32.525, 1.99491, -1.69206
32.55, 1.99491, -1.69206
32.575, 1.99491, -1.69206
32.6, 1.99863, -1.6921
32.625, 2.00196, -1.69215
32.65, 2.00196, -1.69215
32.675, 2.00196, -1.69215
32.7, 2.00522, -1.6922
32.725, 2.00522, -1.6922
32.75, 2.00825, -1.69225
32.775, 2.01102, -1.6923
32.8, 2.01357, -1.69235
32.825, 2.01596, -1.6924
32.85, 2.01822, -1.69246
32.875, 2.01822, -1.69246
32.9, 2.02032, -1.69251
32.925, 2.02213, -1.69256
32.95, 2.02377, -1.69262
32.975, 2.02533, -1.69268
33, 2.02533, -1.69268
33.025, 2.02692, -1.69273
33.05, 2.02692, -1.69273
33.075, 2.02886, -1.69277
33.1, 2.02886, -1.69277
33.125, 2.02886, -1.69277
33.15, 2.02965, -1.69283
33.175, 2.02918, -1.69293
33.2, 2.0278, -1.69304
33.225, 2.0278, -1.69304
33.25, 2.0278, -1.69304
33.275, 2.02843, -1.6931
33.3, 2.03039, -1.69315
33.325, 2.03342, -1.69319
33.35, 2.03342, -1.69319
33.375, 2.03342, -1.69319
33.4, 2.03615, -1.69322
33.425, 2.03615, -1.69322
33.45, 2.03809, -1.69327
33.475, 2.03809, -1.69327
33.5, 2.04086, -1.69329
33.525, 2.04086, -1.69329
33.55, 2.04394, -1.69332
33.575, 2.04394, -1.69332
33.6, 2.04394, -1.69332
33.625, 2.04677, -1.69335
33.65, 2.04677, -1.69335
33.675, 2.04941, -1.69339
33.7, 2.04941, -1.69339
33.725, 2.04941, -1.69339
33.75, 2.05219, -1.69342
33.775, 2.05219, -1.69342
33.8, 2.05219, -1.69342
33.825, 2.05509, -1.69344
33.85, 2.05807, -1.69346
33.875, 2.05807, -1.69346
33.9, 2.05807, -1.69346
33.925, 2.06096, -1.69347
33.95, 2.06096, -1.69347
33.975, 2.06096, -1.69347
34, 2.06384, -1.69349
34.025, 2.06671, -1.6935
34.05, 2.06959, -1.69351
34.075, 2.06959, -1.69351
34.1, 2.07246, -1.69351
34.125, 2.07533, -1.69352
34.15, 2.07818, -1.69352
34.175, 2.07818, -1.69352
34.2, 2.07818, -1.69352
34.225, 2.08096, -1.69352
34.25, 2.08096, -1.69352
34.275, 2.08096, -1.69352
34.3, 2.08365, -1.69351
34.325, 2.08622, -1.69352
34.35, 2.08864, -1.69352
34.375, 2.08864, -1.69352
34.4, 2.09103, -1.69352
34.425, 2.09343, -1.69352
34.45, 2.09343, -1.69352
34.475, 2.09343, -1.69352
34.5, 2.09343, -1.69352
34.525, 2.09343, -1.69352
34.55, 2.09343, -1.69352
34.575, 2.09452, -1.69356
34.6, 2.09452, -1.69356
34.625, 2.09452, -1.69356
34.65, 2.09565, -1.6936
34.675, 2.09565, -1.6936
34.7, 2.09744, -1.69362
34.725, 2.09744, -1.69362
34.75, 2.09744, -1.69362
34.775, 2.09744, -1.69362
34.8, 2.09744, -1.69362
34.825, 2.09744, -1.69362
34.85, 2.09759, -1.69365
34.875, 2.09759, -1.69365
34.9, 2.09759, -1.69365
34.925, 2.09759, -1.69365
34.95, 2.09759, -1.69365
34.975, 2.09759, -1.69365
35, 2.09759, -1.69365
35.025, 2.09759, -1.69365
35.05, 2.09769, -1.69368
35.075, 2.09769, -1.69368
35.1, 2.09769, -1.69368
35.125, 2.09769, -1.69368
35.15, 2.09731, -1.69372
35.175, 2.0968, -1.69377
35.2, 2.0968, -1.69377
35.225, 2.0968, -1.69377
35.25, 2.09671, -1.69381
35.275, 2.09707, -1.69385
35.3, 2.09769, -1.69388
35.325, 2.09769, -1.69388
35.35, 2.09834, -1.69391
35.375, 2.09834, -1.69391
35.4, 2.09834, -1.69391
35.425, 2.09893, -1.69394
35.45, 2.09893, -1.69394
35.475, 2.09893, -1.69394
35.5, 2.0995, -1.69397
35.525, 2.0995, -1.69397
35.55, 2.0995, -1.69397
35.575, 2.0995, -1.69397
35.6, 2.0995, -1.69397
35.625, 2.09996, -1.694
35.65, 2.10035, -1.69403
35.675, 2.10035, -1.69403
35.7, 2.10035, -1.69403
35.725, 2.10061, -1.69406
35.75, 2.10061, -1.69406
35.775, 2.10079, -1.69409
35.8, 2.10079, -1.69409
35.825, 2.10079, -1.69409
35.85, 2.10079, -1.69409
35.875, 2.10079, -1.69409
35.9, 2.10079, -1.69409
35.925, 2.10096, -1.69413
35.95, 2.10104, -1.69416
35.975, 2.10104, -1.69416
36, 2.10104, -1.69416
36.025, 2.1006, -1.69421
36.05, 2.09983, -1.69426
36.075, 2.09983, -1.69426
36.1, 2.09983, -1.69426
36.125, 2.09983, -1.69426
36.15, 2.09875, -1.69434
36.175, 2.09875, -1.69434
36.2, 2.09875, -1.69434
36.225, 2.09875, -1.69434
36.25, 2.09875, -1.69434
36.275, 2.09697, -1.69443
36.3, 2.09697, -1.69443
36.325, 2.09697, -1.69443
36.35, 2.09697, -1.69443
36.375, 2.09697, -1.69443
36.4, 2.09697, -1.69443
36.425, 2.09697, -1.69443
36.45, 2.09502, -1.69453
36.475, 2.09316, -1.69462
36.5, 2.09316, -1.69462
36.525, 2.09316, -1.69462
36.55, 2.09316, -1.69462
36.575, 2.09141, -1.69471
36.6, 2.09141, -1.69471
36.625, 2.09141, -1.69471
36.65, 2.09141, -1.69471
36.675, 2.08967, -1.6948
36.7, 2.08785, -1.69489
36.725, 2.08601, -1.69497
36.75, 2.08601, -1.69497
36.775, 2.08601, -1.69497
36.8, 2.08601, -1.69497
36.825, 2.08601, -1.69497
36.85, 2.08601, -1.69497
36.875, 2.08422, -1.69506
36.9, 2.0825, -1.69514
36.925, 2.08081, -1.69522
36.95, 2.08081, -1.69522
36.975, 2.07915, -1.69529
37, 2.07915, -1.69529
37.025, 2.07915, -1.69529
37.05, 2.07915, -1.69529
37.075, 2.07754, -1.69536
37.1, 2.07599, -1.69543
37.125, 2.07599, -1.69543
37.15, 2.07447, -1.6955
37.175, 2.07297, -1.69557
37.2, 2.07146, -1.69564
37.225, 2.07146, -1.69564
37.25, 2.07146, -1.69564
37.275, 2.07146, -1.69564
37.3, 2.07146, -1.69564
37.325, 2.07007, -1.69571
37.35, 2.07007, -1.69571
37.375, 2.07007, -1.69571
37.4, 2.06844, -1.69578
37.425, 2.0664, -1.69587
37.45, 2.0664, -1.69587
37.475, 2.06456, -1.69595
37.5, 2.06312, -1.69602
37.525, 2.06312, -1.69602
37.55, 2.06312, -1.69602
37.575, 2.06154, -1.6961
37.6, 2.05996, -1.69617
37.625, 2.0584, -1.69625
37.65, 2.0584, -1.69625
37.675, 2.05554, -1.69637
37.7, 2.05052, -1.69655
37.725, 2.05052, -1.69655
37.75, 2.04666, -1.69669
37.775, 2.04666, -1.69669
37.8, 2.04365, -1.69682
37.825, 2.04365, -1.69682
37.85, 2.0408, -1.69697
37.875, 2.0408, -1.69697
37.9, 2.0408, -1.69697
37.925, 2.0408, -1.69697
37.95, 2.0408, -1.69697
37.975, 2.03725, -1.69713
38, 2.03725, -1.69713
38.025, 2.03725, -1.69713
38.05, 2.03725, -1.69713
38.075, 2.03725, -1.69713
38.1, 2.03417, -1.69728
38.125, 2.03124, -1.69743
38.15, 2.0283, -1.69758
38.175, 2.0283, -1.69758
38.2, 2.02496, -1.69773
38.225, 2.02496, -1.69773
38.25, 2.02496, -1.69773
38.275, 2.02496, -1.69773
38.3, 2.02496, -1.69773
38.325, 2.02496, -1.69773
38.35, 2.02225, -1.69787
38.375, 2.02225, -1.69787
38.4, 2.01954, -1.69799
38.425, 2.01954, -1.69799
38.45, 2.01669, -1.69812
38.475, 2.01378, -1.69825
38.5, 2.01378, -1.69825
38.525, 2.01378, -1.69825
38.55, 2.01085, -1.69838
38.575, 2.00787, -1.6985
38.6, 2.00787, -1.6985
38.625, 2.00787, -1.6985
38.65, 2.00787, -1.6985
38.675, 2.00787, -1.6985
38.7, 2.00441, -1.69863
38.725, 2.00036, -1.69877
38.75, 1.99571, -1.69892
38.775, 1.99571, -1.69892
38.8, 1.99023, -1.69908
38.825, 1.98386, -1.69926
38.85, 1.97639, -1.69946
38.875, 1.97639, -1.69946
38.9, 1.97639, -1.69946
38.925, 1.97639, -1.69946
38.95, 1.97031, -1.69962
38.975, 1.97031, -1.69962
39, 1.96506, -1.69979
39.025, 1.95956, -1.69995
39.05, 1.95239, -1.70013
39.075, 1.94274, -1.70036
39.1, 1.94274, -1.70036
39.125, 1.94274, -1.70036
39.15, 1.94274, -1.70036
39.175, 1.94274, -1.70036
39.2, 1.94048, -1.70039
39.225, 1.94048, -1.70039
39.25, 1.94048, -1.70039
39.275, 1.94048, -1.70039
39.3, 1.94116, -1.70021
39.325, 1.94176, -1.70003
39.35, 1.94183, -1.69987
39.375, 1.94183, -1.69987
39.4, 1.94088, -1.69974
39.425, 1.94088, -1.69974
39.45, 1.94088, -1.69974
39.475, 1.94064, -1.69961
39.5, 1.94064, -1.69961
39.525, 1.94033, -1.69948
39.55, 1.94033, -1.69948
39.575, 1.94033, -1.69948
39.6, 1.94033, -1.69948
39.625, 1.94033, -1.69948
39.65, 1.93965, -1.69937
39.675, 1.93965, -1.69937
39.7, 1.9393, -1.69925
39.725, 1.93914, -1.69914
39.75, 1.93914, -1.69914
39.775, 1.93914, -1.69914
39.8, 1.93902, -1.69902
39.825, 1.93902, -1.69902
39.85, 1.93902, -1.69902
39.875, 1.93902, -1.69902
39.9, 1.93902, -1.69902
39.925, 1.93882, -1.69892
39.95, 1.93882, -1.69892
39.975, 1.93882, -1.69892
40, 1.93882, -1.69892
40, 1.93865, -1.69881
40.025, 1.93816, -1.69871
40.05, 1.93816, -1.69871
40.075, 1.93816, -1.69871
40.1, 1.93267, -1.69867
40.125, 1.93267, -1.69867
40.15, 1.93267, -1.69867
40.175, 1.92702, -1.69863
40.2, 1.92702, -1.69863
40.225, 1.91992, -1.6986
40.25, 1.91992, -1.6986
40.275, 1.91242, -1.69857
40.3, 1.91242, -1.69857
40.325, 1.91242, -1.69857
40.35, 1.89887, -1.69854
40.375, 1.89887, -1.69854
40.4, 1.88553, -1.69851
40.425, 1.88553, -1.69851
40.45, 1.88553, -1.69851
40.475, 1.87627, -1.69853
40.5, 1.87627, -1.69853
40.525, 1.87627, -1.69853
40.55, 1.87627, -1.69853
40.575, 1.86338, -1.69821
40.6, 1.84582, -1.69796
40.625, 1.84582, -1.69796
40.65, 1.84582, -1.69796
40.675, 1.82899, -1.69772
40.7, 1.82899, -1.69772
40.725, 1.82899, -1.69772
40.75, 1.82899, -1.69772
40.775, 1.82899, -1.69772
40.8, 1.82899, -1.69772
40.825, 1.82899, -1.69772
40.85, 1.82899, -1.69772
40.875, 1.82899, -1.69772
40.9, 1.82899, -1.69772
40.925, 1.82899, -1.69772
40.95, 1.82899, -1.69772
40.975, 1.81408, -1.6973
41, 1.81408, -1.6973
41.025, 1.81408, -1.6973
41.05, 1.80258, -1.69691
41.075, 1.80258, -1.69691
41.1, 1.79322, -1.69653
41.125, 1.79322, -1.69653
41.15, 1.79322, -1.69653
41.175, 1.79322, -1.69653
41.2, 1.79322, -1.69653
41.225, 1.78447, -1.69617
41.25, 1.77877, -1.69581
41.275, 1.77877, -1.69581
41.3, 1.77877, -1.69581
41.325, 1.77877, -1.69581
41.35, 1.77363, -1.69547
41.375, 1.771, -1.69513
41.4, 1.771, -1.69513
41.425, 1.76963, -1.6948
41.45, 1.76963, -1.6948
41.475, 1.76963, -1.6948
41.5, 1.76855, -1.69449
41.525, 1.7686, -1.69419
41.55, 1.7686, -1.69419
41.575, 1.76929, -1.69391
41.6, 1.77118, -1.69363
41.625, 1.77422, -1.69337
41.65, 1.77825, -1.69311
41.675, 1.77825, -1.69311
41.7, 1.78226, -1.69288
41.725, 1.78647, -1.69266
41.75, 1.79076, -1.69244
41.775, 1.79076, -1.69244
41.8, 1.79494, -1.69224
41.825, 1.79927, -1.69205
41.85, 1.80373, -1.69189
41.875, 1.80742, -1.69177
41.9, 1.80934, -1.69172
41.925, 1.80819, -1.69176
41.95, 1.80502, -1.69185
41.975, 1.80186, -1.69194
42, 1.80186, -1.69194
42.025, 1.80186, -1.69194
42.05, 1.79991, -1.69199
42.075, 1.79991, -1.69199
42.1, 1.79799, -1.69204
42.125, 1.79545, -1.69211
42.15, 1.79545, -1.69211
42.175, 1.78856, -1.69227
42.2, 1.78856, -1.69227
42.225, 1.78196, -1.69243
42.25, 1.78196, -1.69243
42.275, 1.77789, -1.69253
42.3, 1.77789, -1.69253
42.325, 1.7744, -1.69262
42.35, 1.77131, -1.6927
42.375, 1.76812, -1.69278
42.4, 1.76812, -1.69278
42.425, 1.76812, -1.69278
42.45, 1.76812, -1.69278
42.475, 1.7645, -1.69287
42.5, 1.76095, -1.69296
42.525, 1.7581, -1.69304
42.55, 1.75569, -1.6931
42.575, 1.75362, -1.69316
42.6, 1.75362, -1.69316
42.625, 1.75115, -1.69323
42.65, 1.74816, -1.6933
42.675, 1.74464, -1.69338
42.7, 1.74039, -1.69348
42.725, 1.73549, -1.69358
42.75, 1.73549, -1.69358
42.775, 1.73549, -1.69358
42.8, 1.73549, -1.69358
42.825, 1.73169, -1.69366
42.85, 1.73169, -1.69366
42.875, 1.73169, -1.69366
42.9, 1.72795, -1.69374
42.925, 1.72379, -1.69383
42.95, 1.71922, -1.69392
42.975, 1.71427, -1.69401
43, 1.71427, -1.69401
43.025, 1.70948, -1.6941
43.05, 1.70948, -1.6941
43.075, 1.70435, -1.6942
43.1, 1.70435, -1.6942
43.125, 1.70032, -1.69428
43.15, 1.69781, -1.69434
43.175, 1.69781, -1.69434
43.2, 1.69781, -1.69434
43.225, 1.69622, -1.6944
43.25, 1.69622, -1.6944
43.275, 1.69459, -1.69445
43.3, 1.69459, -1.69445
43.325, 1.69459, -1.69445
43.35, 1.69294, -1.69451
43.375, 1.69294, -1.69451
43.4, 1.69294, -1.69451
43.425, 1.69294, -1.69451
43.45, 1.69294, -1.69451
43.475, 1.69294, -1.69451
43.5, 1.69294, -1.69451
43.525, 1.69294, -1.69451
43.55, 1.69294, -1.69451
43.575, 1.69294, -1.69451
43.6, 1.69106, -1.69455
43.625, 1.68847, -1.6946
43.65, 1.6873, -1.69463
43.675, 1.68789, -1.69463
43.7, 1.68924, -1.69464
43.725, 1.68924, -1.69464
43.75, 1.68924, -1.69464
43.775, 1.68924, -1.69464
43.8, 1.69087, -1.69464
43.825, 1.69087, -1.69464
43.85, 1.69087, -1.69464
43.875, 1.69234, -1.69464
43.9, 1.69234, -1.69464
43.925, 1.69234, -1.69464
43.95, 1.69234, -1.69464
43.975, 1.69234, -1.69464
44, 1.69234, -1.69464
44.025, 1.69234, -1.69464
44.05, 1.69234, -1.69464
44.075, 1.69374, -1.69464
44.1, 1.69518, -1.69464
44.125, 1.69661, -1.69463
44.15, 1.69811, -1.69463
44.175, 1.6997, -1.69462
44.2, 1.6997, -1.69462
44.225, 1.6997, -1.69462
44.25, 1.6997, -1.69462
44.275, 1.70126, -1.6946
44.3, 1.70126, -1.6946
44.325, 1.70126, -1.6946
44.35, 1.70287, -1.69459
44.375, 1.70452, -1.69458
44.4, 1.70452, -1.69458
44.425, 1.70452, -1.69458
44.45, 1.70452, -1.69458
44.475, 1.70452, -1.69458
44.5, 1.70452, -1.69458
44.525, 1.70452, -1.69458
44.55, 1.70452, -1.69458
44.575, 1.7074, -1.69454
44.6, 1.7074, -1.69454
44.625, 1.7074, -1.69454
44.65, 1.7074, -1.69454
44.675, 1.7074, -1.69454
44.7, 1.7074, -1.69454
44.725, 1.70966, -1.69451
44.75, 1.71039, -1.69451
44.775, 1.70907, -1.69454
44.8, 1.70907, -1.69454
44.825, 1.71018, -1.69453
44.85, 1.71018, -1.69453
44.875, 1.71146, -1.69452
44.9, 1.71146, -1.69452
44.925, 1.71146, -1.69452
44.95, 1.71146, -1.69452
44.975, 1.71146, -1.69452
45, 1.71072, -1.69454
45.025, 1.70658, -1.69462
45.05, 1.70172, -1.69471
45.075, 1.69862, -1.69477
45.1, 1.69862, -1.69477
45.125, 1.69663, -1.69483
45.15, 1.69519, -1.6949
45.175, 1.69519, -1.6949
45.2, 1.69519, -1.6949
45.225, 1.6944, -1.69495
45.25, 1.6944, -1.69495
45.275, 1.69347, -1.695
45.3, 1.69347, -1.695
45.325, 1.69347, -1.695
45.35, 1.69319, -1.69503
45.375, 1.69307, -1.69506
45.4, 1.69307, -1.69506
45.425, 1.69307, -1.69506
45.45, 1.69307, -1.69506
45.475, 1.69307, -1.69506
45.5, 1.69307, -1.69506
45.525, 1.69307, -1.69506
45.55, 1.69306, -1.69509
45.575, 1.69306, -1.69509
45.6, 1.69306, -1.69509
45.625, 1.69306, -1.69509
45.65, 1.69306, -1.69509
45.675, 1.69306, -1.69509
45.7, 1.69306, -1.69509
45.725, 1.69284, -1.69511
45.75, 1.69284, -1.69511
45.775, 1.69284, -1.69511
45.8, 1.69284, -1.69511
45.825, 1.69242, -1.69514
45.85, 1.69242, -1.69514
45.875, 1.69202, -1.69517
45.9, 1.69202, -1.69517
45.925, 1.69165, -1.69519
45.95, 1.69165, -1.69519
45.975, 1.69125, -1.69521
46, 1.69125, -1.69521
46.025, 1.68994, -1.69523
46.05, 1.68994, -1.69523
46.075, 1.68833, -1.69526
46.1, 1.68833, -1.69526
46.125, 1.68736, -1.69529
46.15, 1.68736, -1.69529
46.175, 1.68537, -1.69536
46.2, 1.68537, -1.69536
46.225, 1.68537, -1.69536
46.25, 1.68585, -1.69535
46.275, 1.68585, -1.69535
46.3, 1.68386, -1.69539
46.325, 1.68386, -1.69539
46.35, 1.68268, -1.69541
46.375, 1.68268, -1.69541
46.4, 1.67933, -1.69549
46.425, 1.67933, -1.69549
46.45, 1.67221, -1.69564
46.475, 1.66376, -1.6958
46.5, 1.65553, -1.69597
46.525, 1.64922, -1.69611
46.55, 1.64557, -1.69623
46.575, 1.64266, -1.69635
46.6, 1.63959, -1.69646
46.625, 1.63599, -1.69658
46.65, 1.6314, -1.6967
46.675, 1.6314, -1.6967
46.7, 1.6314, -1.6967
46.725, 1.6314, -1.6967
46.75, 1.63082, -1.69677
46.775, 1.63082, -1.69677
46.8, 1.63082, -1.69677
46.825, 1.63082, -1.69677
46.85, 1.63042, -1.69684
46.875, 1.63117, -1.6969
46.9, 1.63274, -1.69695
46.925, 1.63468, -1.697
46.95, 1.63663, -1.69705
46.975, 1.63663, -1.69705
47, 1.63663, -1.69705
47.025, 1.63663, -1.69705
47.05, 1.63823, -1.6971
47.075, 1.63967, -1.69715
47.1, 1.63967, -1.69715
47.125, 1.64085, -1.6972
47.15, 1.64085, -1.6972
47.175, 1.64085, -1.6972
47.2, 1.64198, -1.69724
47.225, 1.64198, -1.69724
47.25, 1.64267, -1.69729
47.275, 1.64267, -1.69729
47.3, 1.64267, -1.69729
47.325, 1.64292, -1.69735
47.35, 1.64292, -1.69735
47.375, 1.64292, -1.69735
47.4, 1.64292, -1.69735
47.425, 1.64292, -1.69735
47.45, 1.64292, -1.69735
47.475, 1.64311, -1.6974
47.5, 1.64329, -1.69746
47.525, 1.64329, -1.69746
47.55, 1.64329, -1.69746
47.575, 1.64329, -1.69746
47.6, 1.64329, -1.69746
47.625, 1.64516, -1.69748
47.65, 1.64894, -1.69748
47.675, 1.65348, -1.69748
47.7, 1.65731, -1.6975
47.725, 1.65731, -1.6975
47.75, 1.65731, -1.6975
47.775, 1.65731, -1.6975
47.8, 1.66583, -1.69742
47.825, 1.67407, -1.69735
47.85, 1.68168, -1.69732
47.875, 1.68168, -1.69732
47.9, 1.68168, -1.69732
47.925, 1.68168, -1.69732
47.95, 1.68168, -1.69732
47.975, 1.6843, -1.69732
48, 1.68146, -1.69736
48.025, 1.68146, -1.69736
48.05, 1.68146, -1.69736
48.075, 1.68146, -1.69736
48.1, 1.68183, -1.6974
48.125, 1.6826, -1.69744
48.15, 1.6826, -1.69744
48.175, 1.68224, -1.69746
48.2, 1.68224, -1.69746
48.225, 1.67933, -1.6975
48.25, 1.67308, -1.69756
48.275, 1.67308, -1.69756
48.3, 1.666, -1.69762
48.325, 1.65857, -1.69768
48.35, 1.65132, -1.69774
48.375, 1.65132, -1.69774
48.4, 1.65132, -1.69774
48.425, 1.65132, -1.69774
48.45, 1.65132, -1.69774
48.475, 1.65132, -1.69774
48.5, 1.65132, -1.69774
48.525, 1.64405, -1.69778
48.55, 1.64405, -1.69778
48.575, 1.63701, -1.69782
48.6, 1.63701, -1.69782
48.625, 1.63023, -1.69786
48.65, 1.63023, -1.69786
48.675, 1.6236, -1.6979
48.7, 1.6236, -1.6979
48.725, 1.6236, -1.6979
48.75, 1.6236, -1.6979
48.775, 1.61721, -1.69794
48.8, 1.61721, -1.69794
48.825, 1.61075, -1.69797
48.85, 1.60395, -1.698
48.875, 1.60395, -1.698
48.9, 1.60395, -1.698
48.925, 1.60395, -1.698
48.95, 1.60395, -1.698
48.975, 1.60395, -1.698
49, 1.60395, -1.698
49.025, 1.60395, -1.698
49.05, 1.59956, -1.69794
49.075, 1.59956, -1.69794
49.1, 1.59363, -1.6979
49.125, 1.58445, -1.6979
49.15, 1.57036, -1.69795
49.175, 1.57036, -1.69795
49.2, 1.5622, -1.69794
49.225, 1.5622, -1.69794
49.25, 1.55509, -1.69803
49.275, 1.55509, -1.69803
49.3, 1.54812, -1.69811
49.325, 1.54812, -1.69811
49.35, 1.54812, -1.69811
49.375, 1.54812, -1.69811
49.4, 1.54812, -1.69811
49.425, 1.54155, -1.69819
49.45, 1.54155, -1.69819
49.475, 1.54155, -1.69819
49.5, 1.54155, -1.69819
49.525, 1.54155, -1.69819
49.55, 1.54155, -1.69819
49.575, 1.53524, -1.69823
49.6, 1.53524, -1.69823
49.625, 1.52899, -1.69826
49.65, 1.52277, -1.69829
49.675, 1.51674, -1.69832
49.7, 1.51111, -1.69835
49.725, 1.51111, -1.69835
49.75, 1.50627, -1.69839
49.775, 1.50186, -1.69844
49.8, 1.50186, -1.69844
49.825, 1.50186, -1.69844
49.85, 1.50186, -1.69844
49.875, 1.50186, -1.69844
49.9, 1.49773, -1.69847
49.925, 1.49773, -1.69847
49.95, 1.49773, -1.69847
49.975, 1.49773, -1.69847
50, 1.49773, -1.69847
50, 1.49773, -1.69847
50.025, 1.49373, -1.69849
50.05, 1.491, -1.69852
50.075, 1.48959, -1.69855
50.1, 1.48785, -1.69858
50.125, 1.48785, -1.69858
50.15, 1.48288, -1.69862
50.175, 1.48288, -1.69862
50.2, 1.48288, -1.69862
50.225, 1.48288, -1.69862
50.25, 1.46731, -1.69869
50.275, 1.44659, -1.69878
50.3, 1.44659, -1.69878
50.325, 1.43598, -1.69884
50.35, 1.43598, -1.69884
50.375, 1.43269, -1.69891
50.4, 1.43681, -1.69895
50.425, 1.44471, -1.69899
50.45, 1.44966, -1.69903
50.475, 1.44843, -1.69911
50.5, 1.44186, -1.69924
50.525, 1.43073, -1.69941
50.55, 1.42126, -1.69956
50.575, 1.41696, -1.69968
50.6, 1.41696, -1.69968
50.625, 1.41875, -1.69993
50.65, 1.42657, -1.70024
50.675, 1.4381, -1.7006
50.7, 1.4381, -1.7006
50.725, 1.4381, -1.7006
50.75, 1.4381, -1.7006
50.775, 1.4381, -1.7006
50.8, 1.4381, -1.7006
50.825, 1.44128, -1.70062
50.85, 1.44128, -1.70062
50.875, 1.44712, -1.70063
50.9, 1.44712, -1.70063
50.925, 1.44712, -1.70063
50.95, 1.44712, -1.70063
50.975, 1.44712, -1.70063
51, 1.45337, -1.70018
51.025, 1.45337, -1.70018
51.05, 1.45337, -1.70018
51.075, 1.45337, -1.70018
51.1, 1.45337, -1.70018
51.125, 1.45971, -1.69978
51.15, 1.45971, -1.69978
51.175, 1.45971, -1.69978
51.2, 1.45971, -1.69978
51.225, 1.45971, -1.69978
51.25, 1.45971, -1.69978
51.275, 1.46705, -1.69931
51.3, 1.46705, -1.69931
51.325, 1.47527, -1.69887
51.35, 1.48551, -1.69843
51.375, 1.48551, -1.69843
51.4, 1.49651, -1.69802
51.425, 1.50905, -1.69763
51.45, 1.50905, -1.69763
51.475, 1.5214, -1.69727
51.5, 1.53405, -1.69692
51.525, 1.5468, -1.69659
51.55, 1.55945, -1.69627
51.575, 1.55945, -1.69627
51.6, 1.55945, -1.69627
51.625, 1.57159, -1.69597
51.65, 1.5834, -1.69568
51.675, 1.5949, -1.69541
51.7, 1.60604, -1.69515
51.725, 1.60604, -1.69515
51.75, 1.6157, -1.69494
51.775, 1.62368, -1.69479
51.8, 1.62899, -1.69471
51.825, 1.62899, -1.69471
51.85, 1.62899, -1.69471
51.875, 1.62899, -1.69471
51.9, 1.62899, -1.69471
51.925, 1.62899, -1.69471
51.95, 1.64022, -1.69447
51.975, 1.64022, -1.69447
52, 1.64022, -1.69447
52.025, 1.64476, -1.69436
52.05, 1.64476, -1.69436
52.075, 1.64137, -1.69441
52.1, 1.64137, -1.69441
52.125, 1.63862, -1.69445
52.15, 1.63862, -1.69445
52.175, 1.63862, -1.69445
52.2, 1.63862, -1.69445
52.225, 1.63862, -1.69445
52.25, 1.63862, -1.69445
52.275, 1.63862, -1.69445
52.3, 1.63862, -1.69445
52.325, 1.63862, -1.69445
52.35, 1.63358, -1.69452
52.375, 1.63358, -1.69452
52.4, 1.63358, -1.69452
52.425, 1.63358, -1.69452
52.45, 1.63224, -1.69454
52.475, 1.63224, -1.69454
52.5, 1.63224, -1.69454
52.525, 1.63224, -1.69454
52.55, 1.63224, -1.69454
52.575, 1.63224, -1.69454
52.6, 1.63224, -1.69454
52.625, 1.63224, -1.69454
52.65, 1.63224, -1.69454
52.675, 1.63224, -1.69454
52.7, 1.63224, -1.69454
52.725, 1.63473, -1.69449
52.75, 1.63473, -1.69449
52.775, 1.63473, -1.69449
52.8, 1.63473, -1.69449
52.825, 1.63473, -1.69449
52.85, 1.63563, -1.69445
52.875, 1.63563, -1.69445
52.9, 1.63598, -1.69443
52.925, 1.63598, -1.69443
52.95, 1.63603, -1.6944
52.975, 1.63575, -1.69439
53, 1.63552, -1.69437
53.025, 1.63552, -1.69437
53.05, 1.63552, -1.69437
53.075, 1.63552, -1.69437
53.1, 1.63552, -1.69437
53.125, 1.63628, -1.69435
53.15, 1.63628, -1.69435
53.175, 1.63628, -1.69435
53.2, 1.6357, -1.69434
53.225, 1.6357, -1.69434
53.25, 1.6357, -1.69434
53.275, 1.63616, -1.69432
53.3, 1.63616, -1.69432
53.325, 1.63852, -1.69429
53.35, 1.63852, -1.69429
53.375, 1.64226, -1.69425
53.4, 1.64627, -1.69421
53.425, 1.64916, -1.69419
53.45, 1.64916, -1.69419
53.475, 1.64916, -1.69419
53.5, 1.65095, -1.69418
53.525, 1.65095, -1.69418
53.55, 1.65508, -1.69414
53.575, 1.66165, -1.69409
53.6, 1.66988, -1.69406
53.625, 1.66988, -1.69406
53.65, 1.66988, -1.69406
53.675, 1.66988, -1.69406
53.7, 1.66988, -1.69406
53.725, 1.66988, -1.69406
53.75, 1.67846, -1.69395
53.775, 1.68574, -1.69387
53.8, 1.68574, -1.69387
53.825, 1.68574, -1.69387
53.85, 1.68574, -1.69387
53.875, 1.68574, -1.69387
53.9, 1.68574, -1.69387
53.925, 1.68574, -1.69387
53.95, 1.68574, -1.69387
53.975, 1.68574, -1.69387
54, 1.68574, -1.69387
54.025, 1.68574, -1.69387
54.05, 1.69288, -1.69379
54.075, 1.70003, -1.6937
54.1, 1.70003, -1.6937
54.125, 1.70003, -1.6937
54.15, 1.70672, -1.69362
54.175, 1.71314, -1.69355
54.2, 1.71314, -1.69355
54.225, 1.71314, -1.69355
54.25, 1.71933, -1.69347
54.275, 1.71933, -1.69347
54.3, 1.71933, -1.69347
54.325, 1.71933, -1.69347
54.35, 1.72539, -1.6934
54.375, 1.72539, -1.6934
54.4, 1.73117, -1.69332
54.425, 1.73673, -1.69325
54.45, 1.74202, -1.69317
54.475, 1.74701, -1.6931
54.5, 1.74701, -1.6931
54.525, 1.74701, -1.6931
54.55, 1.74701, -1.6931
54.575, 1.74701, -1.6931
54.6, 1.74701, -1.6931
54.625, 1.75192, -1.69303
54.65, 1.75192, -1.69303
54.675, 1.7567, -1.69296
54.7, 1.7567, -1.69296
54.725, 1.7567, -1.69296
54.75, 1.7567, -1.69296
54.775, 1.7612, -1.69289
54.8, 1.76556, -1.69282
54.825, 1.76556, -1.69282
54.85, 1.76914, -1.69278
54.875, 1.76914, -1.69278
54.9, 1.76914, -1.69278
54.925, 1.76914, -1.69278
54.95, 1.77407, -1.69269
54.975, 1.77407, -1.69269
55, 1.77407, -1.69269
55.025, 1.77839, -1.69263
55.05, 1.77839, -1.69263
55.075, 1.78259, -1.69257
55.1, 1.78259, -1.69257
55.125, 1.78259, -1.69257
55.15, 1.78417, -1.69258
55.175, 1.78417, -1.69258
55.2, 1.78417, -1.69258
55.225, 1.78841, -1.69251
55.25, 1.79343, -1.69244
55.275, 1.79921, -1.69237
55.3, 1.80523, -1.6923
55.325, 1.80523, -1.6923
55.35, 1.81093, -1.69223
55.375, 1.81093, -1.69223
55.4, 1.81093, -1.69223
55.425, 1.81093, -1.69223
55.45, 1.81518, -1.69218
55.475, 1.81518, -1.69218
55.5, 1.81976, -1.69214
55.525, 1.81976, -1.69214
55.55, 1.81976, -1.69214
55.575, 1.81976, -1.69214
55.6, 1.82403, -1.69209
55.625, 1.82756, -1.69204
55.65, 1.83023, -1.69202
55.675, 1.83188, -1.692
55.7, 1.83188, -1.692
55.725, 1.83301, -1.692
55.75, 1.83402, -1.69199
55.775, 1.83519, -1.69198
55.8, 1.8364, -1.69198
55.825, 1.83759, -1.69197
55.85, 1.83759, -1.69197
55.875, 1.83865, -1.69196
55.9, 1.83967, -1.69196
55.925, 1.83967, -1.69196
55.95, 1.83967, -1.69196
55.975, 1.83967, -1.69196
56, 1.84007, -1.69196
56.025, 1.83983, -1.69196
56.05, 1.83983, -1.69196
56.075, 1.83983, -1.69196
56.1, 1.83983, -1.69196
56.125, 1.83971, -1.69197
56.15, 1.83964, -1.69197
56.175, 1.8397, -1.69198
56.2, 1.8397, -1.69198
56.225, 1.8395, -1.69198
56.25, 1.8387, -1.69199
56.275, 1.8387, -1.69199
56.3, 1.83662, -1.69203
56.325, 1.83317, -1.69208
56.35, 1.82961, -1.69213
56.375, 1.82689, -1.69217
56.4, 1.82528, -1.69221
56.425, 1.82459, -1.69225
56.45, 1.82459, -1.69225
56.475, 1.82459, -1.69225
56.5, 1.82459, -1.69225
56.525, 1.82459, -1.69225
56.55, 1.82464, -1.69222
56.575, 1.82172, -1.69224
56.6, 1.82172, -1.69224
56.625, 1.82042, -1.69223
56.65, 1.82042, -1.69223
56.675, 1.82042, -1.69223
56.7, 1.82042, -1.69223
56.725, 1.81608, -1.69232
56.75, 1.81101, -1.69242
56.775, 1.80629, -1.69252
56.8, 1.80207, -1.69262
56.825, 1.80207, -1.69262
56.85, 1.80207, -1.69262
56.875, 1.80207, -1.69262
56.9, 1.80207, -1.69262
56.925, 1.7984, -1.69266
56.95, 1.7984, -1.69266
56.975, 1.7984, -1.69266
57, 1.7984, -1.69266
57.025, 1.79556, -1.69269
57.05, 1.79286, -1.69272
57.075, 1.79286, -1.69272
57.1, 1.7904, -1.69275
57.125, 1.7881, -1.69278
57.15, 1.7881, -1.69278
57.175, 1.78556, -1.69281
57.2, 1.78556, -1.69281
57.225, 1.78556, -1.69281
57.25, 1.78556, -1.69281
57.275, 1.78263, -1.69283
57.3, 1.78263, -1.69283
57.325, 1.77948, -1.69286
57.35, 1.77948, -1.69286
57.375, 1.77601, -1.69289
57.4, 1.77601, -1.69289
57.425, 1.77239, -1.69291
57.45, 1.77239, -1.69291
57.475, 1.77239, -1.69291
57.5, 1.77239, -1.69291
57.525, 1.76848, -1.69293
57.55, 1.76419, -1.69295
57.575, 1.76419, -1.69295
57.6, 1.75952, -1.69297
57.625, 1.75952, -1.69297
57.65, 1.75552, -1.69299
57.675, 1.75552, -1.69299
57.7, 1.75552, -1.69299
57.725, 1.75145, -1.69305
57.75, 1.75145, -1.69305
57.775, 1.75145, -1.69305
57.8, 1.74855, -1.69304
57.825, 1.74528, -1.69304
57.85, 1.74528, -1.69304
57.875, 1.74528, -1.69304
57.9, 1.74236, -1.69303
57.925, 1.74236, -1.69303
57.95, 1.73914, -1.69305
57.975, 1.73392, -1.69315
58, 1.73392, -1.69315
58.025, 1.73392, -1.69315
58.05, 1.73171, -1.69316
58.075, 1.73171, -1.69316
58.1, 1.73171, -1.69316
58.125, 1.73171, -1.69316
58.15, 1.73171, -1.69316
58.175, 1.73171, -1.69316
58.2, 1.73171, -1.69316
58.225, 1.7308, -1.69309
58.25, 1.7308, -1.69309
58.275, 1.72972, -1.69303
58.3, 1.72872, -1.69298
58.325, 1.72872, -1.69298
58.35, 1.72872, -1.69298
58.375, 1.72728, -1.69293
58.4, 1.7254, -1.69288
58.425, 1.7233, -1.69283
58.45, 1.7233, -1.69283
58.475, 1.7233, -1.69283
58.5, 1.7233, -1.69283
58.525, 1.7233, -1.69283
58.55, 1.7212, -1.69279
58.575, 1.71894, -1.69274
58.6, 1.71894, -1.69274
58.625, 1.71632, -1.6927
58.65, 1.71344, -1.69266
58.675, 1.71042, -1.69262
58.7, 1.71042, -1.69262
58.725, 1.7078, -1.69258
58.75, 1.7078, -1.69258
58.775, 1.7078, -1.69258
58.8, 1.7078, -1.69258
58.825, 1.7078, -1.69258
58.85, 1.7078, -1.69258
58.875, 1.7078, -1.69258
58.9, 1.7078, -1.69258
58.925, 1.70535, -1.69252
58.95, 1.70535, -1.69252
58.975, 1.70535, -1.69252
59, 1.70535, -1.69252
59.025, 1.70535, -1.69252
59.05, 1.70288, -1.69247
59.075, 1.70077, -1.69242
59.1, 1.69922, -1.69238
59.125, 1.69814, -1.69235
59.15, 1.69814, -1.69235
59.175, 1.69814, -1.69235
59.2, 1.69814, -1.69235
59.225, 1.69814, -1.69235
59.25, 1.69715, -1.69226
59.275, 1.69505, -1.69219
59.3, 1.69505, -1.69219
59.325, 1.69194, -1.69214
59.35, 1.69194, -1.69214
59.375, 1.69012, -1.69208
59.4, 1.69012, -1.69208
59.425, 1.68601, -1.69213
59.45, 1.68601, -1.69213
59.475, 1.68112, -1.69218
59.5, 1.68112, -1.69218
59.525, 1.67885, -1.69223
59.55, 1.67885, -1.69223
59.575, 1.67885, -1.69223
59.6, 1.67885, -1.69223
59.625, 1.67885, -1.69223
59.65, 1.67678, -1.69216
59.675, 1.67351, -1.69212
59.7, 1.67351, -1.69212
59.725, 1.67351, -1.69212
59.75, 1.67351, -1.69212
59.775, 1.67235, -1.69204
59.8, 1.67235, -1.69204
59.825, 1.67235, -1.69204
59.85, 1.67235, -1.69204
59.875, 1.67235, -1.69204
59.9, 1.67125, -1.69195
59.925, 1.67019, -1.69187
59.95, 1.67019, -1.69187
59.975, 1.66918, -1.69179
60, 1.66818, -1.69171
60, 1.66818, -1.69171
60.025, 1.66818, -1.69171
60.05, 1.66818, -1.69171
60.075, 1.66818, -1.69171
60.1, 1.66351, -1.69164
60.125, 1.66351, -1.69164
60.15, 1.65069, -1.69161
60.175, 1.65069, -1.69161
60.2, 1.63078, -1.6916
60.225, 1.60746, -1.69161
60.25, 1.60746, -1.69161
60.275, 1.5799, -1.69163
60.3, 1.5799, -1.69163
60.325, 1.5799, -1.69163
60.35, 1.5799, -1.69163
60.375, 1.5799, -1.69163
60.4, 1.5799, -1.69163
60.425, 1.5799, -1.69163
60.45, 1.5799, -1.69163
60.475, 1.5799, -1.69163
60.5, 1.55146, -1.69164
60.525, 1.55146, -1.69164
60.55, 1.55146, -1.69164
60.575, 1.55146, -1.69164
60.6, 1.55146, -1.69164
60.625, 1.53125, -1.69167
60.65, 1.53125, -1.69167
60.675, 1.53125, -1.69167
60.7, 1.51889, -1.69173
60.725, 1.51742, -1.69173
60.75, 1.51742, -1.69173
60.775, 1.51225, -1.69173
60.8, 1.50611, -1.69175
60.825, 1.49923, -1.69178
60.85, 1.49362, -1.69179
60.875, 1.49362, -1.69179
60.9, 1.49362, -1.69179
60.925, 1.4923, -1.69189
60.95, 1.49724, -1.69197
60.975, 1.49724, -1.69197
61, 1.49724, -1.69197
61.025, 1.49724, -1.69197
61.05, 1.49724, -1.69197
61.075, 1.50381, -1.69186
61.1, 1.51071, -1.69174
61.125, 1.51071, -1.69174
61.15, 1.51071, -1.69174
61.175, 1.51872, -1.69165
61.2, 1.51872, -1.69165
61.225, 1.51872, -1.69165
61.25, 1.51872, -1.69165
61.275, 1.51872, -1.69165
61.3, 1.5267, -1.69155
61.325, 1.5267, -1.69155
61.35, 1.53503, -1.69144
61.375, 1.53503, -1.69144
61.4, 1.53503, -1.69144
61.425, 1.53503, -1.69144
61.45, 1.54303, -1.69136
61.475, 1.55215, -1.69125
61.5, 1.56201, -1.69114
61.525, 1.57235, -1.69101
61.55, 1.58314, -1.69088
61.575, 1.58314, -1.69088
61.6, 1.58314, -1.69088
61.625, 1.59348, -1.69076
61.65, 1.59348, -1.69076
61.675, 1.60356, -1.69064
61.7, 1.61376, -1.69052
61.725, 1.61376, -1.69052
61.75, 1.62349, -1.69039
61.775, 1.62349, -1.69039
61.8, 1.62349, -1.69039
61.825, 1.62349, -1.69039
61.85, 1.62349, -1.69039
61.875, 1.62349, -1.69039
61.9, 1.62349, -1.69039
61.925, 1.63395, -1.69025
61.95, 1.63395, -1.69025
61.975, 1.64409, -1.69012
62, 1.64409, -1.69012
62.025, 1.65387, -1.68999
62.05, 1.66319, -1.68984
62.075, 1.6718, -1.68969
62.1, 1.6794, -1.68953
62.125, 1.6857, -1.68936
62.15, 1.6857, -1.68936
62.175, 1.6857, -1.68936
62.2, 1.69253, -1.6892
62.225, 1.6994, -1.68905
62.25, 1.6994, -1.68905
62.275, 1.6994, -1.68905
62.3, 1.6994, -1.68905
62.325, 1.70382, -1.68889
62.35, 1.70477, -1.68872
62.375, 1.70136, -1.68856
62.4, 1.69462, -1.68841
62.425, 1.68644, -1.68825
62.45, 1.67874, -1.6881
62.475, 1.67874, -1.6881
62.5, 1.67276, -1.68799
62.525, 1.66824, -1.6879
62.55, 1.66389, -1.68781
62.575, 1.66389, -1.68781
62.6, 1.66389, -1.68781
62.625, 1.65721, -1.68773
62.65, 1.65721, -1.68773
62.675, 1.65042, -1.68765
62.7, 1.6437, -1.68757
62.725, 1.6437, -1.68757
62.75, 1.6382, -1.68751
62.775, 1.6382, -1.68751
62.8, 1.6382, -1.68751
62.825, 1.6382, -1.68751
62.85, 1.63246, -1.68744
62.875, 1.63246, -1.68744
62.9, 1.63246, -1.68744
62.925, 1.63246, -1.68744
62.95, 1.63246, -1.68744
62.975, 1.62834, -1.68738
63, 1.62834, -1.68738
63.025, 1.62834, -1.68738
63.05, 1.62834, -1.68738
63.075, 1.62834, -1.68738
63.1, 1.62428, -1.68735
63.125, 1.62109, -1.68735
63.15, 1.62109, -1.68735
63.175, 1.61828, -1.68735
63.2, 1.61592, -1.68737
63.225, 1.61592, -1.68737
63.25, 1.61592, -1.68737
63.275, 1.61368, -1.68739
63.3, 1.61368, -1.68739
63.325, 1.61225, -1.68742
63.35, 1.61225, -1.68742
63.375, 1.61225, -1.68742
63.4, 1.61073, -1.68749
63.425, 1.61073, -1.68749
63.45, 1.60926, -1.68755
63.475, 1.60926, -1.68755
63.5, 1.60926, -1.68755
63.525, 1.60675, -1.68761
63.55, 1.60425, -1.68767
63.575, 1.60263, -1.68773
63.6, 1.60263, -1.68773
63.625, 1.60263, -1.68773
63.65, 1.60263, -1.68773
63.675, 1.59743, -1.68794
63.7, 1.59174, -1.68817
63.725, 1.59174, -1.68817
63.75, 1.59174, -1.68817
63.775, 1.58486, -1.68839
63.8, 1.58486, -1.68839
63.825, 1.57757, -1.6886
63.85, 1.57107, -1.68881
63.875, 1.5658, -1.68904
63.9, 1.5658, -1.68904
63.925, 1.5658, -1.68904
63.95, 1.56041, -1.68927
63.975, 1.56041, -1.68927
64, 1.56041, -1.68927
64.025, 1.56041, -1.68927
64.05, 1.56041, -1.68927
64.075, 1.56041, -1.68927
64.1, 1.56041, -1.68927
64.125, 1.55703, -1.68947
64.15, 1.55703, -1.68947
64.175, 1.55371, -1.6897
64.2, 1.55048, -1.68993
64.225, 1.55048, -1.68993
64.25, 1.54727, -1.69015
64.275, 1.54727, -1.69015
64.3, 1.54727, -1.69015
64.325, 1.54727, -1.69015
64.35, 1.54727, -1.69015
64.375, 1.54727, -1.69015
64.4, 1.54727, -1.69015
64.425, 1.54727, -1.69015
64.45, 1.54727, -1.69015
64.475, 1.54727, -1.69015
64.5, 1.54479, -1.69035
64.525, 1.54238, -1.69055
64.55, 1.54238, -1.69055
64.575, 1.54238, -1.69055
64.6, 1.5399, -1.69074
64.625, 1.53732, -1.69093
64.65, 1.53466, -1.6911
64.675, 1.53194, -1.69127
64.7, 1.53194, -1.69127
64.725, 1.52951, -1.69144
64.75, 1.52741, -1.69161
64.775, 1.52741, -1.69161
64.8, 1.52741, -1.69161
64.825, 1.52539, -1.69178
64.85, 1.52539, -1.69178
64.875, 1.52539, -1.69178
64.9, 1.52539, -1.69178
64.925, 1.52539, -1.69178
64.95, 1.52237, -1.69195
64.975, 1.51874, -1.69211
65, 1.51874, -1.69211
65.025, 1.5166, -1.69228
65.05, 1.5166, -1.69228
65.075, 1.5166, -1.69228
65.1, 1.51458, -1.69244
65.125, 1.51458, -1.69244
65.15, 1.51458, -1.69244
65.175, 1.51034, -1.69259
65.2, 1.51034, -1.69259
65.225, 1.51034, -1.69259
65.25, 1.50851, -1.69271
65.275, 1.50851, -1.69271
65.3, 1.50851, -1.69271
65.325, 1.50851, -1.69271
65.35, 1.50596, -1.69287
65.375, 1.50344, -1.69304
65.4, 1.50094, -1.6932
65.425, 1.50094, -1.6932
65.45, 1.49743, -1.69336
65.475, 1.49743, -1.69336
65.5, 1.49743, -1.69336
65.525, 1.49461, -1.69351
65.55, 1.49461, -1.69351
65.575, 1.49461, -1.69351
65.6, 1.49461, -1.69351
65.625, 1.49187, -1.69365
65.65, 1.48931, -1.69379
65.675, 1.48689, -1.69392
65.7, 1.48689, -1.69392
65.725, 1.48425, -1.69405
65.75, 1.4817, -1.69417
65.775, 1.47943, -1.6943
65.8, 1.47943, -1.6943
65.825, 1.47943, -1.6943
65.85, 1.47735, -1.69442
65.875, 1.47562, -1.69454
65.9, 1.47562, -1.69454
65.925, 1.47399, -1.69465
65.95, 1.47399, -1.69465
65.975, 1.47399, -1.69465
66, 1.47242, -1.69477
66.025, 1.47091, -1.69489
66.05, 1.47091, -1.69489
66.075, 1.46946, -1.695
66.1, 1.46804, -1.69511
66.125, 1.46804, -1.69511
66.15, 1.46646, -1.69522
66.175, 1.46646, -1.69522
66.2, 1.46646, -1.69522
66.225, 1.46646, -1.69522
66.25, 1.46454, -1.69535
66.275, 1.46454, -1.69535
66.3, 1.46454, -1.69535
66.325, 1.46454, -1.69535
66.35, 1.46454, -1.69535
66.375, 1.46454, -1.69535
66.4, 1.46454, -1.69535
66.425, 1.46336, -1.69545
66.45, 1.46187, -1.69556
66.475, 1.46187, -1.69556
66.5, 1.46187, -1.69556
66.525, 1.46187, -1.69556
66.55, 1.46187, -1.69556
66.575, 1.46254, -1.6956
66.6, 1.46262, -1.69563
66.625, 1.46262, -1.69563
66.65, 1.46253, -1.69567
66.675, 1.46275, -1.6957
66.7, 1.46275, -1.6957
66.725, 1.46275, -1.6957
66.75, 1.46146, -1.69579
66.775, 1.45883, -1.6959
66.8, 1.4564, -1.69601
66.825, 1.4564, -1.69601
66.85, 1.4564, -1.69601
66.875, 1.45333, -1.69613
66.9, 1.4498, -1.69625
66.925, 1.44607, -1.69637
66.95, 1.44607, -1.69637
66.975, 1.44267, -1.69648
67, 1.43937, -1.6966
67.025, 1.43937, -1.6966
67.05, 1.43617, -1.69672
67.075, 1.43308, -1.69682
67.1, 1.43308, -1.69682
67.125, 1.42995, -1.69693
67.15, 1.42995, -1.69693
67.175, 1.42995, -1.69693
67.2, 1.42995, -1.69693
67.225, 1.42712, -1.69703
67.25, 1.42432, -1.69713
67.275, 1.42432, -1.69713
67.3, 1.42158, -1.69723
67.325, 1.42158, -1.69723
67.35, 1.42158, -1.69723
67.375, 1.42158, -1.69723
67.4, 1.41877, -1.69732
67.425, 1.41877, -1.69732
67.45, 1.41877, -1.69732
67.475, 1.41877, -1.69732
67.5, 1.41618, -1.69742
67.525, 1.41618, -1.69742
67.55, 1.41376, -1.69751
67.575, 1.41145, -1.6976
67.6, 1.41145, -1.6976
67.625, 1.41145, -1.6976
67.65, 1.40885, -1.6977
67.675, 1.40585, -1.69781
67.7, 1.40585, -1.69781
67.725, 1.40585, -1.69781
67.75, 1.40326, -1.69791
67.775, 1.40326, -1.69791
67.8, 1.40075, -1.69801
67.825, 1.39829, -1.69811
67.85, 1.3955, -1.69821
67.875, 1.3955, -1.69821
67.9, 1.39109, -1.69836
67.925, 1.39109, -1.69836
67.95, 1.38762, -1.69848
67.975, 1.38762, -1.69848
68, 1.38409, -1.69859
68.025, 1.3788, -1.69874
68.05, 1.3788, -1.69874
68.075, 1.37368, -1.69887
68.1, 1.37368, -1.69887
68.125, 1.37072, -1.699
68.15, 1.36843, -1.69916
68.175, 1.36843, -1.69916
68.2, 1.36614, -1.69932
68.225, 1.36414, -1.69946
68.25, 1.36414, -1.69946
68.275, 1.36414, -1.69946
68.3, 1.36414, -1.69946
68.325, 1.36414, -1.69946
68.35, 1.36414, -1.69946
68.375, 1.36629, -1.69951
68.4, 1.36629, -1.69951
68.425, 1.36781, -1.69958
68.45, 1.36781, -1.69958
68.475, 1.36781, -1.69958
68.5, 1.36781, -1.69958
68.525, 1.36781, -1.69958
68.55, 1.36781, -1.69958
68.575, 1.36922, -1.69965
68.6, 1.36922, -1.69965
68.625, 1.37068, -1.69972
68.65, 1.37068, -1.69972
68.675, 1.37068, -1.69972
68.7, 1.37209, -1.69978
68.725, 1.37209, -1.69978
68.75, 1.37209, -1.69978
68.775, 1.37209, -1.69978
68.8, 1.37345, -1.69985
68.825, 1.37345, -1.69985
68.85, 1.37477, -1.69991
68.875, 1.37477, -1.69991
68.9, 1.37602, -1.69997
68.925, 1.37602, -1.69997
68.95, 1.37602, -1.69997
68.975, 1.37734, -1.70002
69, 1.37734, -1.70002
69.025, 1.37734, -1.70002
69.05, 1.37734, -1.70002
69.075, 1.37865, -1.70008
69.1, 1.38002, -1.70013
69.125, 1.38002, -1.70013
69.15, 1.38002, -1.70013
69.175, 1.38117, -1.70018
69.2, 1.38233, -1.70023
69.225, 1.38343, -1.70028
69.25, 1.38343, -1.70028
69.275, 1.38343, -1.70028
69.3, 1.38343, -1.70028
69.325, 1.38343, -1.70028
69.35, 1.38616, -1.70028
69.375, 1.38616, -1.70028
69.4, 1.38616, -1.70028
69.425, 1.38829, -1.70029
69.45, 1.38829, -1.70029
69.475, 1.39018, -1.70031
69.5, 1.39018, -1.70031
69.525, 1.39018, -1.70031
69.55, 1.39018, -1.70031
69.575, 1.3911, -1.70034
69.6, 1.3911, -1.70034
69.625, 1.39285, -1.70036
69.65, 1.39683, -1.70037
69.675, 1.39683, -1.70037
69.7, 1.39683, -1.70037
69.725, 1.40067, -1.70038
69.75, 1.40067, -1.70038
69.775, 1.40067, -1.70038
69.8, 1.40441, -1.70038
69.825, 1.40698, -1.70041
69.85, 1.40698, -1.70041
69.875, 1.40698, -1.70041
69.9, 1.40698, -1.70041
69.925, 1.41113, -1.70039
69.95, 1.41511, -1.70037
69.975, 1.4187, -1.70034
70, 1.42232, -1.70032
70.025, 1.42232, -1.70032
70.05, 1.42232, -1.70032
70.075, 1.42134, -1.70032
70.1, 1.41458, -1.70033
70.125, 1.40054, -1.70039
70.15, 1.40054, -1.70039
70.175, 1.3864, -1.70044
70.2, 1.37434, -1.70048
70.225, 1.36135, -1.70053
70.25, 1.35036, -1.70057
70.275, 1.34282, -1.70061
70.3, 1.33672, -1.70064
70.325, 1.33672, -1.70064
70.35, 1.33672, -1.70064
70.375, 1.33672, -1.70064
70.4, 1.33672, -1.70064
70.425, 1.33672, -1.70064
70.45, 1.33672, -1.70064
70.475, 1.32186, -1.70054
70.5, 1.31325, -1.70042
70.525, 1.30828, -1.7003
70.55, 1.30828, -1.7003
70.575, 1.30809, -1.7002
70.6, 1.30809, -1.7002
70.625, 1.30809, -1.7002
70.65, 1.30809, -1.7002
70.675, 1.30809, -1.7002
70.7, 1.30809, -1.7002
70.725, 1.30536, -1.69988
70.75, 1.30536, -1.69988
70.775, 1.30815, -1.69957
70.8, 1.32014, -1.69922
70.825, 1.32014, -1.69922
70.85, 1.33437, -1.69893
70.875, 1.33437, -1.69893
70.9, 1.33437, -1.69893
70.925, 1.33437, -1.69893
70.95, 1.33437, -1.69893
70.975, 1.34874, -1.69849
71, 1.34874, -1.69849
71.025, 1.34874, -1.69849
71.05, 1.34874, -1.69849
71.075, 1.36388, -1.69813
71.1, 1.38757, -1.69773
71.125, 1.41641, -1.69734
71.15, 1.41641, -1.69734
71.175, 1.41641, -1.69734
71.2, 1.44416, -1.69697
71.225, 1.44416, -1.69697
71.25, 1.46889, -1.69661
71.275, 1.46889, -1.69661
71.3, 1.46889, -1.69661
71.325, 1.4945, -1.69626
71.35, 1.52161, -1.69591
71.375, 1.54966, -1.69554
71.4, 1.57807, -1.69518
71.425, 1.6065, -1.69482
71.45, 1.6065, -1.69482
71.475, 1.6065, -1.69482
71.5, 1.6065, -1.69482
71.525, 1.6065, -1.69482
71.55, 1.6065, -1.69482
71.575, 1.6065, -1.69482
71.6, 1.6065, -1.69482
71.625, 1.63445, -1.69445
71.65, 1.63445, -1.69445
71.675, 1.63445, -1.69445
71.7, 1.6609, -1.69411
71.725, 1.6609, -1.69411
71.75, 1.6609, -1.69411
71.775, 1.68634, -1.69378
71.8, 1.68634, -1.69378
71.825, 1.71065, -1.69345
71.85, 1.71065, -1.69345
71.875, 1.71065, -1.69345
71.9, 1.73336, -1.69314
71.925, 1.73336, -1.69314
71.95, 1.75457, -1.69284
71.975, 1.75457, -1.69284
72, 1.75457, -1.69284
72.025, 1.75457, -1.69284
72.05, 1.75457, -1.69284
72.075, 1.75457, -1.69284
72.1, 1.77604, -1.69255
72.125, 1.79687, -1.69227
72.15, 1.81711, -1.69201
72.175, 1.83678, -1.69178
72.2, 1.83678, -1.69178
72.225, 1.83678, -1.69178
72.25, 1.83678, -1.69178
72.275, 1.83678, -1.69178
72.3, 1.83678, -1.69178
72.325, 1.85579, -1.69155
72.35, 1.85579, -1.69155
72.375, 1.87483, -1.69136
72.4, 1.89368, -1.69119
72.425, 1.89368, -1.69119
72.45, 1.91185, -1.69103
72.475, 1.91185, -1.69103
72.5, 1.9282, -1.69087
72.525, 1.9282, -1.69087
72.55, 1.94157, -1.69071
72.575, 1.95322, -1.69056
72.6, 1.95322, -1.69056
72.625, 1.95322, -1.69056
72.65, 1.95322, -1.69056
72.675, 1.95322, -1.69056
72.7, 1.96461, -1.69042
72.725, 1.97548, -1.69029
72.75, 1.97548, -1.69029
72.775, 1.98446, -1.69015
72.8, 1.99115, -1.69001
72.825, 1.99115, -1.69001
72.85, 1.99616, -1.68987
72.875, 1.99616, -1.68987
72.9, 1.99616, -1.68987
72.925, 2.00137, -1.68974
72.95, 2.00137, -1.68974
72.975, 2.00627, -1.68961
73, 2.01067, -1.68948
73.025, 2.01067, -1.68948
73.05, 2.01429, -1.68935
73.075, 2.01429, -1.68935
73.1, 2.01747, -1.68922
73.125, 2.02055, -1.6891
73.15, 2.02055, -1.6891
73.175, 2.02055, -1.6891
73.2, 2.02399, -1.68899
73.225, 2.02399, -1.68899
73.25, 2.02756, -1.68889
73.275, 2.02756, -1.68889
73.3, 2.02756, -1.68889
73.325, 2.02756, -1.68889
73.35, 2.02756, -1.68889
73.375, 2.03102, -1.68879
73.4, 2.03468, -1.6887
73.425, 2.03845, -1.68861
73.45, 2.03845, -1.68861
73.475, 2.03845, -1.68861
73.5, 2.04243, -1.68854
73.525, 2.04681, -1.68848
73.55, 2.04681, -1.68848
73.575, 2.04681, -1.68848
73.6, 2.04681, -1.68848
73.625, 2.04681, -1.68848
73.65, 2.04681, -1.68848
73.675, 2.05096, -1.68841
73.7, 2.05488, -1.68834
73.725, 2.05488, -1.68834
73.75, 2.05935, -1.68828
73.775, 2.05935, -1.68828
73.8, 2.06344, -1.68828
73.825, 2.06699, -1.68834
73.85, 2.06699, -1.68834
73.875, 2.06999, -1.68841
73.9, 2.07291, -1.68849
73.925, 2.07291, -1.68849
73.95, 2.07488, -1.68855
73.975, 2.07488, -1.68855
74, 2.07488, -1.68855
74.025, 2.07926, -1.68858
74.05, 2.0836, -1.68865
74.075, 2.0836, -1.68865
74.1, 2.0836, -1.68865
74.125, 2.0836, -1.68865
74.15, 2.0836, -1.68865
74.175, 2.08893, -1.68863
74.2, 2.09222, -1.68861
74.225, 2.09222, -1.68861
74.25, 2.09366, -1.6886
74.275, 2.09366, -1.6886
74.3, 2.09502, -1.6886
74.325, 2.09648, -1.68859
74.35, 2.09648, -1.68859
74.375, 2.09648, -1.68859
74.4, 2.0979, -1.68859
74.425, 2.0979, -1.68859
74.45, 2.09901, -1.68858
74.475, 2.09901, -1.68858
74.5, 2.09901, -1.68858
74.525, 2.10033, -1.68858
74.55, 2.10181, -1.68858
74.575, 2.10181, -1.68858
74.6, 2.10338, -1.68859
74.625, 2.10503, -1.68861
74.65, 2.10503, -1.68861
74.675, 2.10503, -1.68861
74.7, 2.10503, -1.68861
74.725, 2.10503, -1.68861
74.75, 2.10661, -1.68862
74.775, 2.10812, -1.68864
74.8, 2.10812, -1.68864
74.825, 2.10966, -1.68866
74.85, 2.11119, -1.68867
74.875, 2.11273, -1.68869
74.9, 2.11273, -1.68869
74.925, 2.11438, -1.68872
74.95, 2.11609, -1.68875
74.975, 2.11781, -1.6888
75, 2.1195, -1.68885
75.025, 2.12115, -1.6889
75.05, 2.12115, -1.6889
75.075, 2.12244, -1.68895
75.1, 2.12317, -1.68899
75.125, 2.12315, -1.68903
75.15, 2.12315, -1.68903
75.175, 2.12403, -1.68906
75.2, 2.12403, -1.68906
75.225, 2.12403, -1.68906
75.25, 2.12403, -1.68906
75.275, 2.12403, -1.68906
75.3, 2.12403, -1.68906
75.325, 2.12403, -1.68906
75.35, 2.12604, -1.68902
75.375, 2.12604, -1.68902
75.4, 2.12604, -1.68902
75.425, 2.12604, -1.68902
75.45, 2.12604, -1.68902
75.475, 2.1306, -1.68896
75.5, 2.13439, -1.68895
75.525, 2.13703, -1.68898
75.55, 2.13703, -1.68898
75.575, 2.14008, -1.68898
75.6, 2.14008, -1.68898
75.625, 2.13891, -1.68901
75.65, 2.13891, -1.68901
75.675, 2.13891, -1.68901
75.7, 2.13891, -1.68901
75.725, 2.13891, -1.68901
75.75, 2.14039, -1.689
75.775, 2.14039, -1.689
75.8, 2.14039, -1.689
75.825, 2.14119, -1.68899
75.85, 2.1407, -1.68898
75.875, 2.1407, -1.68898
75.9, 2.1407, -1.68898
75.925, 2.1407, -1.68898
75.95, 2.14098, -1.68896
75.975, 2.14173, -1.68895
76, 2.14173, -1.68895
76.025, 2.14173, -1.68895
76.05, 2.14173, -1.68895
76.075, 2.14173, -1.68895
76.1, 2.14173, -1.68895
76.125, 2.14173, -1.68895
76.15, 2.14173, -1.68895
76.175, 2.14173, -1.68895
76.2, 2.14173, -1.68895
76.225, 2.14249, -1.68893
76.25, 2.14249, -1.68893
76.275, 2.14347, -1.68891
76.3, 2.14347, -1.68891
76.325, 2.14347, -1.68891
76.35, 2.14449, -1.6889
76.375, 2.14449, -1.6889
76.4, 2.14449, -1.6889
76.425, 2.1455, -1.68889
76.45, 2.14646, -1.68888
76.475, 2.14646, -1.68888
76.5, 2.14721, -1.68887
76.525, 2.14721, -1.68887
76.55, 2.14721, -1.68887
76.575, 2.14721, -1.68887
76.6, 2.14721, -1.68887
76.625, 2.14721, -1.68887
76.65, 2.14737, -1.68889
76.675, 2.14737, -1.68889
76.7, 2.14737, -1.68889
76.725, 2.14737, -1.68889
76.75, 2.14737, -1.68889
76.775, 2.14737, -1.68889
76.8, 2.14737, -1.68889
76.825, 2.14737, -1.68889
76.85, 2.14737, -1.68889
76.875, 2.14737, -1.68889
76.9, 2.15072, -1.68885
76.925, 2.15072, -1.68885
76.95, 2.15072, -1.68885
76.975, 2.15072, -1.68885
77, 2.15518, -1.68873
77.025, 2.15518, -1.68873
77.05, 2.15355, -1.68868
77.075, 2.15355, -1.68868
77.1, 2.14904, -1.68865
77.125, 2.14904, -1.68865
77.15, 2.14904, -1.68865
77.175, 2.14904, -1.68865
77.2, 2.14904, -1.68865
77.225, 2.14904, -1.68865
77.25, 2.14357, -1.68862
77.275, 2.13606, -1.68859
77.3, 2.12671, -1.68856
77.325, 2.12671, -1.68856
77.35, 2.12671, -1.68856
77.375, 2.12671, -1.68856
77.4, 2.11712, -1.68853
77.425, 2.11712, -1.68853
77.45, 2.11712, -1.68853
77.475, 2.10762, -1.68851
77.5, 2.09863, -1.68848
77.525, 2.09863, -1.68848
77.55, 2.09035, -1.68846
77.575, 2.08294, -1.68844
77.6, 2.08294, -1.68844
77.625, 2.08294, -1.68844
77.65, 2.07618, -1.68842
77.675, 2.07117, -1.68841
77.7, 2.07117, -1.68841
77.725, 2.07117, -1.68841
77.75, 2.07117, -1.68841
77.775, 2.06674, -1.68842
77.8, 2.06674, -1.68842
77.825, 2.06297, -1.68845
77.85, 2.06297, -1.68845
77.875, 2.0595, -1.6885
77.9, 2.05648, -1.68856
77.925, 2.05648, -1.68856
77.95, 2.05648, -1.68856
77.975, 2.05648, -1.68856
78, 2.05648, -1.68856
78.025, 2.05648, -1.68856
78.05, 2.05648, -1.68856
78.075, 2.05648, -1.68856
78.1, 2.05648, -1.68856
78.125, 2.05648, -1.68856
78.15, 2.05839, -1.68846
78.175, 2.05839, -1.68846
78.2, 2.05839, -1.68846
78.225, 2.05839, -1.68846
78.25, 2.05839, -1.68846
78.275, 2.05839, -1.68846
78.3, 2.05839, -1.68846
78.325, 2.05873, -1.68839
78.35, 2.05873, -1.68839
78.375, 2.05873, -1.68839
78.4, 2.06102, -1.68827
78.425, 2.06102, -1.68827
78.45, 2.06317, -1.68818
78.475, 2.06371, -1.68811
78.5, 2.06371, -1.68811
78.525, 2.06523, -1.68802
78.55, 2.06523, -1.68802
78.575, 2.06662, -1.68797
78.6, 2.06662, -1.68797
78.625, 2.06662, -1.68797
78.65, 2.06833, -1.68789
78.675, 2.06833, -1.68789
78.7, 2.06833, -1.68789
78.725, 2.06833, -1.68789
78.75, 2.06833, -1.68789
78.775, 2.07113, -1.68781
78.8, 2.07424, -1.68773
78.825, 2.07424, -1.68773
78.85, 2.0773, -1.68769
78.875, 2.0773, -1.68769
78.9, 2.0773, -1.68769
78.925, 2.0773, -1.68769
78.95, 2.08068, -1.68762
78.975, 2.08395, -1.68755
79, 2.08717, -1.68748
79.025, 2.08717, -1.68748
79.05, 2.08717, -1.68748
79.075, 2.08717, -1.68748
79.1, 2.08996, -1.68743
79.125, 2.08996, -1.68743
79.15, 2.08996, -1.68743
79.175, 2.0921, -1.68738
79.2, 2.0921, -1.68738
79.225, 2.0921, -1.68738
79.25, 2.09331, -1.68735
79.275, 2.09331, -1.68735
79.3, 2.09331, -1.68735
79.325, 2.09331, -1.68735
79.35, 2.09331, -1.68735
79.375, 2.09331, -1.68735
79.4, 2.09331, -1.68735
79.425, 2.09331, -1.68735
79.45, 2.09331, -1.68735
79.475, 2.09331, -1.68735
79.5, 2.09187, -1.68736
79.525, 2.08639, -1.6874
79.55, 2.08639, -1.6874
79.575, 2.0819, -1.68743
79.6, 2.07798, -1.68746
79.625, 2.07798, -1.68746
79.65, 2.07317, -1.68749
79.675, 2.07317, -1.68749
79.7, 2.07317, -1.68749
79.725, 2.07317, -1.68749
79.75, 2.07317, -1.68749
79.775, 2.06461, -1.68755
79.8, 2.06461, -1.68755
79.825, 2.06461, -1.68755
79.85, 2.06137, -1.68762
79.875, 2.06282, -1.68768
79.9, 2.06613, -1.68775
79.925, 2.06613, -1.68775
79.95, 2.06613, -1.68775
79.975, 2.06672, -1.68781
80, 2.06672, -1.68781
80.025, 2.06672, -1.68781
80.05, 2.06672, -1.68781
80.075, 2.06672, -1.68781
80.1, 2.0694, -1.68784
80.125, 2.06925, -1.68789
80.15, 2.06925, -1.68789
80.175, 2.07043, -1.68793
80.2, 2.07043, -1.68793
80.225, 2.05534, -1.68797
80.25, 2.05534, -1.68797
80.275, 2.05534, -1.68797
80.3, 2.03349, -1.68803
80.325, 2.03349, -1.68803
80.35, 2.01548, -1.68809
80.375, 2.01548, -1.68809
80.4, 2.00104, -1.68816
80.425, 1.98995, -1.68822
80.45, 1.98995, -1.68822
80.475, 1.98995, -1.68822
80.5, 1.97668, -1.68824
80.525, 1.97668, -1.68824
80.55, 1.97668, -1.68824
80.575, 1.97668, -1.68824
80.6, 1.97668, -1.68824
80.625, 1.97668, -1.68824
80.65, 1.97668, -1.68824
80.675, 1.97668, -1.68824
80.7, 1.97668, -1.68824
80.725, 1.96345, -1.68809
80.75, 1.95515, -1.68792
80.775, 1.95515, -1.68792
80.8, 1.94932, -1.68776
80.825, 1.9458, -1.6876
80.85, 1.94389, -1.68743
80.875, 1.94276, -1.68727
80.9, 1.94174, -1.68711
80.925, 1.94065, -1.68696
80.95, 1.94065, -1.68696
80.975, 1.94106, -1.68681
81, 1.94288, -1.68667
81.025, 1.94574, -1.68652
81.05, 1.94985, -1.68637
81.075, 1.94985, -1.68637
81.1, 1.94985, -1.68637
81.125, 1.95363, -1.68622
81.15, 1.95363, -1.68622
81.175, 1.95762, -1.68608
81.2, 1.96235, -1.68594
81.225, 1.96235, -1.68594
81.25, 1.96784, -1.68581
81.275, 1.96784, -1.68581
81.3, 1.96784, -1.68581
81.325, 1.97281, -1.68572
81.35, 1.97281, -1.68572
81.375, 1.97752, -1.68563
81.4, 1.98171, -1.68555
81.425, 1.98171, -1.68555
81.45, 1.98171, -1.68555
81.475, 1.98615, -1.68548
81.5, 1.98615, -1.68548
81.525, 1.99025, -1.68542
81.55, 1.99025, -1.68542
81.575, 1.99291, -1.6854
81.6, 1.99291, -1.6854
81.625, 1.99496, -1.6854
81.65, 1.99689, -1.68538
81.675, 1.99874, -1.68537
81.7, 1.99874, -1.68537
81.725, 1.99874, -1.68537
81.75, 2.0002, -1.68535
81.775, 2.0002, -1.68535
81.8, 2.0002, -1.68535
81.825, 2.0002, -1.68535
81.85, 2.00075, -1.68535
81.875, 2.00047, -1.68533
81.9, 1.99952, -1.6853
81.925, 1.99952, -1.6853
81.95, 1.99952, -1.6853
81.975, 1.99952, -1.6853
82, 1.99869, -1.68528
82.025, 1.99869, -1.68528
82.05, 1.99783, -1.68525
82.075, 1.99783, -1.68525
82.1, 1.99689, -1.68522
82.125, 1.99689, -1.68522
82.15, 1.99599, -1.6852
82.175, 1.99509, -1.68517
82.2, 1.99422, -1.68514
82.225, 1.99341, -1.68512
82.25, 1.99267, -1.6851
82.275, 1.99267, -1.6851
82.3, 1.99209, -1.68508
82.325, 1.99166, -1.68507
82.35, 1.99166, -1.68507
82.375, 1.99166, -1.68507
82.4, 1.99117, -1.68505
82.425, 1.99055, -1.68503
82.45, 1.99055, -1.68503
82.475, 1.99055, -1.68503
82.5, 1.99055, -1.68503
82.525, 1.99055, -1.68503
82.55, 1.99055, -1.68503
82.575, 1.99055, -1.68503
82.6, 1.99055, -1.68503
82.625, 1.99011, -1.68503
82.65, 1.99011, -1.68503
82.675, 1.98973, -1.68502
82.7, 1.98973, -1.68502
82.725, 1.9893, -1.68502
82.75, 1.9891, -1.68502
82.775, 1.9891, -1.68502
82.8, 1.9891, -1.68502
82.825, 1.9891, -1.68502
82.85, 1.9891, -1.68502
82.875, 1.9891, -1.68502
82.9, 1.98906, -1.685
82.925, 1.98906, -1.685
82.95, 1.98789, -1.68497
82.975, 1.98789, -1.68497
83, 1.98789, -1.68497
83.025, 1.98789, -1.68497
83.05, 1.98748, -1.68493
83.075, 1.98709, -1.68489
83.1, 1.98699, -1.68486
83.125, 1.98699, -1.68486
83.15, 1.98699, -1.68486
83.175, 1.98661, -1.68482
83.2, 1.98588, -1.68477
83.225, 1.98588, -1.68477
83.25, 1.98588, -1.68477
83.275, 1.98588, -1.68477
83.3, 1.98523, -1.68473
83.325, 1.98523, -1.68473
83.35, 1.98523, -1.68473
83.375, 1.98454, -1.68468
83.4, 1.98454, -1.68468
83.425, 1.98427, -1.68465
83.45, 1.98433, -1.68462
83.475, 1.98473, -1.6846
83.5, 1.98473, -1.6846
83.525, 1.98473, -1.6846
83.55, 1.98473, -1.6846
83.575, 1.9848, -1.68458
83.6, 1.98458, -1.68455
83.625, 1.98458, -1.68455
83.65, 1.98412, -1.68452
83.675, 1.98412, -1.68452
83.7, 1.98412, -1.68452
83.725, 1.98412, -1.68452
83.75, 1.98412, -1.68452
83.775, 1.98412, -1.68452
83.8, 1.98412, -1.68452
83.825, 1.98412, -1.68452
83.85, 1.98335, -1.68449
83.875, 1.98335, -1.68449
83.9, 1.98279, -1.68446
83.925, 1.98282, -1.68444
83.95, 1.98282, -1.68444
83.975, 1.98282, -1.68444
84, 1.98282, -1.68444
84.025, 1.98282, -1.68444
84.05, 1.98282, -1.68444
84.075, 1.98293, -1.68438
84.1, 1.98293, -1.68438
84.125, 1.98293, -1.68438
84.15, 1.98291, -1.68432
84.175, 1.98311, -1.68426
84.2, 1.98311, -1.68426
84.225, 1.98311, -1.68426
84.25, 1.98311, -1.68426
84.275, 1.98335, -1.68426
84.3, 1.98374, -1.68427
84.325, 1.98373, -1.68427
84.35, 1.98373, -1.68427
84.375, 1.98373, -1.68427
84.4, 1.98373, -1.68427
84.425, 1.98319, -1.68427
84.45, 1.98319, -1.68427
84.475, 1.98319, -1.68427
84.5, 1.98319, -1.68427
84.525, 1.98313, -1.6843
84.55, 1.98313, -1.6843
84.575, 1.98313, -1.6843
84.6, 1.98313, -1.6843
84.625, 1.98313, -1.6843
84.65, 1.9824, -1.68431
84.675, 1.9824, -1.68431
84.7, 1.98165, -1.68432
84.725, 1.98165, -1.68432
84.75, 1.98165, -1.68432
84.775, 1.98165, -1.68432
84.8, 1.98165, -1.68432
84.825, 1.9811, -1.68434
84.85, 1.9811, -1.68434
84.875, 1.9811, -1.68434
84.9, 1.9811, -1.68434
84.925, 1.98065, -1.68436
84.95, 1.98065, -1.68436
84.975, 1.98065, -1.68436
85, 1.98024, -1.68438
85.025, 1.97986, -1.6844
85.05, 1.9796, -1.68442
85.075, 1.9796, -1.68442
85.1, 1.9796, -1.68442
85.125, 1.9796, -1.68442
85.15, 1.9796, -1.68442
85.175, 1.97938, -1.68446
85.2, 1.97926, -1.6845
85.225, 1.97926, -1.6845
85.25, 1.97926, -1.6845
85.275, 1.97926, -1.6845
85.3, 1.97916, -1.68455
85.325, 1.97916, -1.68455
85.35, 1.97918, -1.68459
85.375, 1.97918, -1.68459
85.4, 1.97922, -1.68465
85.425, 1.97922, -1.68465
85.45, 1.97926, -1.68471
85.475, 1.9793, -1.68477
85.5, 1.9793, -1.68482
85.525, 1.9793, -1.68482
85.55, 1.9793, -1.68482
85.575, 1.97925, -1.68488
85.6, 1.97925, -1.68488
85.625, 1.97925, -1.68488
85.65, 1.97934, -1.68494
85.675, 1.97932, -1.68504
85.7, 1.97922, -1.68513
85.725, 1.97913, -1.68523
85.75, 1.97896, -1.68531
85.775, 1.97896, -1.68531
85.8, 1.97896, -1.68531
85.825, 1.9781, -1.6854
85.85, 1.97734, -1.68549
85.875, 1.97734, -1.68549
85.9, 1.97734, -1.68549
85.925, 1.97734, -1.68549
85.95, 1.97641, -1.6856
85.975, 1.97641, -1.6856
86, 1.97545, -1.68569
86.025, 1.97545, -1.68569
86.05, 1.97545, -1.68569
86.075, 1.97545, -1.68569
86.1, 1.97545, -1.68569
86.125, 1.97448, -1.68578
86.15, 1.97448, -1.68578
86.175, 1.97373, -1.68587
86.2, 1.97373, -1.68587
86.225, 1.97306, -1.68595
86.25, 1.97306, -1.68595
86.275, 1.97237, -1.68604
86.3, 1.97166, -1.68611
86.325, 1.97166, -1.68611
86.35, 1.97166, -1.68611
86.375, 1.97091, -1.68619
86.4, 1.97091, -1.68619
86.425, 1.96996, -1.68626
86.45, 1.96898, -1.68633
86.475, 1.96898, -1.68633
86.5, 1.96797, -1.6864
86.525, 1.96797, -1.6864
86.55, 1.967, -1.68646
86.575, 1.967, -1.68646
86.6, 1.967, -1.68646
86.625, 1.967, -1.68646
86.65, 1.967, -1.68646
86.675, 1.967, -1.68646
86.7, 1.967, -1.68646
86.725, 1.967, -1.68646
86.75, 1.967, -1.68646
86.775, 1.967, -1.68646
86.8, 1.967, -1.68646
86.825, 1.967, -1.68646
86.85, 1.9661, -1.68651
86.875, 1.9652, -1.68656
86.9, 1.9652, -1.68656
86.925, 1.9652, -1.68656
86.95, 1.96415, -1.6866
86.975, 1.96286, -1.68665
87, 1.96189, -1.68669
87.025, 1.96147, -1.68675
87.05, 1.96132, -1.68683
87.075, 1.96118, -1.68695
87.1, 1.96118, -1.68695
87.125, 1.96055, -1.6871
87.15, 1.96055, -1.6871
87.175, 1.96055, -1.6871
87.2, 1.95991, -1.68722
87.225, 1.95991, -1.68722
87.25, 1.9588, -1.68734
87.275, 1.9588, -1.68734
87.3, 1.95804, -1.68746
87.325, 1.95804, -1.68746
87.35, 1.95804, -1.68746
87.375, 1.95737, -1.68759
87.4, 1.95737, -1.68759
87.425, 1.95607, -1.6877
87.45, 1.95607, -1.6877
87.475, 1.95607, -1.6877
87.5, 1.95607, -1.6877
87.525, 1.95607, -1.6877
87.55, 1.95607, -1.6877
87.575, 1.95703, -1.68776
87.6, 1.95703, -1.68776
87.625, 1.9583, -1.68784
87.65, 1.9583, -1.68784
87.675, 1.95941, -1.68791
87.7, 1.95941, -1.68791
87.725, 1.95941, -1.68791
87.75, 1.95941, -1.68791
87.775, 1.96037, -1.68798
87.8, 1.96138, -1.68804
87.825, 1.9626, -1.68811
87.85, 1.96393, -1.68818
87.875, 1.96393, -1.68818
87.9, 1.96393, -1.68818
87.925, 1.96529, -1.68826
87.95, 1.96529, -1.68826
87.975, 1.96529, -1.68826
88, 1.96661, -1.68834
88.025, 1.96661, -1.68834
88.05, 1.96661, -1.68834
88.075, 1.96661, -1.68834
88.1, 1.96661, -1.68834
88.125, 1.96785, -1.68841
88.15, 1.96785, -1.68841
88.175, 1.96785, -1.68841
88.2, 1.96785, -1.68841
88.225, 1.96785, -1.68841
88.25, 1.96785, -1.68841
88.275, 1.96785, -1.68841
88.3, 1.96906, -1.68848
88.325, 1.96906, -1.68848
88.35, 1.96906, -1.68848
88.375, 1.96906, -1.68848
88.4, 1.97016, -1.68855
88.425, 1.97016, -1.68855
88.45, 1.97016, -1.68855
88.475, 1.97016, -1.68855
88.5, 1.97124, -1.68862
88.525, 1.97228, -1.68869
88.55, 1.97312, -1.68875
88.575, 1.97356, -1.6888
88.6, 1.97356, -1.6888
88.625, 1.97356, -1.6888
88.65, 1.97356, -1.6888
88.675, 1.97356, -1.6888
88.7, 1.97356, -1.6888
88.725, 1.97356, -1.6888
88.75, 1.97356, -1.6888
88.775, 1.97356, -1.6888
88.8, 1.97385, -1.68887
88.825, 1.97407, -1.68893
88.85, 1.97407, -1.68893
88.875, 1.97363, -1.68898
88.9, 1.97363, -1.68898
88.925, 1.97363, -1.68898
88.95, 1.97329, -1.68903
88.975, 1.97329, -1.68903
89, 1.97329, -1.68903
89.025, 1.97329, -1.68903
89.05, 1.97309, -1.68908
89.075, 1.97309, -1.68908
89.1, 1.97309, -1.68908
89.125, 1.97309, -1.68908
89.15, 1.97309, -1.68908
89.175, 1.97284, -1.68913
89.2, 1.97264, -1.68918
89.225, 1.97264, -1.68918
89.25, 1.97264, -1.68918
89.275, 1.97264, -1.68918
89.3, 1.97252, -1.68923
89.325, 1.97249, -1.68929
89.35, 1.97249, -1.68929
89.375, 1.97247, -1.68935
89.4, 1.97247, -1.68935
89.425, 1.97247, -1.68935
89.45, 1.97247, -1.68935
89.475, 1.97235, -1.68941
89.5, 1.97212, -1.68948
89.525, 1.9718, -1.68955
89.55, 1.9718, -1.68955
89.575, 1.97148, -1.68961
89.6, 1.97112, -1.68968
89.625, 1.97112, -1.68968
89.65, 1.97074, -1.68975
89.675, 1.97037, -1.68981
89.7, 1.97037, -1.68981
89.725, 1.97002, -1.68987
89.75, 1.97002, -1.68987
89.775, 1.96966, -1.68993
89.8, 1.96966, -1.68993
89.825, 1.96934, -1.68998
89.85, 1.96934, -1.68998
89.875, 1.96887, -1.69005
89.9, 1.968, -1.69013
89.925, 1.96641, -1.69023
89.95, 1.96445, -1.69035
89.975, 1.96251, -1.69046
