0, 0.00765432, -0.908244
0.025, 0.022774, -0.893288
0.05, 0.032582, -0.83423
0.075, 0.0459751, -0.70512
0.1, 0.0684201, -0.671372
0.125, 0.0935209, -0.547759
0.15, 0.120718, -0.499311
0.175, 0.133293, -0.347191
0.2, 0.132841, -0.321369
0.225, 0.141413, -0.184717
0.25, 0.157798, -0.112364
0.275, 0.173655, 0.104694
0.3, 0.186404, 0.196605
0.325, 0.222542, 0.386435
0.35, 0.288776, 0.45572
0.375, 0.33288, 0.602854
0.4, 0.344908, 0.666898
0.425, 0.367256, 0.869895
0.45, 0.401397, 0.957715
0.475, 0.440252, 1.20123
0.5, 0.494073, 1.29097
0.525, 0.583231, 1.52286
0.55, 0.7013, 1.60467
0.575, 0.842379, 1.82914
0.6, 1.00985, 1.89344
0.625, 1.21529, 2.08915
0.65, 1.45318, 2.12968
0.675, 1.69607, 2.31273
0.7, 1.94789, 2.37141
0.725, 2.21831, 2.54513
0.75, 2.507, 2.58936
0.775, 2.82115, 2.73816
0.8, 3.15667, 2.76411
0.825, 3.49873, 2.83735
0.85, 3.84901, 2.85359
0.875, 4.20521, 2.94972
0.9, 4.56298, 2.97222
0.925, 4.91574, 3.08381
0.95, 5.26684, 3.09851
0.975, 5.6279, 3.13098
1, 5.99981, 3.13507
1.025, 6.37129, 3.13533
1.05, 6.73953, 3.13533
1.075, 7.10485, 3.13533
1.1, 7.46733, 3.13533
1.125, 7.82443, 3.1352
1.15, 8.17691, 3.13507
1.175, 8.52563, 3.09877
1.2, 8.86833, 3.07052
1.225, 9.2043, 2.92901
1.25, 9.53419, 2.89718
1.275, 9.82927, 2.76679
1.3, 10.0879, 2.74327
1.325, 10.3502, 2.65724
1.35, 10.6198, 2.62413
1.375, 10.8951, 2.48735
1.4, 11.1758, 2.42318
1.425, 11.4487, 2.23348
1.45, 11.7135, 2.16291
1.475, 11.9106, 1.94675
1.5, 12.0376, 1.90725
1.525, 12.1214, 1.78466
1.55, 12.1611, 1.7536
1.575, 12.196, 1.62589
1.6, 12.2361, 1.57629
1.625, 12.2944, 1.38122
1.65, 12.367, 1.34006
1.675, 12.4153, 1.12428
1.7, 12.4387, 1.06803
1.725, 12.4357, 0.91617
1.75, 12.4013, 0.882295
1.775, 12.3227, 0.786421
1.8, 12.2075, 0.748199
1.825, 12.0897, 0.626631
1.85, 11.9686, 0.583296
1.875, 11.8347, 0.460706
1.9, 11.6877, 0.43156
1.925, 11.5207, 0.35844
1.95, 11.3344, 0.338243
1.975, 11.1377, 0.303473
2, 10.9322, 0.296825
2.025, 10.7285, 0.272793
2.05, 10.5275, 0.253746
2.075, 10.3367, 0.21693
2.1, 10.156, 0.20696
2.125, 9.98383, 0.202741
2.15, 9.82028, 0.202613
2.175, 9.66138, 0.20632
2.2, 9.50616, 0.215908
2.225, 9.3491, 0.217186
2.25, 9.18986, 0.21284
2.275, 9.02554, 0.215652
2.3, 8.85627, 0.216547
2.325, 8.68562, 0.263845
2.35, 8.51412, 0.287877
2.375, 8.34637, 0.386563
2.4, 8.18263, 0.420566
2.425, 8.01936, 0.491002
2.45, 7.85629, 0.535487
2.475, 7.70354, 0.610524
2.5, 7.56259, 0.632128
2.525, 7.44092, 0.740274
2.55, 7.33423, 0.779007
2.575, 7.23141, 0.900063
2.6, 7.13804, 0.963084
2.625, 7.04809, 1.13016
2.65, 6.95789, 1.17631
2.675, 6.88078, 1.3127
2.7, 6.82039, 1.35476
2.725, 6.78557, 1.48029
2.75, 6.77456, 1.52797
2.775, 6.79532, 1.6962
2.8, 6.84642, 1.73928
2.825, 6.92453, 1.88322
2.85, 7.02973, 1.91351
2.875, 7.13714, 2.00964
2.9, 7.24388, 2.03201
2.925, 7.34724, 2.12392
2.95, 7.44607, 2.14157
2.975, 7.54333, 2.23079
3, 7.64523, 2.27783
3.025, 7.77781, 2.38406
3.05, 7.93922, 2.41116
3.075, 8.12628, 2.43238
3.1, 8.33971, 2.43392
3.125, 8.54798, 2.43494
3.15, 8.74273, 2.43532
3.175, 8.92365, 2.43571
3.2, 9.09541, 2.44286
3.225, 9.25799, 2.47904
3.25, 9.40742, 2.48492
3.275, 9.56958, 2.49566
3.3, 9.75182, 2.49591
3.325, 9.9356, 2.48198
3.35, 10.1152, 2.46651
3.375, 10.3071, 2.39186
3.4, 10.5142, 2.37281
3.425, 10.7047, 2.32961
3.45, 10.8726, 2.31887
3.475, 11.0333, 2.24089
3.5, 11.196, 2.21008
3.525, 11.3567, 2.03649
3.55, 11.5105, 1.99801
3.575, 11.6474, 1.8533
3.6, 11.7649, 1.81879
3.625, 11.8605, 1.7155
3.65, 11.9351, 1.67626
3.675, 11.9916, 1.56121
3.7, 12.0353, 1.52171
3.725, 12.0769, 1.38774
3.75, 12.1128, 1.33853
3.775, 12.1227, 1.1928
3.8, 12.1043, 1.1409
3.825, 12.0564, 1.05372
3.85, 11.9788, 1.03556
3.875, 11.8823, 0.98635
3.9, 11.7746, 0.969348
3.925, 11.683, 0.861202
3.95, 11.6066, 0.820935
3.975, 11.5315, 0.711511
4, 11.4531, 0.691058
4.025, 11.339, 0.633534
4.05, 11.1891, 0.627398
4.075, 11.021, 0.608735
4.1, 10.8371, 0.592372
4.125, 10.6545, 0.585342
4.15, 10.4745, 0.576393
4.175, 10.3071, 0.572175
4.2, 10.1526, 0.572047
4.225, 9.99723, 0.573837
4.25, 9.84051, 0.584447
4.275, 9.68433, 0.648235
4.3, 9.52632, 0.665109
4.325, 9.36814, 0.707421
4.35, 9.21485, 0.711128
4.375, 9.07522, 0.749733
4.4, 8.94485, 0.766863
4.425, 8.81016, 0.852638
4.45, 8.67534, 0.874753
4.475, 8.5583, 0.979063
4.5, 8.45747, 1.00642
4.525, 8.36815, 1.08452
4.55, 8.29079, 1.11354
4.575, 8.23386, 1.18423
4.6, 8.19562, 1.19433
4.625, 8.16758, 1.26502
4.65, 8.14726, 1.30337
4.675, 8.12313, 1.42596
4.7, 8.09664, 1.47569
4.725, 8.09664, 1.60084
4.75, 8.08721, 1.66053
4.775, 8.09679, 1.72726
4.8, 8.12675, 1.76894
4.825, 8.17596, 1.81023
4.85, 8.24112, 1.8533
4.875, 8.32122, 1.91223
4.9, 8.40218, 1.95531
4.925, 8.48459, 2.00645
4.95, 8.57633, 2.0494
4.975, 8.67654, 2.06448
5, 8.77996, 2.07765
5.025, 8.88675, 2.09324
5.05, 9.00288, 2.10066
5.075, 9.12565, 2.13722
5.1, 9.25218, 2.17455
5.125, 9.38163, 2.20382
5.15, 9.50912, 2.22338
5.175, 9.63766, 2.23194
5.2, 9.7734, 2.23194
5.225, 9.9122, 2.22529
5.25, 10.0291, 2.21647
5.275, 10.1251, 2.21609
5.3, 10.2181, 2.2166
5.325, 10.3086, 2.21699
5.35, 10.4137, 2.21686
5.375, 10.5377, 2.21596
5.4, 10.6778, 2.17838
5.425, 10.8302, 2.09107
5.45, 10.9899, 2.04582
5.475, 11.1547, 1.9897
5.5, 11.2641, 1.95084
5.525, 11.3149, 1.92655
5.55, 11.3607, 1.91339
5.575, 11.4098, 1.84065
5.6, 11.4494, 1.78402
5.625, 11.4823, 1.67996
5.65, 11.5425, 1.61247
5.675, 11.6245, 1.52631
5.7, 11.681, 1.46086
5.725, 11.7111, 1.38749
5.75, 11.7313, 1.32434
5.775, 11.7441, 1.25186
5.8, 11.74, 1.19293
5.825, 11.7171, 1.07366
5.85, 11.6899, 1.01
5.875, 11.6616, 0.914508
5.9, 11.6106, 0.86312
5.925, 11.532, 0.800482
5.95, 11.4377, 0.77824
5.975, 11.332, 0.740401
6, 11.2193, 0.705248
6.025, 11.0973, 0.63379
6.05, 10.9742, 0.59838
6.075, 10.853, 0.537532
6.1, 10.7288, 0.512989
6.125, 10.5997, 0.484866
6.15, 10.4556, 0.479497
6.175, 10.2967, 0.461984
6.2, 10.1268, 0.45866
6.225, 9.94837, 0.44396
6.25, 9.7794, 0.442553
6.275, 9.61991, 0.442681
6.3, 9.47028, 0.441531
6.325, 9.33052, 0.477196
6.35, 9.1952, 0.495604
6.375, 9.06149, 0.524238
6.4, 8.91405, 0.544819
6.425, 8.75234, 0.576905
6.45, 8.58204, 0.585981
6.475, 8.40717, 0.625225
6.5, 8.26119, 0.655393
6.525, 8.14203, 0.700646
6.55, 8.02544, 0.752162
6.575, 7.91271, 0.866443
6.6, 7.81363, 0.911952
6.625, 7.72095, 1.01601
6.65, 7.6145, 1.05563
6.675, 7.50303, 1.1487
6.7, 7.40333, 1.19778
6.725, 7.31312, 1.30631
6.75, 7.23552, 1.3701
6.775, 7.17427, 1.47786
6.8, 7.13984, 1.56006
6.825, 7.12985, 1.66488
6.85, 7.14664, 1.73672
6.875, 7.1908, 1.80447
6.9, 7.25127, 1.83579
6.925, 7.32643, 1.88475
6.95, 7.41009, 1.93499
6.975, 7.49972, 2.02664
7, 7.58615, 2.08839
7.025, 7.66995, 2.1849
7.05, 7.78192, 2.22683
7.075, 7.92348, 2.26697
7.1, 8.07339, 2.28768
7.125, 8.23257, 2.32909
7.15, 8.40349, 2.36156
7.175, 8.58254, 2.41691
7.2, 8.75063, 2.44325
7.225, 8.90913, 2.49221
7.25, 9.08101, 2.49655
7.275, 9.2674, 2.50116
7.3, 9.45463, 2.50269
7.325, 9.64056, 2.50269
7.35, 9.8161, 2.50179
7.375, 9.97904, 2.50052
7.4, 10.1476, 2.50064
7.425, 10.3244, 2.50039
7.45, 10.5049, 2.47533
7.475, 10.687, 2.41308
7.5, 10.8774, 2.36412
7.525, 11.0757, 2.2515
7.55, 11.2527, 2.1964
7.575, 11.4102, 2.14745
7.6, 11.5501, 2.11421
7.625, 11.6681, 2.0462
7.65, 11.7773, 1.99609
7.675, 11.8873, 1.91863
7.7, 12.0064, 1.85049
7.725, 12.1261, 1.69697
7.75, 12.2442, 1.62602
7.775, 12.3656, 1.501
7.8, 12.4304, 1.43542
7.825, 12.4282, 1.37496
7.85, 12.3891, 1.31079
7.875, 12.3221, 1.23818
7.9, 12.261, 1.18232
7.925, 12.2089, 1.08069
7.95, 12.1578, 0.99811
7.975, 12.108, 0.886513
8, 12.065, 0.843689
8.025, 12.0226, 0.78233
8.05, 11.9329, 0.729791
8.075, 11.7983, 0.651175
8.1, 11.6585, 0.611419
8.125, 11.5154, 0.521042
8.15, 11.3655, 0.469398
8.175, 11.209, 0.396662
8.2, 11.0452, 0.358185
8.225, 10.8738, 0.340672
8.25, 10.6946, 0.334919
8.275, 10.5082, 0.318429
8.3, 10.3235, 0.31779
8.325, 10.1417, 0.280718
8.35, 9.96894, 0.258987
8.375, 9.80539, 0.254513
8.4, 9.65106, 0.248505
8.425, 9.50548, 0.274838
8.45, 9.3625, 0.284937
8.475, 9.22133, 0.311782
8.5, 9.07858, 0.317406
8.525, 8.93405, 0.354477
8.55, 8.78481, 0.357673
8.575, 8.63037, 0.409445
8.6, 8.47185, 0.438207
8.625, 8.31032, 0.500333
8.65, 8.14908, 0.557602
8.675, 7.98774, 0.651175
8.7, 7.82335, 0.718542
8.725, 7.65685, 0.82835
8.75, 7.5115, 0.897762
8.775, 7.38652, 0.975867
8.8, 7.28574, 1.03301
8.825, 7.21239, 1.11712
8.85, 7.15529, 1.18922
8.875, 7.11035, 1.29148
8.9, 7.07343, 1.36563
8.925, 7.04581, 1.4955
8.95, 7.03456, 1.54612
8.975, 7.03642, 1.62755
9, 7.04935, 1.67817
9.025, 7.07714, 1.75283
9.05, 7.11363, 1.82339
9.075, 7.15848, 1.93691
9.1, 7.22444, 2.00849
9.125, 7.31026, 2.08366
9.15, 7.4247, 2.12789
9.175, 7.56816, 2.16879
9.2, 7.71105, 2.20689
9.225, 7.84966, 2.25572
9.25, 7.97992, 2.2855
9.275, 8.10103, 2.34661
9.3, 8.22594, 2.39672
9.325, 8.35333, 2.4536
9.35, 8.50312, 2.47086
9.375, 8.68181, 2.4715
9.4, 8.89707, 2.47163
9.425, 9.14443, 2.47124
9.45, 9.36568, 2.47124
9.475, 9.55776, 2.47073
9.5, 9.7388, 2.47112
9.525, 9.9113, 2.47112
9.55, 10.0672, 2.47112
9.575, 10.2076, 2.4683
9.6, 10.3609, 2.45488
9.625, 10.5279, 2.39109
9.65, 10.6996, 2.36361
9.675, 10.8763, 2.29918
9.7, 11.0436, 2.2671
9.725, 11.1986, 2.20944
9.75, 11.3479, 2.17352
9.775, 11.4936, 2.071
9.8, 11.6309, 1.9929
9.825, 11.7587, 1.89562
9.85, 11.8826, 1.82211
9.875, 11.9994, 1.73544
9.9, 12.0878, 1.6893
9.925, 12.1506, 1.59393
9.95, 12.2054, 1.53897
9.975, 12.2532, 1.4537
10, 12.2853, 1.38071
10.025, 12.3007, 1.27372
10.05, 12.3093, 1.19663
10.075, 12.3117, 1.08606
10.1, 12.2906, 1.02892
10.125, 12.2465, 0.962062
10.15, 12.1761, 0.914125
10.175, 12.0791, 0.845479
10.2, 11.9696, 0.789105
10.225, 11.8511, 0.712662
10.25, 11.7402, 0.656799
10.275, 11.6364, 0.575882
10.3, 11.5224, 0.544947
10.325, 11.3977, 0.509921
10.35, 11.253, 0.503018
10.375, 11.0867, 0.496115
10.4, 10.897, 0.49343
10.425, 10.6871, 0.484482
10.45, 10.4764, 0.458532
10.475, 10.2664, 0.450223
10.5, 10.0793, 0.450351
10.525, 9.91659, 0.45099
10.55, 9.77051, 0.465947
10.575, 9.63914, 0.505575
10.6, 9.51076, 0.523087
10.625, 9.38259, 0.522448
10.65, 9.23315, 0.528329
10.675, 9.06344, 0.564761
10.7, 8.89484, 0.593395
10.725, 8.72867, 0.654115
10.75, 8.56722, 0.723911
10.775, 8.41013, 0.838193
10.8, 8.25531, 0.898401
10.825, 8.10333, 0.995426
10.85, 7.97794, 1.03761
10.875, 7.88342, 1.11495
10.9, 7.81432, 1.16429
10.925, 7.76557, 1.23792
10.95, 7.72544, 1.292
10.975, 7.6932, 1.40564
11, 7.67028, 1.4785
11.025, 7.65559, 1.58869
11.05, 7.65434, 1.63203
11.075, 7.6709, 1.69262
11.1, 7.71557, 1.7325
11.125, 7.78518, 1.82326
11.15, 7.84888, 1.87069
11.175, 7.90409, 1.97321
11.2, 7.97708, 2.03393
11.225, 8.07135, 2.1013
11.25, 8.16996, 2.14757
11.275, 8.27341, 2.1996
11.3, 8.39518, 2.22172
11.325, 8.53394, 2.25585
11.35, 8.67891, 2.29662
11.375, 8.8277, 2.34597
11.4, 8.97294, 2.37959
11.425, 9.11657, 2.42752
11.45, 9.26839, 2.43149
11.475, 9.42867, 2.43289
11.5, 9.5992, 2.43264
11.525, 9.77638, 2.43264
11.55, 9.93326, 2.43277
11.575, 10.0707, 2.43481
11.6, 10.2098, 2.44529
11.625, 10.3512, 2.44632
11.65, 10.4959, 2.44606
11.675, 10.6451, 2.40618
11.7, 10.8152, 2.37703
11.725, 11.0057, 2.30966
11.75, 11.1963, 2.25904
11.775, 11.3786, 2.18413
11.8, 11.5282, 2.12648
11.825, 11.6515, 2.05886
11.85, 11.7473, 2.0177
11.875, 11.8166, 1.94445
11.9, 11.8846, 1.87913
11.925, 11.955, 1.76472
11.95, 12.0381, 1.68418
11.975, 12.1302, 1.5731
12, 12.2053, 1.51698
12.025, 12.2617, 1.42149
12.05, 12.2831, 1.35527
12.075, 12.2721, 1.23779
12.1, 12.2555, 1.18385
12.125, 12.2329, 1.05666
12.15, 12.188, 0.980214
12.175, 12.1212, 0.888942
12.2, 12.0478, 0.857751
12.225, 11.9645, 0.814672
12.25, 11.855, 0.774788
12.275, 11.7239, 0.695788
12.3, 11.6008, 0.648618
12.325, 11.4861, 0.569618
12.35, 11.3673, 0.531141
12.375, 11.2434, 0.467736
12.4, 11.107, 0.453291
12.425, 10.9569, 0.438463
12.45, 10.7895, 0.438079
12.475, 10.6068, 0.420439
12.5, 10.4193, 0.412769
12.525, 10.2283, 0.376976
12.55, 10.0457, 0.370201
12.575, 9.87226, 0.369434
12.6, 9.70974, 0.372374
12.625, 9.55789, 0.413536
12.65, 9.41362, 0.429131
12.675, 9.27539, 0.481031
12.7, 9.13451, 0.507364
12.725, 8.99095, 0.53293
12.75, 8.83463, 0.540728
12.775, 8.66562, 0.594929
12.8, 8.50845, 0.626631
12.825, 8.36663, 0.698728
12.85, 8.234, 0.738612
12.875, 8.10563, 0.822597
12.9, 7.98475, 0.86606
12.925, 7.87488, 0.933939
12.95, 7.77143, 0.991591
12.975, 7.67287, 1.05512
13, 7.58292, 1.11086
13.025, 7.50248, 1.20111
13.05, 7.43329, 1.28266
13.075, 7.37469, 1.39043
13.1, 7.33346, 1.45575
13.125, 7.31189, 1.54357
13.15, 7.32888, 1.59623
13.175, 7.38237, 1.63804
13.2, 7.42823, 1.69262
13.225, 7.4642, 1.78773
13.25, 7.49731, 1.85676
13.275, 7.52466, 1.98395
13.3, 7.55948, 2.03406
13.325, 7.60974, 2.10347
13.35, 7.69975, 2.13709
13.375, 7.82494, 2.18375
13.4, 7.95729, 2.21788
13.425, 8.09377, 2.28525
13.45, 8.23776, 2.3204
13.475, 8.3888, 2.36374
13.5, 8.54006, 2.39723
13.525, 8.69426, 2.43456
13.55, 8.85638, 2.44772
13.575, 9.02548, 2.4522
13.6, 9.20213, 2.45207
13.625, 9.38702, 2.4522
13.65, 9.57401, 2.45232
13.675, 9.76033, 2.45232
13.7, 9.9418, 2.4545
13.725, 10.1202, 2.45488
13.75, 10.292, 2.45488
13.775, 10.4568, 2.43686
13.8, 10.6198, 2.4017
13.825, 10.7822, 2.33306
13.85, 10.9544, 2.3011
13.875, 11.1352, 2.24012
13.9, 11.2871, 2.20765
13.925, 11.4111, 2.16956
13.95, 11.5364, 2.12776
13.975, 11.6589, 2.04122
14, 11.7771, 1.98612
14.025, 11.8977, 1.87504
14.05, 12.0071, 1.80856
14.075, 12.103, 1.68955
14.1, 12.1738, 1.65325
14.125, 12.218, 1.5561
14.15, 12.2363, 1.5166
14.175, 12.2304, 1.44961
14.2, 12.2184, 1.38838
14.225, 12.203, 1.28522
14.25, 12.2008, 1.23115
14.275, 12.2114, 1.13297
14.3, 12.2125, 1.07468
14.325, 12.2011, 1.01498
14.35, 12.1602, 0.952602
14.375, 12.0879, 0.860435
14.4, 11.9938, 0.816078
14.425, 11.8825, 0.711639
14.45, 11.7596, 0.674057
14.475, 11.624, 0.63085
14.5, 11.4796, 0.621007
14.525, 11.3252, 0.621518
14.55, 11.1611, 0.619345
14.575, 10.9907, 0.595824
14.6, 10.8236, 0.579845
14.625, 10.6592, 0.54239
14.65, 10.4965, 0.531013
14.675, 10.3358, 0.506853
14.7, 10.1766, 0.506086
14.725, 10.0189, 0.519508
14.75, 9.85955, 0.527434
14.775, 9.69869, 0.546864
14.8, 9.53292, 0.552617
14.825, 9.36149, 0.581507
14.85, 9.1959, 0.599403
14.875, 9.03773, 0.623691
14.9, 8.88915, 0.658461
14.925, 8.74978, 0.727235
14.95, 8.60855, 0.772359
14.975, 8.46501, 0.865293
15, 8.33526, 0.914125
15.025, 8.22093, 0.962701
15.05, 8.13029, 0.988139
15.075, 8.06436, 1.0495
15.1, 8.00696, 1.0821
15.125, 7.95284, 1.16263
15.15, 7.90351, 1.21248
15.175, 7.86281, 1.33188
15.2, 7.83101, 1.38506
15.225, 7.80778, 1.45242
15.25, 7.79907, 1.48975
15.275, 7.8065, 1.54472
15.3, 7.82695, 1.58064
15.325, 7.85332, 1.65555
15.35, 7.87374, 1.70911
15.375, 7.89377, 1.80933
15.4, 7.938, 1.86941
15.425, 8.00483, 1.94355
15.45, 8.09212, 1.96707
15.475, 8.20182, 2.00095
15.5, 8.32178, 2.00734
15.525, 8.44433, 2.02958
15.55, 8.54644, 2.05745
15.575, 8.63295, 2.11677
15.6, 8.71041, 2.15857
15.625, 8.77632, 2.22414
15.65, 8.86333, 2.24345
15.675, 8.97843, 2.24651
15.7, 9.12884, 2.24664
15.725, 9.30912, 2.24664
15.75, 9.47617, 2.24651
15.775, 9.62565, 2.24741
15.8, 9.76452, 2.25968
15.825, 9.89626, 2.26377
15.85, 10.0135, 2.26364
15.875, 10.1155, 2.26339
15.9, 10.2337, 2.24971
15.925, 10.3689, 2.21647
15.95, 10.5016, 2.17838
15.975, 10.6339, 2.15269
16, 10.7732, 2.11804
16.025, 10.914, 2.07445
16.05, 11.0372, 2.03662
16.075, 11.1501, 1.93806
16.1, 11.2624, 1.88795
16.125, 11.3713, 1.7867
16.15, 11.4657, 1.72266
16.175, 11.5435, 1.64801
16.2, 11.6154, 1.60416
16.225, 11.6803, 1.52363
16.25, 11.7236, 1.46035
16.275, 11.7503, 1.37151
16.3, 11.7785, 1.29046
16.325, 11.8048, 1.19331
16.35, 11.8149, 1.13566
16.375, 11.8084, 1.05167
16.4, 11.78, 1.01166
16.425, 11.7304, 0.962189
16.45, 11.6616, 0.912079
16.475, 11.5733, 0.828477
16.5, 11.4829, 0.774021
16.525, 11.3932, 0.698345
16.55, 11.2975, 0.643761
16.575, 11.1928, 0.581507
16.6, 11.0691, 0.559775
16.625, 10.9295, 0.549549
16.65, 10.7776, 0.540728
16.675, 10.6112, 0.526028
16.7, 10.4309, 0.502251
16.725, 10.2398, 0.481286
16.75, 10.0515, 0.470932
16.775, 9.86679, 0.470421
16.8, 9.70193, 0.476812
16.825, 9.55794, 0.528329
16.85, 9.42663, 0.560414
16.875, 9.30647, 0.567445
16.9, 9.1847, 0.576393
16.925, 9.0594, 0.607712
16.95, 8.91509, 0.630083
16.975, 8.75361, 0.664469
17, 8.5908, 0.70039
17.025, 8.42609, 0.782714
17.05, 8.27039, 0.854427
17.075, 8.12544, 0.967431
17.1, 7.99506, 1.01371
17.125, 7.88234, 1.10089
17.15, 7.80265, 1.13093
17.175, 7.75481, 1.1873
17.2, 7.71642, 1.23115
17.225, 7.68342, 1.32766
17.25, 7.65037, 1.38723
17.275, 7.61555, 1.50995
17.3, 7.58887, 1.56019
17.325, 7.57384, 1.61618
17.35, 7.59436, 1.67306
17.375, 7.65005, 1.73442
17.4, 7.70548, 1.78197
17.425, 7.75992, 1.862
17.45, 7.82646, 1.91901
17.475, 7.90457, 1.98957
17.5, 7.98742, 2.04403
17.525, 8.07391, 2.08839
17.55, 8.17307, 2.10999
17.575, 8.28843, 2.11766
17.6, 8.4155, 2.12904
17.625, 8.55018, 2.16394
17.65, 8.68524, 2.19346
17.675, 8.8198, 2.27298
17.7, 8.95413, 2.29202
17.725, 9.0876, 2.3057
17.75, 9.23445, 2.30634
17.775, 9.3999, 2.30532
17.8, 9.56706, 2.28678
17.825, 9.72936, 2.28397
17.85, 9.88666, 2.27719
17.875, 10.0407, 2.27489
17.9, 10.1754, 2.27259
17.925, 10.291, 2.25968
17.95, 10.4189, 2.2437
17.975, 10.5636, 2.19513
18, 10.7203, 2.14821
18.025, 10.8825, 2.08276
18.05, 11.0496, 2.0462
18.075, 11.2227, 1.97653
18.1, 11.3453, 1.93997
18.125, 11.4157, 1.88181
18.15, 11.4752, 1.83707
18.175, 11.5236, 1.75628
18.2, 11.5646, 1.67984
18.225, 11.6061, 1.60442
18.25, 11.6643, 1.54676
18.275, 11.7322, 1.45191
18.3, 11.7809, 1.40883
18.325, 11.8143, 1.32383
18.35, 11.8259, 1.25454
18.375, 11.8093, 1.13962
18.4, 11.772, 1.08542
18.425, 11.7202, 1.0031
18.45, 11.6497, 0.948128
18.475, 11.5582, 0.87552
18.5, 11.4635, 0.843817
18.525, 11.3684, 0.790895
18.55, 11.267, 0.762644
18.575, 11.157, 0.700134
18.6, 11.0401, 0.640181
18.625, 10.9186, 0.566167
18.65, 10.7952, 0.519764
18.675, 10.6694, 0.500717
18.7, 10.5355, 0.47873
18.725, 10.3931, 0.461856
18.75, 10.2375, 0.460194
18.775, 10.0689, 0.43744
18.8, 9.8967, 0.413024
18.825, 9.72184, 0.390142
18.85, 9.55303, 0.384134
18.875, 9.39123, 0.40446
18.9, 9.24033, 0.415197
18.925, 9.09983, 0.464285
18.95, 8.96539, 0.490107
18.975, 8.83637, 0.512477
19, 8.70596, 0.525772
19.025, 8.5736, 0.536382
19.05, 8.4319, 0.55479
19.075, 8.28185, 0.610524
19.1, 8.13465, 0.650664
19.125, 7.99009, 0.758042
19.15, 7.85095, 0.826176
19.175, 7.71698, 0.90377
19.2, 7.59631, 0.967942
19.225, 7.49418, 1.06215
19.25, 7.40729, 1.0982
19.275, 7.32908, 1.17695
19.3, 7.26491, 1.22949
19.325, 7.21738, 1.31155
19.35, 7.17312, 1.40858
19.375, 7.13206, 1.52286
19.4, 7.12139, 1.5924
19.425, 7.14321, 1.65568
19.45, 7.20473, 1.69441
19.475, 7.30363, 1.73276
19.5, 7.39107, 1.77699
19.525, 7.46043, 1.84742
19.55, 7.51128, 1.9153
19.575, 7.54841, 2.02
19.6, 7.59092, 2.08967
19.625, 7.63805, 2.15051
19.65, 7.72897, 2.19768
19.675, 7.86677, 2.25035
19.7, 8.025, 2.28346
19.725, 8.19907, 2.31938
19.75, 8.3728, 2.34405
19.775, 8.54569, 2.37652
19.8, 8.71074, 2.39365
19.825, 8.86615, 2.42139
19.85, 9.02118, 2.43098
19.875, 9.17955, 2.43494
19.9, 9.34882, 2.43558
19.925, 9.52663, 2.43762
19.95, 9.71153, 2.43762
19.975, 9.9042, 2.43762
20, 10.0919, 2.43762
20, 10.4492, 2.43366
20.025, 10.7775, 2.43366
20.05, 11.0838, 2.43366
20.075, 11.3761, 2.43392
20.1, 11.653, 2.43443
20.125, 11.9238, 2.43481
20.15, 12.1852, 2.43545
20.175, 12.4371, 2.43558
20.2, 12.6781, 2.43635
20.225, 12.914, 2.4366
20.25, 13.1413, 2.43686
20.275, 13.3574, 2.43673
20.3, 13.5629, 2.43673
20.325, 13.7576, 2.4366
20.35, 13.9429, 2.43647
20.375, 14.1161, 2.43635
20.4, 14.2789, 2.4311
20.425, 14.4292, 2.4265
20.45, 14.5699, 2.42062
20.475, 14.7043, 2.41423
20.5, 14.8312, 2.38329
20.525, 14.9781, 2.37307
20.55, 15.129, 2.35134
20.575, 15.269, 2.34098
20.6, 15.3938, 2.31542
20.625, 15.4826, 2.30046
20.65, 15.5515, 2.2786
20.675, 15.5649, 2.26479
20.7, 15.555, 2.25751
20.725, 15.5369, 2.246
20.75, 15.5161, 2.23181
20.775, 15.5571, 2.22031
20.8, 15.6247, 2.18848
20.825, 15.7326, 2.17186
20.85, 15.8544, 2.12699
20.875, 15.9579, 2.10322
20.9, 16.0351, 2.05694
20.925, 16.0227, 2.03086
20.95, 15.9779, 1.99801
20.975, 15.885, 1.9851
21, 15.775, 1.96682
21.025, 15.6923, 1.96362
21.05, 15.6285, 1.9502
21.075, 15.5748, 1.93588
21.1, 15.5279, 1.9139
21.125, 15.5105, 1.89996
21.15, 15.4935, 1.87197
21.175, 15.4181, 1.85305
21.2, 15.3239, 1.83477
21.225, 15.226, 1.82902
21.25, 15.1299, 1.82493
21.275, 15.0169, 1.8216
21.3, 14.9028, 1.82135
21.325, 14.8098, 1.82071
21.35, 14.7272, 1.81968
21.375, 14.6304, 1.8193
21.4, 14.5349, 1.81892
21.425, 14.4652, 1.81905
21.45, 14.4036, 1.81905
21.475, 14.3345, 1.81917
21.5, 14.2669, 1.81943
21.525, 14.2113, 1.81956
21.55, 14.1584, 1.82084
21.575, 14.1007, 1.82211
21.6, 14.0458, 1.83068
21.625, 13.9902, 1.8372
21.65, 13.9298, 1.85573
21.675, 13.8759, 1.87082
21.7, 13.8304, 1.88258
21.725, 13.7836, 1.89638
21.75, 13.7453, 1.90904
21.775, 13.7272, 1.92106
21.8, 13.7096, 1.93857
21.825, 13.6816, 1.9502
21.85, 13.6554, 1.97909
21.875, 13.6325, 1.99507
21.9, 13.6109, 2.01373
21.925, 13.6128, 2.02639
21.95, 13.6359, 2.03956
21.975, 13.6826, 2.05029
22, 13.7322, 2.06346
22.025, 13.7841, 2.06499
22.05, 13.8373, 2.06934
22.075, 13.8493, 2.071
22.1, 13.8416, 2.09209
22.125, 13.8081, 2.10705
22.15, 13.7689, 2.13607
22.175, 13.7679, 2.15115
22.2, 13.7897, 2.17097
22.225, 13.8905, 2.17659
22.25, 14.0133, 2.17812
22.275, 14.1509, 2.18017
22.3, 14.291, 2.18247
22.325, 14.3582, 2.18285
22.35, 14.3929, 2.18375
22.375, 14.4044, 2.18567
22.4, 14.4094, 2.20612
22.425, 14.4158, 2.22619
22.45, 14.4245, 2.24613
22.475, 14.4611, 2.24754
22.5, 14.5083, 2.24843
22.525, 14.5909, 2.24869
22.55, 14.6816, 2.25061
22.575, 14.7374, 2.25124
22.6, 14.7811, 2.25738
22.625, 14.8249, 2.26454
22.65, 14.8649, 2.26595
22.675, 14.8915, 2.2662
22.7, 14.9222, 2.2662
22.725, 14.9646, 2.2662
22.75, 15.0046, 2.26658
22.775, 15.0311, 2.26722
22.8, 15.0552, 2.26863
22.825, 15.0987, 2.26876
22.85, 15.1451, 2.26889
22.875, 15.1994, 2.26889
22.9, 15.2568, 2.26889
22.925, 15.3135, 2.26876
22.95, 15.3665, 2.26825
22.975, 15.4274, 2.26224
23, 15.4912, 2.25355
23.025, 15.5618, 2.24779
23.05, 15.6294, 2.23884
23.075, 15.6932, 2.22453
23.1, 15.7525, 2.21098
23.125, 15.8121, 2.1918
23.15, 15.8697, 2.15831
23.175, 15.9163, 2.14297
23.2, 15.9597, 2.11536
23.225, 15.9477, 2.10309
23.25, 15.9149, 2.09618
23.275, 15.8652, 2.09324
23.3, 15.8126, 2.09069
23.325, 15.7543, 2.08097
23.35, 15.7023, 2.06141
23.375, 15.6968, 2.05374
23.4, 15.7037, 2.0315
23.425, 15.6974, 2.01923
23.45, 15.6873, 2.00951
23.475, 15.656, 1.9952
23.5, 15.6066, 1.97308
23.525, 15.5155, 1.96759
23.55, 15.4154, 1.96682
23.575, 15.2954, 1.96707
23.6, 15.1802, 1.96797
23.625, 15.1471, 1.96963
23.65, 15.1476, 1.9695
23.675, 15.1595, 1.96886
23.7, 15.1729, 1.95953
23.725, 15.148, 1.95404
23.75, 15.1025, 1.95161
23.775, 15.006, 1.95161
23.8, 14.8921, 1.95173
23.825, 14.7689, 1.95263
23.85, 14.6512, 1.96132
23.875, 14.5838, 1.96899
23.9, 14.5349, 1.98203
23.925, 14.5134, 1.98842
23.95, 14.5015, 1.99047
23.975, 14.4894, 1.99839
24, 14.4748, 2.0076
24.025, 14.4445, 2.0122
24.05, 14.4073, 2.02805
24.075, 14.394, 2.03789
24.1, 14.3809, 2.04953
24.125, 14.3551, 2.05668
24.15, 14.3322, 2.06589
24.175, 14.337, 2.0696
24.2, 14.3513, 2.07484
24.225, 14.3588, 2.08251
24.25, 14.363, 2.10207
24.275, 14.3792, 2.10795
24.3, 14.4014, 2.10986
24.325, 14.4401, 2.1137
24.35, 14.4888, 2.11485
24.375, 14.5184, 2.11549
24.4, 14.5368, 2.11625
24.425, 14.5582, 2.11881
24.45, 14.582, 2.13198
24.475, 14.5903, 2.13696
24.5, 14.598, 2.14297
24.525, 14.6348, 2.15051
24.55, 14.6907, 2.15269
24.575, 14.7323, 2.15665
24.6, 14.7639, 2.1656
24.625, 14.7944, 2.16598
24.65, 14.8236, 2.16611
24.675, 14.8325, 2.16611
24.7, 14.8344, 2.16611
24.725, 14.8332, 2.16611
24.75, 14.8311, 2.16611
24.775, 14.8758, 2.16611
24.8, 14.9372, 2.16598
24.825, 15.0185, 2.16573
24.85, 15.1037, 2.16521
24.875, 15.1523, 2.16176
24.9, 15.1778, 2.15793
24.925, 15.1423, 2.15563
24.95, 15.0886, 2.15473
24.975, 15.0156, 2.15473
25, 14.9404, 2.15486
25.025, 14.9224, 2.15499
25.05, 14.9283, 2.15473
25.075, 14.9658, 2.1546
25.1, 15.0136, 2.1486
25.125, 15.0671, 2.14029
25.15, 15.1197, 2.13121
25.175, 15.1481, 2.12853
25.2, 15.1671, 2.12814
25.225, 15.1569, 2.12789
25.25, 15.138, 2.1229
25.275, 15.1348, 2.11677
25.3, 15.1368, 2.11229
25.325, 15.1525, 2.10935
25.35, 15.1701, 2.09695
25.375, 15.1873, 2.08609
25.4, 15.1933, 2.06397
25.425, 15.1828, 2.05311
25.45, 15.1648, 2.04786
25.475, 15.1208, 2.04429
25.5, 15.0669, 2.04365
25.525, 15.0195, 2.04365
25.55, 14.9772, 2.04352
25.575, 14.919, 2.04352
25.6, 14.8583, 2.04365
25.625, 14.8159, 2.0439
25.65, 14.7801, 2.0439
25.675, 14.7735, 2.0439
25.7, 14.7796, 2.04403
25.725, 14.8077, 2.04403
25.75, 14.8422, 2.04377
25.775, 14.8599, 2.0439
25.8, 14.8675, 2.04352
25.825, 14.8541, 2.04326
25.85, 14.833, 2.04339
25.875, 14.8021, 2.04339
25.9, 14.7697, 2.04416
25.925, 14.7698, 2.04441
25.95, 14.7819, 2.04429
25.975, 14.8036, 2.04429
26, 14.8284, 2.04467
26.025, 14.8494, 2.04454
26.05, 14.8589, 2.04429
26.075, 14.816, 2.04441
26.1, 14.7569, 2.04454
26.125, 14.6864, 2.04467
26.15, 14.6138, 2.05068
26.175, 14.5748, 2.05694
26.2, 14.5555, 2.06563
26.225, 14.5767, 2.06678
26.25, 14.6138, 2.06857
26.275, 14.6621, 2.07036
26.3, 14.711, 2.07113
26.325, 14.6901, 2.07151
26.35, 14.6455, 2.08468
26.375, 14.5899, 2.08928
26.4, 14.5332, 2.10501
26.425, 14.5132, 2.10871
26.45, 14.5192, 2.11395
26.475, 14.5919, 2.11446
26.5, 14.6819, 2.11843
26.525, 14.7798, 2.12047
26.55, 14.8732, 2.12034
26.575, 14.8734, 2.12022
26.6, 14.8383, 2.12022
26.625, 14.7631, 2.12022
26.65, 14.6764, 2.12559
26.675, 14.6057, 2.1362
26.7, 14.5539, 2.15665
26.725, 14.5498, 2.16573
26.75, 14.5618, 2.1679
26.775, 14.6202, 2.1702
26.8, 14.6979, 2.17301
26.825, 14.7535, 2.17378
26.85, 14.7949, 2.18375
26.875, 14.8408, 2.18426
26.9, 14.8911, 2.18567
26.925, 14.9289, 2.18746
26.95, 14.9608, 2.18899
26.975, 14.984, 2.18912
27, 15.002, 2.18912
27.025, 15.0155, 2.18925
27.05, 15.0271, 2.18925
27.075, 15.0391, 2.18925
27.1, 15.0519, 2.18937
27.125, 15.0689, 2.18937
27.15, 15.0862, 2.18925
27.175, 15.1024, 2.18925
27.2, 15.1179, 2.18912
27.225, 15.147, 2.18848
27.25, 15.1804, 2.17928
27.275, 15.2163, 2.16509
27.3, 15.2582, 2.14834
27.325, 15.3006, 2.14157
27.35, 15.3366, 2.12865
27.375, 15.3474, 2.11677
27.4, 15.356, 2.1027
27.425, 15.3821, 2.09324
27.45, 15.4093, 2.07944
27.475, 15.3854, 2.07509
27.5, 15.3524, 2.07458
27.525, 15.3006, 2.07215
27.55, 15.2396, 2.0719
27.575, 15.1919, 2.07202
27.6, 15.1588, 2.07126
27.625, 15.1646, 2.07113
27.65, 15.1829, 2.06512
27.675, 15.2118, 2.06103
27.7, 15.2485, 2.04774
27.725, 15.2238, 2.03521
27.75, 15.1751, 2.03112
27.775, 15.0932, 2.03086
27.8, 14.9999, 2.03086
27.825, 14.8851, 2.03099
27.85, 14.785, 2.03291
27.875, 14.7811, 2.03368
27.9, 14.8091, 2.03483
27.925, 14.8546, 2.03483
27.95, 14.908, 2.03419
27.975, 14.9225, 2.03406
28, 14.9143, 2.03342
28.025, 14.8559, 2.03265
28.05, 14.7835, 2.0324
28.075, 14.7045, 2.03227
28.1, 14.6251, 2.03265
28.125, 14.5923, 2.0347
28.15, 14.5795, 2.04173
28.175, 14.5857, 2.04454
28.2, 14.5989, 2.04595
28.225, 14.6199, 2.0471
28.25, 14.6442, 2.05004
28.275, 14.6565, 2.05132
28.3, 14.6611, 2.0563
28.325, 14.6711, 2.05911
28.35, 14.6853, 2.06065
28.375, 14.6788, 2.06205
28.4, 14.6653, 2.06448
28.425, 14.652, 2.07305
28.45, 14.6352, 2.0788
28.475, 14.612, 2.08839
28.5, 14.5902, 2.0958
28.525, 14.5874, 2.09823
28.55, 14.5964, 2.10232
28.575, 14.6189, 2.10373
28.6, 14.6399, 2.10411
28.625, 14.6548, 2.10552
28.65, 14.6673, 2.10692
28.675, 14.6726, 2.11127
28.7, 14.6743, 2.11446
28.725, 14.6972, 2.11574
28.75, 14.7294, 2.11587
28.775, 14.7652, 2.11625
28.8, 14.8068, 2.11894
28.825, 14.8491, 2.11945
28.85, 14.8908, 2.12022
28.875, 14.8819, 2.12034
28.9, 14.8537, 2.12086
28.925, 14.8221, 2.12162
28.95, 14.7786, 2.12533
28.975, 14.7348, 2.1261
29, 14.6907, 2.12865
29.025, 14.7322, 2.13875
29.05, 14.8038, 2.13939
29.075, 14.8719, 2.13939
29.1, 14.9288, 2.13952
29.125, 14.9681, 2.13939
29.15, 14.99, 2.13939
29.175, 14.9494, 2.13914
29.2, 14.8907, 2.13926
29.225, 14.8331, 2.13939
29.25, 14.8264, 2.13952
29.275, 14.8424, 2.13952
29.3, 14.8657, 2.13952
29.325, 14.9218, 2.13926
29.35, 14.9863, 2.13914
29.375, 15.0487, 2.13441
29.4, 15.0495, 2.11766
29.425, 15.0292, 2.11446
29.45, 15.0015, 2.11408
29.475, 14.9363, 2.1091
29.5, 14.8704, 2.10795
29.525, 14.8203, 2.10782
29.55, 14.8104, 2.10846
29.575, 14.8127, 2.10833
29.6, 14.8165, 2.10833
29.625, 14.8364, 2.10807
29.65, 14.8579, 2.10795
29.675, 14.8757, 2.10807
29.7, 14.8945, 2.10743
29.725, 14.9148, 2.10756
29.75, 14.9342, 2.10603
29.775, 14.9463, 2.10309
29.8, 14.9543, 2.10296
29.825, 14.965, 2.09849
29.85, 14.9761, 2.09695
29.875, 14.9884, 2.09529
29.9, 14.9996, 2.09248
29.925, 15.0069, 2.07714
29.95, 15.0129, 2.07522
29.975, 15.019, 2.07177
30, 15.0017, 2.06781
30, 14.9778, 2.06781
30.025, 14.9575, 2.07714
30.05, 14.924, 2.12674
30.075, 14.8829, 2.14566
30.1, 14.84, 2.19065
30.125, 14.8474, 2.26748
30.15, 14.8723, 2.28678
30.175, 14.8995, 2.33216
30.2, 14.9594, 2.38687
30.225, 15.032, 2.40439
30.25, 15.1023, 2.44274
30.275, 15.1337, 2.52135
30.3, 15.1521, 2.54769
30.325, 15.1651, 2.60457
30.35, 15.2132, 2.69469
30.375, 15.2905, 2.71157
30.4, 15.3826, 2.76193
30.425, 15.5829, 2.83403
30.45, 15.8117, 2.8486
30.475, 16.0382, 2.87417
30.5, 16.2493, 2.91891
30.525, 16.4328, 2.93029
30.55, 16.5947, 2.96084
30.575, 16.7075, 3.02808
30.6, 16.8004, 3.04214
30.625, 16.8838, 3.08305
30.65, 17.0671, 3.14901
30.675, 17.2822, 3.16192
30.7, 17.4926, 3.19042
30.725, 17.756, 3.22519
30.75, 18.036, 3.23031
30.775, 18.3029, 3.23593
30.8, 18.5004, 3.23849
30.825, 18.6675, 3.23938
30.85, 18.8253, 3.25945
30.875, 18.9599, 3.28668
30.9, 19.0901, 3.29665
30.925, 19.2249, 3.30841
30.95, 19.4242, 3.32657
30.975, 19.6398, 3.32784
31, 19.8502, 3.32938
31.025, 20.0622, 3.32951
31.05, 20.2653, 3.32951
31.075, 20.4543, 3.32951
31.1, 20.6276, 3.32912
31.125, 20.7932, 3.32874
31.15, 20.953, 3.3203
31.175, 21.1129, 3.30023
31.2, 21.2692, 3.29052
31.225, 21.4233, 3.26546
31.25, 21.5846, 3.21663
31.275, 21.7376, 3.20129
31.3, 21.8827, 3.15859
31.325, 22.016, 3.10107
31.35, 22.13, 3.08343
31.375, 22.2363, 3.04291
31.4, 22.3016, 2.97017
31.425, 22.3492, 2.95547
31.45, 22.3969, 2.92223
31.475, 22.3861, 2.86867
31.5, 22.3611, 2.85397
31.525, 22.3408, 2.8137
31.55, 22.3358, 2.74979
31.575, 22.3421, 2.73355
31.6, 22.3492, 2.69239
31.625, 22.3442, 2.6286
31.65, 22.3361, 2.60956
31.675, 22.3193, 2.56251
31.7, 22.2066, 2.50563
31.725, 22.068, 2.49144
31.75, 21.9235, 2.47048
31.775, 21.7429, 2.43098
31.8, 21.5724, 2.42113
31.825, 21.4364, 2.40336
31.85, 21.3498, 2.37933
31.875, 21.2805, 2.37
31.9, 21.21, 2.33766
31.925, 21.0872, 2.30826
31.95, 20.9348, 2.29957
31.975, 20.7724, 2.291
32, 20.5405, 2.28307
32.025, 20.2989, 2.28269
32.05, 20.0776, 2.28269
32.075, 19.8999, 2.28423
32.1, 19.7479, 2.28474
32.125, 19.6114, 2.28768
32.15, 19.5042, 2.291
32.175, 19.4092, 2.2919
32.2, 19.3076, 2.29317
32.225, 19.1691, 2.29535
32.25, 19.0204, 2.29918
32.275, 18.8745, 2.30851
32.3, 18.7462, 2.34341
32.325, 18.6245, 2.35389
32.35, 18.5044, 2.37447
32.375, 18.4328, 2.40439
32.4, 18.3794, 2.41359
32.425, 18.3316, 2.43225
32.45, 18.282, 2.46447
32.475, 18.2295, 2.47572
32.5, 18.1805, 2.49528
32.525, 18.1365, 2.5303
32.55, 18.0959, 2.54283
32.575, 18.062, 2.57581
32.6, 18.0404, 2.62324
32.625, 18.0228, 2.63781
32.65, 18.0086, 2.67309
32.675, 18.0203, 2.72346
32.7, 18.0452, 2.73764
32.725, 18.0733, 2.76717
32.75, 18.1436, 2.79683
32.775, 18.2284, 2.80143
32.8, 18.3064, 2.81843
32.825, 18.362, 2.861
32.85, 18.4088, 2.87366
32.875, 18.4529, 2.89347
32.9, 18.5112, 2.93041
32.925, 18.5666, 2.94026
32.95, 18.6245, 2.95598
32.975, 18.7476, 2.98129
33, 18.8932, 2.98398
33.025, 19.0365, 2.99062
33.05, 19.1932, 2.99407
33.075, 19.3542, 2.99407
33.1, 19.4944, 2.99459
33.125, 19.5465, 2.9974
33.15, 19.5685, 3.00878
33.175, 19.586, 3.02974
33.2, 19.6338, 3.04828
33.225, 19.7095, 3.04879
33.25, 19.8075, 3.0493
33.275, 19.974, 3.05058
33.3, 20.1546, 3.05045
33.325, 20.3273, 3.05045
33.35, 20.418, 3.04981
33.375, 20.4716, 3.04981
33.4, 20.5113, 3.0493
33.425, 20.5107, 3.04649
33.45, 20.5029, 3.04546
33.475, 20.4977, 3.04495
33.5, 20.559, 3.04457
33.525, 20.6438, 3.04009
33.55, 20.7297, 3.03191
33.575, 20.8365, 3.01235
33.6, 20.9353, 3.002
33.625, 21.0203, 2.98449
33.65, 21.0445, 2.94294
33.675, 21.0486, 2.94166
33.7, 21.048, 2.92811
33.725, 21.0395, 2.90907
33.75, 21.037, 2.90216
33.775, 21.0342, 2.89283
33.8, 21.0365, 2.87928
33.825, 21.0384, 2.87187
33.85, 21.042, 2.85078
33.875, 21.0757, 2.82304
33.9, 21.1162, 2.81281
33.925, 21.1423, 2.79261
33.95, 21.165, 2.7581
33.975, 21.188, 2.74595
34, 21.2023, 2.71847
34.025, 21.1818, 2.67322
34.05, 21.1553, 2.66427
34.075, 21.1319, 2.64343
34.1, 21.0742, 2.6102
34.125, 21.0117, 2.60713
34.15, 20.9602, 2.59332
34.175, 20.9178, 2.57134
34.2, 20.8755, 2.56226
34.225, 20.8417, 2.54551
34.25, 20.767, 2.51432
34.275, 20.682, 2.50806
34.3, 20.5934, 2.50295
34.325, 20.47, 2.4862
34.35, 20.3434, 2.48607
34.375, 20.2259, 2.48492
34.4, 20.1814, 2.47572
34.425, 20.1667, 2.47009
34.45, 20.1646, 2.45156
34.475, 20.1791, 2.43277
34.5, 20.1722, 2.42689
34.525, 20.138, 2.41346
34.55, 20.0069, 2.39889
34.575, 19.849, 2.39838
34.6, 19.6949, 2.39838
34.625, 19.5565, 2.4026
34.65, 19.4379, 2.40349
34.675, 19.34, 2.40579
34.7, 19.2757, 2.42267
34.725, 19.2264, 2.42625
34.75, 19.1785, 2.42765
34.775, 19.09, 2.42919
34.8, 18.985, 2.43277
34.825, 18.8762, 2.44772
34.85, 18.7342, 2.48428
34.875, 18.5894, 2.49898
34.9, 18.4572, 2.52621
34.925, 18.4024, 2.56852
34.95, 18.3766, 2.57901
34.975, 18.3523, 2.60432
35, 18.3457, 2.64612
35.025, 18.3515, 2.65839
35.05, 18.3618, 2.67092
35.075, 18.3901, 2.71233
35.1, 18.4139, 2.71566
35.125, 18.4312, 2.73905
35.15, 18.4717, 2.76871
35.175, 18.5184, 2.77139
35.2, 18.5758, 2.78162
35.225, 18.6418, 2.79479
35.25, 18.7112, 2.79594
35.275, 18.7835, 2.80706
35.3, 18.8423, 2.83518
35.325, 18.8973, 2.84247
35.35, 18.9444, 2.84745
35.375, 19.0253, 2.87557
35.4, 19.106, 2.87775
35.425, 19.1659, 2.89309
35.45, 19.2091, 2.90395
35.475, 19.2468, 2.90856
35.5, 19.2833, 2.91878
35.525, 19.3473, 2.92837
35.55, 19.4279, 2.9322
35.575, 19.5198, 2.93911
35.6, 19.6345, 2.94639
35.625, 19.7535, 2.9469
35.65, 19.8719, 2.9469
35.675, 19.9418, 2.9469
35.7, 19.9888, 2.9469
35.725, 20.027, 2.9469
35.75, 20.0463, 2.94703
35.775, 20.0593, 2.94703
35.8, 20.0712, 2.94729
35.825, 20.1749, 2.95406
35.85, 20.3102, 2.95394
35.875, 20.4445, 2.95394
35.9, 20.5486, 2.95355
35.925, 20.6273, 2.95304
35.95, 20.686, 2.9455
35.975, 20.6747, 2.92083
36, 20.6403, 2.91993
36.025, 20.6059, 2.91635
36.05, 20.5998, 2.91086
36.075, 20.6115, 2.90881
36.1, 20.6348, 2.90229
36.125, 20.7066, 2.88158
36.15, 20.7868, 2.87225
36.175, 20.8665, 2.85269
36.2, 20.8963, 2.80488
36.225, 20.9041, 2.79721
36.25, 20.9013, 2.79044
36.275, 20.8514, 2.782
36.3, 20.7923, 2.78111
36.325, 20.7419, 2.77024
36.35, 20.7127, 2.76206
36.375, 20.6855, 2.76155
36.4, 20.6564, 2.75477
36.425, 20.6437, 2.72831
36.45, 20.6397, 2.71911
36.475, 20.6397, 2.70645
36.5, 20.5981, 2.68907
36.525, 20.5508, 2.68753
36.55, 20.506, 2.67833
36.575, 20.4705, 2.66337
36.6, 20.4378, 2.66299
36.625, 20.4051, 2.6589
36.65, 20.3795, 2.64011
36.675, 20.3578, 2.63627
36.7, 20.3444, 2.63487
36.725, 20.3156, 2.6162
36.75, 20.288, 2.61288
36.775, 20.2692, 2.61032
36.8, 20.2183, 2.60112
36.825, 20.154, 2.59831
36.85, 20.0939, 2.59805
36.875, 20.0163, 2.59332
36.9, 19.933, 2.59319
36.925, 19.8503, 2.59345
36.95, 19.8248, 2.59435
36.975, 19.8226, 2.5946
37, 19.8268, 2.59447
37.025, 19.8598, 2.59435
37.05, 19.9022, 2.59422
37.075, 19.9441, 2.58936
37.1, 19.8724, 2.58744
37.125, 19.7623, 2.58757
37.15, 19.6496, 2.5877
37.175, 19.5165, 2.5891
37.2, 19.3813, 2.59345
37.225, 19.2675, 2.60534
37.25, 19.2498, 2.62745
37.275, 19.2611, 2.63333
37.3, 19.2721, 2.63538
37.325, 19.2901, 2.64036
37.35, 19.2986, 2.64586
37.375, 19.2946, 2.6621
37.4, 19.2366, 2.67871
37.425, 19.1701, 2.67999
37.45, 19.1061, 2.70505
37.475, 19.0685, 2.73624
37.5, 19.0452, 2.74685
37.525, 19.0337, 2.76436
37.55, 19.0778, 2.77702
37.575, 19.1399, 2.78443
37.6, 19.2025, 2.79351
37.625, 19.2386, 2.799
37.65, 19.2661, 2.80348
37.675, 19.2941, 2.81191
37.7, 19.3083, 2.82022
37.725, 19.3272, 2.82214
37.75, 19.3542, 2.8284
37.775, 19.3892, 2.844
37.8, 19.4233, 2.84924
37.825, 19.4513, 2.85499
37.85, 19.5196, 2.87583
37.875, 19.5957, 2.8789
37.9, 19.659, 2.88861
37.925, 19.7482, 2.89628
37.95, 19.8383, 2.89654
37.975, 19.9197, 2.89692
38, 19.9625, 2.89705
38.025, 19.9921, 2.89705
38.05, 20.0207, 2.89718
38.075, 20.0362, 2.89731
38.1, 20.0478, 2.89731
38.125, 20.0658, 2.89756
38.15, 20.1258, 2.89884
38.175, 20.1966, 2.89897
38.2, 20.2644, 2.89897
38.225, 20.3177, 2.89897
38.25, 20.3576, 2.89897
38.275, 20.3867, 2.89897
38.3, 20.3833, 2.89897
38.325, 20.37, 2.89897
38.35, 20.3563, 2.89897
38.375, 20.41, 2.89897
38.4, 20.4898, 2.89897
38.425, 20.5737, 2.89884
38.45, 20.6841, 2.89552
38.475, 20.7985, 2.89143
38.5, 20.9092, 2.87506
38.525, 20.9019, 2.84247
38.55, 20.8557, 2.83544
38.575, 20.8052, 2.83122
38.6, 20.7214, 2.81984
38.625, 20.6453, 2.81843
38.65, 20.5921, 2.81818
38.675, 20.617, 2.81805
38.7, 20.6655, 2.81358
38.725, 20.7161, 2.79376
38.75, 20.7431, 2.76347
38.775, 20.7534, 2.76053
38.8, 20.7591, 2.7503
38.825, 20.7038, 2.73291
38.85, 20.6336, 2.72934
38.875, 20.5687, 2.72282
38.9, 20.5157, 2.71272
38.925, 20.4726, 2.70569
38.95, 20.434, 2.69457
38.975, 20.4374, 2.68958
39, 20.4481, 2.67731
39.025, 20.4253, 2.6681
39.05, 20.3885, 2.6621
39.075, 20.3667, 2.65916
39.1, 20.3464, 2.65085
39.125, 20.3043, 2.6488
39.15, 20.2569, 2.63909
39.175, 20.2065, 2.63487
39.2, 20.1588, 2.62605
39.225, 20.1008, 2.62451
39.25, 20.0412, 2.62157
39.275, 20.0022, 2.61876
39.3, 19.9683, 2.61544
39.325, 19.9547, 2.61493
39.35, 19.954, 2.60329
39.375, 19.9531, 2.59844
39.4, 19.9478, 2.59831
39.425, 19.9291, 2.59754
39.45, 19.9024, 2.59524
39.475, 19.8604, 2.59013
39.5, 19.8181, 2.58987
39.525, 19.7809, 2.59
39.55, 19.7447, 2.59
39.575, 19.7128, 2.59
39.6, 19.6867, 2.59
39.625, 19.6696, 2.59013
39.65, 19.6529, 2.59013
39.675, 19.6035, 2.59025
39.7, 19.5432, 2.59038
39.725, 19.4622, 2.59077
39.75, 19.374, 2.59383
39.775, 19.2842, 2.59639
39.8, 19.1987, 2.61071
39.825, 19.2177, 2.61863
39.85, 19.2696, 2.62106
39.875, 19.3532, 2.62426
39.9, 19.4463, 2.62426
39.925, 19.4906, 2.624
39.95, 19.5054, 2.624
39.975, 19.4588, 2.624
40, 19.3933, 2.62451
40, 19.3053, 2.62643
40.025, 19.2122, 2.69124
40.05, 19.1685, 2.73701
40.075, 19.1392, 2.80808
40.1, 19.1344, 2.8394
40.125, 19.1511, 2.90101
40.15, 19.205, 2.93374
40.175, 19.2573, 2.9997
40.2, 19.3048, 3.04035
40.225, 19.3596, 3.09596
40.25, 19.4342, 3.13431
40.275, 19.5156, 3.20679
40.3, 19.6046, 3.24846
40.325, 19.6964, 3.30892
40.35, 19.8249, 3.34561
40.375, 19.9657, 3.39777
40.4, 20.1136, 3.43752
40.425, 20.2539, 3.4907
40.45, 20.4017, 3.53966
40.475, 20.5474, 3.58773
40.5, 20.696, 3.61956
40.525, 20.8516, 3.67363
40.55, 21.0193, 3.70763
40.575, 21.1806, 3.76196
40.6, 21.35, 3.7952
40.625, 21.519, 3.84889
40.65, 21.711, 3.87496
40.675, 21.9069, 3.91728
40.7, 22.1208, 3.94578
40.725, 22.338, 3.97391
40.75, 22.5706, 3.99027
40.775, 22.8057, 3.99513
40.8, 23.0243, 4.0097
40.825, 23.2317, 4.03654
40.85, 23.4083, 4.06019
40.875, 23.5635, 4.09138
40.9, 23.7301, 4.10135
40.925, 23.8987, 4.11439
40.95, 24.1539, 4.13012
40.975, 24.4358, 4.13318
41, 24.7419, 4.13331
41.025, 25.0484, 4.13318
41.05, 25.3327, 4.13306
41.075, 25.5812, 4.13254
41.1, 25.725, 4.13075
41.125, 25.831, 4.12922
41.15, 25.9107, 4.12424
41.175, 25.9766, 4.11452
41.2, 26.1249, 4.11081
41.225, 26.3043, 4.06773
41.25, 26.5396, 4.05035
41.275, 26.7916, 3.99883
41.3, 27.0313, 3.97224
41.325, 27.2427, 3.91191
41.35, 27.3608, 3.86921
41.375, 27.4399, 3.8292
41.4, 27.4787, 3.79941
41.425, 27.5017, 3.75173
41.45, 27.53, 3.7222
41.475, 27.5644, 3.66967
41.5, 27.6271, 3.63285
41.525, 27.6864, 3.5766
41.55, 27.7442, 3.54592
41.575, 27.8061, 3.47677
41.6, 27.8318, 3.43573
41.625, 27.8475, 3.36568
41.65, 27.8283, 3.33833
41.675, 27.8086, 3.28898
41.7, 27.7658, 3.24258
41.725, 27.7101, 3.19682
41.75, 27.6546, 3.1545
41.775, 27.594, 3.09813
41.8, 27.4882, 3.06285
41.825, 27.3742, 3.00507
41.85, 27.2662, 2.97784
41.875, 27.1649, 2.92428
41.9, 27.0195, 2.90395
41.925, 26.8715, 2.87315
41.95, 26.7179, 2.85576
41.975, 26.5635, 2.81728
42, 26.3781, 2.78839
42.025, 26.1861, 2.76973
42.05, 25.9866, 2.76155
42.075, 25.7774, 2.75235
42.1, 25.5953, 2.74634
42.125, 25.4333, 2.72422
42.15, 25.2959, 2.71182
42.175, 25.1677, 2.69827
42.2, 25.039, 2.6892
42.225, 24.8897, 2.67935
42.25, 24.6719, 2.67871
42.275, 24.429, 2.67935
42.3, 24.1332, 2.68204
42.325, 23.831, 2.70518
42.35, 23.6024, 2.7278
42.375, 23.4127, 2.75017
42.4, 23.2842, 2.77139
42.425, 23.1848, 2.78124
42.45, 23.1181, 2.7967
42.475, 23.0704, 2.81511
42.5, 22.9312, 2.83109
42.525, 22.7563, 2.87366
42.55, 22.5719, 2.90293
42.575, 22.3904, 2.95803
42.6, 22.2407, 2.99612
42.625, 22.1248, 3.05837
42.65, 22.0681, 3.09429
42.675, 22.0282, 3.14773
42.7, 22.0268, 3.18378
42.725, 22.0407, 3.23798
42.75, 22.0526, 3.26546
42.775, 22.0591, 3.30356
42.8, 22.0795, 3.33986
42.825, 22.1149, 3.38665
42.85, 22.1522, 3.42039
42.875, 22.1925, 3.46859
42.9, 22.2731, 3.48968
42.925, 22.3673, 3.52585
42.95, 22.4901, 3.55411
42.975, 22.6199, 3.58504
43, 22.7421, 3.60741
43.025, 22.8602, 3.63771
43.05, 22.9788, 3.65752
43.075, 23.0939, 3.68245
43.1, 23.2177, 3.70137
43.125, 23.3425, 3.72399
43.15, 23.4692, 3.74176
43.175, 23.601, 3.76835
43.2, 23.731, 3.78727
43.225, 23.855, 3.79775
43.25, 24.001, 3.80849
43.275, 24.1584, 3.82447
43.3, 24.3189, 3.83751
43.325, 24.4693, 3.84377
43.35, 24.6405, 3.84684
43.375, 24.8142, 3.84697
43.4, 24.9251, 3.84722
43.425, 25.0086, 3.84837
43.45, 25.0706, 3.85413
43.475, 25.1249, 3.87305
43.5, 25.2114, 3.8788
43.525, 25.3156, 3.88033
43.55, 25.4991, 3.88059
43.575, 25.7093, 3.88046
43.6, 25.9228, 3.87944
43.625, 26.1284, 3.87343
43.65, 26.242, 3.85451
43.675, 26.3138, 3.83534
43.7, 26.3382, 3.82127
43.725, 26.3392, 3.80376
43.75, 26.3355, 3.79264
43.775, 26.3423, 3.78471
43.8, 26.441, 3.77704
43.825, 26.5583, 3.7424
43.85, 26.7148, 3.71875
43.875, 26.8823, 3.66685
43.9, 26.9956, 3.63745
43.925, 27.0748, 3.59961
43.95, 27.0958, 3.56229
43.975, 27.0928, 3.521
44, 27.069, 3.49658
44.025, 27.0554, 3.45977
44.05, 27.0491, 3.43867
44.075, 27.0497, 3.38869
44.1, 27.0481, 3.36134
44.125, 27.046, 3.31979
44.15, 27.0226, 3.29652
44.175, 26.9917, 3.25051
44.2, 26.9266, 3.22519
44.225, 26.8557, 3.19004
44.25, 26.7645, 3.1669
44.275, 26.655, 3.12766
44.3, 26.5573, 3.10299
44.325, 26.4778, 3.06898
44.35, 26.3868, 3.04623
44.375, 26.2859, 3.01747
44.4, 26.1816, 2.99433
44.425, 26.0868, 2.95662
44.45, 25.9924, 2.93489
44.475, 25.8958, 2.90459
44.5, 25.7814, 2.88797
44.525, 25.6639, 2.86548
44.55, 25.5192, 2.85116
44.575, 25.3666, 2.84553
44.6, 25.1869, 2.84362
44.625, 25.004, 2.84311
44.65, 24.8198, 2.84323
44.675, 24.6516, 2.84336
44.7, 24.5394, 2.84349
44.725, 24.4483, 2.84387
44.75, 24.3757, 2.84426
44.775, 24.3125, 2.84413
44.8, 24.1901, 2.844
44.825, 24.0431, 2.84541
44.85, 23.8571, 2.84758
44.875, 23.6634, 2.8711
44.9, 23.4556, 2.89028
44.925, 23.2612, 2.92709
44.95, 23.1429, 2.95892
44.975, 23.0558, 2.98423
45, 23.0146, 3.00111
45.025, 22.9852, 3.03242
45.05, 22.9316, 3.05032
45.075, 22.8692, 3.0778
45.1, 22.7727, 3.10094
45.125, 22.663, 3.14811
45.15, 22.5451, 3.18723
45.175, 22.4315, 3.24616
45.2, 22.3898, 3.27914
45.225, 22.3806, 3.32644
45.25, 22.4144, 3.35712
45.275, 22.4625, 3.39214
45.3, 22.5228, 3.41464
45.325, 22.5941, 3.44443
45.35, 22.6438, 3.47511
45.375, 22.6922, 3.51614
45.4, 22.7457, 3.54413
45.425, 22.7977, 3.58287
45.45, 22.8787, 3.60549
45.475, 22.9715, 3.64269
45.5, 23.0859, 3.6666
45.525, 23.2053, 3.6905
45.55, 23.3424, 3.70265
45.575, 23.4844, 3.71684
45.6, 23.6156, 3.74227
45.625, 23.7464, 3.76452
45.65, 23.8716, 3.7773
45.675, 23.9918, 3.79277
45.7, 24.1142, 3.79558
45.725, 24.2367, 3.81782
45.75, 24.3518, 3.82946
45.775, 24.4594, 3.84799
45.8, 24.5661, 3.84837
45.825, 24.6828, 3.84914
45.85, 24.842, 3.8494
45.875, 25.0147, 3.8494
45.9, 25.1941, 3.8494
45.925, 25.372, 3.8494
45.95, 25.5072, 3.84927
45.975, 25.613, 3.84927
46, 25.6588, 3.84927
46.025, 25.6835, 3.84927
46.05, 25.6978, 3.84927
46.075, 25.7076, 3.84927
46.1, 25.798, 3.8494
46.125, 25.9192, 3.84927
46.15, 26.0872, 3.84927
46.175, 26.266, 3.83853
46.2, 26.4207, 3.8214
46.225, 26.5538, 3.7842
46.25, 26.6188, 3.75506
46.275, 26.6488, 3.72195
46.3, 26.6365, 3.70968
46.325, 26.608, 3.69421
46.35, 26.6318, 3.68155
46.375, 26.6758, 3.64627
46.4, 26.7722, 3.62313
46.425, 26.8879, 3.572
46.45, 26.9991, 3.53007
46.475, 27.0876, 3.48099
46.5, 27.113, 3.44622
46.525, 27.1163, 3.40007
46.55, 27.0788, 3.36568
46.575, 27.0191, 3.32478
46.6, 26.9847, 3.3001
46.625, 26.961, 3.25984
46.65, 26.9271, 3.239
46.675, 26.8966, 3.19247
46.7, 26.8596, 3.16665
46.725, 26.8251, 3.12715
46.75, 26.7499, 3.09199
46.775, 26.6575, 3.04687
46.8, 26.5505, 3.02118
46.825, 26.4413, 2.98922
46.85, 26.306, 2.96378
46.875, 26.1602, 2.93527
46.9, 26.0119, 2.91827
46.925, 25.8692, 2.90383
46.95, 25.7072, 2.89283
46.975, 25.5415, 2.87941
47, 25.3991, 2.86752
47.025, 25.2729, 2.85078
47.05, 25.1462, 2.84208
47.075, 25.0248, 2.83799
47.1, 24.9041, 2.83403
47.125, 24.7741, 2.82674
47.15, 24.5837, 2.8215
47.175, 24.3806, 2.82201
47.2, 24.1785, 2.82316
47.225, 23.9768, 2.82777
47.25, 23.827, 2.84068
47.275, 23.7069, 2.85359
47.3, 23.627, 2.86139
47.325, 23.566, 2.8803
47.35, 23.5302, 2.88644
47.375, 23.4897, 2.90191
47.4, 23.366, 2.90843
47.425, 23.2108, 2.94
47.45, 23.0309, 2.96173
47.475, 22.8522, 3.0213
47.5, 22.7067, 3.05837
47.525, 22.5931, 3.1058
47.55, 22.5621, 3.13443
47.575, 22.5646, 3.15898
47.6, 22.6047, 3.18646
47.625, 22.6505, 3.20385
47.65, 22.6591, 3.22238
47.675, 22.6566, 3.25792
47.7, 22.6407, 3.29001
47.725, 22.6168, 3.34178
47.75, 22.5988, 3.37246
47.775, 22.5823, 3.414
47.8, 22.6146, 3.44455
47.825, 22.6641, 3.47907
47.85, 22.7221, 3.50642
47.875, 22.7802, 3.54669
47.9, 22.8705, 3.57405
47.925, 22.9706, 3.61035
47.95, 23.0869, 3.62914
47.975, 23.207, 3.64998
48, 23.3447, 3.66915
48.025, 23.4844, 3.69012
48.05, 23.6021, 3.70686
48.075, 23.708, 3.72374
48.1, 23.834, 3.73742
48.125, 23.9642, 3.74726
48.15, 24.083, 3.75787
48.175, 24.1926, 3.78395
48.2, 24.3166, 3.79405
48.225, 24.4385, 3.80785
48.25, 24.5644, 3.81591
48.275, 24.6846, 3.81948
48.3, 24.7734, 3.81974
48.325, 24.8472, 3.83955
48.35, 24.924, 3.84543
48.375, 25.0005, 3.84684
48.4, 25.1151, 3.84748
48.425, 25.2521, 3.85004
48.45, 25.4437, 3.85042
48.475, 25.6437, 3.85016
48.5, 25.8584, 3.84991
48.525, 26.0728, 3.83687
48.55, 26.1827, 3.81105
48.575, 26.2456, 3.79008
48.6, 26.2857, 3.77743
48.625, 26.3102, 3.75595
48.65, 26.3431, 3.74521
48.675, 26.3907, 3.72348
48.7, 26.5108, 3.70482
48.725, 26.6527, 3.65458
48.75, 26.8083, 3.61674
48.775, 26.9588, 3.56152
48.8, 27.0365, 3.52138
48.825, 27.078, 3.48214
48.85, 27.0612, 3.45631
48.875, 27.0239, 3.43075
48.9, 26.9834, 3.41106
48.925, 26.9496, 3.38
48.95, 26.9323, 3.35903
48.975, 26.9174, 3.32337
49, 26.8929, 3.30074
49.025, 26.8668, 3.26521
49.05, 26.8288, 3.22839
49.075, 26.7869, 3.18544
49.1, 26.722, 3.16102
49.125, 26.6496, 3.13546
49.15, 26.5497, 3.12114
49.175, 26.4452, 3.09826
49.2, 26.3474, 3.08215
49.225, 26.2589, 3.05825
49.25, 26.1625, 3.04853
49.275, 26.0681, 3.02054
49.3, 25.972, 3.00763
49.325, 25.8782, 2.98449
49.35, 25.7839, 2.97209
49.375, 25.6863, 2.96007
49.4, 25.5958, 2.94831
49.425, 25.5071, 2.94627
49.45, 25.363, 2.94166
49.475, 25.2023, 2.93975
49.5, 25.0235, 2.93911
49.525, 24.8449, 2.93924
49.55, 24.6845, 2.93924
49.575, 24.5439, 2.94077
49.6, 24.467, 2.94205
49.625, 24.4148, 2.94345
49.65, 24.3758, 2.94652
49.675, 24.3415, 2.9501
49.7, 24.2338, 2.95048
49.725, 24.0969, 2.97107
49.75, 23.9094, 2.98628
49.775, 23.7072, 3.02603
49.8, 23.5079, 3.04904
49.825, 23.3392, 3.0957
49.85, 23.2658, 3.12408
49.875, 23.2229, 3.16588
49.9, 23.2238, 3.18544
49.925, 23.2452, 3.20052
49.95, 23.244, 3.21254
49.975, 23.2335, 3.23938
50, 23.186, 3.25766
50, 23.1235, 3.30419
50.025, 23.0745, 3.35456
50.05, 23.0359, 3.44161
50.075, 23.0255, 3.49722
50.1, 23.03, 3.58376
50.125, 23.1072, 3.62914
50.15, 23.216, 3.70738
50.175, 23.3118, 3.75352
50.2, 23.3972, 3.83124
50.225, 23.5046, 3.88135
50.25, 23.6181, 3.95128
50.275, 23.7391, 4.00369
50.3, 23.856, 4.08358
50.325, 24.0127, 4.14111
50.35, 24.1901, 4.23059
50.375, 24.3794, 4.27316
50.4, 24.5692, 4.35293
50.425, 24.7927, 4.39664
50.45, 25.0152, 4.46235
50.475, 25.2414, 4.49661
50.5, 25.4743, 4.55337
50.525, 25.6984, 4.58328
50.55, 25.9229, 4.63518
50.575, 26.1579, 4.67366
50.6, 26.3876, 4.7345
50.625, 26.6334, 4.7593
50.65, 26.8769, 4.80916
50.675, 27.1396, 4.83651
50.7, 27.4091, 4.86604
50.725, 27.7116, 4.88496
50.75, 28.027, 4.89723
50.775, 28.3613, 4.90708
50.8, 28.6978, 4.91884
50.825, 28.9715, 4.92523
50.85, 29.2074, 4.94108
50.875, 29.4017, 4.94274
50.9, 29.5707, 4.94901
50.925, 29.7314, 4.96422
50.95, 29.8865, 4.97649
50.975, 30.1244, 4.97802
51, 30.3869, 4.97802
51.025, 30.7191, 4.97802
51.05, 31.0616, 4.97713
51.075, 31.3234, 4.97214
51.1, 31.5423, 4.94146
51.125, 31.6976, 4.92063
51.15, 31.8252, 4.89378
51.175, 31.9315, 4.87346
51.2, 32.0118, 4.84585
51.225, 32.185, 4.83114
51.25, 32.3877, 4.78052
51.275, 32.5867, 4.7501
51.3, 32.782, 4.67954
51.325, 32.9739, 4.63684
51.35, 33.15, 4.5797
51.375, 33.259, 4.53611
51.4, 33.3342, 4.48357
51.425, 33.3986, 4.44087
51.45, 33.429, 4.36622
51.475, 33.4813, 4.32762
51.5, 33.5085, 4.24862
51.525, 33.5309, 4.21691
51.55, 33.5514, 4.13037
51.575, 33.5704, 4.0878
51.6, 33.5642, 4.012
51.625, 33.5554, 3.97889
51.65, 33.5275, 3.90858
51.675, 33.4881, 3.86538
51.7, 33.4146, 3.7819
51.725, 33.3326, 3.74841
51.75, 33.2368, 3.69306
51.775, 33.1443, 3.65318
51.8, 33.0269, 3.58977
51.825, 32.9055, 3.55078
51.85, 32.7788, 3.49748
51.875, 32.6515, 3.4613
51.9, 32.5159, 3.40531
51.925, 32.3784, 3.36709
51.95, 32.2636, 3.31084
51.975, 32.1659, 3.27134
52, 32.0014, 3.20858
52.025, 31.8088, 3.18275
52.05, 31.5602, 3.13737
52.075, 31.2989, 3.12523
52.1, 31.0002, 3.11142
52.125, 30.6959, 3.10516
52.15, 30.4501, 3.10478
52.175, 30.2314, 3.10375
52.2, 30.053, 3.09417
52.225, 29.8877, 3.08292
52.25, 29.7094, 3.07307
52.275, 29.5161, 3.07231
52.3, 29.2303, 3.07052
52.325, 28.9166, 3.07192
52.35, 28.5741, 3.09084
52.375, 28.232, 3.1104
52.4, 27.9758, 3.16051
52.425, 27.7635, 3.18736
52.45, 27.5753, 3.22826
52.475, 27.4037, 3.25051
52.5, 27.2944, 3.29729
52.525, 27.2138, 3.32516
52.55, 27.0828, 3.35315
52.575, 26.9372, 3.38665
52.6, 26.7945, 3.44366
52.625, 26.6647, 3.4838
52.65, 26.5402, 3.5642
52.675, 26.417, 3.60485
52.7, 26.3324, 3.66673
52.725, 26.2675, 3.71671
52.75, 26.2277, 3.7865
52.775, 26.1999, 3.82946
52.8, 26.1793, 3.8834
52.825, 26.165, 3.92737
52.85, 26.1713, 3.99922
52.875, 26.1885, 4.0423
52.9, 26.2247, 4.13101
52.925, 26.2668, 4.17204
52.95, 26.339, 4.23724
52.975, 26.4213, 4.283
53, 26.55, 4.35267
53.025, 26.683, 4.38603
53.05, 26.8151, 4.4364
53.075, 26.9435, 4.48127
53.1, 27.1028, 4.54467
53.125, 27.2669, 4.57919
53.15, 27.4158, 4.63531
53.175, 27.5488, 4.67008
53.2, 27.6919, 4.71277
53.225, 27.8372, 4.74358
53.25, 27.9815, 4.79292
53.275, 28.1222, 4.82552
53.3, 28.3342, 4.85952
53.325, 28.5745, 4.87972
53.35, 28.8596, 4.89327
53.375, 29.1534, 4.89953
53.4, 29.4545, 4.90247
53.425, 29.7349, 4.9026
53.45, 29.9219, 4.90273
53.475, 30.0731, 4.90401
53.5, 30.1932, 4.90682
53.525, 30.2969, 4.91411
53.55, 30.449, 4.92651
53.575, 30.6254, 4.92817
53.6, 30.8606, 4.92932
53.625, 31.1108, 4.92945
53.65, 31.3933, 4.92932
53.675, 31.679, 4.92842
53.7, 31.8422, 4.8989
53.725, 31.9535, 4.88726
53.75, 32.0299, 4.8585
53.775, 32.0913, 4.85045
53.8, 32.1513, 4.82207
53.825, 32.2258, 4.80647
53.85, 32.3547, 4.76429
53.875, 32.5069, 4.73962
53.9, 32.6793, 4.67813
53.925, 32.8459, 4.6495
53.95, 32.9681, 4.58226
53.975, 33.0745, 4.54621
54, 33.1476, 4.47858
54.025, 33.2026, 4.43883
54.05, 33.2462, 4.38552
54.075, 33.2935, 4.34641
54.1, 33.3308, 4.27917
54.125, 33.3619, 4.2357
54.15, 33.3951, 4.17243
54.175, 33.4218, 4.12104
54.2, 33.4326, 4.05533
54.225, 33.43, 4.00062
54.25, 33.4176, 3.92469
54.275, 33.4036, 3.87407
54.3, 33.3528, 3.79775
54.325, 33.2896, 3.75352
54.35, 33.1985, 3.68258
54.375, 33.1039, 3.63899
54.4, 32.9777, 3.56804
54.425, 32.8335, 3.53634
54.45, 32.7008, 3.47523
54.475, 32.5888, 3.43676
54.5, 32.4859, 3.36581
54.525, 32.3863, 3.33654
54.55, 32.2806, 3.28259
54.575, 32.1675, 3.23874
54.6, 31.9445, 3.19336
54.625, 31.6852, 3.17087
54.65, 31.3923, 3.15668
54.675, 31.1017, 3.14939
54.7, 30.7938, 3.1375
54.725, 30.4998, 3.13571
54.75, 30.2974, 3.12676
54.775, 30.1377, 3.11053
54.8, 29.971, 3.08356
54.825, 29.8044, 3.07307
54.85, 29.6, 3.06796
54.875, 29.3871, 3.06783
54.9, 29.0808, 3.06809
54.925, 28.7472, 3.07359
54.95, 28.4478, 3.08867
54.975, 28.1809, 3.11424
55, 27.963, 3.15386
55.025, 27.7652, 3.18237
55.05, 27.5961, 3.22622
55.075, 27.4476, 3.24373
55.1, 27.2924, 3.28272
55.125, 27.1312, 3.30752
55.15, 26.9626, 3.3598
55.175, 26.7985, 3.39368
55.2, 26.6248, 3.45823
55.225, 26.4557, 3.50387
55.25, 26.337, 3.58172
55.275, 26.2457, 3.61534
55.3, 26.1906, 3.68628
55.325, 26.1546, 3.71939
55.35, 26.1414, 3.78395
55.375, 26.1273, 3.82179
55.4, 26.1161, 3.88787
55.425, 26.111, 3.91894
55.45, 26.1226, 3.9771
55.475, 26.1441, 4.02747
55.5, 26.1807, 4.10148
55.525, 26.2242, 4.14686
55.55, 26.2915, 4.22484
55.575, 26.3706, 4.26574
55.6, 26.4794, 4.32404
55.625, 26.6051, 4.36175
55.65, 26.774, 4.41531
55.675, 26.9574, 4.44497
55.7, 27.1544, 4.48971
55.725, 27.352, 4.5122
55.75, 27.5004, 4.54902
55.775, 27.6241, 4.58098
55.8, 27.7328, 4.62214
55.825, 27.831, 4.65614
55.85, 27.9236, 4.7074
55.875, 28.0294, 4.73834
55.9, 28.258, 4.78244
55.925, 28.5245, 4.7873
55.95, 28.823, 4.80366
55.975, 29.1271, 4.80507
56, 29.3876, 4.80519
56.025, 29.6161, 4.80532
56.05, 29.7455, 4.80571
56.075, 29.8408, 4.80775
56.1, 29.9293, 4.82859
56.125, 30.0098, 4.847
56.15, 30.2004, 4.86336
56.175, 30.4319, 4.86425
56.2, 30.6583, 4.86413
56.225, 30.8961, 4.86413
56.25, 31.114, 4.86349
56.275, 31.3052, 4.86208
56.3, 31.4258, 4.85556
56.325, 31.5194, 4.84495
56.35, 31.6073, 4.82833
56.375, 31.7346, 4.81056
56.4, 31.8733, 4.78436
56.425, 32.0158, 4.74805
56.45, 32.1802, 4.72121
56.475, 32.3454, 4.67915
56.5, 32.5027, 4.62457
56.525, 32.627, 4.59018
56.55, 32.7365, 4.55043
56.575, 32.8325, 4.48268
56.6, 32.8958, 4.44688
56.625, 32.9502, 4.41122
56.65, 33.0014, 4.35663
56.675, 33.0412, 4.32595
56.7, 33.0884, 4.27635
56.725, 33.1343, 4.21065
56.75, 33.1645, 4.16041
56.775, 33.1826, 4.11401
56.8, 33.2005, 4.04485
56.825, 33.1693, 4.00855
56.85, 33.1216, 3.9468
56.875, 33.0842, 3.88276
56.9, 33.0013, 3.84339
56.925, 32.8962, 3.80095
56.95, 32.7875, 3.74611
56.975, 32.64, 3.71415
57, 32.4822, 3.68091
57.025, 32.3475, 3.64512
57.05, 32.2511, 3.61636
57.075, 32.1667, 3.56868
57.1, 32.0888, 3.5132
57.125, 31.9834, 3.47383
57.15, 31.8542, 3.4287
57.175, 31.7101, 3.39483
57.2, 31.4767, 3.37118
57.225, 31.2104, 3.36428
57.25, 30.9487, 3.35188
57.275, 30.7335, 3.3506
57.3, 30.5504, 3.346
57.325, 30.3896, 3.33436
57.35, 30.2704, 3.32951
57.375, 30.1648, 3.30598
57.4, 30.0669, 3.2941
57.425, 29.8581, 3.28476
57.45, 29.6075, 3.284
57.475, 29.3482, 3.28451
57.5, 29.0715, 3.28489
57.525, 28.8117, 3.29448
57.55, 28.5759, 3.318
57.575, 28.4053, 3.33922
57.6, 28.2681, 3.35328
57.625, 28.1349, 3.38204
57.65, 28.0196, 3.39687
57.675, 27.9106, 3.42142
57.7, 27.7962, 3.45427
57.725, 27.671, 3.47677
57.75, 27.5483, 3.51409
57.775, 27.4285, 3.55947
57.8, 27.3351, 3.59015
57.825, 27.2593, 3.62224
57.85, 27.2012, 3.66673
57.875, 27.1848, 3.69843
57.9, 27.1748, 3.73294
57.925, 27.1568, 3.77014
57.95, 27.1466, 3.80504
57.975, 27.1429, 3.8407
58, 27.1451, 3.89708
58.025, 27.1568, 3.9238
58.05, 27.1721, 3.95409
58.075, 27.186, 3.99474
58.1, 27.2158, 4.02069
58.125, 27.2507, 4.05751
58.15, 27.2777, 4.11094
58.175, 27.3431, 4.14724
58.2, 27.422, 4.18943
58.225, 27.4998, 4.24286
58.25, 27.6134, 4.26715
58.275, 27.7386, 4.29042
58.3, 27.8635, 4.32455
58.325, 27.9306, 4.34538
58.35, 27.9769, 4.39064
58.375, 28.0151, 4.42694
58.4, 28.0307, 4.46209
58.425, 28.0677, 4.50377
58.45, 28.1376, 4.55055
58.475, 28.3317, 4.5751
58.5, 28.565, 4.582
58.525, 28.7978, 4.58993
58.55, 29.0141, 4.59478
58.575, 29.2055, 4.60629
58.6, 29.3654, 4.61255
58.625, 29.4325, 4.61856
58.65, 29.4675, 4.63441
58.675, 29.5086, 4.67557
58.7, 29.6303, 4.69794
58.725, 29.7865, 4.70728
58.75, 29.9476, 4.7083
58.775, 30.2021, 4.70843
58.8, 30.4773, 4.7083
58.825, 30.7383, 4.70791
58.85, 30.88, 4.70766
58.875, 30.9785, 4.7074
58.9, 31.0702, 4.70319
58.925, 31.1442, 4.69692
58.95, 31.2221, 4.6904
58.975, 31.3143, 4.67072
59, 31.4527, 4.6578
59.025, 31.6001, 4.63658
59.05, 31.7483, 4.59632
59.075, 31.8943, 4.57126
59.1, 32.0253, 4.53521
59.125, 32.151, 4.49239
59.15, 32.2422, 4.46631
59.175, 32.318, 4.42784
59.2, 32.3924, 4.37427
59.225, 32.4518, 4.34641
59.25, 32.5066, 4.31381
59.275, 32.5565, 4.2536
59.3, 32.5876, 4.22279
59.325, 32.615, 4.18483
59.35, 32.6502, 4.13408
59.375, 32.6451, 4.08691
59.4, 32.6257, 4.04217
59.425, 32.6055, 3.98797
59.45, 32.5809, 3.9532
59.475, 32.5483, 3.90066
59.5, 32.5081, 3.84109
59.525, 32.4567, 3.80721
59.55, 32.4089, 3.77295
59.575, 32.3526, 3.71786
59.6, 32.2898, 3.68577
59.625, 32.2302, 3.64384
59.65, 32.18, 3.59642
59.675, 32.0823, 3.56063
59.7, 31.9747, 3.51831
59.725, 31.8737, 3.46667
59.75, 31.6766, 3.44123
59.775, 31.4492, 3.43369
59.8, 31.2197, 3.41541
59.825, 30.9857, 3.41106
59.85, 30.7709, 3.4048
59.875, 30.5759, 3.39227
59.9, 30.4455, 3.38473
59.925, 30.3414, 3.36913
59.95, 30.2444, 3.35801
59.975, 30.082, 3.34715
60, 29.8974, 3.346
60, 29.6989, 3.34497
60.025, 29.4406, 3.33142
60.05, 29.1709, 3.3148
60.075, 28.9112, 3.30125
60.1, 28.7713, 3.28707
60.125, 28.6719, 3.25907
60.15, 28.5738, 3.22008
60.175, 28.5257, 3.19746
60.2, 28.4941, 3.15374
60.225, 28.4387, 3.09212
60.25, 28.2599, 3.06272
60.275, 28.0475, 3.03907
60.3, 27.8343, 3.02872
60.325, 27.5743, 3.01811
60.35, 27.3121, 3.0089
60.375, 27.0711, 3.00302
60.4, 26.8847, 3.00059
60.425, 26.7176, 2.99254
60.45, 26.5537, 2.9896
60.475, 26.3925, 2.98244
60.5, 26.2341, 2.98193
60.525, 26.073, 2.98219
60.55, 25.8914, 2.98206
60.575, 25.713, 2.98257
60.6, 25.5445, 2.98359
60.625, 25.378, 2.98525
60.65, 25.2173, 2.98743
60.675, 25.0738, 2.99088
60.7, 24.9408, 2.99727
60.725, 24.8053, 3.00405
60.75, 24.6745, 3.01798
60.775, 24.546, 3.03805
60.8, 24.4219, 3.04853
60.825, 24.2861, 3.06643
60.85, 24.1505, 3.08471
60.875, 24.051, 3.11385
60.9, 23.9664, 3.13162
60.925, 23.8692, 3.15374
60.95, 23.7775, 3.17521
60.975, 23.7051, 3.20538
61, 23.6471, 3.23044
61.025, 23.6231, 3.25971
61.05, 23.612, 3.27761
61.075, 23.6396, 3.30049
61.1, 23.6866, 3.30918
61.125, 23.7028, 3.3212
61.15, 23.7033, 3.33104
61.175, 23.6783, 3.3483
61.2, 23.6481, 3.37591
61.225, 23.5953, 3.40582
61.25, 23.5407, 3.43509
61.275, 23.5715, 3.47638
61.3, 23.633, 3.49121
61.325, 23.7451, 3.50962
61.35, 23.8728, 3.51972
61.375, 23.993, 3.52138
61.4, 24.094, 3.52892
61.425, 24.096, 3.5348
61.45, 24.0647, 3.55334
61.475, 24.0099, 3.58415
61.5, 23.9521, 3.61086
61.525, 23.9713, 3.65433
61.55, 24.0177, 3.67146
61.575, 24.1308, 3.68322
61.6, 24.2642, 3.68539
61.625, 24.422, 3.68603
61.65, 24.5833, 3.68641
61.675, 24.6774, 3.68692
61.7, 24.7381, 3.68897
61.725, 24.78, 3.6951
61.75, 24.8178, 3.70507
61.775, 24.8714, 3.70738
61.8, 24.9308, 3.70789
61.825, 25.0012, 3.7084
61.85, 25.0826, 3.71019
61.875, 25.177, 3.71236
61.9, 25.2673, 3.71274
61.925, 25.3382, 3.71287
61.95, 25.4027, 3.71287
61.975, 25.4608, 3.71287
62, 25.5127, 3.71274
62.025, 25.5687, 3.71262
62.05, 25.6269, 3.71249
62.075, 25.6905, 3.71223
62.1, 25.7534, 3.70942
62.125, 25.8191, 3.68654
62.15, 25.8846, 3.67823
62.175, 25.9609, 3.65714
62.2, 26.0405, 3.6386
62.225, 26.1038, 3.61815
62.25, 26.1535, 3.60447
62.275, 26.2068, 3.57187
62.3, 26.2564, 3.55155
62.325, 26.2628, 3.52432
62.35, 26.2525, 3.5123
62.375, 26.2471, 3.48853
62.4, 26.2435, 3.4737
62.425, 26.2671, 3.45478
62.45, 26.3062, 3.43676
62.475, 26.3877, 3.40825
62.5, 26.4769, 3.38025
62.525, 26.5572, 3.32529
62.55, 26.6156, 3.29192
62.575, 26.5726, 3.24092
62.6, 26.4913, 3.22698
62.625, 26.3697, 3.2087
62.65, 26.243, 3.2041
62.675, 26.1417, 3.18774
62.7, 26.0632, 3.17381
62.725, 26.0467, 3.15604
62.75, 26.0583, 3.13316
62.775, 26.0604, 3.09775
62.8, 26.0563, 3.0787
62.825, 25.9869, 3.05019
62.85, 25.8987, 3.0337
62.875, 25.7453, 3.01453
62.9, 25.5698, 3.01376
62.925, 25.4252, 3.01363
62.95, 25.3019, 3.01312
62.975, 25.168, 3.01274
63, 25.0385, 3.00865
63.025, 24.9526, 3.00673
63.05, 24.8831, 3.0066
63.075, 24.7756, 3.00405
63.1, 24.6579, 3.00277
63.125, 24.5494, 3.00213
63.15, 24.4449, 3.00238
63.175, 24.3311, 3.00238
63.2, 24.2169, 3.00315
63.225, 24.1122, 3.00532
63.25, 24.0141, 3.01504
63.275, 23.9086, 3.0392
63.3, 23.8036, 3.05275
63.325, 23.7089, 3.08496
63.35, 23.6163, 3.10056
63.375, 23.5432, 3.11871
63.4, 23.4854, 3.13367
63.425, 23.4358, 3.1545
63.45, 23.3886, 3.16984
63.475, 23.3367, 3.20218
63.5, 23.2914, 3.23056
63.525, 23.2511, 3.27032
63.55, 23.2111, 3.28937
63.575, 23.2122, 3.33078
63.6, 23.2288, 3.34855
63.625, 23.2936, 3.38115
63.65, 23.3732, 3.39419
63.675, 23.4775, 3.40838
63.7, 23.5833, 3.41234
63.725, 23.6244, 3.42679
63.75, 23.6368, 3.45107
63.775, 23.6176, 3.48239
63.8, 23.5833, 3.50745
63.825, 23.6007, 3.55283
63.85, 23.6457, 3.57187
63.875, 23.7649, 3.6014
63.9, 23.9085, 3.60383
63.925, 24.0897, 3.60575
63.95, 24.2768, 3.60575
63.975, 24.3925, 3.60575
64, 24.4733, 3.60575
64.025, 24.4859, 3.60588
64.05, 24.4764, 3.60626
64.075, 24.4844, 3.62582
64.1, 24.5067, 3.6363
64.125, 24.5818, 3.66072
64.15, 24.6707, 3.66903
64.175, 24.7926, 3.66979
64.2, 24.9285, 3.67133
64.225, 25.0184, 3.67146
64.25, 25.0865, 3.67146
64.275, 25.1306, 3.67184
64.3, 25.1629, 3.67209
64.325, 25.1895, 3.67235
64.35, 25.2213, 3.67427
64.375, 25.2837, 3.67491
64.4, 25.3553, 3.67503
64.425, 25.4416, 3.67491
64.45, 25.5304, 3.67491
64.475, 25.6083, 3.67491
64.5, 25.6778, 3.67478
64.525, 25.7385, 3.67452
64.55, 25.7947, 3.67414
64.575, 25.847, 3.67273
64.6, 25.896, 3.66621
64.625, 25.9319, 3.65075
64.65, 25.9633, 3.63528
64.675, 25.9934, 3.62531
64.7, 26.0249, 3.61227
64.725, 26.061, 3.59795
64.75, 26.0989, 3.58581
64.775, 26.1594, 3.55666
64.8, 26.2241, 3.54119
64.825, 26.2809, 3.50336
64.85, 26.3369, 3.48405
64.875, 26.3493, 3.44366
64.9, 26.3463, 3.43113
64.925, 26.2989, 3.40659
64.95, 26.238, 3.39892
64.975, 26.1913, 3.39393
65, 26.1578, 3.38051
65.025, 26.1766, 3.3676
65.05, 26.2134, 3.35085
65.075, 26.2849, 3.3235
65.1, 26.3691, 3.29179
65.125, 26.3562, 3.2468
65.15, 26.3027, 3.23171
65.175, 26.208, 3.21267
65.2, 26.0959, 3.20385
65.225, 25.9357, 3.19835
65.25, 25.7776, 3.19797
65.275, 25.725, 3.19656
65.3, 25.7149, 3.18339
65.325, 25.7094, 3.15783
65.35, 25.7072, 3.13546
65.375, 25.7069, 3.11871
65.4, 25.7008, 3.10554
65.425, 25.603, 3.08228
65.45, 25.4771, 3.07896
65.475, 25.3486, 3.07857
65.5, 25.2256, 3.07665
65.525, 25.1016, 3.07653
65.55, 24.9799, 3.07614
65.575, 24.916, 3.07627
65.6, 24.8749, 3.07653
65.625, 24.7999, 3.07653
65.65, 24.7117, 3.0764
65.675, 24.6252, 3.07704
65.7, 24.541, 3.07755
65.725, 24.4355, 3.07972
65.75, 24.327, 3.08445
65.775, 24.2421, 3.10593
65.8, 24.1677, 3.10938
65.825, 24.089, 3.13379
65.85, 24.0071, 3.15233
65.875, 23.9571, 3.18352
65.9, 23.924, 3.19209
65.925, 23.8801, 3.20103
65.95, 23.8327, 3.2087
65.975, 23.8136, 3.23644
66, 23.8038, 3.25012
66.025, 23.751, 3.26751
66.05, 23.6829, 3.2817
66.075, 23.6217, 3.30675
66.1, 23.5706, 3.33091
66.125, 23.5079, 3.37131
66.15, 23.4351, 3.38729
66.175, 23.4696, 3.42244
66.2, 23.5463, 3.431
66.225, 23.6378, 3.45516
66.25, 23.7338, 3.4668
66.275, 23.8259, 3.47792
66.3, 23.9017, 3.49121
66.325, 23.9118, 3.50579
66.35, 23.9021, 3.53289
66.375, 23.8825, 3.56893
66.4, 23.8578, 3.58402
66.425, 23.9261, 3.61521
66.45, 24.0287, 3.62237
66.475, 24.1964, 3.63937
66.5, 24.3765, 3.64308
66.525, 24.5419, 3.64435
66.55, 24.6856, 3.64512
66.575, 24.737, 3.64538
66.6, 24.7557, 3.65215
66.625, 24.7472, 3.6703
66.65, 24.7285, 3.67874
66.675, 24.7652, 3.70162
66.7, 24.821, 3.7075
66.725, 24.9177, 3.70917
66.75, 25.027, 3.70942
66.775, 25.1463, 3.70955
66.8, 25.2667, 3.70955
66.825, 25.3607, 3.70942
66.85, 25.439, 3.70942
66.875, 25.5133, 3.70942
66.9, 25.5848, 3.70942
66.925, 25.6528, 3.70917
66.95, 25.7183, 3.70904
66.975, 25.7907, 3.70277
67, 25.8632, 3.69638
67.025, 25.9294, 3.68194
67.05, 25.9969, 3.67197
67.075, 26.0544, 3.65318
67.1, 26.1049, 3.63566
67.125, 26.1466, 3.61265
67.15, 26.1825, 3.59642
67.175, 26.2076, 3.58108
67.2, 26.2224, 3.56574
67.225, 26.2246, 3.53813
67.25, 26.2226, 3.52598
67.275, 26.2264, 3.49965
67.3, 26.2294, 3.48201
67.325, 26.256, 3.45683
67.35, 26.2938, 3.44443
67.375, 26.362, 3.41886
67.4, 26.4311, 3.39674
67.425, 26.4615, 3.36683
67.45, 26.4689, 3.3359
67.475, 26.4227, 3.30701
67.5, 26.356, 3.29346
67.525, 26.2566, 3.27646
67.55, 26.1439, 3.2661
67.575, 26.0903, 3.24974
67.6, 26.0609, 3.24015
67.625, 26.0752, 3.21612
67.65, 26.1052, 3.19758
67.675, 26.149, 3.15502
67.7, 26.1756, 3.12012
67.725, 26.0793, 3.08023
67.75, 25.9428, 3.07346
67.775, 25.7623, 3.0695
67.8, 25.5724, 3.06758
67.825, 25.3927, 3.06732
67.85, 25.2245, 3.06707
67.875, 25.1237, 3.06745
67.9, 25.0536, 3.06732
67.925, 24.9824, 3.06719
67.95, 24.9136, 3.06707
67.975, 24.8104, 3.06707
68, 24.6956, 3.06707
68.025, 24.5524, 3.06796
68.05, 24.4048, 3.07013
68.075, 24.2905, 3.09135
68.1, 24.1956, 3.0989
68.125, 24.1277, 3.12255
68.15, 24.0672, 3.13213
68.175, 24.0268, 3.14913
68.2, 24.0009, 3.15706
68.225, 23.9685, 3.16268
68.25, 23.9259, 3.17125
68.275, 23.8691, 3.18825
68.3, 23.8121, 3.20436
68.325, 23.7573, 3.23759
68.35, 23.7051, 3.25639
68.375, 23.6798, 3.2762
68.4, 23.6659, 3.29064
68.425, 23.6671, 3.31327
68.45, 23.674, 3.3212
68.475, 23.6947, 3.34114
68.5, 23.7266, 3.35136
68.525, 23.7683, 3.36722
68.55, 23.8126, 3.37258
68.575, 23.8734, 3.38856
68.6, 23.9327, 3.39419
68.625, 23.951, 3.40863
68.65, 23.9556, 3.42295
68.675, 23.9476, 3.45043
68.7, 23.9382, 3.46871
68.725, 23.9535, 3.48802
68.75, 23.9893, 3.50233
68.775, 24.0845, 3.51767
68.8, 24.199, 3.52419
68.825, 24.323, 3.52764
68.85, 24.4379, 3.52841
68.875, 24.4721, 3.52956
68.9, 24.4712, 3.54247
68.925, 24.4203, 3.56331
68.95, 24.3556, 3.57443
68.975, 24.3516, 3.59834
69, 24.3806, 3.60728
69.025, 24.5097, 3.62467
69.05, 24.672, 3.62556
69.075, 24.851, 3.62544
69.1, 25.0373, 3.62544
69.125, 25.1351, 3.62275
69.15, 25.1943, 3.62224
69.175, 25.1942, 3.62198
69.2, 25.1746, 3.62211
69.225, 25.1642, 3.62211
69.25, 25.1648, 3.62211
69.275, 25.2081, 3.62237
69.3, 25.2656, 3.62224
69.325, 25.3438, 3.62237
69.35, 25.4263, 3.62224
69.375, 25.4771, 3.61981
69.4, 25.5137, 3.61866
69.425, 25.5344, 3.60511
69.45, 25.5472, 3.6023
69.475, 25.5557, 3.59361
69.5, 25.5642, 3.58287
69.525, 25.5827, 3.56497
69.55, 25.5998, 3.55999
69.575, 25.6352, 3.5504
69.6, 25.6743, 3.53685
69.625, 25.6987, 3.52138
69.65, 25.7188, 3.50195
69.675, 25.7439, 3.47421
69.7, 25.7597, 3.46411
69.725, 25.767, 3.44634
69.75, 25.771, 3.42589
69.775, 25.7718, 3.41119
69.8, 25.7732, 3.38639
69.825, 25.7757, 3.3699
69.85, 25.7876, 3.35827
69.875, 25.8062, 3.34306
69.9, 25.8269, 3.31442
69.925, 25.861, 3.29358
69.95, 25.8936, 3.26942
69.975, 25.9247, 3.24168
70, 25.8731, 3.22213
70.025, 25.793, 3.17687
70.05, 25.709, 3.12753
70.075, 25.593, 3.07474
70.1, 25.4765, 3.03025
70.125, 25.3612, 2.97311
70.15, 25.3068, 2.94026
70.175, 25.2756, 2.87813
70.2, 25.2491, 2.79159
70.225, 25.2314, 2.74915
70.25, 25.1994, 2.67986
70.275, 25.1395, 2.60777
70.3, 24.9373, 2.56405
70.325, 24.691, 2.52263
70.35, 24.4462, 2.47124
70.375, 24.1771, 2.44453
70.4, 23.9187, 2.41589
70.425, 23.6873, 2.36195
70.45, 23.4984, 2.33855
70.475, 23.337, 2.29841
70.5, 23.1824, 2.2469
70.525, 22.9738, 2.20753
70.55, 22.753, 2.18107
70.575, 22.5363, 2.14757
70.6, 22.2735, 2.12507
70.625, 22.0029, 2.1027
70.65, 21.7404, 2.07675
70.675, 21.48, 2.06691
70.7, 21.2293, 2.0563
70.725, 20.9861, 2.04505
70.75, 20.7355, 2.02958
70.775, 20.4884, 2.02562
70.8, 20.2609, 2.02549
70.825, 20.0164, 2.02562
70.85, 19.7729, 2.03176
70.875, 19.5396, 2.03559
70.9, 19.3048, 2.04761
70.925, 19.0714, 2.06704
70.95, 18.8386, 2.09273
70.975, 18.6073, 2.12354
71, 18.388, 2.14821
71.025, 18.1822, 2.17876
71.05, 18.0299, 2.20765
71.075, 17.9025, 2.23271
71.1, 17.7857, 2.27528
71.125, 17.6926, 2.30263
71.15, 17.6026, 2.33932
71.175, 17.5147, 2.37793
71.2, 17.4211, 2.40426
71.225, 17.3256, 2.44593
71.25, 17.2358, 2.50231
71.275, 17.1868, 2.54104
71.3, 17.1651, 2.58949
71.325, 17.1553, 2.63308
71.35, 17.232, 2.66977
71.375, 17.3449, 2.70198
71.4, 17.4563, 2.73943
71.425, 17.505, 2.75503
71.45, 17.5304, 2.79849
71.475, 17.5516, 2.85039
71.5, 17.5232, 2.88849
71.525, 17.4836, 2.93272
71.55, 17.4527, 2.99523
71.575, 17.5689, 3.04112
71.6, 17.7342, 3.05991
71.625, 17.8914, 3.09046
71.65, 18.1084, 3.10158
71.675, 18.3284, 3.11564
71.7, 18.5179, 3.13252
71.725, 18.6181, 3.14568
71.75, 18.6955, 3.16729
71.775, 18.7772, 3.20794
71.8, 18.8719, 3.22609
71.825, 18.9768, 3.2436
71.85, 19.0817, 3.26917
71.875, 19.2581, 3.28067
71.9, 19.4421, 3.28553
71.925, 19.6141, 3.29064
71.95, 19.7918, 3.29077
71.975, 19.962, 3.29116
72, 20.1196, 3.29627
72.025, 20.2591, 3.29665
72.05, 20.3933, 3.29691
72.075, 20.5272, 3.29691
72.1, 20.6708, 3.29678
72.125, 20.8137, 3.29652
72.15, 20.9515, 3.29371
72.175, 21.0986, 3.28847
72.2, 21.245, 3.27467
72.225, 21.3851, 3.25114
72.25, 21.5317, 3.23312
72.275, 21.6751, 3.19643
72.3, 21.8169, 3.16396
72.325, 21.9312, 3.14057
72.35, 22.0264, 3.10618
72.375, 22.1075, 3.06502
72.4, 22.1488, 3.04406
72.425, 22.1819, 3.02028
72.45, 22.2249, 2.97912
72.475, 22.2569, 2.94831
72.5, 22.2948, 2.90677
72.525, 22.3382, 2.86011
72.55, 22.3528, 2.84042
72.575, 22.3506, 2.79632
72.6, 22.3319, 2.74174
72.625, 22.2642, 2.71834
72.65, 22.1846, 2.6883
72.675, 22.1065, 2.65443
72.7, 22.0404, 2.6309
72.725, 22.0006, 2.59767
72.75, 21.9756, 2.54142
72.775, 21.962, 2.51522
72.8, 21.9476, 2.4816
72.825, 21.9403, 2.4375
72.85, 21.7948, 2.40912
72.875, 21.5974, 2.38726
72.9, 21.4061, 2.36923
72.925, 21.167, 2.35453
72.95, 20.922, 2.34354
72.975, 20.6977, 2.3429
73, 20.5473, 2.34303
73.025, 20.4226, 2.33446
73.05, 20.2972, 2.32973
73.075, 20.1829, 2.32782
73.1, 20.0717, 2.32756
73.125, 19.9558, 2.32424
73.15, 19.7918, 2.3213
73.175, 19.6231, 2.3213
73.2, 19.4654, 2.32206
73.225, 19.3034, 2.32846
73.25, 19.1467, 2.34226
73.275, 19.0003, 2.35786
73.3, 18.875, 2.37
73.325, 18.7576, 2.39045
73.35, 18.6428, 2.42343
73.375, 18.573, 2.44286
73.4, 18.5182, 2.46664
73.425, 18.4638, 2.47917
73.45, 18.4419, 2.48876
73.475, 18.4333, 2.50371
73.5, 18.4287, 2.52493
73.525, 18.4011, 2.53567
73.55, 18.3677, 2.56251
73.575, 18.3405, 2.58693
73.6, 18.319, 2.60764
73.625, 18.2985, 2.63448
73.65, 18.2822, 2.66772
73.675, 18.2885, 2.68702
73.7, 18.3002, 2.70556
73.725, 18.3127, 2.74442
73.75, 18.3187, 2.75925
73.775, 18.3225, 2.77983
73.8, 18.3179, 2.81511
73.825, 18.3305, 2.83262
73.85, 18.3449, 2.86126
73.875, 18.371, 2.89053
73.9, 18.4865, 2.90971
73.925, 18.6306, 2.91482
73.95, 18.781, 2.91853
73.975, 18.9145, 2.91942
74, 19.0243, 2.92377
74.025, 19.115, 2.93067
74.05, 19.1258, 2.94716
74.075, 19.1131, 2.97758
74.1, 19.0994, 3.02092
74.125, 19.1615, 3.04022
74.15, 19.2611, 3.05007
74.175, 19.3639, 3.05109
74.2, 19.5608, 3.05531
74.225, 19.7792, 3.05531
74.25, 19.9854, 3.05454
74.275, 20.082, 3.04994
74.3, 20.1381, 3.04968
74.325, 20.1893, 3.04776
74.35, 20.2057, 3.04776
74.375, 20.2188, 3.04776
74.4, 20.2403, 3.04725
74.425, 20.3001, 3.047
74.45, 20.3705, 3.04674
74.475, 20.4389, 3.04137
74.5, 20.5127, 3.02744
74.525, 20.585, 3.01427
74.55, 20.6594, 2.99612
74.575, 20.7218, 2.98244
74.6, 20.7797, 2.9703
74.625, 20.8316, 2.94678
74.65, 20.8747, 2.9377
74.675, 20.9118, 2.92428
74.7, 20.9537, 2.90459
74.725, 20.9768, 2.88606
74.75, 20.9951, 2.86957
74.775, 21.0204, 2.8532
74.8, 21.0317, 2.8371
74.825, 21.04, 2.81831
74.85, 21.0433, 2.80297
74.875, 21.0372, 2.79427
74.9, 21.0173, 2.77459
74.925, 20.9909, 2.75695
74.95, 20.9696, 2.74058
74.975, 20.9474, 2.7264
75, 20.9159, 2.71054
75.025, 20.9087, 2.69597
75.05, 20.9223, 2.67961
75.075, 20.9404, 2.65174
75.1, 20.9748, 2.63794
75.125, 21.005, 2.6116
75.15, 21.0359, 2.58629
75.175, 20.9963, 2.56315
75.2, 20.9179, 2.55485
75.225, 20.8416, 2.54641
75.25, 20.7306, 2.53337
75.275, 20.6179, 2.52698
75.3, 20.5237, 2.51726
75.325, 20.4807, 2.50576
75.35, 20.4538, 2.50013
75.375, 20.4246, 2.47955
75.4, 20.3603, 2.466
75.425, 20.2788, 2.45782
75.45, 20.191, 2.45207
75.475, 20.039, 2.45079
75.5, 19.8768, 2.45092
75.525, 19.7238, 2.45156
75.55, 19.6194, 2.45194
75.575, 19.5366, 2.45245
75.6, 19.4602, 2.45846
75.625, 19.41, 2.46408
75.65, 19.3662, 2.46613
75.675, 19.3257, 2.46843
75.7, 19.2474, 2.47201
75.725, 19.1605, 2.48773
75.75, 19.0759, 2.51279
75.775, 18.9685, 2.52877
75.8, 18.8594, 2.54564
75.825, 18.7622, 2.57964
75.85, 18.7016, 2.59511
75.875, 18.6483, 2.6116
75.9, 18.5924, 2.62464
75.925, 18.5939, 2.63359
75.95, 18.6145, 2.65481
75.975, 18.6339, 2.67002
76, 18.6555, 2.68306
76.025, 18.6864, 2.69431
76.05, 18.7257, 2.71502
76.075, 18.7658, 2.71898
76.1, 18.803, 2.72627
76.125, 18.835, 2.74225
76.15, 18.8877, 2.74391
76.175, 18.9402, 2.7618
76.2, 18.9829, 2.76513
76.225, 19.0229, 2.76973
76.25, 19.0639, 2.77357
76.275, 19.1081, 2.78865
76.3, 19.1314, 2.7944
76.325, 19.144, 2.80386
76.35, 19.1576, 2.81332
76.375, 19.1662, 2.82508
76.4, 19.1735, 2.83965
76.425, 19.1825, 2.86471
76.45, 19.2272, 2.87481
76.475, 19.2907, 2.87967
76.5, 19.3625, 2.89117
76.525, 19.4678, 2.89552
76.55, 19.582, 2.89897
76.575, 19.6858, 2.8991
76.6, 19.7256, 2.8991
76.625, 19.7434, 2.89922
76.65, 19.7561, 2.89922
76.675, 19.785, 2.89935
76.7, 19.8317, 2.89935
76.725, 19.8929, 2.89922
76.75, 20.0161, 2.89922
76.775, 20.1556, 2.89769
76.8, 20.2911, 2.89513
76.825, 20.3389, 2.88184
76.85, 20.3509, 2.87072
76.875, 20.3498, 2.86957
76.9, 20.294, 2.86931
76.925, 20.2171, 2.86931
76.95, 20.1328, 2.86982
76.975, 20.1456, 2.87187
77, 20.1922, 2.87161
77.025, 20.2389, 2.87161
77.05, 20.2989, 2.87148
77.075, 20.3594, 2.86854
77.1, 20.4154, 2.86305
77.125, 20.4279, 2.86087
77.15, 20.4291, 2.85346
77.175, 20.4341, 2.83544
77.2, 20.4496, 2.83096
77.225, 20.4692, 2.82585
77.25, 20.4868, 2.81601
77.275, 20.5052, 2.80834
77.3, 20.5261, 2.79351
77.325, 20.5434, 2.77829
77.35, 20.5508, 2.77024
77.375, 20.5522, 2.76538
77.4, 20.5522, 2.75439
77.425, 20.5455, 2.74825
77.45, 20.5336, 2.74212
77.475, 20.5202, 2.73458
77.5, 20.5081, 2.7301
77.525, 20.4962, 2.7255
77.55, 20.4825, 2.7209
77.575, 20.4691, 2.71885
77.6, 20.4587, 2.71361
77.625, 20.452, 2.69584
77.65, 20.4616, 2.68945
77.675, 20.4731, 2.68421
77.7, 20.4832, 2.67603
77.725, 20.4417, 2.67296
77.75, 20.3801, 2.67207
77.775, 20.3233, 2.67194
77.8, 20.2502, 2.67104
77.825, 20.1723, 2.67066
77.85, 20.0979, 2.67028
77.875, 20.1099, 2.67092
77.9, 20.1503, 2.67002
77.925, 20.1901, 2.66631
77.95, 20.2483, 2.65634
77.975, 20.2927, 2.6396
78, 20.3148, 2.62937
78.025, 20.2335, 2.62707
78.05, 20.1204, 2.62643
78.075, 19.9969, 2.62669
78.1, 19.9051, 2.62681
78.125, 19.8351, 2.63014
78.15, 19.7787, 2.63563
78.175, 19.7643, 2.64305
78.2, 19.7648, 2.64701
78.225, 19.7716, 2.64957
78.25, 19.7243, 2.65225
78.275, 19.656, 2.66542
78.3, 19.5883, 2.67871
78.325, 19.493, 2.68498
78.35, 19.3887, 2.70466
78.375, 19.2946, 2.72882
78.4, 19.2541, 2.75017
78.425, 19.2346, 2.76526
78.45, 19.2214, 2.7719
78.475, 19.2417, 2.77893
78.5, 19.2776, 2.78507
78.525, 19.3127, 2.80718
78.55, 19.3255, 2.81447
78.575, 19.3374, 2.82738
78.6, 19.3455, 2.8394
78.625, 19.3736, 2.85525
78.65, 19.4091, 2.86586
78.675, 19.4425, 2.87698
78.7, 19.5105, 2.88516
78.725, 19.587, 2.88951
78.75, 19.6631, 2.8991
78.775, 19.7296, 2.89948
78.8, 19.7943, 2.90063
78.825, 19.8537, 2.90076
78.85, 19.9161, 2.90076
78.875, 19.9755, 2.90076
78.9, 20.0266, 2.90076
78.925, 20.0537, 2.90076
78.95, 20.0716, 2.90076
78.975, 20.0866, 2.90089
79, 20.1291, 2.90089
79.025, 20.1851, 2.90089
79.05, 20.2464, 2.90089
79.075, 20.3433, 2.90089
79.1, 20.449, 2.9005
79.125, 20.5514, 2.89705
79.15, 20.5822, 2.89066
79.175, 20.5861, 2.8858
79.2, 20.5806, 2.8711
79.225, 20.5405, 2.86087
79.25, 20.4902, 2.85947
79.275, 20.4412, 2.85921
79.3, 20.4806, 2.85883
79.325, 20.5475, 2.84477
79.35, 20.6163, 2.82342
79.375, 20.7127, 2.7999
79.4, 20.7986, 2.77305
79.425, 20.8558, 2.75567
79.45, 20.8105, 2.74007
79.475, 20.7313, 2.73407
79.5, 20.6439, 2.73304
79.525, 20.5801, 2.72946
79.55, 20.5321, 2.72934
79.575, 20.4922, 2.72895
79.6, 20.494, 2.7287
79.625, 20.5059, 2.72103
79.65, 20.5167, 2.69661
79.675, 20.4941, 2.68255
79.7, 20.4595, 2.67565
79.725, 20.4295, 2.6745
79.75, 20.3464, 2.66414
79.775, 20.2512, 2.66325
79.8, 20.1662, 2.65813
79.825, 20.113, 2.65519
79.85, 20.0661, 2.65302
79.875, 20.0188, 2.65021
79.9, 20.0059, 2.64918
79.925, 20.0019, 2.64535
79.95, 19.9754, 2.64011
79.975, 19.9429, 2.63985
80, 19.9227, 2.63973
80.025, 19.9118, 2.61684
80.05, 19.8713, 2.55791
80.075, 19.8188, 2.53158
80.1, 19.8106, 2.46881
80.125, 19.8206, 2.43468
80.15, 19.7674, 2.37524
80.175, 19.6914, 2.34405
80.2, 19.6566, 2.28959
80.225, 19.6411, 2.2607
80.25, 19.579, 2.18733
80.275, 19.5073, 2.1569
80.3, 19.454, 2.10743
80.325, 19.4018, 2.05962
80.35, 19.2717, 1.99827
80.375, 19.1136, 1.96337
80.4, 18.9643, 1.91607
80.425, 18.8247, 1.8813
80.45, 18.6637, 1.8317
80.475, 18.5036, 1.79949
80.5, 18.3795, 1.75168
80.525, 18.2699, 1.71883
80.55, 18.121, 1.65964
80.575, 17.9451, 1.6388
80.6, 17.7139, 1.59214
80.625, 17.4668, 1.57732
80.65, 17.1543, 1.54779
80.675, 16.8235, 1.54587
80.7, 16.5389, 1.54229
80.725, 16.2812, 1.54242
80.75, 16.0485, 1.54216
80.775, 15.83, 1.54191
80.8, 15.6416, 1.53641
80.825, 15.4707, 1.5281
80.85, 15.2621, 1.5189
80.875, 15.0458, 1.5189
80.9, 14.8377, 1.52107
80.925, 14.6371, 1.53079
80.95, 14.4154, 1.54203
80.975, 14.1925, 1.55827
81, 13.9871, 1.58422
81.025, 13.7952, 1.60352
81.05, 13.6046, 1.63612
81.075, 13.4172, 1.65938
81.1, 13.2749, 1.70528
81.125, 13.1529, 1.72483
81.15, 13.0485, 1.75602
81.175, 12.9556, 1.77865
81.2, 12.8956, 1.8046
81.225, 12.8493, 1.83618
81.25, 12.8001, 1.88053
81.275, 12.7465, 1.90405
81.3, 12.7017, 1.94739
81.325, 12.665, 1.97423
81.35, 12.6571, 2.01015
81.375, 12.6616, 2.03559
81.4, 12.6885, 2.0779
81.425, 12.7227, 2.10002
81.45, 12.7613, 2.1454
81.475, 12.7968, 2.16457
81.5, 12.8539, 2.20203
81.525, 12.922, 2.22044
81.55, 13.0038, 2.25367
81.575, 13.0861, 2.27004
81.6, 13.1846, 2.29918
81.625, 13.29, 2.31925
81.65, 13.4272, 2.34034
81.675, 13.5758, 2.35249
81.7, 13.729, 2.36668
81.725, 13.884, 2.37038
81.75, 13.9902, 2.37639
81.775, 14.0701, 2.39327
81.8, 14.1305, 2.41576
81.825, 14.1884, 2.42957
81.85, 14.2583, 2.45718
81.875, 14.3416, 2.46894
81.9, 14.4998, 2.48658
81.925, 14.6797, 2.48773
81.95, 14.877, 2.48786
81.975, 15.0771, 2.48773
82, 15.2127, 2.48697
82.025, 15.3178, 2.4862
82.05, 15.3623, 2.48415
82.075, 15.3838, 2.48351
82.1, 15.4112, 2.48364
82.125, 15.4509, 2.48364
82.15, 15.5272, 2.48364
82.175, 15.6138, 2.48351
82.2, 15.729, 2.48351
82.225, 15.8501, 2.47674
82.25, 15.9418, 2.46536
82.275, 16.0183, 2.44811
82.3, 16.093, 2.43353
82.325, 16.1618, 2.41231
82.35, 16.2099, 2.39595
82.375, 16.2423, 2.39084
82.4, 16.2984, 2.37882
82.425, 16.3561, 2.35837
82.45, 16.3944, 2.33382
82.475, 16.4307, 2.30826
82.5, 16.498, 2.28295
82.525, 16.5696, 2.25725
82.55, 16.6068, 2.21507
82.575, 16.632, 2.19794
82.6, 16.6738, 2.17097
82.625, 16.7275, 2.1408
82.65, 16.7141, 2.09261
82.675, 16.6778, 2.07113
82.7, 16.6637, 2.04774
82.725, 16.6553, 2.03214
82.75, 16.5961, 1.98906
82.775, 16.5176, 1.97308
82.8, 16.4768, 1.93767
82.825, 16.4585, 1.924
82.85, 16.402, 1.89038
82.875, 16.3236, 1.86724
82.9, 16.2289, 1.85906
82.925, 16.1267, 1.85215
82.95, 16.0108, 1.83656
82.975, 15.8728, 1.82237
83, 15.7496, 1.81419
83.025, 15.6506, 1.80844
83.05, 15.5594, 1.79757
83.075, 15.4743, 1.78543
83.1, 15.3956, 1.7674
83.125, 15.2995, 1.76114
83.15, 15.1863, 1.75385
83.175, 15.0625, 1.74759
83.2, 14.8957, 1.74733
83.225, 14.7205, 1.74861
83.25, 14.5473, 1.75769
83.275, 14.4188, 1.76523
83.3, 14.3132, 1.77903
83.325, 14.2206, 1.7991
83.35, 14.1513, 1.80639
83.375, 14.0959, 1.82084
83.4, 14.0441, 1.83809
83.425, 13.9741, 1.84039
83.45, 13.8985, 1.85752
83.475, 13.8259, 1.88603
83.5, 13.7495, 1.90201
83.525, 13.6752, 1.92681
83.55, 13.6014, 1.9603
83.575, 13.5529, 1.97845
83.6, 13.5179, 1.99648
83.625, 13.4854, 2.02958
83.65, 13.4974, 2.05119
83.675, 13.5174, 2.06282
83.7, 13.5423, 2.09005
83.725, 13.5898, 2.10309
83.75, 13.6486, 2.11932
83.775, 13.702, 2.13875
83.8, 13.75, 2.14847
83.825, 13.8005, 2.16739
83.85, 13.8469, 2.18554
83.875, 13.8922, 2.2028
83.9, 13.94, 2.21098
83.925, 13.9865, 2.22977
83.95, 14.0522, 2.2368
83.975, 14.1182, 2.2515
84, 14.1783, 2.26684
84.025, 14.2364, 2.27911
84.05, 14.2885, 2.28563
84.075, 14.3394, 2.30289
84.1, 14.4115, 2.31184
84.125, 14.489, 2.32142
84.15, 14.5602, 2.33127
84.175, 14.6711, 2.3406
84.2, 14.7966, 2.34188
84.225, 14.918, 2.34188
84.25, 15.0594, 2.34188
84.275, 15.2031, 2.34162
84.3, 15.3426, 2.34124
84.325, 15.3699, 2.34022
84.35, 15.3604, 2.34022
84.375, 15.3489, 2.34034
84.4, 15.3476, 2.34073
84.425, 15.3603, 2.34085
84.45, 15.3858, 2.34098
84.475, 15.4871, 2.34098
84.5, 15.6103, 2.34034
84.525, 15.7298, 2.32705
84.55, 15.783, 2.31209
84.575, 15.8058, 2.30314
84.6, 15.8236, 2.29726
84.625, 15.7732, 2.29586
84.65, 15.7011, 2.29394
84.675, 15.6317, 2.29177
84.7, 15.6378, 2.29177
84.725, 15.6683, 2.28857
84.75, 15.702, 2.27464
84.775, 15.7675, 2.26505
84.8, 15.8381, 2.25482
84.825, 15.9016, 2.2212
84.85, 15.9166, 2.2005
84.875, 15.9203, 2.18413
84.9, 15.9318, 2.1578
84.925, 15.899, 2.15128
84.95, 15.8549, 2.14438
84.975, 15.8173, 2.14067
85, 15.7917, 2.12942
85.025, 15.7668, 2.12047
85.05, 15.7377, 2.10053
85.075, 15.721, 2.09388
85.1, 15.6997, 2.07624
85.125, 15.6778, 2.05681
85.15, 15.6424, 2.04876
85.175, 15.6055, 2.02907
85.2, 15.5722, 2.02549
85.225, 15.5258, 2.01501
85.25, 15.4827, 2.01054
85.275, 15.4384, 1.99239
85.3, 15.3935, 1.98305
85.325, 15.3522, 1.97232
85.35, 15.3154, 1.96183
85.375, 15.2854, 1.95531
85.4, 15.2532, 1.94496
85.425, 15.2135, 1.9254
85.45, 15.166, 1.92093
85.475, 15.1173, 1.913
85.5, 15.0632, 1.91287
85.525, 14.9833, 1.91287
85.55, 14.9028, 1.91326
85.575, 14.8276, 1.91351
85.6, 14.7942, 1.91364
85.625, 14.7776, 1.91377
85.65, 14.7659, 1.913
85.675, 14.7683, 1.91185
85.7, 14.7725, 1.90341
85.725, 14.7615, 1.89613
85.75, 14.6732, 1.89306
85.775, 14.5594, 1.89319
85.8, 14.4452, 1.89421
85.825, 14.3476, 1.90162
85.85, 14.2682, 1.90648
85.875, 14.2048, 1.92093
85.9, 14.1827, 1.93358
85.925, 14.1722, 1.94368
85.95, 14.167, 1.94688
85.975, 14.145, 1.95314
86, 14.1128, 1.9681
86.025, 14.0772, 1.9966
86.05, 14.0139, 2.00811
86.075, 13.9437, 2.02716
86.1, 13.8756, 2.05144
86.125, 13.8649, 2.06806
86.15, 13.8687, 2.08864
86.175, 13.8709, 2.11408
86.2, 13.889, 2.12955
86.225, 13.9114, 2.14489
86.25, 13.9354, 2.1725
86.275, 13.9539, 2.18375
86.3, 13.9801, 2.19653
86.325, 14.0073, 2.21443
86.35, 14.0434, 2.22542
86.375, 14.0824, 2.24268
86.4, 14.1165, 2.25188
86.425, 14.1744, 2.25904
86.45, 14.2417, 2.27732
86.475, 14.3151, 2.28896
86.5, 14.3809, 2.29151
86.525, 14.445, 2.29292
86.55, 14.5112, 2.29471
86.575, 14.5891, 2.29637
86.6, 14.6651, 2.29765
86.625, 14.7329, 2.29778
86.65, 14.7899, 2.2979
86.675, 14.8395, 2.2979
86.7, 14.8848, 2.29803
86.725, 14.9403, 2.29816
86.75, 15.004, 2.29829
86.775, 15.0722, 2.29867
86.8, 15.158, 2.2988
86.825, 15.2485, 2.29867
86.85, 15.3369, 2.29803
86.875, 15.3766, 2.2965
86.9, 15.3938, 2.29624
86.925, 15.4046, 2.29432
86.95, 15.3901, 2.29113
86.975, 15.3664, 2.28959
87, 15.3425, 2.28972
87.025, 15.4109, 2.28972
87.05, 15.5103, 2.28295
87.075, 15.6079, 2.26083
87.1, 15.7191, 2.24063
87.125, 15.8143, 2.21008
87.15, 15.8874, 2.17736
87.175, 15.8537, 2.15831
87.2, 15.7909, 2.15678
87.225, 15.7245, 2.15051
87.25, 15.6479, 2.14936
87.275, 15.5821, 2.14732
87.3, 15.5311, 2.13875
87.325, 15.5293, 2.1385
87.35, 15.5427, 2.13466
87.375, 15.5558, 2.13095
87.4, 15.538, 2.12635
87.425, 15.5095, 2.11907
87.45, 15.4799, 2.10143
87.475, 15.443, 2.09912
87.5, 15.4009, 2.09746
87.525, 15.3656, 2.09209
87.55, 15.318, 2.08417
87.575, 15.2707, 2.08084
87.6, 15.2348, 2.0742
87.625, 15.199, 2.07113
87.65, 15.1645, 2.06678
87.675, 15.1347, 2.0586
87.7, 15.1207, 2.05796
87.725, 15.1042, 2.05656
87.75, 15.0915, 2.04697
87.775, 15.0822, 2.04365
87.8, 15.0731, 2.03457
87.825, 15.0686, 2.03291
87.85, 15.0474, 2.0315
87.875, 15.0245, 2.02575
87.9, 15.0016, 2.01476
87.925, 15.0011, 2.01041
87.95, 15.009, 2.00184
87.975, 15.0131, 1.99213
88, 15.0119, 1.9906
88.025, 15.0071, 1.98165
88.05, 15.0015, 1.97628
88.075, 14.9788, 1.96797
88.1, 14.9516, 1.95838
88.125, 14.9205, 1.95289
88.15, 14.8926, 1.94841
88.175, 14.8638, 1.94522
88.2, 14.8331, 1.94407
88.225, 14.8194, 1.94407
88.25, 14.8109, 1.94394
88.275, 14.8007, 1.94407
88.3, 14.7327, 1.94407
88.325, 14.6459, 1.94419
88.35, 14.5585, 1.95007
88.375, 14.4496, 1.95506
88.4, 14.3394, 1.97666
88.425, 14.2336, 1.99788
88.45, 14.2037, 2.0191
88.475, 14.2064, 2.03278
88.5, 14.2184, 2.04429
88.525, 14.2432, 2.05068
88.55, 14.2597, 2.05477
88.575, 14.2634, 2.05617
88.6, 14.2323, 2.0641
88.625, 14.1911, 2.08302
88.65, 14.1515, 2.1059
88.675, 14.1297, 2.12405
88.7, 14.1203, 2.13338
88.725, 14.1267, 2.13952
88.75, 14.1808, 2.15179
88.775, 14.2452, 2.15614
88.8, 14.3051, 2.16624
88.825, 14.344, 2.16892
88.85, 14.3742, 2.17697
88.875, 14.4006, 2.18337
88.9, 14.4151, 2.19257
88.925, 14.431, 2.19436
88.95, 14.4495, 2.2088
88.975, 14.4753, 2.21596
89, 14.4998, 2.22683
89.025, 14.5189, 2.22951
89.05, 14.5684, 2.23233
89.075, 14.6308, 2.23386
89.1, 14.6928, 2.23808
89.125, 14.7492, 2.23821
89.15, 14.8064, 2.23833
89.175, 14.8658, 2.23859
89.2, 14.921, 2.23859
89.225, 14.9719, 2.23872
89.25, 15.019, 2.23884
89.275, 15.0704, 2.23872
89.3, 15.1212, 2.23859
89.325, 15.1687, 2.23706
89.35, 15.2247, 2.23539
89.375, 15.2834, 2.22887
89.4, 15.342, 2.21277
89.425, 15.3779, 2.20101
89.45, 15.4031, 2.18426
89.475, 15.4175, 2.16598
89.5, 15.3887, 2.15844
89.525, 15.3483, 2.14987
89.55, 15.3124, 2.14655
89.575, 15.3159, 2.14195
89.6, 15.3352, 2.13722
89.625, 15.3557, 2.12316
89.65, 15.4114, 2.1105
89.675, 15.4759, 2.08877
89.7, 15.5429, 2.06154
89.725, 15.4999, 2.04659
89.75, 15.4156, 2.04365
89.775, 15.3267, 2.03904
89.8, 15.19, 2.03892
89.825, 15.0603, 2.03879
89.85, 14.9551, 2.03892
89.875, 14.9323, 2.03956
89.9, 14.9357, 2.03904
89.925, 14.9405, 2.03355
89.95, 14.9435, 2.02831
89.975, 14.9465, 2.02179
