0, 1, 2.31208
0.025, 1, 2.31208
0.05, 1, 2.31208
0.075, 1, 1.45294
0.1, 1, 1.45294
0.125, 1, 5.36641
0.15, 1, 5.36641
0.175, 1, -0.487087
0.2, 1, -0.0698782
0.225, 1, -0.0698782
0.25, 1, -0.0698782
0.275, 1, -0.0698782
0.3, 1, -0.0698782
0.325, 1, 0.130565
0.35, 1, 0.155034
0.375, 1, 0.155034
0.4, 1, 0.168728
0.425, 1, 0.182106
0.45, 1, 0.200496
0.475, 1, 0.226802
0.5, 1, 0.258281
0.525, 1, 0.293531
0.55, 1, 0.293531
0.575, 1, 0.293531
0.6, 1, 0.381993
0.625, 1, 0.463529
0.65, 1, 0.543102
0.675, 1, 0.619529
0.7, 1, 0.687349
0.725, 1, 0.687349
0.75, 1, 0.770343
0.775, 1, 0.862627
0.8, 1, 0.862627
0.825, 1, 0.910958
0.85, 1, 0.910958
0.875, 1, 0.910958
0.9, 1, 0.759351
0.925, 1, 0.759351
0.95, 1, 0.582745
0.975, 1, 0.512463
1, 1, 0.512463
1.025, 1, 0.21411
1.05, 1, 0.237046
1.075, 1, 0.258572
1.1, 1, 0.291236
1.125, 1, 0.291236
1.15, 1, 0.291236
1.175, 1, 0.189899
1.2, 1, 0.244637
1.225, 1, 0.247706
1.25, 1, 0.231755
1.275, 1, 0.231755
1.3, 1, 0.171135
1.325, 1, 0.171135
1.35, 1, 0.153084
1.375, 1, 0.153084
1.4, 1, 0.153084
1.425, 1, 0.153084
1.45, 1, 0.122408
1.475, 1, 0.143818
1.5, 1, 0.154054
1.525, 1, 0.154054
1.55, 1, 0.162431
1.575, 1, 0.162431
1.6, 1, 0.162431
1.625, 1, 0.162431
1.65, 1, 0.162431
1.675, 1, 0.162431
1.7, 1, 0.168585
1.725, 1, 0.175981
1.75, 1, 0.175981
1.775, 1, 0.181554
1.8, 1, 0.181554
1.825, 1, 0.183551
1.85, 1, 0.186607
1.875, 1, 0.189124
1.9, 1, 0.189124
1.925, 1, 0.187978
1.95, 1, 0.187978
1.975, 1, 0.184989
2, 1, 0.184989
2.025, 1, 0.184989
2.05, 1, 0.184989
2.075, 1, 0.17411
2.1, 1, 0.180403
2.125, 1, 0.180403
2.15, 1, 0.179886
2.175, 1, 0.179886
2.2, 1, 0.179886
2.225, 1, 0.179886
2.25, 1, 0.173402
2.275, 1, 0.178153
2.3, 1, 0.178153
2.325, 1, 0.178153
2.35, 1, 0.178153
2.375, 1, 0.161368
2.4, 1, 0.161368
2.425, 1, 0.161368
2.45, 1, 0.151441
2.475, 1, 0.151441
2.5, 1, 0.141876
2.525, 1, 0.141876
2.55, 1, 0.141876
2.575, 1, 0.126331
2.6, 1, 0.126331
2.625, 1, 0.126331
2.65, 1, 0.114904
2.675, 1, 0.106372
2.7, 1, 0.10295
2.725, 1, 0.10078
2.75, 1, 0.10078
2.775, 1, 0.10078
2.8, 1, 0.10078
2.825, 1, 0.10078
2.85, 1, 0.10078
2.875, 1, 0.10078
2.9, 1, 0.0988012
2.925, 1, 0.105271
2.95, 1, 0.105271
2.975, 1, 0.107028
3, 1, 0.107028
3.025, 1, 0.10833
3.05, 1, 0.10833
3.075, 1, 0.109865
3.1, 1, 0.109865
3.125, 1, 0.109865
3.15, 1, 0.109865
3.175, 1, 0.113109
3.2, 1, 0.117462
3.225, 1, 0.117462
3.25, 1, 0.117924
3.275, 1, 0.121316
3.3, 1, 0.121316
3.325, 1, 0.121316
3.35, 1, 0.116458
3.375, 1, 0.116458
3.4, 1, 0.111299
3.425, 1, 0.111299
3.45, 1, 0.111299
3.475, 1, 0.111299
3.5, 1, 0.113683
3.525, 1, 0.113683
3.55, 1, 0.113683
3.575, 1, 0.113683
3.6, 1, 0.10453
3.625, 1, 0.0962766
3.65, 1, 0.0899642
3.675, 1, 0.0899642
3.7, 1, 0.0904684
3.725, 1, 0.0905799
3.75, 1, 0.091776
3.775, 1, 0.0922537
3.8, 1, 0.0922537
3.825, 1, 0.0922282
3.85, 1, 0.0922282
3.875, 1, 0.0922282
3.9, 1, 0.0922282
3.925, 1, 0.0922282
3.95, 1, 0.0922282
3.975, 1, 0.0917633
4, 1, 0.0917633
4.025, 1, 0.0936527
4.05, 1, 0.0977136
4.075, 1, 0.101619
4.1, 1, 0.105264
4.125, 1, 0.105264
4.15, 1, 0.105264
4.175, 1, 0.105264
4.2, 1, 0.105264
4.225, 1, 0.105264
4.25, 1, 0.105264
4.275, 1, 0.105264
4.3, 1, 0.105264
4.325, 1, 0.105264
4.35, 1, 0.105264
4.375, 1, 0.12853
4.4, 1, 0.12853
4.425, 1, 0.12853
4.45, 1, 0.12853
4.475, 1, 0.127071
4.5, 1, 0.127071
4.525, 1, 0.125927
4.55, 1, 0.125927
4.575, 1, 0.12448
4.6, 1, 0.12448
4.625, 1, 0.12448
4.65, 1, 0.12448
4.675, 1, 0.12448
4.7, 1, 0.118873
4.725, 1, 0.118873
4.75, 1, 0.118873
4.775, 1, 0.117655
4.8, 1, 0.11736
4.825, 1, 0.116049
4.85, 1, 0.113699
4.875, 1, 0.111197
4.9, 1, 0.108493
4.925, 1, 0.106704
4.95, 1, 0.106704
4.975, 1, 0.10708
5, 1, 0.109182
5.025, 1, 0.109182
5.05, 1, 0.109182
5.075, 1, 0.109405
5.1, 1, 0.111065
5.125, 1, 0.112291
5.15, 1, 0.113459
5.175, 1, 0.113459
5.2, 1, 0.113459
5.225, 1, 0.113521
5.25, 1, 0.113521
5.275, 1, 0.113873
5.3, 1, 0.115025
5.325, 1, 0.11613
5.35, 1, 0.11613
5.375, 1, 0.11613
5.4, 1, 0.11613
5.425, 1, 0.11613
5.45, 1, 0.11613
5.475, 1, 0.11613
5.5, 1, 0.122856
5.525, 1, 0.121928
5.55, 1, 0.120429
5.575, 1, 0.118113
5.6, 1, 0.114629
5.625, 1, 0.114629
5.65, 1, 0.114629
5.675, 1, 0.110785
5.7, 1, 0.107599
5.725, 1, 0.105984
5.75, 1, 0.105591
5.775, 1, 0.105591
5.8, 1, 0.105591
5.825, 1, 0.105591
5.85, 1, 0.105591
5.875, 1, 0.105591
5.9, 1, 0.105401
5.925, 1, 0.107314
5.95, 1, 0.10912
5.975, 1, 0.112374
6, 1, 0.112374
6.025, 1, 0.112374
6.05, 1, 0.113842
6.075, 1, 0.113842
6.1, 1, 0.117015
6.125, 1, 0.121858
6.15, 1, 0.121858
6.175, 1, 0.121858
6.2, 1, 0.121901
6.225, 1, 0.125038
6.25, 1, 0.125038
6.275, 1, 0.126115
6.3, 1, 0.126115
6.325, 1, 0.126115
6.35, 1, 0.126115
6.375, 1, 0.126115
6.4, 1, 0.125887
6.425, 1, 0.127232
6.45, 1, 0.127232
6.475, 1, 0.127232
6.5, 1, 0.126371
6.525, 1, 0.126371
6.55, 1, 0.126371
6.575, 1, 0.126371
6.6, 1, 0.126371
6.625, 1, 0.126371
6.65, 1, 0.126371
6.675, 1, 0.126371
6.7, 1, 0.126371
6.725, 1, 0.126371
6.75, 1, 0.126371
6.775, 1, 0.126371
6.8, 1, 0.126371
6.825, 1, 0.13182
6.85, 1, 0.13182
6.875, 1, 0.13182
6.9, 1, 0.130152
6.925, 1, 0.128875
6.95, 1, 0.128875
6.975, 1, 0.128875
7, 1, 0.12395
7.025, 1, 0.12395
7.05, 1, 0.124681
7.075, 1, 0.126724
7.1, 1, 0.126724
7.125, 1, 0.126611
7.15, 1, 0.126611
7.175, 1, 0.123671
7.2, 1, 0.119613
7.225, 1, 0.117261
7.25, 1, 0.117261
7.275, 1, 0.117261
7.3, 1, 0.11886
7.325, 1, 0.11886
7.35, 1, 0.11886
7.375, 1, 0.118391
7.4, 1, 0.118391
7.425, 1, 0.118391
7.45, 1, 0.118391
7.475, 1, 0.119201
7.5, 1, 0.119201
7.525, 1, 0.118891
7.55, 1, 0.11941
7.575, 1, 0.119452
7.6, 1, 0.119452
7.625, 1, 0.119452
7.65, 1, 0.119452
7.675, 1, 0.119452
7.7, 1, 0.118808
7.725, 1, 0.118808
7.75, 1, 0.118808
7.775, 1, 0.118808
7.8, 1, 0.119661
7.825, 1, 0.118337
7.85, 1, 0.117157
7.875, 1, 0.117157
7.9, 1, 0.113074
7.925, 1, 0.113074
7.95, 1, 0.113074
7.975, 1, 0.111373
8, 1, 0.111373
8.025, 1, 0.111373
8.05, 1, 0.111373
8.075, 1, 0.111373
8.1, 1, 0.111373
8.125, 1, 0.110509
8.15, 1, 0.110509
8.175, 1, 0.110509
8.2, 1, 0.111397
8.225, 1, 0.111397
8.25, 1, 0.114039
8.275, 1, 0.114039
8.3, 1, 0.115911
8.325, 1, 0.120363
8.35, 1, 0.120363
8.375, 1, 0.121506
8.4, 1, 0.125161
8.425, 1, 0.128473
8.45, 1, 0.128473
8.475, 1, 0.128473
8.5, 1, 0.128473
8.525, 1, 0.128473
8.55, 1, 0.128473
8.575, 1, 0.128473
8.6, 1, 0.133212
8.625, 1, 0.133212
8.65, 1, 0.130673
8.675, 1, 0.130673
8.7, 1, 0.130673
8.725, 1, 0.130673
8.75, 1, 0.130673
8.775, 1, 0.130673
8.8, 1, 0.133326
8.825, 1, 0.13128
8.85, 1, 0.13128
8.875, 1, 0.13128
8.9, 1, 0.13128
8.925, 1, 0.13128
8.95, 1, 0.127447
8.975, 1, 0.12545
9, 1, 0.12545
9.025, 1, 0.12545
9.05, 1, 0.123018
9.075, 1, 0.123018
9.1, 1, 0.123018
9.125, 1, 0.123018
9.15, 1, 0.121749
9.175, 1, 0.122561
9.2, 1, 0.122561
9.225, 1, 0.122461
9.25, 1, 0.122461
9.275, 1, 0.122461
9.3, 1, 0.122461
9.325, 1, 0.122461
9.35, 1, 0.122461
9.375, 1, 0.122461
9.4, 1, 0.124494
9.425, 1, 0.124494
9.45, 1, 0.124494
9.475, 1, 0.124582
9.5, 1, 0.124582
9.525, 1, 0.125198
9.55, 1, 0.126474
9.575, 1, 0.126474
9.6, 1, 0.127579
9.625, 1, 0.130246
9.65, 1, 0.132188
9.675, 1, 0.132188
9.7, 1, 0.131324
9.725, 1, 0.131472
9.75, 1, 0.131455
9.775, 1, 0.131455
9.8, 1, 0.131455
9.825, 1, 0.131455
9.85, 1, 0.131455
9.875, 1, 0.131455
9.9, 1, 0.131455
9.925, 1, 0.128201
9.95, 1, 0.128201
9.975, 1, 0.126598
10, 1, 0.126598
10.025, 1, 0.127433
10.05, 1, 0.12854
10.075, 1, 0.128817
10.1, 1, 0.128817
10.125, 1, 0.128817
10.15, 1, 0.128817
10.175, 1, 0.128229
10.2, 1, 0.12913
10.225, 1, 0.12913
10.25, 1, 0.12913
10.275, 1, 0.12913
10.3, 1, 0.12913
10.325, 1, 0.12913
10.35, 1, 0.129117
10.375, 1, 0.129117
10.4, 1, 0.130565
10.425, 1, 0.130565
10.45, 1, 0.131952
10.475, 1, 0.135405
10.5, 1, 0.135405
10.525, 1, 0.135405
10.55, 1, 0.134915
10.575, 1, 0.137918
10.6, 1, 0.137918
10.625, 1, 0.137079
10.65, 1, 0.137079
10.675, 1, 0.137079
10.7, 1, 0.137079
10.725, 1, 0.137079
10.75, 1, 0.135478
10.775, 1, 0.1325
10.8, 1, 0.128252
10.825, 1, 0.124621
10.85, 1, 0.124621
10.875, 1, 0.124621
10.9, 1, 0.124621
10.925, 1, 0.12055
10.95, 1, 0.12055
10.975, 1, 0.12055
11, 1, 0.12055
11.025, 1, 0.12055
11.05, 1, 0.12055
11.075, 1, 0.124791
11.1, 1, 0.129937
11.125, 1, 0.129937
11.15, 1, 0.129937
11.175, 1, 0.129937
11.2, 1, 0.121798
11.225, 1, 0.115995
11.25, 1, 0.113694
11.275, 1, 0.115258
11.3, 1, 0.115258
11.325, 1, 0.115258
11.35, 1, 0.116244
11.375, 1, 0.116244
11.4, 1, 0.115657
11.425, 1, 0.117144
11.45, 1, 0.118044
11.475, 1, 0.120177
11.5, 1, 0.120177
11.525, 1, 0.120559
11.55, 1, 0.122423
11.575, 1, 0.124053
11.6, 1, 0.125428
11.625, 1, 0.126845
11.65, 1, 0.126845
11.675, 1, 0.126845
11.7, 1, 0.126845
11.725, 1, 0.123674
11.75, 1, 0.123674
11.775, 1, 0.119731
11.8, 1, 0.116295
11.825, 1, 0.113039
11.85, 1, 0.109916
11.875, 1, 0.107069
11.9, 1, 0.104494
11.925, 1, 0.104494
11.95, 1, 0.0997901
11.975, 1, 0.0961861
12, 1, 0.093742
12.025, 1, 0.0940288
12.05, 1, 0.0940288
12.075, 1, 0.0940288
12.1, 1, 0.0940288
12.125, 1, 0.0940288
12.15, 1, 0.093288
12.175, 1, 0.0968568
12.2, 1, 0.101048
12.225, 1, 0.101048
12.25, 1, 0.101048
12.275, 1, 0.100568
12.3, 1, 0.103839
12.325, 1, 0.108759
12.35, 1, 0.114931
12.375, 1, 0.119949
12.4, 1, 0.119949
12.425, 1, 0.119949
12.45, 1, 0.119949
12.475, 1, 0.119949
12.5, 1, 0.119949
12.525, 1, 0.119949
12.55, 1, 0.119949
12.575, 1, 0.119949
12.6, 1, 0.119949
12.625, 1, 0.119949
12.65, 1, 0.119949
12.675, 1, 0.119949
12.7, 1, 0.144698
12.725, 1, 0.144698
12.75, 1, 0.144698
12.775, 1, 0.144698
12.8, 1, 0.144698
12.825, 1, 0.144698
12.85, 1, 0.143637
12.875, 1, 0.143637
12.9, 1, 0.141935
12.925, 1, 0.139952
12.95, 1, 0.139952
12.975, 1, 0.139952
13, 1, 0.139952
13.025, 1, 0.139952
13.05, 1, 0.139952
13.075, 1, 0.13474
13.1, 1, 0.13009
13.125, 1, 0.13009
13.15, 1, 0.13009
13.175, 1, 0.13009
13.2, 1, 0.12565
13.225, 1, 0.12565
13.25, 1, 0.12565
13.275, 1, 0.119891
13.3, 1, 0.118177
13.325, 1, 0.118177
13.35, 1, 0.118177
13.375, 1, 0.120132
13.4, 1, 0.120132
13.425, 1, 0.121181
13.45, 1, 0.121181
13.475, 1, 0.120647
13.5, 1, 0.120647
13.525, 1, 0.120647
13.55, 1, 0.11872
13.575, 1, 0.11872
13.6, 1, 0.11872
13.625, 1, 0.11872
13.65, 1, 0.119377
13.675, 1, 0.123369
13.7, 1, 0.126358
13.725, 1, 0.126358
13.75, 1, 0.126358
13.775, 1, 0.12636
13.8, 1, 0.126978
13.825, 1, 0.127588
13.85, 1, 0.127868
13.875, 1, 0.127868
13.9, 1, 0.127031
13.925, 1, 0.127031
13.95, 1, 0.127031
13.975, 1, 0.127031
14, 1, 0.12281
14.025, 1, 0.119768
14.05, 1, 0.117721
14.075, 1, 0.117721
14.1, 1, 0.117721
14.125, 1, 0.117721
14.15, 1, 0.119168
14.175, 1, 0.120049
14.2, 1, 0.120049
14.225, 1, 0.119934
14.25, 1, 0.119075
14.275, 1, 0.120021
14.3, 1, 0.122306
14.325, 1, 0.124607
14.35, 1, 0.127249
14.375, 1, 0.128863
14.4, 1, 0.1293
14.425, 1, 0.1293
14.45, 1, 0.1293
14.475, 1, 0.1293
14.5, 1, 0.1293
14.525, 1, 0.129352
14.55, 1, 0.129352
14.575, 1, 0.129352
14.6, 1, 0.129795
14.625, 1, 0.129795
14.65, 1, 0.129795
14.675, 1, 0.130521
14.7, 1, 0.130521
14.725, 1, 0.131609
14.75, 1, 0.131609
14.775, 1, 0.131609
14.8, 1, 0.131307
14.825, 1, 0.133342
14.85, 1, 0.133342
14.875, 1, 0.133342
14.9, 1, 0.131405
14.925, 1, 0.131024
14.95, 1, 0.127848
14.975, 1, 0.127848
15, 1, 0.123079
15.025, 1, 0.123079
15.05, 1, 0.12271
15.075, 1, 0.121372
15.1, 1, 0.119055
15.125, 1, 0.119055
15.15, 1, 0.114485
15.175, 1, 0.114485
15.2, 1, 0.114485
15.225, 1, 0.114485
15.25, 1, 0.114485
15.275, 1, 0.11245
15.3, 1, 0.11245
15.325, 1, 0.11245
15.35, 1, 0.109726
15.375, 1, 0.109726
15.4, 1, 0.105941
15.425, 1, 0.106096
15.45, 1, 0.107858
15.475, 1, 0.107858
15.5, 1, 0.107858
15.525, 1, 0.107858
15.55, 1, 0.107707
15.575, 1, 0.110994
15.6, 1, 0.110994
15.625, 1, 0.111235
15.65, 1, 0.111235
15.675, 1, 0.111235
15.7, 1, 0.111235
15.725, 1, 0.111235
15.75, 1, 0.111235
15.775, 1, 0.111235
15.8, 1, 0.111235
15.825, 1, 0.118775
15.85, 1, 0.121081
15.875, 1, 0.123358
15.9, 1, 0.123358
15.925, 1, 0.123466
15.95, 1, 0.123466
15.975, 1, 0.120575
16, 1, 0.120575
16.025, 1, 0.120575
16.05, 1, 0.119766
16.075, 1, 0.119766
16.1, 1, 0.117852
16.125, 1, 0.116003
16.15, 1, 0.116003
16.175, 1, 0.116003
16.2, 1, 0.116003
16.225, 1, 0.110761
16.25, 1, 0.104036
16.275, 1, 0.104036
16.3, 1, 0.104036
16.325, 1, 0.105373
16.35, 1, 0.108325
16.375, 1, 0.111162
16.4, 1, 0.113621
16.425, 1, 0.113621
16.45, 1, 0.114402
16.475, 1, 0.114402
16.5, 1, 0.112617
16.525, 1, 0.112847
16.55, 1, 0.113654
16.575, 1, 0.113654
16.6, 1, 0.114874
16.625, 1, 0.114874
16.65, 1, 0.116104
16.675, 1, 0.11905
16.7, 1, 0.11905
16.725, 1, 0.119384
16.75, 1, 0.121574
16.775, 1, 0.121574
16.8, 1, 0.121655
16.825, 1, 0.121655
16.85, 1, 0.121655
16.875, 1, 0.120637
16.9, 1, 0.120637
16.925, 1, 0.119467
16.95, 1, 0.119467
16.975, 1, 0.117332
17, 1, 0.117332
17.025, 1, 0.113736
17.05, 1, 0.109239
17.075, 1, 0.104724
17.1, 1, 0.104724
17.125, 1, 0.104724
17.15, 1, 0.104724
17.175, 1, 0.106969
17.2, 1, 0.106969
17.225, 1, 0.106969
17.25, 1, 0.106969
17.275, 1, 0.101631
17.3, 1, 0.101631
17.325, 1, 0.102348
17.35, 1, 0.106236
17.375, 1, 0.108191
17.4, 1, 0.109071
17.425, 1, 0.109376
17.45, 1, 0.109376
17.475, 1, 0.109376
17.5, 1, 0.109376
17.525, 1, 0.106043
17.55, 1, 0.106043
17.575, 1, 0.106043
17.6, 1, 0.106043
17.625, 1, 0.106043
17.65, 1, 0.106045
17.675, 1, 0.106045
17.7, 1, 0.106045
17.725, 1, 0.106045
17.75, 1, 0.106045
17.775, 1, 0.106045
17.8, 1, 0.111452
17.825, 1, 0.111452
17.85, 1, 0.111452
17.875, 1, 0.112317
17.9, 1, 0.112317
17.925, 1, 0.112317
17.95, 1, 0.112251
17.975, 1, 0.112251
18, 1, 0.112251
18.025, 1, 0.112251
18.05, 1, 0.112251
18.075, 1, 0.112269
18.1, 1, 0.112269
18.125, 1, 0.112269
18.15, 1, 0.112269
18.175, 1, 0.112269
18.2, 1, 0.112269
18.225, 1, 0.10994
18.25, 1, 0.107208
18.275, 1, 0.107208
18.3, 1, 0.10413
18.325, 1, 0.10164
18.35, 1, 0.10164
18.375, 1, 0.10164
18.4, 1, 0.10164
18.425, 1, 0.100095
18.45, 1, 0.100095
18.475, 1, 0.100095
18.5, 1, 0.0978689
18.525, 1, 0.0987499
18.55, 1, 0.0987499
18.575, 1, 0.0988493
18.6, 1, 0.0988493
18.625, 1, 0.0991428
18.65, 1, 0.0991428
18.675, 1, 0.0991428
18.7, 1, 0.099287
18.725, 1, 0.103674
18.75, 1, 0.106688
18.775, 1, 0.106688
18.8, 1, 0.106823
18.825, 1, 0.108779
18.85, 1, 0.108779
18.875, 1, 0.109543
18.9, 1, 0.109543
18.925, 1, 0.109543
18.95, 1, 0.109543
18.975, 1, 0.109543
19, 1, 0.120235
19.025, 1, 0.120609
19.05, 1, 0.120609
19.075, 1, 0.119528
19.1, 1, 0.118266
19.125, 1, 0.118266
19.15, 1, 0.109408
19.175, 1, 0.109408
19.2, 1, 0.10107
19.225, 1, 0.092274
19.25, 1, 0.0839296
19.275, 1, 0.0798091
19.3, 1, 0.0798091
19.325, 1, 0.0798091
19.35, 1, 0.0786081
19.375, 1, 0.0777028
19.4, 1, 0.0779969
19.425, 1, 0.0779969
19.45, 1, 0.0779969
19.475, 1, 0.0779969
19.5, 1, 0.079123
19.525, 1, 0.079123
19.55, 1, 0.079123
19.575, 1, 0.079123
19.6, 1, 0.0782482
19.625, 1, 0.086928
19.65, 1, 0.096468
19.675, 1, 0.096468
19.7, 1, 0.0973006
19.725, 1, 0.102413
19.75, 1, 0.102413
19.775, 1, 0.103303
19.8, 1, 0.106652
19.825, 1, 0.110557
19.85, 1, 0.110557
19.875, 1, 0.110557
19.9, 1, 0.110557
19.925, 1, 0.110557
19.95, 1, 0.110557
19.975, 1, 0.117148
20, 1, 0.121987
20, 1, 0.104813
20.025, 1, 0.105575
20.05, 1, 0.10634
20.075, 1, 0.10634
20.1, 1, 0.10634
20.125, 1, 0.10634
20.15, 1, 0.107061
20.175, 1, 0.107061
20.2, 1, 0.107061
20.225, 1, 0.107711
20.25, 1, 0.108386
20.275, 1, 0.108386
20.3, 1, 0.109037
20.325, 1, 0.10967
20.35, 1, 0.10967
20.375, 1, 0.10967
20.4, 1, 0.110284
20.425, 1, 0.110284
20.45, 1, 0.11088
20.475, 1, 0.11088
20.5, 1, 0.11145
20.525, 1, 0.112018
20.55, 1, 0.112018
20.575, 1, 0.112566
20.6, 1, 0.113103
20.625, 1, 0.113103
20.65, 1, 0.113103
20.675, 1, 0.113103
20.7, 1, 0.113103
20.725, 1, 0.113673
20.75, 1, 0.113673
20.775, 1, 0.114209
20.8, 1, 0.114209
20.825, 1, 0.114708
20.85, 1, 0.114708
20.875, 1, 0.114708
20.9, 1, 0.11517
20.925, 1, 0.11559
20.95, 1, 0.11597
20.975, 1, 0.11597
21, 1, 0.116306
21.025, 1, 0.116594
21.05, 1, 0.116824
21.075, 1, 0.116979
21.1, 1, 0.117062
21.125, 1, 0.117062
21.15, 1, 0.117062
21.175, 1, 0.117062
21.2, 1, 0.117062
21.225, 1, 0.11735
21.25, 1, 0.11735
21.275, 1, 0.117642
21.3, 1, 0.117919
21.325, 1, 0.118149
21.35, 1, 0.118149
21.375, 1, 0.118295
21.4, 1, 0.118295
21.425, 1, 0.118472
21.45, 1, 0.118472
21.475, 1, 0.118701
21.5, 1, 0.118963
21.525, 1, 0.118963
21.55, 1, 0.11922
21.575, 1, 0.119472
21.6, 1, 0.119472
21.625, 1, 0.119472
21.65, 1, 0.119472
21.675, 1, 0.119472
21.7, 1, 0.119472
21.725, 1, 0.119472
21.75, 1, 0.119472
21.775, 1, 0.119707
21.8, 1, 0.119707
21.825, 1, 0.119707
21.85, 1, 0.119707
21.875, 1, 0.119908
21.9, 1, 0.119908
21.925, 1, 0.119908
21.95, 1, 0.120095
21.975, 1, 0.120095
22, 1, 0.120274
22.025, 1, 0.120274
22.05, 1, 0.120274
22.075, 1, 0.120274
22.1, 1, 0.120447
22.125, 1, 0.120608
22.15, 1, 0.120758
22.175, 1, 0.120901
22.2, 1, 0.121037
22.225, 1, 0.121167
22.25, 1, 0.121167
22.275, 1, 0.121167
22.3, 1, 0.121293
22.325, 1, 0.12141
22.35, 1, 0.12141
22.375, 1, 0.121523
22.4, 1, 0.121631
22.425, 1, 0.121732
22.45, 1, 0.121834
22.475, 1, 0.121834
22.5, 1, 0.121834
22.525, 1, 0.121834
22.55, 1, 0.121951
22.575, 1, 0.121951
22.6, 1, 0.121951
22.625, 1, 0.122078
22.65, 1, 0.122078
22.675, 1, 0.122078
22.7, 1, 0.122078
22.725, 1, 0.122078
22.75, 1, 0.122078
22.775, 1, 0.122078
22.8, 1, 0.122168
22.825, 1, 0.12224
22.85, 1, 0.122311
22.875, 1, 0.122311
22.9, 1, 0.122374
22.925, 1, 0.122374
22.95, 1, 0.122416
22.975, 1, 0.122453
23, 1, 0.122453
23.025, 1, 0.122489
23.05, 1, 0.122523
23.075, 1, 0.122555
23.1, 1, 0.122586
23.125, 1, 0.122586
23.15, 1, 0.122586
23.175, 1, 0.122621
23.2, 1, 0.122621
23.225, 1, 0.122621
23.25, 1, 0.122653
23.275, 1, 0.122653
23.3, 1, 0.122678
23.325, 1, 0.122694
23.35, 1, 0.122702
23.375, 1, 0.122699
23.4, 1, 0.122699
23.425, 1, 0.12268
23.45, 1, 0.122645
23.475, 1, 0.122591
23.5, 1, 0.122512
23.525, 1, 0.1224
23.55, 1, 0.122272
23.575, 1, 0.122142
23.6, 1, 0.122142
23.625, 1, 0.122142
23.65, 1, 0.122142
23.675, 1, 0.121951
23.7, 1, 0.121951
23.725, 1, 0.121951
23.75, 1, 0.121951
23.775, 1, 0.121951
23.8, 1, 0.121951
23.825, 1, 0.121816
23.85, 1, 0.121816
23.875, 1, 0.121816
23.9, 1, 0.121816
23.925, 1, 0.121494
23.95, 1, 0.121494
23.975, 1, 0.121494
24, 1, 0.121494
24.025, 1, 0.121503
24.05, 1, 0.121503
24.075, 1, 0.121528
24.1, 1, 0.121528
24.125, 1, 0.121552
24.15, 1, 0.121552
24.175, 1, 0.12155
24.2, 1, 0.121514
24.225, 1, 0.121438
24.25, 1, 0.121366
24.275, 1, 0.12133
24.3, 1, 0.121326
24.325, 1, 0.121326
24.35, 1, 0.12133
24.375, 1, 0.121358
24.4, 1, 0.121402
24.425, 1, 0.121402
24.45, 1, 0.121402
24.475, 1, 0.121444
24.5, 1, 0.121444
24.525, 1, 0.121444
24.55, 1, 0.121472
24.575, 1, 0.121472
24.6, 1, 0.121472
24.625, 1, 0.121472
24.65, 1, 0.121472
24.675, 1, 0.121528
24.7, 1, 0.121528
24.725, 1, 0.121528
24.75, 1, 0.121528
24.775, 1, 0.12158
24.8, 1, 0.12158
24.825, 1, 0.121623
24.85, 1, 0.121656
24.875, 1, 0.121675
24.9, 1, 0.121682
24.925, 1, 0.121682
24.95, 1, 0.121682
24.975, 1, 0.121682
25, 1, 0.121682
25.025, 1, 0.12169
25.05, 1, 0.121699
25.075, 1, 0.121699
25.1, 1, 0.121699
25.125, 1, 0.121699
25.15, 1, 0.121699
25.175, 1, 0.121699
25.2, 1, 0.121754
25.225, 1, 0.121754
25.25, 1, 0.121754
25.275, 1, 0.121761
25.3, 1, 0.121783
25.325, 1, 0.121837
25.35, 1, 0.121896
25.375, 1, 0.121896
25.4, 1, 0.121896
25.425, 1, 0.122044
25.45, 1, 0.122044
25.475, 1, 0.122044
25.5, 1, 0.122044
25.525, 1, 0.122044
25.55, 1, 0.122044
25.575, 1, 0.122044
25.6, 1, 0.122044
25.625, 1, 0.122044
25.65, 1, 0.122044
25.675, 1, 0.122188
25.7, 1, 0.122188
25.725, 1, 0.122188
25.75, 1, 0.122188
25.775, 1, 0.122188
25.8, 1, 0.122188
25.825, 1, 0.122188
25.85, 1, 0.122328
25.875, 1, 0.122465
25.9, 1, 0.122465
25.925, 1, 0.122585
25.95, 1, 0.122585
25.975, 1, 0.122697
26, 1, 0.122804
26.025, 1, 0.122804
26.05, 1, 0.122804
26.075, 1, 0.122804
26.1, 1, 0.122804
26.125, 1, 0.1229
26.15, 1, 0.122975
26.175, 1, 0.123018
26.2, 1, 0.123018
26.225, 1, 0.123018
26.25, 1, 0.122968
26.275, 1, 0.122841
26.3, 1, 0.122687
26.325, 1, 0.122687
26.35, 1, 0.122577
26.375, 1, 0.122577
26.4, 1, 0.122577
26.425, 1, 0.122577
26.45, 1, 0.122577
26.475, 1, 0.122525
26.5, 1, 0.122333
26.525, 1, 0.122333
26.55, 1, 0.122333
26.575, 1, 0.122239
26.6, 1, 0.122239
26.625, 1, 0.122239
26.65, 1, 0.12211
26.675, 1, 0.12211
26.7, 1, 0.12211
26.725, 1, 0.12211
26.75, 1, 0.122067
26.775, 1, 0.122067
26.8, 1, 0.122029
26.825, 1, 0.122006
26.85, 1, 0.122006
26.875, 1, 0.122006
26.9, 1, 0.121948
26.925, 1, 0.121948
26.95, 1, 0.121852
26.975, 1, 0.121852
27, 1, 0.121852
27.025, 1, 0.121852
27.05, 1, 0.121756
27.075, 1, 0.121756
27.1, 1, 0.121653
27.125, 1, 0.121538
27.15, 1, 0.121538
27.175, 1, 0.121538
27.2, 1, 0.121428
27.225, 1, 0.121321
27.25, 1, 0.121321
27.275, 1, 0.121219
27.3, 1, 0.121219
27.325, 1, 0.121219
27.35, 1, 0.121219
27.375, 1, 0.121219
27.4, 1, 0.121219
27.425, 1, 0.121129
27.45, 1, 0.121129
27.475, 1, 0.121129
27.5, 1, 0.121038
27.525, 1, 0.120941
27.55, 1, 0.120837
27.575, 1, 0.120722
27.6, 1, 0.120613
27.625, 1, 0.120518
27.65, 1, 0.120417
27.675, 1, 0.120417
27.7, 1, 0.120417
27.725, 1, 0.120417
27.75, 1, 0.120417
27.775, 1, 0.120417
27.8, 1, 0.120417
27.825, 1, 0.120417
27.85, 1, 0.120417
27.875, 1, 0.120312
27.9, 1, 0.120193
27.925, 1, 0.120193
27.95, 1, 0.120193
27.975, 1, 0.120193
28, 1, 0.120193
28.025, 1, 0.120193
28.05, 1, 0.120214
28.075, 1, 0.120214
28.1, 1, 0.120214
28.125, 1, 0.120214
28.15, 1, 0.120214
28.175, 1, 0.120255
28.2, 1, 0.120288
28.225, 1, 0.120288
28.25, 1, 0.120316
28.275, 1, 0.120339
28.3, 1, 0.120339
28.325, 1, 0.120339
28.35, 1, 0.120339
28.375, 1, 0.120336
28.4, 1, 0.120298
28.425, 1, 0.120298
28.45, 1, 0.120298
28.475, 1, 0.120217
28.5, 1, 0.120217
28.525, 1, 0.120217
28.55, 1, 0.120217
28.575, 1, 0.120189
28.6, 1, 0.120189
28.625, 1, 0.120189
28.65, 1, 0.120189
28.675, 1, 0.120189
28.7, 1, 0.120189
28.725, 1, 0.120189
28.75, 1, 0.120175
28.775, 1, 0.120175
28.8, 1, 0.120109
28.825, 1, 0.119961
28.85, 1, 0.119961
28.875, 1, 0.119961
28.9, 1, 0.119961
28.925, 1, 0.119985
28.95, 1, 0.120057
28.975, 1, 0.120168
29, 1, 0.120288
29.025, 1, 0.120288
29.05, 1, 0.120325
29.075, 1, 0.120325
29.1, 1, 0.120102
29.125, 1, 0.120102
29.15, 1, 0.120102
29.175, 1, 0.120102
29.2, 1, 0.120117
29.225, 1, 0.120201
29.25, 1, 0.120201
29.275, 1, 0.12028
29.3, 1, 0.12028
29.325, 1, 0.12028
29.35, 1, 0.12028
29.375, 1, 0.12028
29.4, 1, 0.12028
29.425, 1, 0.120359
29.45, 1, 0.120458
29.475, 1, 0.120587
29.5, 1, 0.120735
29.525, 1, 0.120894
29.55, 1, 0.121067
29.575, 1, 0.12125
29.6, 1, 0.12125
29.625, 1, 0.12125
29.65, 1, 0.121424
29.675, 1, 0.121424
29.7, 1, 0.121424
29.725, 1, 0.12159
29.75, 1, 0.12159
29.775, 1, 0.12159
29.8, 1, 0.12159
29.825, 1, 0.12159
29.85, 1, 0.12159
29.875, 1, 0.12159
29.9, 1, 0.12159
29.925, 1, 0.12159
29.95, 1, 0.12159
29.975, 1, 0.121712
30, 1, 0.121786
30, 1, 0.121797
30.025, 1, 0.121609
30.05, 1, 0.121609
30.075, 1, 0.120923
30.1, 1, 0.120923
30.125, 1, 0.120042
30.15, 1, 0.119201
30.175, 1, 0.119201
30.2, 1, 0.119201
30.225, 1, 0.118498
30.25, 1, 0.118149
30.275, 1, 0.118149
30.3, 1, 0.117402
30.325, 1, 0.117402
30.35, 1, 0.11624
30.375, 1, 0.11624
30.4, 1, 0.11624
30.425, 1, 0.115274
30.45, 1, 0.115274
30.475, 1, 0.115274
30.5, 1, 0.114324
30.525, 1, 0.114324
30.55, 1, 0.113356
30.575, 1, 0.113356
30.6, 1, 0.113356
30.625, 1, 0.11223
30.65, 1, 0.11223
30.675, 1, 0.111281
30.7, 1, 0.111281
30.725, 1, 0.110471
30.75, 1, 0.110096
30.775, 1, 0.110096
30.8, 1, 0.109749
30.825, 1, 0.109749
30.85, 1, 0.109415
30.875, 1, 0.109415
30.9, 1, 0.109415
30.925, 1, 0.109123
30.95, 1, 0.109123
30.975, 1, 0.108838
31, 1, 0.108838
31.025, 1, 0.108838
31.05, 1, 0.108619
31.075, 1, 0.108619
31.1, 1, 0.108619
31.125, 1, 0.108406
31.15, 1, 0.108363
31.175, 1, 0.108363
31.2, 1, 0.108241
31.225, 1, 0.108216
31.25, 1, 0.108216
31.275, 1, 0.108216
31.3, 1, 0.108216
31.325, 1, 0.10806
31.35, 1, 0.10806
31.375, 1, 0.10806
31.4, 1, 0.107544
31.425, 1, 0.107544
31.45, 1, 0.107544
31.475, 1, 0.107267
31.5, 1, 0.107267
31.525, 1, 0.107267
31.55, 1, 0.106968
31.575, 1, 0.106968
31.6, 1, 0.106968
31.625, 1, 0.106968
31.65, 1, 0.106238
31.675, 1, 0.106238
31.7, 1, 0.106238
31.725, 1, 0.106238
31.75, 1, 0.105703
31.775, 1, 0.10528
31.8, 1, 0.104922
31.825, 1, 0.104615
31.85, 1, 0.10433
31.875, 1, 0.10433
31.9, 1, 0.104015
31.925, 1, 0.104015
31.95, 1, 0.104015
31.975, 1, 0.103683
32, 1, 0.103683
32.025, 1, 0.103683
32.05, 1, 0.103367
32.075, 1, 0.10314
32.1, 1, 0.10314
32.125, 1, 0.102917
32.15, 1, 0.102917
32.175, 1, 0.102917
32.2, 1, 0.102917
32.225, 1, 0.102917
32.25, 1, 0.102917
32.275, 1, 0.102917
32.3, 1, 0.102917
32.325, 1, 0.102917
32.35, 1, 0.103198
32.375, 1, 0.103487
32.4, 1, 0.103487
32.425, 1, 0.103731
32.45, 1, 0.103731
32.475, 1, 0.103934
32.5, 1, 0.103934
32.525, 1, 0.103934
32.55, 1, 0.103934
32.575, 1, 0.104115
32.6, 1, 0.104115
32.625, 1, 0.104115
32.65, 1, 0.104115
32.675, 1, 0.104115
32.7, 1, 0.104251
32.725, 1, 0.104251
32.75, 1, 0.104342
32.775, 1, 0.104451
32.8, 1, 0.104451
32.825, 1, 0.104451
32.85, 1, 0.104533
32.875, 1, 0.10453
32.9, 1, 0.10444
32.925, 1, 0.10421
32.95, 1, 0.10421
32.975, 1, 0.10421
33, 1, 0.103965
33.025, 1, 0.103965
33.05, 1, 0.103965
33.075, 1, 0.103745
33.1, 1, 0.103615
33.125, 1, 0.103531
33.15, 1, 0.103531
33.175, 1, 0.103531
33.2, 1, 0.103531
33.225, 1, 0.103429
33.25, 1, 0.103361
33.275, 1, 0.103324
33.3, 1, 0.103319
33.325, 1, 0.103319
33.35, 1, 0.103319
33.375, 1, 0.103319
33.4, 1, 0.103331
33.425, 1, 0.103331
33.45, 1, 0.103331
33.475, 1, 0.103331
33.5, 1, 0.103331
33.525, 1, 0.103331
33.55, 1, 0.103331
33.575, 1, 0.103331
33.6, 1, 0.103331
33.625, 1, 0.103574
33.65, 1, 0.103807
33.675, 1, 0.103807
33.7, 1, 0.103807
33.725, 1, 0.103959
33.75, 1, 0.104048
33.775, 1, 0.104083
33.8, 1, 0.104083
33.825, 1, 0.104079
33.85, 1, 0.104041
33.875, 1, 0.104041
33.9, 1, 0.104041
33.925, 1, 0.104041
33.95, 1, 0.104041
33.975, 1, 0.104041
34, 1, 0.104041
34.025, 1, 0.104041
34.05, 1, 0.104041
34.075, 1, 0.104041
34.1, 1, 0.104339
34.125, 1, 0.104642
34.15, 1, 0.104642
34.175, 1, 0.104642
34.2, 1, 0.104642
34.225, 1, 0.104642
34.25, 1, 0.104642
34.275, 1, 0.104642
34.3, 1, 0.104642
34.325, 1, 0.104642
34.35, 1, 0.104933
34.375, 1, 0.104933
34.4, 1, 0.104933
34.425, 1, 0.105199
34.45, 1, 0.105199
34.475, 1, 0.10543
34.5, 1, 0.105657
34.525, 1, 0.105657
34.55, 1, 0.105657
34.575, 1, 0.105869
34.6, 1, 0.106105
34.625, 1, 0.106105
34.65, 1, 0.106105
34.675, 1, 0.106105
34.7, 1, 0.106334
34.725, 1, 0.106334
34.75, 1, 0.106568
34.775, 1, 0.106825
34.8, 1, 0.106825
34.825, 1, 0.106825
34.85, 1, 0.106825
34.875, 1, 0.107064
34.9, 1, 0.107299
34.925, 1, 0.107299
34.95, 1, 0.107502
34.975, 1, 0.10768
35, 1, 0.10768
35.025, 1, 0.10768
35.05, 1, 0.10768
35.075, 1, 0.107884
35.1, 1, 0.107884
35.125, 1, 0.108092
35.15, 1, 0.108092
35.175, 1, 0.108092
35.2, 1, 0.108277
35.225, 1, 0.108395
35.25, 1, 0.108395
35.275, 1, 0.108395
35.3, 1, 0.10838
35.325, 1, 0.108368
35.35, 1, 0.108368
35.375, 1, 0.108368
35.4, 1, 0.108363
35.425, 1, 0.108363
35.45, 1, 0.108353
35.475, 1, 0.108298
35.5, 1, 0.108298
35.525, 1, 0.108298
35.55, 1, 0.108211
35.575, 1, 0.108211
35.6, 1, 0.108211
35.625, 1, 0.108211
35.65, 1, 0.108211
35.675, 1, 0.108211
35.7, 1, 0.108211
35.725, 1, 0.108177
35.75, 1, 0.108177
35.775, 1, 0.108152
35.8, 1, 0.10815
35.825, 1, 0.108167
35.85, 1, 0.108167
35.875, 1, 0.108167
35.9, 1, 0.108181
35.925, 1, 0.108181
35.95, 1, 0.108202
35.975, 1, 0.108202
36, 1, 0.108202
36.025, 1, 0.108214
36.05, 1, 0.108214
36.075, 1, 0.108217
36.1, 1, 0.108217
36.125, 1, 0.108212
36.15, 1, 0.108212
36.175, 1, 0.108212
36.2, 1, 0.108212
36.225, 1, 0.108212
36.25, 1, 0.108099
36.275, 1, 0.107892
36.3, 1, 0.107614
36.325, 1, 0.107614
36.35, 1, 0.107314
36.375, 1, 0.107314
36.4, 1, 0.107069
36.425, 1, 0.107069
36.45, 1, 0.107069
36.475, 1, 0.106752
36.5, 1, 0.106316
36.525, 1, 0.106316
36.55, 1, 0.105617
36.575, 1, 0.104669
36.6, 1, 0.104669
36.625, 1, 0.104669
36.65, 1, 0.104669
36.675, 1, 0.103923
36.7, 1, 0.10332
36.725, 1, 0.10332
36.75, 1, 0.10332
36.775, 1, 0.102722
36.8, 1, 0.102722
36.825, 1, 0.102722
36.85, 1, 0.102722
36.875, 1, 0.102722
36.9, 1, 0.102722
36.925, 1, 0.102722
36.95, 1, 0.102722
36.975, 1, 0.102155
37, 1, 0.101631
37.025, 1, 0.101148
37.05, 1, 0.101148
37.075, 1, 0.10068
37.1, 1, 0.10068
37.125, 1, 0.10068
37.15, 1, 0.10068
37.175, 1, 0.10068
37.2, 1, 0.100228
37.225, 1, 0.09981
37.25, 1, 0.09981
37.275, 1, 0.09981
37.3, 1, 0.0994038
37.325, 1, 0.0994038
37.35, 1, 0.0994038
37.375, 1, 0.0994038
37.4, 1, 0.0994038
37.425, 1, 0.0994038
37.45, 1, 0.0994038
37.475, 1, 0.0990344
37.5, 1, 0.0990344
37.525, 1, 0.0990344
37.55, 1, 0.0990344
37.575, 1, 0.0990344
37.6, 1, 0.0985638
37.625, 1, 0.098026
37.65, 1, 0.098026
37.675, 1, 0.0975899
37.7, 1, 0.0971835
37.725, 1, 0.096796
37.75, 1, 0.096796
37.775, 1, 0.0964071
37.8, 1, 0.0964071
37.825, 1, 0.0958841
37.85, 1, 0.0951925
37.875, 1, 0.0944066
37.9, 1, 0.0944066
37.925, 1, 0.0944066
37.95, 1, 0.0944066
37.975, 1, 0.0944066
38, 1, 0.0944066
38.025, 1, 0.0936354
38.05, 1, 0.0936354
38.075, 1, 0.0928591
38.1, 1, 0.0921043
38.125, 1, 0.0921043
38.15, 1, 0.0921043
38.175, 1, 0.0913902
38.2, 1, 0.0913902
38.225, 1, 0.0907201
38.25, 1, 0.0901089
38.275, 1, 0.0895455
38.3, 1, 0.0895455
38.325, 1, 0.0895455
38.35, 1, 0.0895455
38.375, 1, 0.0889975
38.4, 1, 0.0889975
38.425, 1, 0.0889975
38.45, 1, 0.0889975
38.475, 1, 0.0889975
38.5, 1, 0.0884507
38.525, 1, 0.0884507
38.55, 1, 0.0879475
38.575, 1, 0.0879475
38.6, 1, 0.0879475
38.625, 1, 0.0874572
38.65, 1, 0.0869864
38.675, 1, 0.0865343
38.7, 1, 0.0860974
38.725, 1, 0.0860974
38.75, 1, 0.0860974
38.775, 1, 0.0856741
38.8, 1, 0.0856741
38.825, 1, 0.0851954
38.85, 1, 0.0846101
38.875, 1, 0.0838251
38.9, 1, 0.0838251
38.925, 1, 0.0838251
38.95, 1, 0.0834884
38.975, 1, 0.0834884
39, 1, 0.0834884
39.025, 1, 0.0834884
39.05, 1, 0.0834884
39.075, 1, 0.0834884
39.1, 1, 0.0834884
39.125, 1, 0.0834884
39.15, 1, 0.0834884
39.175, 1, 0.0834884
39.2, 1, 0.0834884
39.225, 1, 0.0834884
39.25, 1, 0.0834884
39.275, 1, 0.0831505
39.3, 1, 0.0831505
39.325, 1, 0.0831505
39.35, 1, 0.0831505
39.375, 1, 0.0831505
39.4, 1, 0.0831505
39.425, 1, 0.0831505
39.45, 1, 0.0831505
39.475, 1, 0.0827886
39.5, 1, 0.0824563
39.525, 1, 0.0821544
39.55, 1, 0.0818605
39.575, 1, 0.0818605
39.6, 1, 0.0818605
39.625, 1, 0.0818605
39.65, 1, 0.0818605
39.675, 1, 0.0818605
39.7, 1, 0.081558
39.725, 1, 0.081558
39.75, 1, 0.081558
39.775, 1, 0.081558
39.8, 1, 0.0812524
39.825, 1, 0.0812524
39.85, 1, 0.0812524
39.875, 1, 0.0809784
39.9, 1, 0.0809784
39.925, 1, 0.0809784
39.95, 1, 0.0809784
39.975, 1, 0.0807238
40, 1, 0.080487
40, 1, 0.0802666
40.025, 1, 0.0802666
40.05, 1, 0.0802666
40.075, 1, 0.0802666
40.1, 1, 0.0797586
40.125, 1, 0.0797586
40.15, 1, 0.0797586
40.175, 1, 0.0797586
40.2, 1, 0.0797586
40.225, 1, 0.0797969
40.25, 1, 0.0797969
40.275, 1, 0.0797969
40.3, 1, 0.0797969
40.325, 1, 0.0797969
40.35, 1, 0.0797969
40.375, 1, 0.0793036
40.4, 1, 0.0787018
40.425, 1, 0.0787018
40.45, 1, 0.0787018
40.475, 1, 0.0782455
40.5, 1, 0.0782455
40.525, 1, 0.0780819
40.55, 1, 0.0782251
40.575, 1, 0.0782251
40.6, 1, 0.0783419
40.625, 1, 0.0783419
40.65, 1, 0.0783419
40.675, 1, 0.0783419
40.7, 1, 0.0783419
40.725, 1, 0.0784548
40.75, 1, 0.0788169
40.775, 1, 0.0788169
40.8, 1, 0.0788169
40.825, 1, 0.0791767
40.85, 1, 0.0797322
40.875, 1, 0.0804195
40.9, 1, 0.0812268
40.925, 1, 0.0812268
40.95, 1, 0.0820271
40.975, 1, 0.0820271
41, 1, 0.0828048
41.025, 1, 0.0836182
41.05, 1, 0.0844868
41.075, 1, 0.0854044
41.1, 1, 0.0854044
41.125, 1, 0.0854044
41.15, 1, 0.0854044
41.175, 1, 0.0862548
41.2, 1, 0.0862548
41.225, 1, 0.0870381
41.25, 1, 0.0878357
41.275, 1, 0.0886365
41.3, 1, 0.0894325
41.325, 1, 0.09021
41.35, 1, 0.09021
41.375, 1, 0.0907523
41.4, 1, 0.0910854
41.425, 1, 0.0910854
41.45, 1, 0.0910854
41.475, 1, 0.0912776
41.5, 1, 0.0912776
41.525, 1, 0.0914498
41.55, 1, 0.091581
41.575, 1, 0.0917078
41.6, 1, 0.09176
41.625, 1, 0.09176
41.65, 1, 0.0916274
41.675, 1, 0.0912686
41.7, 1, 0.0912686
41.725, 1, 0.0908282
41.75, 1, 0.0903707
41.775, 1, 0.0903707
41.8, 1, 0.0899828
41.825, 1, 0.0896585
41.85, 1, 0.0893807
41.875, 1, 0.0893807
41.9, 1, 0.0893807
41.925, 1, 0.0893807
41.95, 1, 0.0893807
41.975, 1, 0.0893807
42, 1, 0.0893807
42.025, 1, 0.0890924
42.05, 1, 0.0890924
42.075, 1, 0.0890924
42.1, 1, 0.0888304
42.125, 1, 0.0886681
42.15, 1, 0.0886681
42.175, 1, 0.0886681
42.2, 1, 0.088512
42.225, 1, 0.088512
42.25, 1, 0.0883991
42.275, 1, 0.0883991
42.3, 1, 0.0883991
42.325, 1, 0.0882834
42.35, 1, 0.0882649
42.375, 1, 0.0883279
42.4, 1, 0.0884542
42.425, 1, 0.0886232
42.45, 1, 0.0888079
42.475, 1, 0.0889907
42.5, 1, 0.0891595
42.525, 1, 0.0893196
42.55, 1, 0.0894756
42.575, 1, 0.0896278
42.6, 1, 0.0896278
42.625, 1, 0.0897673
42.65, 1, 0.0897673
42.675, 1, 0.0897698
42.7, 1, 0.0897698
42.725, 1, 0.089531
42.75, 1, 0.0891486
42.775, 1, 0.0891486
42.8, 1, 0.0888065
42.825, 1, 0.0888065
42.85, 1, 0.0888065
42.875, 1, 0.0888065
42.9, 1, 0.0888065
42.925, 1, 0.0884026
42.95, 1, 0.0879097
42.975, 1, 0.0879097
43, 1, 0.0873048
43.025, 1, 0.08662
43.05, 1, 0.0859248
43.075, 1, 0.0852603
43.1, 1, 0.0846419
43.125, 1, 0.0846419
43.15, 1, 0.0840213
43.175, 1, 0.0834112
43.2, 1, 0.0828273
43.225, 1, 0.0822745
43.25, 1, 0.0817376
43.275, 1, 0.0817376
43.3, 1, 0.0812026
43.325, 1, 0.0807035
43.35, 1, 0.0807035
43.375, 1, 0.0807035
43.4, 1, 0.0807035
43.425, 1, 0.0802602
43.45, 1, 0.0802602
43.475, 1, 0.0798383
43.5, 1, 0.0794944
43.525, 1, 0.0792238
43.55, 1, 0.0792238
43.575, 1, 0.0792238
43.6, 1, 0.0792238
43.625, 1, 0.079074
43.65, 1, 0.0789873
43.675, 1, 0.0789873
43.7, 1, 0.0788853
43.725, 1, 0.0788019
43.75, 1, 0.0788019
43.775, 1, 0.0786364
43.8, 1, 0.0786364
43.825, 1, 0.0785026
43.85, 1, 0.0783675
43.875, 1, 0.0782342
43.9, 1, 0.0780964
43.925, 1, 0.0780964
43.95, 1, 0.0778478
43.975, 1, 0.0778478
44, 1, 0.0778478
44.025, 1, 0.0774783
44.05, 1, 0.0774783
44.075, 1, 0.0772009
44.1, 1, 0.0769171
44.125, 1, 0.0769171
44.15, 1, 0.0769171
44.175, 1, 0.076643
44.2, 1, 0.076643
44.225, 1, 0.0762455
44.25, 1, 0.0757604
44.275, 1, 0.0757604
44.3, 1, 0.0757604
44.325, 1, 0.0753162
44.35, 1, 0.0753162
44.375, 1, 0.0753162
44.4, 1, 0.0748556
44.425, 1, 0.0744237
44.45, 1, 0.0740186
44.475, 1, 0.0740186
44.5, 1, 0.0740186
44.525, 1, 0.073577
44.55, 1, 0.073577
44.575, 1, 0.073577
44.6, 1, 0.0731346
44.625, 1, 0.0731346
44.65, 1, 0.0731346
44.675, 1, 0.0731346
44.7, 1, 0.0727355
44.725, 1, 0.0724533
44.75, 1, 0.0724533
44.775, 1, 0.0724533
44.8, 1, 0.0721874
44.825, 1, 0.0721874
44.85, 1, 0.0721874
44.875, 1, 0.0719471
44.9, 1, 0.0719471
44.925, 1, 0.0719471
44.95, 1, 0.0719471
44.975, 1, 0.0717177
45, 1, 0.0717177
45.025, 1, 0.071413
45.05, 1, 0.071413
45.075, 1, 0.0710685
45.1, 1, 0.0710685
45.125, 1, 0.0710685
45.15, 1, 0.0708037
45.175, 1, 0.0708037
45.2, 1, 0.0705392
45.225, 1, 0.0705392
45.25, 1, 0.0705392
45.275, 1, 0.0705392
45.3, 1, 0.0705392
45.325, 1, 0.0705392
45.35, 1, 0.0705392
45.375, 1, 0.0708613
45.4, 1, 0.0708613
45.425, 1, 0.0708613
45.45, 1, 0.0708613
45.475, 1, 0.0711381
45.5, 1, 0.0711381
45.525, 1, 0.0711381
45.55, 1, 0.0711381
45.575, 1, 0.0712908
45.6, 1, 0.0712908
45.625, 1, 0.0714265
45.65, 1, 0.0714265
45.675, 1, 0.0714265
45.7, 1, 0.0714265
45.725, 1, 0.0715367
45.75, 1, 0.0715367
45.775, 1, 0.0715367
45.8, 1, 0.07161
45.825, 1, 0.0716938
45.85, 1, 0.0718019
45.875, 1, 0.0718019
45.9, 1, 0.0718019
45.925, 1, 0.0718932
45.95, 1, 0.072008
45.975, 1, 0.072008
46, 1, 0.072008
46.025, 1, 0.072008
46.05, 1, 0.0721257
46.075, 1, 0.0721257
46.1, 1, 0.0722415
46.125, 1, 0.0723679
46.15, 1, 0.0723679
46.175, 1, 0.0723679
46.2, 1, 0.0723679
46.225, 1, 0.0723679
46.25, 1, 0.072493
46.275, 1, 0.072493
46.3, 1, 0.072493
46.325, 1, 0.0725257
46.35, 1, 0.0725257
46.375, 1, 0.0724834
46.4, 1, 0.0724834
46.425, 1, 0.0724753
46.45, 1, 0.0724753
46.475, 1, 0.0724846
46.5, 1, 0.0724846
46.525, 1, 0.0724101
46.55, 1, 0.0724101
46.575, 1, 0.0724101
46.6, 1, 0.0722212
46.625, 1, 0.0722212
46.65, 1, 0.0722212
46.675, 1, 0.0722212
46.7, 1, 0.0722192
46.725, 1, 0.0722192
46.75, 1, 0.0722234
46.775, 1, 0.0722277
46.8, 1, 0.072203
46.825, 1, 0.0721247
46.85, 1, 0.0721247
46.875, 1, 0.0721247
46.9, 1, 0.0721247
46.925, 1, 0.0721247
46.95, 1, 0.0721247
46.975, 1, 0.0721247
47, 1, 0.0721247
47.025, 1, 0.0720002
47.05, 1, 0.0720002
47.075, 1, 0.0719018
47.1, 1, 0.0718835
47.125, 1, 0.0718835
47.15, 1, 0.0718835
47.175, 1, 0.0718835
47.2, 1, 0.0718637
47.225, 1, 0.0718637
47.25, 1, 0.0718637
47.275, 1, 0.0718454
47.3, 1, 0.0718454
47.325, 1, 0.0718454
47.35, 1, 0.0718184
47.375, 1, 0.0718657
47.4, 1, 0.0718657
47.425, 1, 0.0719106
47.45, 1, 0.0719845
47.475, 1, 0.0719845
47.5, 1, 0.0720582
47.525, 1, 0.0720582
47.55, 1, 0.0720582
47.575, 1, 0.0720582
47.6, 1, 0.0720582
47.625, 1, 0.0720582
47.65, 1, 0.0720582
47.675, 1, 0.0727501
47.7, 1, 0.0727501
47.725, 1, 0.0727501
47.75, 1, 0.0734377
47.775, 1, 0.0740991
47.8, 1, 0.0740991
47.825, 1, 0.0745621
47.85, 1, 0.0745621
47.875, 1, 0.0746956
47.9, 1, 0.0746956
47.925, 1, 0.0747414
47.95, 1, 0.0747414
47.975, 1, 0.0747414
48, 1, 0.0747414
48.025, 1, 0.0747414
48.05, 1, 0.0747401
48.075, 1, 0.074713
48.1, 1, 0.0746745
48.125, 1, 0.0746214
48.15, 1, 0.0746214
48.175, 1, 0.0746214
48.2, 1, 0.0745502
48.225, 1, 0.0745224
48.25, 1, 0.0745224
48.275, 1, 0.0745384
48.3, 1, 0.0745384
48.325, 1, 0.074564
48.35, 1, 0.074564
48.375, 1, 0.0745892
48.4, 1, 0.0745892
48.425, 1, 0.0745892
48.45, 1, 0.0745892
48.475, 1, 0.0745892
48.5, 1, 0.0746426
48.525, 1, 0.0746426
48.55, 1, 0.0746426
48.575, 1, 0.0746426
48.6, 1, 0.0746742
48.625, 1, 0.0747391
48.65, 1, 0.0748149
48.675, 1, 0.0748149
48.7, 1, 0.0748685
48.725, 1, 0.0749147
48.75, 1, 0.0749519
48.775, 1, 0.0749519
48.8, 1, 0.0749519
48.825, 1, 0.0749149
48.85, 1, 0.0749149
48.875, 1, 0.0747334
48.9, 1, 0.0747334
48.925, 1, 0.0747334
48.95, 1, 0.0745117
48.975, 1, 0.0742587
49, 1, 0.0742587
49.025, 1, 0.0742587
49.05, 1, 0.0740713
49.075, 1, 0.0740713
49.1, 1, 0.0740713
49.125, 1, 0.0737595
49.15, 1, 0.0737595
49.175, 1, 0.0737595
49.2, 1, 0.0737595
49.225, 1, 0.0737595
49.25, 1, 0.0736259
49.275, 1, 0.0736025
49.3, 1, 0.0736025
49.325, 1, 0.07361
49.35, 1, 0.0736759
49.375, 1, 0.0736759
49.4, 1, 0.0736759
49.425, 1, 0.07373
49.45, 1, 0.07373
49.475, 1, 0.07373
49.5, 1, 0.0737884
49.525, 1, 0.0737884
49.55, 1, 0.0738641
49.575, 1, 0.0739946
49.6, 1, 0.0739946
49.625, 1, 0.0739946
49.65, 1, 0.0739946
49.675, 1, 0.0739946
49.7, 1, 0.0739946
49.725, 1, 0.074174
49.75, 1, 0.074174
49.775, 1, 0.074174
49.8, 1, 0.0743452
49.825, 1, 0.0743452
49.85, 1, 0.0743452
49.875, 1, 0.0743452
49.9, 1, 0.0743452
49.925, 1, 0.0743452
49.95, 1, 0.0743452
49.975, 1, 0.0746114
50, 1, 0.0746114
50, 1, 0.0748714
50.025, 1, 0.0748714
50.05, 1, 0.0748714
50.075, 1, 0.0750882
50.1, 1, 0.0750882
50.125, 1, 0.0750882
50.15, 1, 0.0750882
50.175, 1, 0.0749302
50.2, 1, 0.074422
50.225, 1, 0.074422
50.25, 1, 0.074422
50.275, 1, 0.0740611
50.3, 1, 0.0738346
50.325, 1, 0.0738346
50.35, 1, 0.0738346
50.375, 1, 0.0733732
50.4, 1, 0.0727793
50.425, 1, 0.0727793
50.45, 1, 0.0727793
50.475, 1, 0.0727793
50.5, 1, 0.0727793
50.525, 1, 0.0721883
50.55, 1, 0.0721883
50.575, 1, 0.071754
50.6, 1, 0.071754
50.625, 1, 0.071754
50.65, 1, 0.0713047
50.675, 1, 0.0713047
50.7, 1, 0.0713047
50.725, 1, 0.0713047
50.75, 1, 0.0708587
50.775, 1, 0.0708587
50.8, 1, 0.0705511
50.825, 1, 0.0705218
50.85, 1, 0.0705218
50.875, 1, 0.0705573
50.9, 1, 0.0705573
50.925, 1, 0.0705573
50.95, 1, 0.0705874
50.975, 1, 0.0705874
51, 1, 0.0705874
51.025, 1, 0.0705874
51.05, 1, 0.0705874
51.075, 1, 0.0708127
51.1, 1, 0.0708127
51.125, 1, 0.0710669
51.15, 1, 0.0710669
51.175, 1, 0.0712668
51.2, 1, 0.0712668
51.225, 1, 0.0713811
51.25, 1, 0.0713811
51.275, 1, 0.0713811
51.3, 1, 0.0715322
51.325, 1, 0.0715322
51.35, 1, 0.0715322
51.375, 1, 0.0715322
51.4, 1, 0.0715322
51.425, 1, 0.0714513
51.45, 1, 0.0714513
51.475, 1, 0.0710128
51.5, 1, 0.0702711
51.525, 1, 0.069375
51.55, 1, 0.069375
51.575, 1, 0.069375
51.6, 1, 0.069375
51.625, 1, 0.069375
51.65, 1, 0.069375
51.675, 1, 0.069375
51.7, 1, 0.069375
51.725, 1, 0.069375
51.75, 1, 0.069375
51.775, 1, 0.069375
51.8, 1, 0.0697073
51.825, 1, 0.0699133
51.85, 1, 0.0699133
51.875, 1, 0.0700746
51.9, 1, 0.0702389
51.925, 1, 0.0703762
51.95, 1, 0.0703762
51.975, 1, 0.0703762
52, 1, 0.0705005
52.025, 1, 0.0705005
52.05, 1, 0.0705005
52.075, 1, 0.0705005
52.1, 1, 0.0705005
52.125, 1, 0.0706208
52.15, 1, 0.0706208
52.175, 1, 0.0708069
52.2, 1, 0.0708069
52.225, 1, 0.0708069
52.25, 1, 0.0708069
52.275, 1, 0.0709881
52.3, 1, 0.0709881
52.325, 1, 0.0709881
52.35, 1, 0.0711539
52.375, 1, 0.0714311
52.4, 1, 0.0714311
52.425, 1, 0.0714311
52.45, 1, 0.0714311
52.475, 1, 0.0715612
52.5, 1, 0.0715612
52.525, 1, 0.0715851
52.55, 1, 0.0715851
52.575, 1, 0.0715665
52.6, 1, 0.0715665
52.625, 1, 0.0715665
52.65, 1, 0.0715665
52.675, 1, 0.0715665
52.7, 1, 0.0713928
52.725, 1, 0.0713928
52.75, 1, 0.0709117
52.775, 1, 0.0709117
52.8, 1, 0.0703822
52.825, 1, 0.0697768
52.85, 1, 0.0691472
52.875, 1, 0.0685198
52.9, 1, 0.06791
52.925, 1, 0.06791
52.95, 1, 0.0672628
52.975, 1, 0.0672628
53, 1, 0.0666028
53.025, 1, 0.0666028
53.05, 1, 0.0659694
53.075, 1, 0.0653949
53.1, 1, 0.0648968
53.125, 1, 0.0648968
53.15, 1, 0.0648968
53.175, 1, 0.0648968
53.2, 1, 0.0648968
53.225, 1, 0.0648968
53.25, 1, 0.0643577
53.275, 1, 0.0643577
53.3, 1, 0.0643577
53.325, 1, 0.0638207
53.35, 1, 0.0638207
53.375, 1, 0.0638207
53.4, 1, 0.0638207
53.425, 1, 0.0638207
53.45, 1, 0.0638207
53.475, 1, 0.0638207
53.5, 1, 0.0638207
53.525, 1, 0.0638207
53.55, 1, 0.0638207
53.575, 1, 0.0638207
53.6, 1, 0.0638207
53.625, 1, 0.0638207
53.65, 1, 0.0638207
53.675, 1, 0.064127
53.7, 1, 0.064127
53.725, 1, 0.064127
53.75, 1, 0.064127
53.775, 1, 0.0644375
53.8, 1, 0.0644375
53.825, 1, 0.0644375
53.85, 1, 0.0647294
53.875, 1, 0.0647294
53.9, 1, 0.0650244
53.925, 1, 0.0650244
53.95, 1, 0.0653482
53.975, 1, 0.0656894
54, 1, 0.0656894
54.025, 1, 0.0656894
54.05, 1, 0.0656979
54.075, 1, 0.0655315
54.1, 1, 0.0655315
54.125, 1, 0.0655315
54.15, 1, 0.0653487
54.175, 1, 0.0650922
54.2, 1, 0.0650922
54.225, 1, 0.0647169
54.25, 1, 0.0642096
54.275, 1, 0.0642096
54.3, 1, 0.0642096
54.325, 1, 0.0636972
54.35, 1, 0.0632363
54.375, 1, 0.0632363
54.4, 1, 0.0628665
54.425, 1, 0.0628665
54.45, 1, 0.0628665
54.475, 1, 0.0628665
54.5, 1, 0.0628665
54.525, 1, 0.0625187
54.55, 1, 0.0625187
54.575, 1, 0.0625187
54.6, 1, 0.0622358
54.625, 1, 0.0621224
54.65, 1, 0.0621537
54.675, 1, 0.0623198
54.7, 1, 0.0626216
54.725, 1, 0.0630675
54.75, 1, 0.0630675
54.775, 1, 0.0630675
54.8, 1, 0.0630675
54.825, 1, 0.0630675
54.85, 1, 0.0630675
54.875, 1, 0.063591
54.9, 1, 0.063591
54.925, 1, 0.063591
54.95, 1, 0.063591
54.975, 1, 0.0640822
55, 1, 0.0640822
55.025, 1, 0.0640822
55.05, 1, 0.0640822
55.075, 1, 0.0642994
55.1, 1, 0.0642994
55.125, 1, 0.0643944
55.15, 1, 0.0643944
55.175, 1, 0.0643944
55.2, 1, 0.0643944
55.225, 1, 0.064454
55.25, 1, 0.064454
55.275, 1, 0.064454
55.3, 1, 0.064454
55.325, 1, 0.064454
55.35, 1, 0.0643465
55.375, 1, 0.0643465
55.4, 1, 0.0643465
55.425, 1, 0.0643465
55.45, 1, 0.0642345
55.475, 1, 0.0642345
55.5, 1, 0.0642345
55.525, 1, 0.0640137
55.55, 1, 0.0640137
55.575, 1, 0.0636736
55.6, 1, 0.0632201
55.625, 1, 0.0632201
55.65, 1, 0.0632201
55.675, 1, 0.062779
55.7, 1, 0.062779
55.725, 1, 0.062779
55.75, 1, 0.0623466
55.775, 1, 0.0623466
55.8, 1, 0.0623466
55.825, 1, 0.0623466
55.85, 1, 0.0619428
55.875, 1, 0.0619428
55.9, 1, 0.0619428
55.925, 1, 0.0619428
55.95, 1, 0.0619428
55.975, 1, 0.0619428
56, 1, 0.0619428
56.025, 1, 0.0615487
56.05, 1, 0.0613998
56.075, 1, 0.0613998
56.1, 1, 0.0613998
56.125, 1, 0.0613998
56.15, 1, 0.0612381
56.175, 1, 0.0611471
56.2, 1, 0.0610891
56.225, 1, 0.0610667
56.25, 1, 0.0610933
56.275, 1, 0.0610933
56.3, 1, 0.0610933
56.325, 1, 0.0610933
56.35, 1, 0.0610886
56.375, 1, 0.061149
56.4, 1, 0.061149
56.425, 1, 0.061149
56.45, 1, 0.0612214
56.475, 1, 0.0612214
56.5, 1, 0.0612911
56.525, 1, 0.0612911
56.55, 1, 0.0613413
56.575, 1, 0.0613413
56.6, 1, 0.0613413
56.625, 1, 0.0612998
56.65, 1, 0.0612998
56.675, 1, 0.0612103
56.7, 1, 0.0612103
56.725, 1, 0.0612103
56.75, 1, 0.0612103
56.775, 1, 0.0611137
56.8, 1, 0.0611137
56.825, 1, 0.0611137
56.85, 1, 0.0611137
56.875, 1, 0.060996
56.9, 1, 0.0608433
56.925, 1, 0.0608433
56.95, 1, 0.0608433
56.975, 1, 0.0608433
57, 1, 0.0607048
57.025, 1, 0.0607048
57.05, 1, 0.0607048
57.075, 1, 0.0607048
57.1, 1, 0.0607048
57.125, 1, 0.0607048
57.15, 1, 0.0605287
57.175, 1, 0.0605287
57.2, 1, 0.0605287
57.225, 1, 0.0605287
57.25, 1, 0.0603175
57.275, 1, 0.0603175
57.3, 1, 0.0602698
57.325, 1, 0.0602698
57.35, 1, 0.06036
57.375, 1, 0.060619
57.4, 1, 0.060619
57.425, 1, 0.0608883
57.45, 1, 0.0608883
57.475, 1, 0.0611491
57.5, 1, 0.061432
57.525, 1, 0.061432
57.55, 1, 0.0617486
57.575, 1, 0.0617486
57.6, 1, 0.0620734
57.625, 1, 0.0624347
57.65, 1, 0.0624347
57.675, 1, 0.0624347
57.7, 1, 0.0624347
57.725, 1, 0.0629246
57.75, 1, 0.0633878
57.775, 1, 0.0633878
57.8, 1, 0.0633878
57.825, 1, 0.0633878
57.85, 1, 0.0637455
57.875, 1, 0.0637455
57.9, 1, 0.0637455
57.925, 1, 0.0637455
57.95, 1, 0.0637455
57.975, 1, 0.0637455
58, 1, 0.0643055
58.025, 1, 0.0647795
58.05, 1, 0.0647795
58.075, 1, 0.0647795
58.1, 1, 0.0647795
58.125, 1, 0.0651891
58.15, 1, 0.0651891
58.175, 1, 0.0651891
58.2, 1, 0.0651891
58.225, 1, 0.0655027
58.25, 1, 0.0655027
58.275, 1, 0.0655027
58.3, 1, 0.0657547
58.325, 1, 0.0657547
58.35, 1, 0.0660668
58.375, 1, 0.0664618
58.4, 1, 0.0669565
58.425, 1, 0.0675038
58.45, 1, 0.0680593
58.475, 1, 0.0680593
58.5, 1, 0.0680593
58.525, 1, 0.0680593
58.55, 1, 0.0680593
58.575, 1, 0.0680593
58.6, 1, 0.0686081
58.625, 1, 0.0692782
58.65, 1, 0.0692782
58.675, 1, 0.0699541
58.7, 1, 0.0699541
58.725, 1, 0.0706047
58.75, 1, 0.0712055
58.775, 1, 0.0712055
58.8, 1, 0.0712055
58.825, 1, 0.0712055
58.85, 1, 0.0717906
58.875, 1, 0.0717906
58.9, 1, 0.0723737
58.925, 1, 0.0723737
58.95, 1, 0.0723737
58.975, 1, 0.0729409
59, 1, 0.0734914
59.025, 1, 0.0740258
59.05, 1, 0.0740258
59.075, 1, 0.0745402
59.1, 1, 0.0750337
59.125, 1, 0.0750337
59.15, 1, 0.0750337
59.175, 1, 0.0754696
59.2, 1, 0.0754696
59.225, 1, 0.0754696
59.25, 1, 0.0758636
59.275, 1, 0.076205
59.3, 1, 0.076205
59.325, 1, 0.076205
59.35, 1, 0.076205
59.375, 1, 0.076205
59.4, 1, 0.076205
59.425, 1, 0.076205
59.45, 1, 0.0765595
59.475, 1, 0.0765595
59.5, 1, 0.0768438
59.525, 1, 0.0770492
59.55, 1, 0.0771716
59.575, 1, 0.0771716
59.6, 1, 0.0771716
59.625, 1, 0.0772841
59.65, 1, 0.0772841
59.675, 1, 0.0772841
59.7, 1, 0.0773857
59.725, 1, 0.0774875
59.75, 1, 0.07756
59.775, 1, 0.07756
59.8, 1, 0.0775492
59.825, 1, 0.0775492
59.85, 1, 0.0775492
59.875, 1, 0.077583
59.9, 1, 0.077583
59.925, 1, 0.077583
59.95, 1, 0.077583
59.975, 1, 0.077583
60, 1, 0.077583
60, 1, 0.0777534
60.025, 1, 0.0777534
60.05, 1, 0.0777534
60.075, 1, 0.0777534
60.1, 1, 0.0777534
60.125, 1, 0.0777534
60.15, 1, 0.0777534
60.175, 1, 0.0777534
60.2, 1, 0.0777534
60.225, 1, 0.0777534
60.25, 1, 0.0779951
60.275, 1, 0.0779951
60.3, 1, 0.0782906
60.325, 1, 0.0782906
60.35, 1, 0.0782906
60.375, 1, 0.0786642
60.4, 1, 0.0786642
60.425, 1, 0.0791414
60.45, 1, 0.0798132
60.475, 1, 0.0806469
60.5, 1, 0.0806469
60.525, 1, 0.0815329
60.55, 1, 0.0815329
60.575, 1, 0.0815329
60.6, 1, 0.0815329
60.625, 1, 0.0824047
60.65, 1, 0.0824047
60.675, 1, 0.0824047
60.7, 1, 0.0832529
60.725, 1, 0.084191
60.75, 1, 0.084191
60.775, 1, 0.084191
60.8, 1, 0.084191
60.825, 1, 0.084191
60.85, 1, 0.084191
60.875, 1, 0.084191
60.9, 1, 0.084191
60.925, 1, 0.084191
60.95, 1, 0.0855116
60.975, 1, 0.0868379
61, 1, 0.0882137
61.025, 1, 0.0897177
61.05, 1, 0.0897177
61.075, 1, 0.0908735
61.1, 1, 0.091907
61.125, 1, 0.0927423
61.15, 1, 0.0927423
61.175, 1, 0.0936192
61.2, 1, 0.0936192
61.225, 1, 0.0936192
61.25, 1, 0.0936192
61.275, 1, 0.0936192
61.3, 1, 0.0936192
61.325, 1, 0.093971
61.35, 1, 0.093971
61.375, 1, 0.093971
61.4, 1, 0.093971
61.425, 1, 0.094439
61.45, 1, 0.094439
61.475, 1, 0.094439
61.5, 1, 0.094439
61.525, 1, 0.094439
61.55, 1, 0.0949076
61.575, 1, 0.0949076
61.6, 1, 0.0949076
61.625, 1, 0.0949076
61.65, 1, 0.0949076
61.675, 1, 0.0953985
61.7, 1, 0.0959373
61.725, 1, 0.0965406
61.75, 1, 0.0965406
61.775, 1, 0.0971258
61.8, 1, 0.0971258
61.825, 1, 0.0977391
61.85, 1, 0.0977391
61.875, 1, 0.0983168
61.9, 1, 0.0983168
61.925, 1, 0.0988608
61.95, 1, 0.0993946
61.975, 1, 0.0999293
62, 1, 0.100482
62.025, 1, 0.10106
62.05, 1, 0.10106
62.075, 1, 0.101615
62.1, 1, 0.10216
62.125, 1, 0.102666
62.15, 1, 0.102666
62.175, 1, 0.102666
62.2, 1, 0.103215
62.225, 1, 0.103746
62.25, 1, 0.103746
62.275, 1, 0.103746
62.3, 1, 0.103746
62.325, 1, 0.103746
62.35, 1, 0.103746
62.375, 1, 0.103754
62.4, 1, 0.103754
62.425, 1, 0.103754
62.45, 1, 0.103754
62.475, 1, 0.104205
62.5, 1, 0.104673
62.525, 1, 0.104673
62.55, 1, 0.104673
62.575, 1, 0.104673
62.6, 1, 0.104881
62.625, 1, 0.104757
62.65, 1, 0.104414
62.675, 1, 0.104414
62.7, 1, 0.10403
62.725, 1, 0.103651
62.75, 1, 0.103651
62.775, 1, 0.103651
62.8, 1, 0.103245
62.825, 1, 0.103245
62.85, 1, 0.103245
62.875, 1, 0.102748
62.9, 1, 0.102748
62.925, 1, 0.102748
62.95, 1, 0.102748
62.975, 1, 0.102251
63, 1, 0.102251
63.025, 1, 0.101763
63.05, 1, 0.101333
63.075, 1, 0.101333
63.1, 1, 0.101333
63.125, 1, 0.100928
63.15, 1, 0.100928
63.175, 1, 0.10058
63.2, 1, 0.10058
63.225, 1, 0.100241
63.25, 1, 0.0999573
63.275, 1, 0.0999573
63.3, 1, 0.0997116
63.325, 1, 0.0997116
63.35, 1, 0.0997116
63.375, 1, 0.0997116
63.4, 1, 0.0997116
63.425, 1, 0.0997116
63.45, 1, 0.0997116
63.475, 1, 0.099939
63.5, 1, 0.099939
63.525, 1, 0.100155
63.55, 1, 0.100363
63.575, 1, 0.100363
63.6, 1, 0.100542
63.625, 1, 0.100607
63.65, 1, 0.100607
63.675, 1, 0.100607
63.7, 1, 0.100607
63.725, 1, 0.100607
63.75, 1, 0.100607
63.775, 1, 0.100607
63.8, 1, 0.100607
63.825, 1, 0.100968
63.85, 1, 0.101229
63.875, 1, 0.101271
63.9, 1, 0.10113
63.925, 1, 0.100824
63.95, 1, 0.100452
63.975, 1, 0.100452
64, 1, 0.100452
64.025, 1, 0.100117
64.05, 1, 0.100117
64.075, 1, 0.099805
64.1, 1, 0.0995201
64.125, 1, 0.0992457
64.15, 1, 0.0992457
64.175, 1, 0.0989896
64.2, 1, 0.0989896
64.225, 1, 0.0987104
64.25, 1, 0.0984311
64.275, 1, 0.0984311
64.3, 1, 0.0984311
64.325, 1, 0.0981755
64.35, 1, 0.0979844
64.375, 1, 0.0978706
64.4, 1, 0.0978138
64.425, 1, 0.0978138
64.45, 1, 0.0978138
64.475, 1, 0.0978138
64.5, 1, 0.0978138
64.525, 1, 0.0978138
64.55, 1, 0.0977832
64.575, 1, 0.0977832
64.6, 1, 0.0977876
64.625, 1, 0.0977876
64.65, 1, 0.0977931
64.675, 1, 0.0977931
64.7, 1, 0.0977931
64.725, 1, 0.0977931
64.75, 1, 0.0978199
64.775, 1, 0.0978199
64.8, 1, 0.0978552
64.825, 1, 0.0978936
64.85, 1, 0.0978936
64.875, 1, 0.0978936
64.9, 1, 0.0978118
64.925, 1, 0.0978118
64.95, 1, 0.0973993
64.975, 1, 0.0973993
65, 1, 0.0973993
65.025, 1, 0.0973993
65.05, 1, 0.0973993
65.075, 1, 0.0973993
65.1, 1, 0.0972104
65.125, 1, 0.0972104
65.15, 1, 0.0972104
65.175, 1, 0.0968576
65.2, 1, 0.0963329
65.225, 1, 0.0963329
65.25, 1, 0.0963329
65.275, 1, 0.0963329
65.3, 1, 0.0963329
65.325, 1, 0.0963329
65.35, 1, 0.0958637
65.375, 1, 0.095468
65.4, 1, 0.0951571
65.425, 1, 0.0951571
65.45, 1, 0.0951571
65.475, 1, 0.0948495
65.5, 1, 0.0948495
65.525, 1, 0.0945633
65.55, 1, 0.0943184
65.575, 1, 0.094109
65.6, 1, 0.0939346
65.625, 1, 0.0937881
65.65, 1, 0.0937881
65.675, 1, 0.0937881
65.7, 1, 0.0936507
65.725, 1, 0.0935541
65.75, 1, 0.0935541
65.775, 1, 0.0935541
65.8, 1, 0.0934495
65.825, 1, 0.0933478
65.85, 1, 0.0932546
65.875, 1, 0.0932546
65.9, 1, 0.0931925
65.925, 1, 0.0931786
65.95, 1, 0.0931777
65.975, 1, 0.0931523
66, 1, 0.0931523
66.025, 1, 0.0931523
66.05, 1, 0.0932156
66.075, 1, 0.0932791
66.1, 1, 0.0932791
66.125, 1, 0.0933106
66.15, 1, 0.0933405
66.175, 1, 0.0933405
66.2, 1, 0.0933405
66.225, 1, 0.0933405
66.25, 1, 0.0931882
66.275, 1, 0.0931882
66.3, 1, 0.0930301
66.325, 1, 0.0930301
66.35, 1, 0.0929286
66.375, 1, 0.0929286
66.4, 1, 0.0928223
66.425, 1, 0.0928223
66.45, 1, 0.0926383
66.475, 1, 0.0923549
66.5, 1, 0.0923549
66.525, 1, 0.0919842
66.55, 1, 0.0915606
66.575, 1, 0.0915606
66.6, 1, 0.0911269
66.625, 1, 0.0911269
66.65, 1, 0.0911269
66.675, 1, 0.0911269
66.7, 1, 0.0911269
66.725, 1, 0.0911269
66.75, 1, 0.0911269
66.775, 1, 0.0906877
66.8, 1, 0.0906877
66.825, 1, 0.0902954
66.85, 1, 0.0899702
66.875, 1, 0.0899702
66.9, 1, 0.0896983
66.925, 1, 0.0896983
66.95, 1, 0.0896983
66.975, 1, 0.0896983
67, 1, 0.0894356
67.025, 1, 0.0894356
67.05, 1, 0.0894356
67.075, 1, 0.0894356
67.1, 1, 0.0894356
67.125, 1, 0.0891832
67.15, 1, 0.0889585
67.175, 1, 0.0887775
67.2, 1, 0.0886603
67.225, 1, 0.0885881
67.25, 1, 0.0885881
67.275, 1, 0.0884156
67.3, 1, 0.0881995
67.325, 1, 0.0879738
67.35, 1, 0.0879738
67.375, 1, 0.087778
67.4, 1, 0.087778
67.425, 1, 0.087778
67.45, 1, 0.087778
67.475, 1, 0.087778
67.5, 1, 0.087778
67.525, 1, 0.087778
67.55, 1, 0.087778
67.575, 1, 0.0876301
67.6, 1, 0.0876301
67.625, 1, 0.0875261
67.65, 1, 0.0875261
67.675, 1, 0.0874437
67.7, 1, 0.0874437
67.725, 1, 0.0872624
67.75, 1, 0.0872624
67.775, 1, 0.0872624
67.8, 1, 0.0872624
67.825, 1, 0.0872624
67.85, 1, 0.0872624
67.875, 1, 0.0872624
67.9, 1, 0.0870651
67.925, 1, 0.0870651
67.95, 1, 0.0870651
67.975, 1, 0.0870651
68, 1, 0.0868214
68.025, 1, 0.0865934
68.05, 1, 0.086373
68.075, 1, 0.0861575
68.1, 1, 0.0859712
68.125, 1, 0.0858176
68.15, 1, 0.0858176
68.175, 1, 0.0856565
68.2, 1, 0.0856565
68.225, 1, 0.0855152
68.25, 1, 0.0855152
68.275, 1, 0.0855152
68.3, 1, 0.0853847
68.325, 1, 0.085305
68.35, 1, 0.0852427
68.375, 1, 0.0852427
68.4, 1, 0.0851638
68.425, 1, 0.0851638
68.45, 1, 0.0850995
68.475, 1, 0.085082
68.5, 1, 0.085082
68.525, 1, 0.0850356
68.55, 1, 0.0850356
68.575, 1, 0.0850356
68.6, 1, 0.0850356
68.625, 1, 0.0850356
68.65, 1, 0.0853626
68.675, 1, 0.0853626
68.7, 1, 0.0853626
68.725, 1, 0.0853626
68.75, 1, 0.0856175
68.775, 1, 0.0856568
68.8, 1, 0.0853554
68.825, 1, 0.0846079
68.85, 1, 0.0846079
68.875, 1, 0.084103
68.9, 1, 0.084103
68.925, 1, 0.084103
68.95, 1, 0.084103
68.975, 1, 0.084103
69, 1, 0.0835808
69.025, 1, 0.0830307
69.05, 1, 0.0824248
69.075, 1, 0.0824248
69.1, 1, 0.0824248
69.125, 1, 0.0824248
69.15, 1, 0.0824248
69.175, 1, 0.0824248
69.2, 1, 0.0818985
69.225, 1, 0.0814781
69.25, 1, 0.0811223
69.275, 1, 0.0808182
69.3, 1, 0.0808182
69.325, 1, 0.0808182
69.35, 1, 0.0808182
69.375, 1, 0.0805553
69.4, 1, 0.0803704
69.425, 1, 0.0802465
69.45, 1, 0.0802465
69.475, 1, 0.0801603
69.5, 1, 0.0801603
69.525, 1, 0.0801603
69.55, 1, 0.0801603
69.575, 1, 0.0801603
69.6, 1, 0.0801603
69.625, 1, 0.0801603
69.65, 1, 0.0801603
69.675, 1, 0.0801846
69.7, 1, 0.0802265
69.725, 1, 0.0802265
69.75, 1, 0.0802265
69.775, 1, 0.080287
69.8, 1, 0.0803667
69.825, 1, 0.0804324
69.85, 1, 0.0804583
69.875, 1, 0.0804436
69.9, 1, 0.0804436
69.925, 1, 0.0804436
69.95, 1, 0.0804436
69.975, 1, 0.0804712
70, 1, 0.0804712
70.025, 1, 0.080383
70.05, 1, 0.0799307
70.075, 1, 0.0787379
70.1, 1, 0.0768523
70.125, 1, 0.0768523
70.15, 1, 0.0768523
70.175, 1, 0.0768523
70.2, 1, 0.0768523
70.225, 1, 0.0760819
70.25, 1, 0.0760819
70.275, 1, 0.0754064
70.3, 1, 0.0754064
70.325, 1, 0.0754064
70.35, 1, 0.0754064
70.375, 1, 0.0754064
70.4, 1, 0.0744624
70.425, 1, 0.0744624
70.45, 1, 0.0744624
70.475, 1, 0.0744624
70.5, 1, 0.0735641
70.525, 1, 0.0733171
70.55, 1, 0.0733171
70.575, 1, 0.0731873
70.6, 1, 0.0731873
70.625, 1, 0.0731873
70.65, 1, 0.0730623
70.675, 1, 0.0730623
70.7, 1, 0.0730623
70.725, 1, 0.0730623
70.75, 1, 0.0730226
70.775, 1, 0.0736477
70.8, 1, 0.0746958
70.825, 1, 0.076065
70.85, 1, 0.076065
70.875, 1, 0.076065
70.9, 1, 0.076065
70.925, 1, 0.076065
70.95, 1, 0.076065
70.975, 1, 0.0775755
71, 1, 0.0792857
71.025, 1, 0.0792857
71.05, 1, 0.0792857
71.075, 1, 0.0792857
71.1, 1, 0.0792857
71.125, 1, 0.080734
71.15, 1, 0.080734
71.175, 1, 0.0820855
71.2, 1, 0.0820855
71.225, 1, 0.0820855
71.25, 1, 0.0820855
71.275, 1, 0.0833895
71.3, 1, 0.0833895
71.325, 1, 0.0833895
71.35, 1, 0.0833895
71.375, 1, 0.0833895
71.4, 1, 0.0843081
71.425, 1, 0.0843081
71.45, 1, 0.0843081
71.475, 1, 0.0843081
71.5, 1, 0.0852007
71.525, 1, 0.0852007
71.55, 1, 0.0852007
71.575, 1, 0.0858983
71.6, 1, 0.0863395
71.625, 1, 0.0863395
71.65, 1, 0.0863395
71.675, 1, 0.0863395
71.7, 1, 0.0863395
71.725, 1, 0.0863395
71.75, 1, 0.0863395
71.775, 1, 0.0867457
71.8, 1, 0.0867457
71.825, 1, 0.0867457
71.85, 1, 0.0871042
71.875, 1, 0.0874559
71.9, 1, 0.0874559
71.925, 1, 0.0878321
71.95, 1, 0.0878321
71.975, 1, 0.0878321
72, 1, 0.0878321
72.025, 1, 0.0878321
72.05, 1, 0.0878321
72.075, 1, 0.0881963
72.1, 1, 0.0886676
72.125, 1, 0.0892225
72.15, 1, 0.0898581
72.175, 1, 0.0898581
72.2, 1, 0.0898581
72.225, 1, 0.0898581
72.25, 1, 0.0904759
72.275, 1, 0.0904759
72.3, 1, 0.0904759
72.325, 1, 0.0910694
72.35, 1, 0.0910694
72.375, 1, 0.0910694
72.4, 1, 0.0910694
72.425, 1, 0.0910694
72.45, 1, 0.0910694
72.475, 1, 0.0917212
72.5, 1, 0.0917212
72.525, 1, 0.0923383
72.55, 1, 0.0923383
72.575, 1, 0.0923383
72.6, 1, 0.0923383
72.625, 1, 0.0923383
72.65, 1, 0.0927841
72.675, 1, 0.0927841
72.7, 1, 0.0930773
72.725, 1, 0.0930773
72.75, 1, 0.0930773
72.775, 1, 0.0933857
72.8, 1, 0.0937051
72.825, 1, 0.0940507
72.85, 1, 0.0940507
72.875, 1, 0.0943456
72.9, 1, 0.0943456
72.925, 1, 0.0945793
72.95, 1, 0.0945793
72.975, 1, 0.0945793
73, 1, 0.0945793
73.025, 1, 0.0945793
73.05, 1, 0.0945793
73.075, 1, 0.094789
73.1, 1, 0.094789
73.125, 1, 0.094789
73.15, 1, 0.0950007
73.175, 1, 0.0952671
73.2, 1, 0.0952671
73.225, 1, 0.0955516
73.25, 1, 0.0955516
73.275, 1, 0.0958491
73.3, 1, 0.0961976
73.325, 1, 0.0961976
73.35, 1, 0.0961976
73.375, 1, 0.0961976
73.4, 1, 0.0961976
73.425, 1, 0.0961976
73.45, 1, 0.0961976
73.475, 1, 0.0961976
73.5, 1, 0.0967162
73.525, 1, 0.0967162
73.55, 1, 0.0967162
73.575, 1, 0.0972115
73.6, 1, 0.0976827
73.625, 1, 0.0976827
73.65, 1, 0.0980664
73.675, 1, 0.0983343
73.7, 1, 0.0984287
73.725, 1, 0.0984287
73.75, 1, 0.0984287
73.775, 1, 0.0985708
73.8, 1, 0.0985708
73.825, 1, 0.0985708
73.85, 1, 0.0985708
73.875, 1, 0.0986662
73.9, 1, 0.0986879
73.925, 1, 0.0985855
73.95, 1, 0.098335
73.975, 1, 0.098335
74, 1, 0.0980209
74.025, 1, 0.0980209
74.05, 1, 0.0977847
74.075, 1, 0.0976473
74.1, 1, 0.0975941
74.125, 1, 0.0976094
74.15, 1, 0.0976387
74.175, 1, 0.0976387
74.2, 1, 0.0976387
74.225, 1, 0.0975889
74.25, 1, 0.0975889
74.275, 1, 0.0975889
74.3, 1, 0.0975889
74.325, 1, 0.0975573
74.35, 1, 0.0975573
74.375, 1, 0.0975573
74.4, 1, 0.0975573
74.425, 1, 0.0975573
74.45, 1, 0.0975573
74.475, 1, 0.0975346
74.5, 1, 0.0975346
74.525, 1, 0.0975346
74.55, 1, 0.0975346
74.575, 1, 0.0975346
74.6, 1, 0.0975107
74.625, 1, 0.0975451
74.65, 1, 0.0976332
74.675, 1, 0.0977656
74.7, 1, 0.0977656
74.725, 1, 0.0978859
74.75, 1, 0.0980146
74.775, 1, 0.098138
74.8, 1, 0.098138
74.825, 1, 0.098138
74.85, 1, 0.098138
74.875, 1, 0.098138
74.9, 1, 0.098138
74.925, 1, 0.098138
74.95, 1, 0.098138
74.975, 1, 0.098138
75, 1, 0.098138
75.025, 1, 0.0982863
75.05, 1, 0.0982863
75.075, 1, 0.098428
75.1, 1, 0.098428
75.125, 1, 0.09863
75.15, 1, 0.0988221
75.175, 1, 0.0989537
75.2, 1, 0.0989537
75.225, 1, 0.0989537
75.25, 1, 0.0989537
75.275, 1, 0.0989537
75.3, 1, 0.0990342
75.325, 1, 0.0990342
75.35, 1, 0.0991738
75.375, 1, 0.0993918
75.4, 1, 0.0993918
75.425, 1, 0.0993918
75.45, 1, 0.0993918
75.475, 1, 0.0993918
75.5, 1, 0.0993918
75.525, 1, 0.0995709
75.55, 1, 0.0995709
75.575, 1, 0.0997474
75.6, 1, 0.0999555
75.625, 1, 0.0999555
75.65, 1, 0.100187
75.675, 1, 0.100464
75.7, 1, 0.100782
75.725, 1, 0.100782
75.75, 1, 0.101106
75.775, 1, 0.101456
75.8, 1, 0.101456
75.825, 1, 0.101798
75.85, 1, 0.101798
75.875, 1, 0.102124
75.9, 1, 0.102448
75.925, 1, 0.102448
75.95, 1, 0.102448
75.975, 1, 0.102448
76, 1, 0.102448
76.025, 1, 0.102767
76.05, 1, 0.103061
76.075, 1, 0.103329
76.1, 1, 0.103329
76.125, 1, 0.103329
76.15, 1, 0.103329
76.175, 1, 0.103583
76.2, 1, 0.103583
76.225, 1, 0.103583
76.25, 1, 0.103759
76.275, 1, 0.10384
76.3, 1, 0.103881
76.325, 1, 0.103941
76.35, 1, 0.104049
76.375, 1, 0.104232
76.4, 1, 0.104471
76.425, 1, 0.104471
76.45, 1, 0.104471
76.475, 1, 0.104658
76.5, 1, 0.104743
76.525, 1, 0.104743
76.55, 1, 0.104743
76.575, 1, 0.104853
76.6, 1, 0.104853
76.625, 1, 0.104853
76.65, 1, 0.105013
76.675, 1, 0.105013
76.7, 1, 0.105013
76.725, 1, 0.10516
76.75, 1, 0.105297
76.775, 1, 0.105409
76.8, 1, 0.105409
76.825, 1, 0.105509
76.85, 1, 0.105632
76.875, 1, 0.105797
76.9, 1, 0.105998
76.925, 1, 0.105998
76.95, 1, 0.105998
76.975, 1, 0.106196
77, 1, 0.106417
77.025, 1, 0.106417
77.05, 1, 0.106637
77.075, 1, 0.106637
77.1, 1, 0.106854
77.125, 1, 0.106854
77.15, 1, 0.106854
77.175, 1, 0.106854
77.2, 1, 0.106854
77.225, 1, 0.106854
77.25, 1, 0.107066
77.275, 1, 0.107268
77.3, 1, 0.107268
77.325, 1, 0.107451
77.35, 1, 0.107451
77.375, 1, 0.107451
77.4, 1, 0.107451
77.425, 1, 0.107451
77.45, 1, 0.107625
77.475, 1, 0.107782
77.5, 1, 0.107782
77.525, 1, 0.107878
77.55, 1, 0.107878
77.575, 1, 0.10787
77.6, 1, 0.10787
77.625, 1, 0.10787
77.65, 1, 0.10787
77.675, 1, 0.107897
77.7, 1, 0.107897
77.725, 1, 0.107931
77.75, 1, 0.107931
77.775, 1, 0.107931
77.8, 1, 0.107856
77.825, 1, 0.107626
77.85, 1, 0.107626
77.875, 1, 0.107361
77.9, 1, 0.107113
77.925, 1, 0.107113
77.95, 1, 0.107113
77.975, 1, 0.107113
78, 1, 0.107113
78.025, 1, 0.107113
78.05, 1, 0.10689
78.075, 1, 0.106654
78.1, 1, 0.106654
78.125, 1, 0.106432
78.15, 1, 0.10623
78.175, 1, 0.10623
78.2, 1, 0.106049
78.225, 1, 0.105892
78.25, 1, 0.105753
78.275, 1, 0.105753
78.3, 1, 0.105753
78.325, 1, 0.105753
78.35, 1, 0.105619
78.375, 1, 0.105619
78.4, 1, 0.105619
78.425, 1, 0.105619
78.45, 1, 0.105619
78.475, 1, 0.105619
78.5, 1, 0.105486
78.525, 1, 0.105486
78.55, 1, 0.105486
78.575, 1, 0.105358
78.6, 1, 0.105358
78.625, 1, 0.105358
78.65, 1, 0.105358
78.675, 1, 0.105358
78.7, 1, 0.105358
78.725, 1, 0.105358
78.75, 1, 0.105233
78.775, 1, 0.105104
78.8, 1, 0.105104
78.825, 1, 0.105104
78.85, 1, 0.104954
78.875, 1, 0.104954
78.9, 1, 0.104954
78.925, 1, 0.104847
78.95, 1, 0.104847
78.975, 1, 0.104847
79, 1, 0.104847
79.025, 1, 0.10476
79.05, 1, 0.10476
79.075, 1, 0.10476
79.1, 1, 0.10476
79.125, 1, 0.10476
79.15, 1, 0.10476
79.175, 1, 0.10476
79.2, 1, 0.104712
79.225, 1, 0.104712
79.25, 1, 0.104659
79.275, 1, 0.104609
79.3, 1, 0.104609
79.325, 1, 0.104609
79.35, 1, 0.104535
79.375, 1, 0.104417
79.4, 1, 0.104417
79.425, 1, 0.104417
79.45, 1, 0.104417
79.475, 1, 0.104417
79.5, 1, 0.104417
79.525, 1, 0.104417
79.55, 1, 0.104417
79.575, 1, 0.1043
79.6, 1, 0.10418
79.625, 1, 0.10418
79.65, 1, 0.104058
79.675, 1, 0.104058
79.7, 1, 0.104058
79.725, 1, 0.104058
79.75, 1, 0.103945
79.775, 1, 0.103945
79.8, 1, 0.103945
79.825, 1, 0.103945
79.85, 1, 0.103827
79.875, 1, 0.103827
79.9, 1, 0.103703
79.925, 1, 0.103703
79.95, 1, 0.103581
79.975, 1, 0.103462
80, 1, 0.103462
80.025, 1, 0.103328
80.05, 1, 0.103143
80.075, 1, 0.103143
80.1, 1, 0.102772
80.125, 1, 0.102772
80.15, 1, 0.102183
80.175, 1, 0.102183
80.2, 1, 0.102183
80.225, 1, 0.102183
80.25, 1, 0.10151
80.275, 1, 0.10151
80.3, 1, 0.10151
80.325, 1, 0.100507
80.35, 1, 0.0992661
80.375, 1, 0.0992661
80.4, 1, 0.0992661
80.425, 1, 0.0992661
80.45, 1, 0.0992661
80.475, 1, 0.0992661
80.5, 1, 0.0982809
80.525, 1, 0.0982809
80.55, 1, 0.0975187
80.575, 1, 0.0975187
80.6, 1, 0.0968609
80.625, 1, 0.0965344
80.65, 1, 0.0963682
80.675, 1, 0.0963682
80.7, 1, 0.0962412
80.725, 1, 0.0963601
80.75, 1, 0.0963601
80.775, 1, 0.0963601
80.8, 1, 0.096478
80.825, 1, 0.096478
80.85, 1, 0.0966183
80.875, 1, 0.0969804
80.9, 1, 0.0969804
80.925, 1, 0.0973364
80.95, 1, 0.0978851
80.975, 1, 0.0986089
81, 1, 0.0994757
81.025, 1, 0.0994757
81.05, 1, 0.100246
81.075, 1, 0.100246
81.1, 1, 0.100903
81.125, 1, 0.100903
81.15, 1, 0.101441
81.175, 1, 0.102
81.2, 1, 0.10256
81.225, 1, 0.103096
81.25, 1, 0.103096
81.275, 1, 0.103537
81.3, 1, 0.103537
81.325, 1, 0.103888
81.35, 1, 0.103888
81.375, 1, 0.103888
81.4, 1, 0.104135
81.425, 1, 0.10419
81.45, 1, 0.10419
81.475, 1, 0.10419
81.5, 1, 0.10419
81.525, 1, 0.10419
81.55, 1, 0.104562
81.575, 1, 0.104562
81.6, 1, 0.104562
81.625, 1, 0.104562
81.65, 1, 0.104742
81.675, 1, 0.104708
81.7, 1, 0.104708
81.725, 1, 0.104582
81.75, 1, 0.104582
81.775, 1, 0.104594
81.8, 1, 0.104594
81.825, 1, 0.104594
81.85, 1, 0.104594
81.875, 1, 0.104712
81.9, 1, 0.104714
81.925, 1, 0.104507
81.95, 1, 0.104507
81.975, 1, 0.104507
82, 1, 0.104329
82.025, 1, 0.104329
82.05, 1, 0.104329
82.075, 1, 0.104168
82.1, 1, 0.104168
82.125, 1, 0.104016
82.15, 1, 0.104016
82.175, 1, 0.103889
82.2, 1, 0.103889
82.225, 1, 0.103889
82.25, 1, 0.103889
82.275, 1, 0.103793
82.3, 1, 0.103766
82.325, 1, 0.103798
82.35, 1, 0.103798
82.375, 1, 0.103798
82.4, 1, 0.103798
82.425, 1, 0.103798
82.45, 1, 0.10386
82.475, 1, 0.10386
82.5, 1, 0.103878
82.525, 1, 0.103888
82.55, 1, 0.103888
82.575, 1, 0.103888
82.6, 1, 0.10384
82.625, 1, 0.10373
82.65, 1, 0.10373
82.675, 1, 0.103452
82.7, 1, 0.103452
82.725, 1, 0.103452
82.75, 1, 0.103452
82.775, 1, 0.103282
82.8, 1, 0.103282
82.825, 1, 0.103282
82.85, 1, 0.103093
82.875, 1, 0.103093
82.9, 1, 0.103093
82.925, 1, 0.103093
82.95, 1, 0.102808
82.975, 1, 0.102411
83, 1, 0.102411
83.025, 1, 0.102016
83.05, 1, 0.101734
83.075, 1, 0.101734
83.1, 1, 0.101734
83.125, 1, 0.101436
83.15, 1, 0.101436
83.175, 1, 0.101165
83.2, 1, 0.101165
83.225, 1, 0.100855
83.25, 1, 0.100855
83.275, 1, 0.100565
83.3, 1, 0.100565
83.325, 1, 0.100287
83.35, 1, 0.100287
83.375, 1, 0.100287
83.4, 1, 0.100287
83.425, 1, 0.100065
83.45, 1, 0.0998639
83.475, 1, 0.0996754
83.5, 1, 0.0996754
83.525, 1, 0.0996754
83.55, 1, 0.0996754
83.575, 1, 0.0995253
83.6, 1, 0.0993433
83.625, 1, 0.0991172
83.65, 1, 0.0991172
83.675, 1, 0.0988742
83.7, 1, 0.0988742
83.725, 1, 0.0986262
83.75, 1, 0.0983386
83.775, 1, 0.0979954
83.8, 1, 0.0979954
83.825, 1, 0.0979954
83.85, 1, 0.0976774
83.875, 1, 0.0976774
83.9, 1, 0.0976774
83.925, 1, 0.0976774
83.95, 1, 0.0973532
83.975, 1, 0.0970287
84, 1, 0.0970287
84.025, 1, 0.0970287
84.05, 1, 0.0967302
84.075, 1, 0.0965038
84.1, 1, 0.0963579
84.125, 1, 0.0963579
84.15, 1, 0.0962203
84.175, 1, 0.0961017
84.2, 1, 0.0961017
84.225, 1, 0.0961017
84.25, 1, 0.0961017
84.275, 1, 0.0961017
84.3, 1, 0.0961017
84.325, 1, 0.0961017
84.35, 1, 0.0960454
84.375, 1, 0.0960454
84.4, 1, 0.0960023
84.425, 1, 0.0959978
84.45, 1, 0.0959978
84.475, 1, 0.0959978
84.5, 1, 0.0959978
84.525, 1, 0.0959822
84.55, 1, 0.0959822
84.575, 1, 0.0959822
84.6, 1, 0.0959822
84.625, 1, 0.0959822
84.65, 1, 0.0959822
84.675, 1, 0.0959676
84.7, 1, 0.0959691
84.725, 1, 0.0959825
84.75, 1, 0.0960074
84.775, 1, 0.0960074
84.8, 1, 0.0960074
84.825, 1, 0.0960151
84.85, 1, 0.0960151
84.875, 1, 0.0960151
84.9, 1, 0.0960151
84.925, 1, 0.096035
84.95, 1, 0.096035
84.975, 1, 0.0960082
85, 1, 0.0959211
85.025, 1, 0.0957362
85.05, 1, 0.0957362
85.075, 1, 0.0957362
85.1, 1, 0.0957362
85.125, 1, 0.0957362
85.15, 1, 0.0957362
85.175, 1, 0.0957362
85.2, 1, 0.0957362
85.225, 1, 0.0955039
85.25, 1, 0.0955039
85.275, 1, 0.0955039
85.3, 1, 0.0955039
85.325, 1, 0.0952665
85.35, 1, 0.0952665
85.375, 1, 0.0952665
85.4, 1, 0.0952665
85.425, 1, 0.0952665
85.45, 1, 0.0952665
85.475, 1, 0.0952665
85.5, 1, 0.0952665
85.525, 1, 0.0954175
85.55, 1, 0.0954175
85.575, 1, 0.0955136
85.6, 1, 0.0955136
85.625, 1, 0.0955136
85.65, 1, 0.0956424
85.675, 1, 0.0958623
85.7, 1, 0.0958623
85.725, 1, 0.0958623
85.75, 1, 0.0961133
85.775, 1, 0.0961133
85.8, 1, 0.0963425
85.825, 1, 0.0963425
85.85, 1, 0.0963425
85.875, 1, 0.0963425
85.9, 1, 0.0965028
85.925, 1, 0.0965028
85.95, 1, 0.0965028
85.975, 1, 0.0965028
86, 1, 0.0965028
86.025, 1, 0.0965028
86.05, 1, 0.0968724
86.075, 1, 0.0971828
86.1, 1, 0.0974302
86.125, 1, 0.0976204
86.15, 1, 0.0976204
86.175, 1, 0.0976204
86.2, 1, 0.0976204
86.225, 1, 0.0976204
86.25, 1, 0.0976204
86.275, 1, 0.0976204
86.3, 1, 0.0976204
86.325, 1, 0.0976204
86.35, 1, 0.0978041
86.375, 1, 0.0979868
86.4, 1, 0.0981556
86.425, 1, 0.0981556
86.45, 1, 0.0981556
86.475, 1, 0.0981556
86.5, 1, 0.0981556
86.525, 1, 0.0981556
86.55, 1, 0.0981556
86.575, 1, 0.0981556
86.6, 1, 0.0983643
86.625, 1, 0.0983643
86.65, 1, 0.0985874
86.675, 1, 0.0985874
86.7, 1, 0.0985874
86.725, 1, 0.0985874
86.75, 1, 0.0985874
86.775, 1, 0.0989494
86.8, 1, 0.0989494
86.825, 1, 0.0992456
86.85, 1, 0.0992456
86.875, 1, 0.0992456
86.9, 1, 0.0996328
86.925, 1, 0.0996328
86.95, 1, 0.0996328
86.975, 1, 0.0996328
87, 1, 0.0999819
87.025, 1, 0.0999819
87.05, 1, 0.100339
87.075, 1, 0.100339
87.1, 1, 0.100339
87.125, 1, 0.100339
87.15, 1, 0.100686
87.175, 1, 0.100686
87.2, 1, 0.100996
87.225, 1, 0.100996
87.25, 1, 0.101241
87.275, 1, 0.101241
87.3, 1, 0.101241
87.325, 1, 0.101241
87.35, 1, 0.101455
87.375, 1, 0.101455
87.4, 1, 0.101455
87.425, 1, 0.101665
87.45, 1, 0.101875
87.475, 1, 0.102089
87.5, 1, 0.102089
87.525, 1, 0.102089
87.55, 1, 0.102089
87.575, 1, 0.102089
87.6, 1, 0.102089
87.625, 1, 0.102089
87.65, 1, 0.102089
87.675, 1, 0.102089
87.7, 1, 0.102089
87.725, 1, 0.102089
87.75, 1, 0.102367
87.775, 1, 0.102646
87.8, 1, 0.102646
87.825, 1, 0.102646
87.85, 1, 0.102646
87.875, 1, 0.102646
87.9, 1, 0.102646
87.925, 1, 0.102915
87.95, 1, 0.102915
87.975, 1, 0.103202
88, 1, 0.103202
88.025, 1, 0.103202
88.05, 1, 0.103202
88.075, 1, 0.103202
88.1, 1, 0.103612
88.125, 1, 0.103612
88.15, 1, 0.103991
88.175, 1, 0.104373
88.2, 1, 0.104742
88.225, 1, 0.104742
88.25, 1, 0.104961
88.275, 1, 0.104961
88.3, 1, 0.104961
88.325, 1, 0.104961
88.35, 1, 0.104961
88.375, 1, 0.105394
88.4, 1, 0.105822
88.425, 1, 0.105822
88.45, 1, 0.106244
88.475, 1, 0.106244
88.5, 1, 0.106244
88.525, 1, 0.106244
88.55, 1, 0.106607
88.575, 1, 0.106924
88.6, 1, 0.106924
88.625, 1, 0.107179
88.65, 1, 0.107179
88.675, 1, 0.107179
88.7, 1, 0.10739
88.725, 1, 0.10739
88.75, 1, 0.10739
88.775, 1, 0.10739
88.8, 1, 0.10739
88.825, 1, 0.107571
88.85, 1, 0.107571
88.875, 1, 0.107571
88.9, 1, 0.107571
88.925, 1, 0.107571
88.95, 1, 0.107571
88.975, 1, 0.107571
89, 1, 0.107747
89.025, 1, 0.107747
89.05, 1, 0.107948
89.075, 1, 0.108181
89.1, 1, 0.108181
89.125, 1, 0.108181
89.15, 1, 0.108181
89.175, 1, 0.108406
89.2, 1, 0.108406
89.225, 1, 0.108406
89.25, 1, 0.108406
89.275, 1, 0.108406
89.3, 1, 0.108518
89.325, 1, 0.108518
89.35, 1, 0.108518
89.375, 1, 0.108518
89.4, 1, 0.10876
89.425, 1, 0.10876
89.45, 1, 0.109013
89.475, 1, 0.109013
89.5, 1, 0.109231
89.525, 1, 0.109356
89.55, 1, 0.109356
89.575, 1, 0.109319
89.6, 1, 0.109154
89.625, 1, 0.109154
89.65, 1, 0.109049
89.675, 1, 0.109049
89.7, 1, 0.10899
89.725, 1, 0.10899
89.75, 1, 0.108944
89.775, 1, 0.108944
89.8, 1, 0.10884
89.825, 1, 0.108662
89.85, 1, 0.108393
89.875, 1, 0.108093
89.9, 1, 0.108093
89.925, 1, 0.107809
89.95, 1, 0.107809
89.975, 1, 0.107534
