0, 8.04074, -2.69186
0.025, 8.04074, -2.69186
0.05, 8.04074, -2.69186
0.075, 1.62542, -0.162525
0.1, 1.62542, -0.162525
0.125, 5.89137, -0.159901
0.15, 5.89137, -0.159901
0.175, 0.550094, 2.97773
0.2, 0.078756, 2.97802
0.225, 0.078756, 2.97802
0.25, 0.078756, 2.97802
0.275, 0.078756, 2.97802
0.3, 0.078756, 2.97802
0.325, 0.147008, -0.163433
0.35, 0.17454, -0.163417
0.375, 0.17454, -0.163417
0.4, 0.189945, -0.163409
0.425, 0.204994, -0.163401
0.45, 0.225678, -0.16339
0.475, 0.255272, -0.16338
0.5, 0.290708, -0.163379
0.525, 0.330457, -0.163403
0.55, 0.330457, -0.163403
0.575, 0.330457, -0.163403
0.6, 0.430973, -0.163641
0.625, 0.525418, -0.164226
0.65, 0.619864, -0.165091
0.675, 0.714182, -0.166357
0.7, 0.803309, -0.168121
0.725, 0.803309, -0.168121
0.75, 0.931244, -0.172455
0.775, 1.13078, -0.183836
0.8, 1.13078, -0.183836
0.825, 1.48829, -0.21905
0.85, 1.48829, -0.21905
0.875, 1.48829, -0.21905
0.9, 2.15476, -0.352171
0.925, 2.15476, -0.352171
0.95, 2.91308, -0.618087
0.975, 3.18176, -0.791975
1, 3.18176, -0.791975
1.025, 1.93529, -1.8736
1.05, 2.19347, -1.77936
1.075, 2.42194, -1.69562
1.1, 2.74088, -1.57438
1.125, 2.74088, -1.57438
1.15, 2.74088, -1.57438
1.175, 1.79915, -1.8692
1.2, 2.46304, -1.66999
1.225, 2.49796, -1.65939
1.25, 2.32537, -1.70747
1.275, 2.32537, -1.70747
1.3, 1.74996, -1.8409
1.325, 1.74996, -1.8409
1.35, 1.56246, -1.88055
1.375, 1.56246, -1.88055
1.4, 1.56246, -1.88055
1.425, 1.56246, -1.88055
1.45, 1.266, -1.93374
1.475, 1.57573, -1.87027
1.5, 1.7327, -1.8386
1.525, 1.7327, -1.8386
1.55, 1.84296, -1.81902
1.575, 1.84296, -1.81902
1.6, 1.84296, -1.81902
1.625, 1.84296, -1.81902
1.65, 1.84296, -1.81902
1.675, 1.84296, -1.81902
1.7, 1.90972, -1.81039
1.725, 2.0522, -1.78751
1.75, 2.0522, -1.78751
1.775, 2.20625, -1.76189
1.8, 2.20625, -1.76189
1.825, 2.29618, -1.74701
1.85, 2.34815, -1.74038
1.875, 2.38969, -1.7354
1.9, 2.38969, -1.7354
1.925, 2.42912, -1.72838
1.95, 2.42912, -1.72838
1.975, 2.45952, -1.72146
2, 2.45952, -1.72146
2.025, 2.45952, -1.72146
2.05, 2.45952, -1.72146
2.075, 2.42698, -1.71798
2.1, 2.50319, -1.7118
2.125, 2.50319, -1.7118
2.15, 2.51612, -1.70921
2.175, 2.51612, -1.70921
2.2, 2.51612, -1.70921
2.225, 2.51612, -1.70921
2.25, 2.48365, -1.70782
2.275, 2.53899, -1.70045
2.3, 2.53899, -1.70045
2.325, 2.53899, -1.70045
2.35, 2.53899, -1.70045
2.375, 2.41298, -1.69851
2.4, 2.41298, -1.69851
2.425, 2.41298, -1.69851
2.45, 2.3165, -1.69435
2.475, 2.3165, -1.69435
2.5, 2.19913, -1.68502
2.525, 2.19913, -1.68502
2.55, 2.19913, -1.68502
2.575, 2.00448, -1.67653
2.6, 2.00448, -1.67653
2.625, 2.00448, -1.67653
2.65, 1.84562, -1.66949
2.675, 1.71311, -1.66102
2.7, 1.65912, -1.65759
2.725, 1.6243, -1.65536
2.75, 1.6243, -1.65536
2.775, 1.6243, -1.65536
2.8, 1.6243, -1.65536
2.825, 1.6243, -1.65536
2.85, 1.6243, -1.65536
2.875, 1.6243, -1.65536
2.9, 1.55877, -1.64412
2.925, 1.65509, -1.64784
2.95, 1.65509, -1.64784
2.975, 1.68667, -1.65037
3, 1.68667, -1.65037
3.025, 1.71062, -1.65239
3.05, 1.71062, -1.65239
3.075, 1.74201, -1.6559
3.1, 1.74201, -1.6559
3.125, 1.74201, -1.6559
3.15, 1.74201, -1.6559
3.175, 1.76101, -1.64921
3.2, 1.82031, -1.65262
3.225, 1.82031, -1.65262
3.25, 1.8317, -1.65521
3.275, 1.87726, -1.65942
3.3, 1.87726, -1.65942
3.325, 1.87726, -1.65942
3.35, 1.83427, -1.66769
3.375, 1.83427, -1.66769
3.4, 1.78191, -1.67866
3.425, 1.78191, -1.67866
3.45, 1.78191, -1.67866
3.475, 1.78191, -1.67866
3.5, 1.80841, -1.6754
3.525, 1.80841, -1.6754
3.55, 1.80841, -1.6754
3.575, 1.80841, -1.6754
3.6, 1.69626, -1.68611
3.625, 1.5743, -1.70124
3.65, 1.47916, -1.71225
3.675, 1.47916, -1.71225
3.7, 1.48663, -1.71153
3.725, 1.48841, -1.71134
3.75, 1.5077, -1.70943
3.775, 1.51547, -1.7087
3.8, 1.51547, -1.7087
3.825, 1.51503, -1.70874
3.85, 1.51503, -1.70874
3.875, 1.51503, -1.70874
3.9, 1.51503, -1.70874
3.925, 1.51503, -1.70874
3.95, 1.51503, -1.70874
3.975, 1.48497, -1.71301
4, 1.48497, -1.71301
4.025, 1.51673, -1.71067
4.05, 1.57818, -1.70671
4.075, 1.63753, -1.70285
4.1, 1.6935, -1.69915
4.125, 1.6935, -1.69915
4.15, 1.6935, -1.69915
4.175, 1.6935, -1.69915
4.2, 1.6935, -1.69915
4.225, 1.6935, -1.69915
4.25, 1.6935, -1.69915
4.275, 1.6935, -1.69915
4.3, 1.6935, -1.69915
4.325, 1.6935, -1.69915
4.35, 1.6935, -1.69915
4.375, 1.88206, -1.69954
4.4, 1.88206, -1.69954
4.425, 1.88206, -1.69954
4.45, 1.88206, -1.69954
4.475, 1.87124, -1.69807
4.5, 1.87124, -1.69807
4.525, 1.86044, -1.69538
4.55, 1.86044, -1.69538
4.575, 1.84413, -1.6928
4.6, 1.84413, -1.6928
4.625, 1.84413, -1.6928
4.65, 1.84413, -1.6928
4.675, 1.84413, -1.6928
4.7, 1.77649, -1.69067
4.725, 1.77649, -1.69067
4.75, 1.77649, -1.69067
4.775, 1.75997, -1.68998
4.8, 1.75584, -1.68979
4.825, 1.73734, -1.68897
4.85, 1.70438, -1.68764
4.875, 1.66952, -1.6864
4.9, 1.6318, -1.68518
4.925, 1.60679, -1.68443
4.95, 1.60679, -1.68443
4.975, 1.61236, -1.68464
5, 1.64258, -1.68572
5.025, 1.64258, -1.68572
5.05, 1.64258, -1.68572
5.075, 1.64746, -1.68622
5.1, 1.67158, -1.68722
5.125, 1.68924, -1.68795
5.15, 1.70598, -1.68867
5.175, 1.70598, -1.68867
5.2, 1.70598, -1.68867
5.225, 1.70999, -1.68961
5.25, 1.70999, -1.68961
5.275, 1.71862, -1.69123
5.3, 1.73591, -1.69308
5.325, 1.75264, -1.69524
5.35, 1.75264, -1.69524
5.375, 1.75264, -1.69524
5.4, 1.75264, -1.69524
5.425, 1.75264, -1.69524
5.45, 1.75264, -1.69524
5.475, 1.75264, -1.69524
5.5, 1.81322, -1.68814
5.525, 1.80023, -1.69151
5.55, 1.77959, -1.69566
5.575, 1.74801, -1.70056
5.6, 1.70052, -1.70652
5.625, 1.70052, -1.70652
5.65, 1.70052, -1.70652
5.675, 1.65124, -1.71064
5.7, 1.60648, -1.71434
5.725, 1.58353, -1.71613
5.75, 1.57788, -1.71655
5.775, 1.57788, -1.71655
5.8, 1.57788, -1.71655
5.825, 1.57788, -1.71655
5.85, 1.57788, -1.71655
5.875, 1.57788, -1.71655
5.9, 1.57471, -1.71674
5.925, 1.60222, -1.71524
5.95, 1.62816, -1.71385
5.975, 1.6749, -1.71139
6, 1.6749, -1.71139
6.025, 1.6749, -1.71139
6.05, 1.70596, -1.7098
6.075, 1.70596, -1.7098
6.1, 1.76499, -1.70683
6.125, 1.83873, -1.70318
6.15, 1.83873, -1.70318
6.175, 1.83873, -1.70318
6.2, 1.84312, -1.70291
6.225, 1.8881, -1.7006
6.25, 1.8881, -1.7006
6.275, 1.91127, -1.6992
6.3, 1.91127, -1.6992
6.325, 1.91127, -1.6992
6.35, 1.91127, -1.6992
6.375, 1.91127, -1.6992
6.4, 1.90996, -1.69919
6.425, 1.93259, -1.6964
6.45, 1.93259, -1.6964
6.475, 1.93259, -1.6964
6.5, 1.92778, -1.69583
6.525, 1.92778, -1.69583
6.55, 1.92778, -1.69583
6.575, 1.92778, -1.69583
6.6, 1.92778, -1.69583
6.625, 1.92778, -1.69583
6.65, 1.92778, -1.69583
6.675, 1.92778, -1.69583
6.7, 1.92778, -1.69583
6.725, 1.92778, -1.69583
6.75, 1.92778, -1.69583
6.775, 1.92778, -1.69583
6.8, 1.92778, -1.69583
6.825, 1.98625, -1.69612
6.85, 1.98625, -1.69612
6.875, 1.98625, -1.69612
6.9, 1.96022, -1.69465
6.925, 1.94209, -1.69385
6.95, 1.94209, -1.69385
6.975, 1.94209, -1.69385
7, 1.86535, -1.69011
7.025, 1.86535, -1.69011
7.05, 1.87601, -1.69054
7.075, 1.9052, -1.69166
7.1, 1.9052, -1.69166
7.125, 1.9032, -1.69153
7.15, 1.9032, -1.69153
7.175, 1.85704, -1.68925
7.2, 1.80255, -1.68767
7.225, 1.77127, -1.68684
7.25, 1.77127, -1.68684
7.275, 1.77127, -1.68684
7.3, 1.80446, -1.68962
7.325, 1.80446, -1.68962
7.35, 1.80446, -1.68962
7.375, 1.80934, -1.69174
7.4, 1.80934, -1.69174
7.425, 1.80934, -1.69174
7.45, 1.80934, -1.69174
7.475, 1.81238, -1.69018
7.5, 1.81238, -1.69018
7.525, 1.81505, -1.69359
7.55, 1.82447, -1.69822
7.575, 1.82715, -1.70191
7.6, 1.82715, -1.70191
7.625, 1.82715, -1.70191
7.65, 1.82715, -1.70191
7.675, 1.82715, -1.70191
7.7, 1.82068, -1.70252
7.725, 1.82068, -1.70252
7.75, 1.82068, -1.70252
7.775, 1.82068, -1.70252
7.8, 1.83078, -1.70169
7.825, 1.81131, -1.70358
7.85, 1.79404, -1.70511
7.875, 1.79404, -1.70511
7.9, 1.73487, -1.70942
7.925, 1.73487, -1.70942
7.95, 1.73487, -1.70942
7.975, 1.71058, -1.71082
8, 1.71058, -1.71082
8.025, 1.71058, -1.71082
8.05, 1.71058, -1.71082
8.075, 1.71058, -1.71082
8.1, 1.71058, -1.71082
8.125, 1.68393, -1.71257
8.15, 1.68393, -1.71257
8.175, 1.68393, -1.71257
8.2, 1.7004, -1.71174
8.225, 1.7004, -1.71174
8.25, 1.74523, -1.70955
8.275, 1.74523, -1.70955
8.3, 1.78007, -1.70773
8.325, 1.84393, -1.70489
8.35, 1.84393, -1.70489
8.375, 1.86877, -1.70349
8.4, 1.92203, -1.70086
8.425, 1.97146, -1.69817
8.45, 1.97146, -1.69817
8.475, 1.97146, -1.69817
8.5, 1.97146, -1.69817
8.525, 1.97146, -1.69817
8.55, 1.97146, -1.69817
8.575, 1.97146, -1.69817
8.6, 2.00743, -1.69805
8.625, 2.00743, -1.69805
8.65, 1.98797, -1.69534
8.675, 1.98797, -1.69534
8.7, 1.98797, -1.69534
8.725, 1.98797, -1.69534
8.75, 1.98797, -1.69534
8.775, 1.98797, -1.69534
8.8, 2.01523, -1.69576
8.825, 1.98761, -1.69389
8.85, 1.98761, -1.69389
8.875, 1.98761, -1.69389
8.9, 1.98761, -1.69389
8.925, 1.98761, -1.69389
8.95, 1.93722, -1.69216
8.975, 1.91003, -1.69115
9, 1.91003, -1.69115
9.025, 1.91003, -1.69115
9.05, 1.87189, -1.68921
9.075, 1.87189, -1.68921
9.1, 1.87189, -1.68921
9.125, 1.87189, -1.68921
9.15, 1.85032, -1.68799
9.175, 1.86162, -1.68836
9.2, 1.86162, -1.68836
9.225, 1.86007, -1.68829
9.25, 1.86007, -1.68829
9.275, 1.86007, -1.68829
9.3, 1.86007, -1.68829
9.325, 1.86007, -1.68829
9.35, 1.86007, -1.68829
9.375, 1.86007, -1.68829
9.4, 1.86183, -1.68441
9.425, 1.86183, -1.68441
9.45, 1.86183, -1.68441
9.475, 1.86384, -1.68465
9.5, 1.86384, -1.68465
9.525, 1.87336, -1.68539
9.55, 1.89046, -1.68641
9.575, 1.89046, -1.68641
9.6, 1.90963, -1.68907
9.625, 1.9481, -1.69397
9.65, 1.97794, -1.69959
9.675, 1.97794, -1.69959
9.7, 1.9728, -1.70235
9.725, 1.97546, -1.70477
9.75, 1.97529, -1.70582
9.775, 1.97529, -1.70582
9.8, 1.97529, -1.70582
9.825, 1.97529, -1.70582
9.85, 1.97529, -1.70582
9.875, 1.97529, -1.70582
9.9, 1.97529, -1.70582
9.925, 1.93914, -1.70838
9.95, 1.93914, -1.70838
9.975, 1.91839, -1.70997
10, 1.91839, -1.70997
10.025, 1.93047, -1.70907
10.05, 1.94641, -1.70798
10.075, 1.9504, -1.70773
10.1, 1.9504, -1.70773
10.125, 1.9504, -1.70773
10.15, 1.9504, -1.70773
10.175, 1.93882, -1.70851
10.2, 1.95136, -1.70789
10.225, 1.95136, -1.70789
10.25, 1.95136, -1.70789
10.275, 1.95136, -1.70789
10.3, 1.95136, -1.70789
10.325, 1.95136, -1.70789
10.35, 1.95143, -1.70787
10.375, 1.95143, -1.70787
10.4, 1.97923, -1.70619
10.425, 1.97923, -1.70619
10.45, 2.00519, -1.70468
10.475, 2.05389, -1.70232
10.5, 2.05389, -1.70232
10.525, 2.05389, -1.70232
10.55, 2.05598, -1.70161
10.575, 2.10107, -1.69812
10.6, 2.10107, -1.69812
10.625, 2.10194, -1.69653
10.65, 2.10194, -1.69653
10.675, 2.10194, -1.69653
10.7, 2.10194, -1.69653
10.725, 2.10194, -1.69653
10.75, 2.08702, -1.69635
10.775, 2.05204, -1.69263
10.8, 1.99994, -1.68884
10.825, 1.95413, -1.68616
10.85, 1.95413, -1.68616
10.875, 1.95413, -1.68616
10.9, 1.95413, -1.68616
10.925, 1.90238, -1.68471
10.95, 1.90238, -1.68471
10.975, 1.90238, -1.68471
11, 1.90238, -1.68471
11.025, 1.90238, -1.68471
11.05, 1.90238, -1.68471
11.075, 1.96219, -1.68633
11.1, 2.03704, -1.6887
11.125, 2.03704, -1.6887
11.15, 2.03704, -1.6887
11.175, 2.03704, -1.6887
11.2, 1.8877, -1.681
11.225, 1.80971, -1.67981
11.25, 1.77831, -1.67933
11.275, 1.79995, -1.6797
11.3, 1.79995, -1.6797
11.325, 1.79995, -1.6797
11.35, 1.825, -1.68176
11.375, 1.825, -1.68176
11.4, 1.81384, -1.68111
11.425, 1.83447, -1.68157
11.45, 1.84692, -1.68188
11.475, 1.87628, -1.68272
11.5, 1.87628, -1.68272
11.525, 1.88559, -1.68375
11.55, 1.91234, -1.68509
11.575, 1.93565, -1.68635
11.6, 1.95551, -1.68762
11.625, 1.97646, -1.68941
11.65, 1.97646, -1.68941
11.675, 1.97646, -1.68941
11.7, 1.97646, -1.68941
11.725, 1.95033, -1.69251
11.75, 1.95033, -1.69251
11.775, 1.91028, -1.69777
11.8, 1.86664, -1.7042
11.825, 1.82355, -1.7097
11.85, 1.78074, -1.71453
11.875, 1.74089, -1.71841
11.9, 1.70411, -1.72154
11.925, 1.70411, -1.72154
11.95, 1.63848, -1.72601
11.975, 1.5859, -1.72943
12, 1.54959, -1.7317
12.025, 1.5539, -1.73144
12.05, 1.5539, -1.73144
12.075, 1.5539, -1.73144
12.1, 1.5539, -1.73144
12.125, 1.5539, -1.73144
12.15, 1.53865, -1.73215
12.175, 1.59358, -1.72967
12.2, 1.65834, -1.72677
12.225, 1.65834, -1.72677
12.25, 1.65834, -1.72677
12.275, 1.64643, -1.72724
12.3, 1.69512, -1.72529
12.325, 1.76835, -1.72245
12.35, 1.86325, -1.71884
12.375, 1.94542, -1.71574
12.4, 1.94542, -1.71574
12.425, 1.94542, -1.71574
12.45, 1.94542, -1.71574
12.475, 1.94542, -1.71574
12.5, 1.94542, -1.71574
12.525, 1.94542, -1.71574
12.55, 1.94542, -1.71574
12.575, 1.94542, -1.71574
12.6, 1.94542, -1.71574
12.625, 1.94542, -1.71574
12.65, 1.94542, -1.71574
12.675, 1.94542, -1.71574
12.7, 2.08534, -1.71001
12.725, 2.08534, -1.71001
12.75, 2.08534, -1.71001
12.775, 2.08534, -1.71001
12.8, 2.08534, -1.71001
12.825, 2.08534, -1.71001
12.85, 2.0765, -1.70951
12.875, 2.0765, -1.70951
12.9, 2.05502, -1.70711
12.925, 2.02798, -1.7044
12.95, 2.02798, -1.7044
12.975, 2.02798, -1.7044
13, 2.02798, -1.7044
13.025, 2.02798, -1.7044
13.05, 2.02798, -1.7044
13.075, 1.95786, -1.70157
13.1, 1.89312, -1.69887
13.125, 1.89312, -1.69887
13.15, 1.89312, -1.69887
13.175, 1.89312, -1.69887
13.2, 1.82841, -1.69629
13.225, 1.82841, -1.69629
13.25, 1.82841, -1.69629
13.275, 1.74535, -1.6936
13.3, 1.72129, -1.69293
13.325, 1.72129, -1.69293
13.35, 1.72129, -1.69293
13.375, 1.75225, -1.69437
13.4, 1.75225, -1.69437
13.425, 1.76839, -1.69508
13.45, 1.76839, -1.69508
13.475, 1.76031, -1.69473
13.5, 1.76031, -1.69473
13.525, 1.76031, -1.69473
13.55, 1.72981, -1.69312
13.575, 1.72981, -1.69312
13.6, 1.72981, -1.69312
13.625, 1.72981, -1.69312
13.65, 1.74909, -1.69605
13.675, 1.80618, -1.69975
13.7, 1.84887, -1.70283
13.725, 1.84887, -1.70283
13.75, 1.84887, -1.70283
13.775, 1.84743, -1.70222
13.8, 1.85576, -1.70369
13.825, 1.86401, -1.70612
13.85, 1.86819, -1.70948
13.875, 1.86819, -1.70948
13.9, 1.85975, -1.71205
13.925, 1.85975, -1.71205
13.95, 1.85975, -1.71205
13.975, 1.85975, -1.71205
14, 1.81147, -1.71682
14.025, 1.76994, -1.72127
14.05, 1.74143, -1.724
14.075, 1.74143, -1.724
14.1, 1.74143, -1.724
14.125, 1.74143, -1.724
14.15, 1.76137, -1.72253
14.175, 1.77406, -1.72162
14.2, 1.77406, -1.72162
14.225, 1.77237, -1.72173
14.25, 1.76014, -1.72246
14.275, 1.7735, -1.7217
14.3, 1.80617, -1.71989
14.325, 1.83951, -1.71808
14.35, 1.87785, -1.7161
14.375, 1.90137, -1.71493
14.4, 1.90764, -1.71465
14.425, 1.90764, -1.71465
14.45, 1.90764, -1.71465
14.475, 1.90764, -1.71465
14.5, 1.90764, -1.71465
14.525, 1.91567, -1.71415
14.55, 1.91567, -1.71415
14.575, 1.91567, -1.71415
14.6, 1.92691, -1.71358
14.625, 1.92691, -1.71358
14.65, 1.92691, -1.71358
14.675, 1.95063, -1.71226
14.7, 1.95063, -1.71226
14.725, 1.97773, -1.71054
14.75, 1.97773, -1.71054
14.775, 1.97773, -1.71054
14.8, 1.98053, -1.71001
14.825, 2.01055, -1.70782
14.85, 2.01055, -1.70782
14.875, 2.01055, -1.70782
14.9, 2.00099, -1.70622
14.925, 2.00466, -1.70196
14.95, 1.97575, -1.69645
14.975, 1.97575, -1.69645
15, 1.92546, -1.6945
15.025, 1.92546, -1.6945
15.05, 1.92105, -1.69426
15.075, 1.90214, -1.69271
15.1, 1.86958, -1.69057
15.125, 1.86958, -1.69057
15.15, 1.80726, -1.68821
15.175, 1.80726, -1.68821
15.2, 1.80726, -1.68821
15.225, 1.80726, -1.68821
15.25, 1.80726, -1.68821
15.275, 1.77839, -1.68741
15.3, 1.77839, -1.68741
15.325, 1.77839, -1.68741
15.35, 1.73706, -1.68615
15.375, 1.73706, -1.68615
15.4, 1.68019, -1.68466
15.425, 1.68242, -1.6847
15.45, 1.70817, -1.68528
15.475, 1.70817, -1.68528
15.5, 1.70817, -1.68528
15.525, 1.70817, -1.68528
15.55, 1.70186, -1.68456
15.575, 1.75089, -1.68598
15.6, 1.75089, -1.68598
15.625, 1.75505, -1.68617
15.65, 1.75505, -1.68617
15.675, 1.75505, -1.68617
15.7, 1.75505, -1.68617
15.725, 1.75505, -1.68617
15.75, 1.75505, -1.68617
15.775, 1.75505, -1.68617
15.8, 1.75505, -1.68617
15.825, 1.79938, -1.67818
15.85, 1.83123, -1.67985
15.875, 1.86299, -1.68198
15.9, 1.86299, -1.68198
15.925, 1.87455, -1.68621
15.95, 1.87455, -1.68621
15.975, 1.85367, -1.69281
16, 1.85367, -1.69281
16.025, 1.85367, -1.69281
16.05, 1.84536, -1.69363
16.075, 1.84536, -1.69363
16.1, 1.82076, -1.69632
16.125, 1.79445, -1.69903
16.15, 1.79445, -1.69903
16.175, 1.79445, -1.69903
16.2, 1.79445, -1.69903
16.225, 1.72284, -1.70343
16.25, 1.62702, -1.70896
16.275, 1.62702, -1.70896
16.3, 1.62702, -1.70896
16.325, 1.64636, -1.70807
16.35, 1.69027, -1.70605
16.375, 1.73331, -1.70409
16.4, 1.77101, -1.70238
16.425, 1.77101, -1.70238
16.45, 1.78504, -1.70171
16.475, 1.78504, -1.70171
16.5, 1.7551, -1.70285
16.525, 1.75835, -1.70275
16.55, 1.76981, -1.70242
16.575, 1.76981, -1.70242
16.6, 1.79119, -1.7017
16.625, 1.79119, -1.7017
16.65, 1.81988, -1.70052
16.675, 1.86591, -1.69898
16.7, 1.86591, -1.69898
16.725, 1.87561, -1.69857
16.75, 1.90837, -1.69753
16.775, 1.90837, -1.69753
16.8, 1.91839, -1.69682
16.825, 1.91839, -1.69682
16.85, 1.91839, -1.69682
16.875, 1.91193, -1.69655
16.9, 1.91193, -1.69655
16.925, 1.90506, -1.69558
16.95, 1.90506, -1.69558
16.975, 1.8871, -1.69431
17, 1.8871, -1.69431
17.025, 1.84954, -1.69262
17.05, 1.79426, -1.68921
17.075, 1.73659, -1.68639
17.1, 1.73659, -1.68639
17.125, 1.73659, -1.68639
17.15, 1.73659, -1.68639
17.175, 1.76485, -1.68713
17.2, 1.76485, -1.68713
17.225, 1.76485, -1.68713
17.25, 1.76485, -1.68713
17.275, 1.68842, -1.68465
17.3, 1.68842, -1.68465
17.325, 1.69885, -1.68498
17.35, 1.75701, -1.68701
17.375, 1.78733, -1.68818
17.4, 1.80082, -1.68868
17.425, 1.80542, -1.68884
17.45, 1.80542, -1.68884
17.475, 1.80542, -1.68884
17.5, 1.80542, -1.68884
17.525, 1.73529, -1.68456
17.55, 1.73529, -1.68456
17.575, 1.73529, -1.68456
17.6, 1.73529, -1.68456
17.625, 1.73529, -1.68456
17.65, 1.72143, -1.68259
17.675, 1.72143, -1.68259
17.7, 1.72143, -1.68259
17.725, 1.72143, -1.68259
17.75, 1.72143, -1.68259
17.775, 1.72143, -1.68259
17.8, 1.73408, -1.6753
17.825, 1.73408, -1.6753
17.85, 1.73408, -1.6753
17.875, 1.75038, -1.67653
17.9, 1.75038, -1.67653
17.925, 1.75038, -1.67653
17.95, 1.75914, -1.67846
17.975, 1.75914, -1.67846
18, 1.75914, -1.67846
18.025, 1.75914, -1.67846
18.05, 1.75914, -1.67846
18.075, 1.75929, -1.67845
18.1, 1.75929, -1.67845
18.125, 1.75929, -1.67845
18.15, 1.75929, -1.67845
18.175, 1.75929, -1.67845
18.2, 1.75929, -1.67845
18.225, 1.73431, -1.67953
18.25, 1.69703, -1.68321
18.275, 1.69703, -1.68321
18.3, 1.65508, -1.68618
18.325, 1.61903, -1.68868
18.35, 1.61903, -1.68868
18.375, 1.61903, -1.68868
18.4, 1.61903, -1.68868
18.425, 1.59289, -1.69014
18.45, 1.59289, -1.69014
18.475, 1.59289, -1.69014
18.5, 1.55094, -1.69236
18.525, 1.56366, -1.69196
18.55, 1.56366, -1.69196
18.575, 1.56526, -1.6919
18.6, 1.56526, -1.6919
18.625, 1.57009, -1.69176
18.65, 1.57009, -1.69176
18.675, 1.57009, -1.69176
18.7, 1.57954, -1.69113
18.725, 1.64468, -1.68953
18.75, 1.68877, -1.68846
18.775, 1.68877, -1.68846
18.8, 1.69155, -1.68836
18.825, 1.71888, -1.68784
18.85, 1.71888, -1.68784
18.875, 1.73769, -1.68688
18.9, 1.73769, -1.68688
18.925, 1.73769, -1.68688
18.95, 1.73769, -1.68688
18.975, 1.73769, -1.68688
19, 1.83727, -1.68818
19.025, 1.84566, -1.68593
19.05, 1.84566, -1.68593
19.075, 1.83559, -1.68459
19.1, 1.82033, -1.68164
19.125, 1.82033, -1.68164
19.15, 1.71355, -1.67617
19.175, 1.71355, -1.67617
19.2, 1.60737, -1.67212
19.225, 1.48331, -1.66604
19.25, 1.36278, -1.6606
19.275, 1.30219, -1.65806
19.3, 1.30219, -1.65806
19.325, 1.30219, -1.65806
19.35, 1.28422, -1.65744
19.375, 1.27038, -1.65694
19.4, 1.2749, -1.6571
19.425, 1.2749, -1.6571
19.45, 1.2749, -1.6571
19.475, 1.2749, -1.6571
19.5, 1.29535, -1.65832
19.525, 1.29535, -1.65832
19.55, 1.29535, -1.65832
19.575, 1.29535, -1.65832
19.6, 1.27798, -1.65715
19.625, 1.40956, -1.66101
19.65, 1.55425, -1.66565
19.675, 1.55425, -1.66565
19.7, 1.5696, -1.66654
19.725, 1.64457, -1.66879
19.75, 1.64457, -1.66879
19.775, 1.66105, -1.66978
19.8, 1.70934, -1.67127
19.825, 1.76501, -1.67306
19.85, 1.76501, -1.67306
19.875, 1.76501, -1.67306
19.9, 1.76501, -1.67306
19.925, 1.76501, -1.67306
19.95, 1.76501, -1.67306
19.975, 1.80276, -1.66642
20, 1.87084, -1.67148
20, 1.66256, -1.67849
20.025, 1.6725, -1.67848
20.05, 1.68247, -1.6785
20.075, 1.68247, -1.6785
20.1, 1.68247, -1.6785
20.125, 1.68247, -1.6785
20.15, 1.69205, -1.67858
20.175, 1.69205, -1.67858
20.2, 1.69205, -1.67858
20.225, 1.70099, -1.67873
20.25, 1.71025, -1.67898
20.275, 1.71025, -1.67898
20.3, 1.71912, -1.67919
20.325, 1.72775, -1.67941
20.35, 1.72775, -1.67941
20.375, 1.72775, -1.67941
20.4, 1.73606, -1.6796
20.425, 1.73606, -1.6796
20.45, 1.74415, -1.67982
20.475, 1.74415, -1.67982
20.5, 1.75189, -1.68008
20.525, 1.75951, -1.68039
20.55, 1.75951, -1.68039
20.575, 1.76686, -1.68069
20.6, 1.77399, -1.68101
20.625, 1.77399, -1.68101
20.65, 1.77399, -1.68101
20.675, 1.77399, -1.68101
20.7, 1.77399, -1.68101
20.725, 1.78141, -1.68127
20.75, 1.78141, -1.68127
20.775, 1.78835, -1.68155
20.8, 1.78835, -1.68155
20.825, 1.79479, -1.68186
20.85, 1.79479, -1.68186
20.875, 1.79479, -1.68186
20.9, 1.80074, -1.68218
20.925, 1.80599, -1.68256
20.95, 1.81059, -1.68298
20.975, 1.81059, -1.68298
21, 1.81457, -1.68343
21.025, 1.81777, -1.68392
21.05, 1.82008, -1.68448
21.075, 1.82123, -1.68511
21.1, 1.82133, -1.68579
21.125, 1.82133, -1.68579
21.15, 1.82133, -1.68579
21.175, 1.82133, -1.68579
21.2, 1.82133, -1.68579
21.225, 1.82415, -1.68629
21.25, 1.82415, -1.68629
21.275, 1.82717, -1.68674
21.3, 1.83, -1.68719
21.325, 1.83212, -1.68766
21.35, 1.83212, -1.68766
21.375, 1.83308, -1.68818
21.4, 1.83308, -1.68818
21.425, 1.83451, -1.68866
21.45, 1.83451, -1.68866
21.475, 1.83698, -1.68904
21.5, 1.84023, -1.68934
21.525, 1.84023, -1.68934
21.55, 1.84352, -1.68962
21.575, 1.84676, -1.68988
21.6, 1.84676, -1.68988
21.625, 1.84676, -1.68988
21.65, 1.84676, -1.68988
21.675, 1.84676, -1.68988
21.7, 1.84676, -1.68988
21.725, 1.84676, -1.68988
21.75, 1.84676, -1.68988
21.775, 1.85001, -1.69011
21.8, 1.85001, -1.69011
21.825, 1.85001, -1.69011
21.85, 1.85001, -1.69011
21.875, 1.85302, -1.69031
21.9, 1.85302, -1.69031
21.925, 1.85302, -1.69031
21.95, 1.85592, -1.6905
21.975, 1.85592, -1.6905
22, 1.85876, -1.69066
22.025, 1.85876, -1.69066
22.05, 1.85876, -1.69066
22.075, 1.85876, -1.69066
22.1, 1.86154, -1.69081
22.125, 1.86421, -1.69093
22.15, 1.86678, -1.69105
22.175, 1.86925, -1.69115
22.2, 1.87164, -1.69124
22.225, 1.87394, -1.69132
22.25, 1.87394, -1.69132
22.275, 1.87394, -1.69132
22.3, 1.87618, -1.69139
22.325, 1.87832, -1.69145
22.35, 1.87832, -1.69145
22.375, 1.88039, -1.69151
22.4, 1.88238, -1.69156
22.425, 1.88428, -1.69161
22.45, 1.88614, -1.69166
22.475, 1.88614, -1.69166
22.5, 1.88614, -1.69166
22.525, 1.88614, -1.69166
22.55, 1.88813, -1.6917
22.575, 1.88813, -1.6917
22.6, 1.88813, -1.6917
22.625, 1.89023, -1.6917
22.65, 1.89023, -1.6917
22.675, 1.89023, -1.6917
22.7, 1.89023, -1.6917
22.725, 1.89023, -1.6917
22.75, 1.89023, -1.6917
22.775, 1.89023, -1.6917
22.8, 1.89189, -1.69172
22.825, 1.89331, -1.69177
22.85, 1.89471, -1.69182
22.875, 1.89471, -1.69182
22.9, 1.89609, -1.69184
22.925, 1.89609, -1.69184
22.95, 1.89731, -1.69185
22.975, 1.89847, -1.69186
23, 1.89847, -1.69186
23.025, 1.89958, -1.69187
23.05, 1.90064, -1.69188
23.075, 1.90163, -1.6919
23.1, 1.90259, -1.69192
23.125, 1.90259, -1.69192
23.15, 1.90259, -1.69192
23.175, 1.90359, -1.69193
23.2, 1.90359, -1.69193
23.225, 1.90359, -1.69193
23.25, 1.90453, -1.69195
23.275, 1.90453, -1.69195
23.3, 1.90536, -1.69196
23.325, 1.90604, -1.69199
23.35, 1.90657, -1.69203
23.375, 1.90693, -1.69208
23.4, 1.90693, -1.69208
23.425, 1.90707, -1.69213
23.45, 1.90696, -1.6922
23.475, 1.90657, -1.69228
23.5, 1.90582, -1.69238
23.525, 1.90461, -1.69249
23.55, 1.90316, -1.69262
23.575, 1.90168, -1.69274
23.6, 1.90168, -1.69274
23.625, 1.90168, -1.69274
23.65, 1.90168, -1.69274
23.675, 1.89946, -1.69289
23.7, 1.89946, -1.69289
23.725, 1.89946, -1.69289
23.75, 1.89946, -1.69289
23.775, 1.89946, -1.69289
23.8, 1.89946, -1.69289
23.825, 1.898, -1.693
23.85, 1.898, -1.693
23.875, 1.898, -1.693
23.9, 1.898, -1.693
23.925, 1.89415, -1.6932
23.95, 1.89415, -1.6932
23.975, 1.89415, -1.6932
24, 1.89415, -1.6932
24.025, 1.89409, -1.69327
24.05, 1.89409, -1.69327
24.075, 1.89489, -1.69331
24.1, 1.89489, -1.69331
24.125, 1.89569, -1.69336
24.15, 1.89569, -1.69336
24.175, 1.89603, -1.69341
24.2, 1.89586, -1.69348
24.225, 1.89514, -1.69357
24.25, 1.89446, -1.69365
24.275, 1.89429, -1.69371
24.3, 1.89461, -1.69376
24.325, 1.89461, -1.69376
24.35, 1.8952, -1.69379
24.375, 1.89623, -1.69382
24.4, 1.89754, -1.69382
24.425, 1.89754, -1.69382
24.45, 1.89754, -1.69382
24.475, 1.89882, -1.69383
24.5, 1.89882, -1.69383
24.525, 1.89882, -1.69383
24.55, 1.90004, -1.69384
24.575, 1.90004, -1.69384
24.6, 1.90004, -1.69384
24.625, 1.90004, -1.69384
24.65, 1.90004, -1.69384
24.675, 1.90143, -1.69384
24.7, 1.90143, -1.69384
24.725, 1.90143, -1.69384
24.75, 1.90143, -1.69384
24.775, 1.90279, -1.69384
24.8, 1.90279, -1.69384
24.825, 1.90407, -1.69383
24.85, 1.90525, -1.69381
24.875, 1.90628, -1.6938
24.9, 1.90718, -1.69377
24.925, 1.90718, -1.69377
24.95, 1.90718, -1.69377
24.975, 1.90718, -1.69377
25, 1.90718, -1.69377
25.025, 1.90805, -1.69375
25.05, 1.90892, -1.69373
25.075, 1.90892, -1.69373
25.1, 1.90892, -1.69373
25.125, 1.90892, -1.69373
25.15, 1.90892, -1.69373
25.175, 1.90892, -1.69373
25.2, 1.90999, -1.69365
25.225, 1.90999, -1.69365
25.25, 1.90999, -1.69365
25.275, 1.91055, -1.69359
25.3, 1.91128, -1.69353
25.325, 1.9124, -1.69348
25.35, 1.91366, -1.69345
25.375, 1.91366, -1.69345
25.4, 1.91366, -1.69345
25.425, 1.91565, -1.69337
25.45, 1.91565, -1.69337
25.475, 1.91565, -1.69337
25.5, 1.91565, -1.69337
25.525, 1.91565, -1.69337
25.55, 1.91565, -1.69337
25.575, 1.91565, -1.69337
25.6, 1.91565, -1.69337
25.625, 1.91565, -1.69337
25.65, 1.91565, -1.69337
25.675, 1.91757, -1.69329
25.7, 1.91757, -1.69329
25.725, 1.91757, -1.69329
25.75, 1.91757, -1.69329
25.775, 1.91757, -1.69329
25.8, 1.91757, -1.69329
25.825, 1.91757, -1.69329
25.85, 1.91945, -1.69323
25.875, 1.92128, -1.69317
25.9, 1.92128, -1.69317
25.925, 1.92293, -1.69313
25.95, 1.92293, -1.69313
25.975, 1.92448, -1.69309
26, 1.92596, -1.69305
26.025, 1.92596, -1.69305
26.05, 1.92596, -1.69305
26.075, 1.92596, -1.69305
26.1, 1.92596, -1.69305
26.125, 1.9273, -1.69302
26.15, 1.92836, -1.69301
26.175, 1.929, -1.69301
26.2, 1.929, -1.69301
26.225, 1.929, -1.69301
26.25, 1.92859, -1.69304
26.275, 1.92721, -1.69311
26.3, 1.92547, -1.69319
26.325, 1.92547, -1.69319
26.35, 1.92437, -1.69325
26.375, 1.92437, -1.69325
26.4, 1.92437, -1.69325
26.425, 1.92437, -1.69325
26.45, 1.92437, -1.69325
26.475, 1.92301, -1.69329
26.5, 1.91992, -1.69339
26.525, 1.91992, -1.69339
26.55, 1.91992, -1.69339
26.575, 1.91796, -1.69345
26.6, 1.91796, -1.69345
26.625, 1.91796, -1.69345
26.65, 1.91635, -1.69352
26.675, 1.91635, -1.69352
26.7, 1.91635, -1.69352
26.725, 1.91635, -1.69352
26.75, 1.91524, -1.69356
26.775, 1.91524, -1.69356
26.8, 1.91422, -1.6936
26.825, 1.91344, -1.69363
26.85, 1.91344, -1.69363
26.875, 1.91344, -1.69363
26.9, 1.91252, -1.69366
26.925, 1.91252, -1.69366
26.95, 1.91134, -1.6937
26.975, 1.91134, -1.6937
27, 1.91134, -1.6937
27.025, 1.91134, -1.6937
27.05, 1.91018, -1.69373
27.075, 1.91018, -1.69373
27.1, 1.90894, -1.69376
27.125, 1.9076, -1.69378
27.15, 1.9076, -1.69378
27.175, 1.9076, -1.69378
27.2, 1.9063, -1.69381
27.225, 1.90505, -1.69383
27.25, 1.90505, -1.69383
27.275, 1.90385, -1.69386
27.3, 1.90385, -1.69386
27.325, 1.90385, -1.69386
27.35, 1.90385, -1.69386
27.375, 1.90385, -1.69386
27.4, 1.90385, -1.69386
27.425, 1.90277, -1.69387
27.45, 1.90277, -1.69387
27.475, 1.90277, -1.69387
27.5, 1.90169, -1.69389
27.525, 1.90056, -1.69389
27.55, 1.89934, -1.6939
27.575, 1.89801, -1.6939
27.6, 1.89675, -1.6939
27.625, 1.89565, -1.69391
27.65, 1.89455, -1.69394
27.675, 1.89455, -1.69394
27.7, 1.89455, -1.69394
27.725, 1.89455, -1.69394
27.75, 1.89455, -1.69394
27.775, 1.89455, -1.69394
27.8, 1.89455, -1.69394
27.825, 1.89455, -1.69394
27.85, 1.89455, -1.69394
27.875, 1.89342, -1.69398
27.9, 1.89214, -1.69403
27.925, 1.89214, -1.69403
27.95, 1.89214, -1.69403
27.975, 1.89214, -1.69403
28, 1.89202, -1.69404
28.025, 1.89202, -1.69404
28.05, 1.89223, -1.69404
28.075, 1.89223, -1.69404
28.1, 1.89223, -1.69404
28.125, 1.89223, -1.69404
28.15, 1.89223, -1.69404
28.175, 1.89252, -1.69403
28.2, 1.8927, -1.69403
28.225, 1.8927, -1.69403
28.25, 1.89282, -1.69403
28.275, 1.89288, -1.69403
28.3, 1.89288, -1.69403
28.325, 1.89288, -1.69403
28.35, 1.89288, -1.69403
28.375, 1.89262, -1.69404
28.4, 1.89189, -1.69407
28.425, 1.89189, -1.69407
28.45, 1.89189, -1.69407
28.475, 1.89066, -1.69411
28.5, 1.89066, -1.69411
28.525, 1.89066, -1.69411
28.55, 1.89066, -1.69411
28.575, 1.89014, -1.69413
28.6, 1.89014, -1.69413
28.625, 1.89014, -1.69413
28.65, 1.89014, -1.69413
28.675, 1.89014, -1.69413
28.7, 1.89014, -1.69413
28.725, 1.89014, -1.69413
28.75, 1.8895, -1.69415
28.775, 1.8895, -1.69415
28.8, 1.88815, -1.69418
28.825, 1.88572, -1.69424
28.85, 1.88572, -1.69424
28.875, 1.88572, -1.69424
28.9, 1.88572, -1.69424
28.925, 1.88556, -1.69424
28.95, 1.88642, -1.69423
28.975, 1.88821, -1.69422
29, 1.8902, -1.6942
29.025, 1.8902, -1.6942
29.05, 1.8909, -1.6942
29.075, 1.8909, -1.6942
29.1, 1.88846, -1.69428
29.125, 1.88846, -1.69428
29.15, 1.88846, -1.69428
29.175, 1.88846, -1.69428
29.2, 1.88886, -1.69429
29.225, 1.89054, -1.69428
29.25, 1.89054, -1.69428
29.275, 1.89222, -1.69427
29.3, 1.89222, -1.69427
29.325, 1.89222, -1.69427
29.35, 1.89222, -1.69427
29.375, 1.89222, -1.69427
29.4, 1.89222, -1.69427
29.425, 1.89389, -1.69426
29.45, 1.89583, -1.69425
29.475, 1.89823, -1.69423
29.5, 1.90092, -1.6942
29.525, 1.90381, -1.69417
29.55, 1.90691, -1.69414
29.575, 1.9102, -1.6941
29.6, 1.9102, -1.6941
29.625, 1.9102, -1.6941
29.65, 1.91338, -1.69406
29.675, 1.91338, -1.69406
29.7, 1.91338, -1.69406
29.725, 1.91644, -1.69403
29.75, 1.91644, -1.69403
29.775, 1.91644, -1.69403
29.8, 1.91644, -1.69403
29.825, 1.91644, -1.69403
29.85, 1.91644, -1.69403
29.875, 1.91644, -1.69403
29.9, 1.91644, -1.69403
29.925, 1.91644, -1.69403
29.95, 1.91644, -1.69403
29.975, 1.91898, -1.694
30, 1.92087, -1.69398
30, 1.92191, -1.69395
30.025, 1.92023, -1.69394
30.05, 1.92023, -1.69394
30.075, 1.9121, -1.694
30.1, 1.9121, -1.694
30.125, 1.90134, -1.69408
30.15, 1.89105, -1.69415
30.175, 1.89105, -1.69415
30.2, 1.89105, -1.69415
30.225, 1.88333, -1.69425
30.25, 1.88096, -1.69434
30.275, 1.88096, -1.69434
30.3, 1.87142, -1.69439
30.325, 1.87142, -1.69439
30.35, 1.85597, -1.6945
30.375, 1.85597, -1.6945
30.4, 1.85597, -1.6945
30.425, 1.84353, -1.6946
30.45, 1.84353, -1.6946
30.475, 1.84353, -1.6946
30.5, 1.83313, -1.69479
30.525, 1.83313, -1.69479
30.55, 1.82161, -1.69494
30.575, 1.82161, -1.69494
30.6, 1.82161, -1.69494
30.625, 1.80675, -1.69507
30.65, 1.80675, -1.69507
30.675, 1.79428, -1.69518
30.7, 1.79428, -1.69518
30.725, 1.78401, -1.69528
30.75, 1.77933, -1.6953
30.775, 1.77933, -1.6953
30.8, 1.7754, -1.69533
30.825, 1.7754, -1.69533
30.85, 1.77165, -1.69536
30.875, 1.77165, -1.69536
30.9, 1.77165, -1.69536
30.925, 1.76811, -1.69537
30.95, 1.76811, -1.69537
30.975, 1.76508, -1.69541
31, 1.76508, -1.69541
31.025, 1.76508, -1.69541
31.05, 1.7626, -1.69542
31.075, 1.7626, -1.69542
31.1, 1.7626, -1.69542
31.125, 1.76018, -1.69542
31.15, 1.75995, -1.69543
31.175, 1.75995, -1.69543
31.2, 1.75906, -1.69548
31.225, 1.7594, -1.69555
31.25, 1.7594, -1.69555
31.275, 1.7594, -1.69555
31.3, 1.7594, -1.69555
31.325, 1.75835, -1.69567
31.35, 1.75835, -1.69567
31.375, 1.75835, -1.69567
31.4, 1.75325, -1.69593
31.425, 1.75325, -1.69593
31.45, 1.75325, -1.69593
31.475, 1.75097, -1.69609
31.5, 1.75097, -1.69609
31.525, 1.75097, -1.69609
31.55, 1.74829, -1.69626
31.575, 1.74829, -1.69626
31.6, 1.74829, -1.69626
31.625, 1.74829, -1.69626
31.65, 1.73984, -1.69658
31.675, 1.73984, -1.69658
31.7, 1.73984, -1.69658
31.725, 1.73984, -1.69658
31.75, 1.73401, -1.69684
31.775, 1.72996, -1.69704
31.8, 1.72696, -1.69722
31.825, 1.72478, -1.69737
31.85, 1.72289, -1.69752
31.875, 1.72289, -1.69752
31.9, 1.72019, -1.69768
31.925, 1.72019, -1.69768
31.95, 1.72019, -1.69768
31.975, 1.71696, -1.69785
32, 1.71696, -1.69785
32.025, 1.71696, -1.69785
32.05, 1.71406, -1.698
32.075, 1.71282, -1.69812
32.1, 1.71282, -1.69812
32.125, 1.71166, -1.69822
32.15, 1.71166, -1.69822
32.175, 1.71166, -1.69822
32.2, 1.71166, -1.69822
32.225, 1.71166, -1.69822
32.25, 1.71166, -1.69822
32.275, 1.71166, -1.69822
32.3, 1.71166, -1.69822
32.325, 1.71166, -1.69822
32.35, 1.71496, -1.69823
32.375, 1.7186, -1.69821
32.4, 1.7186, -1.69821
32.425, 1.72192, -1.69818
32.45, 1.72192, -1.69818
32.475, 1.72483, -1.69815
32.5, 1.72483, -1.69815
32.525, 1.72483, -1.69815
32.55, 1.72483, -1.69815
32.575, 1.72749, -1.69812
32.6, 1.72749, -1.69812
32.625, 1.72749, -1.69812
32.65, 1.72749, -1.69812
32.675, 1.72749, -1.69812
32.7, 1.7296, -1.6981
32.725, 1.7296, -1.6981
32.75, 1.7311, -1.69807
32.775, 1.73283, -1.69805
32.8, 1.73283, -1.69805
32.825, 1.73283, -1.69805
32.85, 1.73399, -1.698
32.875, 1.73392, -1.69795
32.9, 1.73267, -1.6979
32.925, 1.72949, -1.69785
32.95, 1.72949, -1.69785
32.975, 1.72949, -1.69785
33, 1.72612, -1.6978
33.025, 1.72612, -1.6978
33.05, 1.72612, -1.6978
33.075, 1.72315, -1.69776
33.1, 1.72153, -1.69773
33.125, 1.72061, -1.6977
33.15, 1.72061, -1.6977
33.175, 1.72061, -1.6977
33.2, 1.72061, -1.6977
33.225, 1.71912, -1.69765
33.25, 1.71812, -1.6976
33.275, 1.71757, -1.69755
33.3, 1.71749, -1.69751
33.325, 1.71749, -1.69751
33.35, 1.71749, -1.69751
33.375, 1.71749, -1.69751
33.4, 1.71738, -1.69744
33.425, 1.71738, -1.69744
33.45, 1.71738, -1.69744
33.475, 1.71738, -1.69744
33.5, 1.71738, -1.69744
33.525, 1.71738, -1.69744
33.55, 1.71738, -1.69744
33.575, 1.71738, -1.69744
33.6, 1.71738, -1.69744
33.625, 1.7194, -1.69725
33.65, 1.72134, -1.69709
33.675, 1.72134, -1.69709
33.7, 1.72134, -1.69709
33.725, 1.72238, -1.69698
33.75, 1.72257, -1.69693
33.775, 1.72202, -1.69691
33.8, 1.72202, -1.69691
33.825, 1.72096, -1.69691
33.85, 1.7194, -1.69693
33.875, 1.7194, -1.69693
33.9, 1.7194, -1.69693
33.925, 1.7194, -1.69693
33.95, 1.7194, -1.69693
33.975, 1.7194, -1.69693
34, 1.7194, -1.69693
34.025, 1.7194, -1.69693
34.05, 1.7194, -1.69693
34.075, 1.7194, -1.69693
34.1, 1.72236, -1.69683
34.125, 1.72549, -1.69673
34.15, 1.72549, -1.69673
34.175, 1.72549, -1.69673
34.2, 1.72549, -1.69673
34.225, 1.72549, -1.69673
34.25, 1.72549, -1.69673
34.275, 1.72549, -1.69673
34.3, 1.72549, -1.69673
34.325, 1.72549, -1.69673
34.35, 1.72845, -1.69663
34.375, 1.72845, -1.69663
34.4, 1.72845, -1.69663
34.425, 1.73082, -1.69654
34.45, 1.73082, -1.69654
34.475, 1.73268, -1.69647
34.5, 1.73452, -1.69639
34.525, 1.73452, -1.69639
34.55, 1.73452, -1.69639
34.575, 1.73615, -1.69632
34.6, 1.73821, -1.69624
34.625, 1.73821, -1.69624
34.65, 1.73821, -1.69624
34.675, 1.73821, -1.69624
34.7, 1.74016, -1.69616
34.725, 1.74016, -1.69616
34.75, 1.74233, -1.69608
34.775, 1.74496, -1.69599
34.8, 1.74496, -1.69599
34.825, 1.74496, -1.69599
34.85, 1.74496, -1.69599
34.875, 1.74743, -1.6959
34.9, 1.74999, -1.6958
34.925, 1.74999, -1.6958
34.95, 1.75226, -1.6957
34.975, 1.7543, -1.69559
35, 1.7543, -1.69559
35.025, 1.7543, -1.69559
35.05, 1.7543, -1.69559
35.075, 1.75661, -1.69548
35.1, 1.75661, -1.69548
35.125, 1.75903, -1.69539
35.15, 1.75903, -1.69539
35.175, 1.75903, -1.69539
35.2, 1.76097, -1.69527
35.225, 1.76208, -1.69515
35.25, 1.76208, -1.69515
35.275, 1.76208, -1.69515
35.3, 1.76156, -1.69505
35.325, 1.7611, -1.69495
35.35, 1.7611, -1.69495
35.375, 1.7611, -1.69495
35.4, 1.76087, -1.69486
35.425, 1.76087, -1.69486
35.45, 1.76055, -1.69478
35.475, 1.75957, -1.69469
35.5, 1.75957, -1.69469
35.525, 1.75957, -1.69469
35.55, 1.75817, -1.6946
35.575, 1.75817, -1.6946
35.6, 1.75817, -1.6946
35.625, 1.75817, -1.6946
35.65, 1.75817, -1.6946
35.675, 1.75817, -1.6946
35.7, 1.75817, -1.6946
35.725, 1.75704, -1.69448
35.75, 1.75704, -1.69448
35.775, 1.75612, -1.69437
35.8, 1.75555, -1.69426
35.825, 1.75529, -1.69416
35.85, 1.75529, -1.69416
35.875, 1.75529, -1.69416
35.9, 1.755, -1.69407
35.925, 1.755, -1.69407
35.95, 1.75484, -1.69398
35.975, 1.75484, -1.69398
36, 1.75484, -1.69398
36.025, 1.75464, -1.69391
36.05, 1.75464, -1.69391
36.075, 1.75438, -1.69385
36.1, 1.75438, -1.69385
36.125, 1.75405, -1.69381
36.15, 1.75405, -1.69381
36.175, 1.75405, -1.69381
36.2, 1.75405, -1.69381
36.225, 1.75405, -1.69381
36.25, 1.75251, -1.69381
36.275, 1.74971, -1.69386
36.3, 1.74599, -1.69395
36.325, 1.74599, -1.69395
36.35, 1.74197, -1.69404
36.375, 1.74197, -1.69404
36.4, 1.73874, -1.69412
36.425, 1.73874, -1.69412
36.45, 1.73874, -1.69412
36.475, 1.73412, -1.69422
36.5, 1.72782, -1.69436
36.525, 1.72782, -1.69436
36.55, 1.71804, -1.69458
36.575, 1.70485, -1.69487
36.6, 1.70485, -1.69487
36.625, 1.70485, -1.69487
36.65, 1.70485, -1.69487
36.675, 1.69469, -1.69511
36.7, 1.68691, -1.69531
36.725, 1.68691, -1.69531
36.75, 1.68691, -1.69531
36.775, 1.67858, -1.69551
36.8, 1.67858, -1.69551
36.825, 1.67858, -1.69551
36.85, 1.67858, -1.69551
36.875, 1.67858, -1.69551
36.9, 1.67858, -1.69551
36.925, 1.67858, -1.69551
36.95, 1.67858, -1.69551
36.975, 1.67031, -1.69569
37, 1.6627, -1.69586
37.025, 1.6557, -1.69601
37.05, 1.6557, -1.69601
37.075, 1.64891, -1.69616
37.1, 1.64891, -1.69616
37.125, 1.64891, -1.69616
37.15, 1.64891, -1.69616
37.175, 1.64891, -1.69616
37.2, 1.64232, -1.69631
37.225, 1.63628, -1.69644
37.25, 1.63628, -1.69644
37.275, 1.63628, -1.69644
37.3, 1.63044, -1.69657
37.325, 1.63044, -1.69657
37.35, 1.63044, -1.69657
37.375, 1.63044, -1.69657
37.4, 1.63044, -1.69657
37.425, 1.63044, -1.69657
37.45, 1.63044, -1.69657
37.475, 1.62498, -1.6967
37.5, 1.62498, -1.6967
37.525, 1.62498, -1.6967
37.55, 1.62498, -1.6967
37.575, 1.62498, -1.6967
37.6, 1.6184, -1.69684
37.625, 1.61096, -1.69697
37.65, 1.61096, -1.69697
37.675, 1.60487, -1.69711
37.7, 1.5993, -1.69726
37.725, 1.59402, -1.69741
37.75, 1.59402, -1.69741
37.775, 1.58866, -1.69754
37.8, 1.58866, -1.69754
37.825, 1.58144, -1.69768
37.85, 1.57196, -1.69782
37.875, 1.56117, -1.69797
37.9, 1.56117, -1.69797
37.925, 1.56117, -1.69797
37.95, 1.56117, -1.69797
37.975, 1.56117, -1.69797
38, 1.56117, -1.69797
38.025, 1.55047, -1.69811
38.05, 1.55047, -1.69811
38.075, 1.53961, -1.69824
38.1, 1.52902, -1.69836
38.125, 1.52902, -1.69836
38.15, 1.52902, -1.69836
38.175, 1.51902, -1.69849
38.2, 1.51902, -1.69849
38.225, 1.50971, -1.69862
38.25, 1.50128, -1.69875
38.275, 1.49355, -1.69888
38.3, 1.49355, -1.69888
38.325, 1.49355, -1.69888
38.35, 1.49355, -1.69888
38.375, 1.48587, -1.69899
38.4, 1.48587, -1.69899
38.425, 1.48587, -1.69899
38.45, 1.48587, -1.69899
38.475, 1.48587, -1.69899
38.5, 1.47807, -1.69908
38.525, 1.47807, -1.69908
38.55, 1.47091, -1.69918
38.575, 1.47091, -1.69918
38.6, 1.47091, -1.69918
38.625, 1.46396, -1.69927
38.65, 1.45729, -1.69937
38.675, 1.45089, -1.69948
38.7, 1.4447, -1.69958
38.725, 1.4447, -1.69958
38.75, 1.4447, -1.69958
38.775, 1.43868, -1.69968
38.8, 1.43868, -1.69968
38.825, 1.43197, -1.69982
38.85, 1.42378, -1.70001
38.875, 1.41281, -1.70027
38.9, 1.41281, -1.70027
38.925, 1.41281, -1.70027
38.95, 1.40771, -1.70038
38.975, 1.40771, -1.70038
39, 1.40771, -1.70038
39.025, 1.40771, -1.70038
39.05, 1.40771, -1.70038
39.075, 1.40771, -1.70038
39.1, 1.40771, -1.70038
39.125, 1.40771, -1.70038
39.15, 1.40771, -1.70038
39.175, 1.40771, -1.70038
39.2, 1.40771, -1.70038
39.225, 1.40771, -1.70038
39.25, 1.40771, -1.70038
39.275, 1.40245, -1.70049
39.3, 1.40245, -1.70049
39.325, 1.40245, -1.70049
39.35, 1.40245, -1.70049
39.375, 1.40245, -1.70049
39.4, 1.40245, -1.70049
39.425, 1.40245, -1.70049
39.45, 1.40245, -1.70049
39.475, 1.39623, -1.70057
39.5, 1.39049, -1.70065
39.525, 1.38526, -1.70072
39.55, 1.38017, -1.70079
39.575, 1.38017, -1.70079
39.6, 1.38017, -1.70079
39.625, 1.38017, -1.70079
39.65, 1.38017, -1.70079
39.675, 1.38017, -1.70079
39.7, 1.37478, -1.70086
39.725, 1.37478, -1.70086
39.75, 1.37478, -1.70086
39.775, 1.37478, -1.70086
39.8, 1.36933, -1.70092
39.825, 1.36933, -1.70092
39.85, 1.36933, -1.70092
39.875, 1.36449, -1.70098
39.9, 1.36449, -1.70098
39.925, 1.36449, -1.70098
39.95, 1.36449, -1.70098
39.975, 1.35979, -1.70103
40, 1.3554, -1.70108
40, 1.35129, -1.70112
40.025, 1.35129, -1.70112
40.05, 1.35129, -1.70112
40.075, 1.35129, -1.70112
40.1, 1.3433, -1.70121
40.125, 1.3433, -1.70121
40.15, 1.3433, -1.70121
40.175, 1.3433, -1.70121
40.2, 1.3433, -1.70121
40.225, 1.34288, -1.70118
40.25, 1.34288, -1.70118
40.275, 1.34288, -1.70118
40.3, 1.34288, -1.70118
40.325, 1.34288, -1.70118
40.35, 1.34288, -1.70118
40.375, 1.33274, -1.70109
40.4, 1.321, -1.70101
40.425, 1.321, -1.70101
40.45, 1.321, -1.70101
40.475, 1.31177, -1.70093
40.5, 1.31177, -1.70093
40.525, 1.30762, -1.70086
40.55, 1.30843, -1.70077
40.575, 1.30843, -1.70077
40.6, 1.30883, -1.70067
40.625, 1.30883, -1.70067
40.65, 1.30883, -1.70067
40.675, 1.30883, -1.70067
40.7, 1.30883, -1.70067
40.725, 1.30803, -1.7005
40.75, 1.31104, -1.70028
40.775, 1.31104, -1.70028
40.8, 1.31104, -1.70028
40.825, 1.31425, -1.70009
40.85, 1.32042, -1.69987
40.875, 1.32856, -1.69964
40.9, 1.33847, -1.6994
40.925, 1.33847, -1.6994
40.95, 1.34841, -1.69917
40.975, 1.34841, -1.69917
41, 1.35806, -1.69895
41.025, 1.36822, -1.69873
41.05, 1.37913, -1.69851
41.075, 1.39073, -1.69828
41.1, 1.39073, -1.69828
41.125, 1.39073, -1.69828
41.15, 1.39073, -1.69828
41.175, 1.40158, -1.69808
41.2, 1.40158, -1.69808
41.225, 1.41185, -1.69794
41.25, 1.42237, -1.69783
41.275, 1.43298, -1.69773
41.3, 1.44354, -1.69767
41.325, 1.45387, -1.69763
41.35, 1.45387, -1.69763
41.375, 1.46164, -1.69773
41.4, 1.46691, -1.69797
41.425, 1.46691, -1.69797
41.45, 1.46691, -1.69797
41.475, 1.47058, -1.69827
41.5, 1.47058, -1.69827
41.525, 1.47396, -1.69855
41.55, 1.47669, -1.69885
41.575, 1.47933, -1.69914
41.6, 1.48076, -1.69946
41.625, 1.48076, -1.69946
41.65, 1.47959, -1.69985
41.675, 1.47515, -1.70033
41.7, 1.47515, -1.70033
41.725, 1.46959, -1.70083
41.75, 1.46373, -1.70132
41.775, 1.46373, -1.70132
41.8, 1.45891, -1.70178
41.825, 1.45508, -1.70221
41.85, 1.45194, -1.70261
41.875, 1.45194, -1.70261
41.9, 1.45194, -1.70261
41.925, 1.45194, -1.70261
41.95, 1.45194, -1.70261
41.975, 1.45194, -1.70261
42, 1.45194, -1.70261
42.025, 1.44822, -1.703
42.05, 1.44822, -1.703
42.075, 1.44822, -1.703
42.1, 1.44499, -1.70338
42.125, 1.44332, -1.70371
42.15, 1.44332, -1.70371
42.175, 1.44332, -1.70371
42.2, 1.44173, -1.70403
42.225, 1.44173, -1.70403
42.25, 1.44094, -1.70432
42.275, 1.44094, -1.70432
42.3, 1.44094, -1.70432
42.325, 1.44039, -1.70461
42.35, 1.44145, -1.70485
42.375, 1.44394, -1.70506
42.4, 1.44762, -1.70522
42.425, 1.45226, -1.70535
42.45, 1.45749, -1.70546
42.475, 1.46305, -1.70556
42.5, 1.46867, -1.70564
42.525, 1.47427, -1.70571
42.55, 1.47981, -1.70578
42.575, 1.48525, -1.70583
42.6, 1.48525, -1.70583
42.625, 1.49049, -1.70589
42.65, 1.49049, -1.70589
42.675, 1.49429, -1.70595
42.7, 1.49429, -1.70595
42.725, 1.49545, -1.70608
42.75, 1.49487, -1.70623
42.775, 1.49487, -1.70623
42.8, 1.49463, -1.70636
42.825, 1.49463, -1.70636
42.85, 1.49463, -1.70636
42.875, 1.49463, -1.70636
42.9, 1.49463, -1.70636
42.925, 1.49321, -1.70648
42.95, 1.49045, -1.70659
42.975, 1.49045, -1.70659
43, 1.48609, -1.70672
43.025, 1.48048, -1.70685
43.05, 1.47457, -1.70699
43.075, 1.46891, -1.70712
43.1, 1.46375, -1.70725
43.125, 1.46375, -1.70725
43.15, 1.45833, -1.70737
43.175, 1.4529, -1.70748
43.2, 1.44769, -1.7076
43.225, 1.4428, -1.70771
43.25, 1.43801, -1.70781
43.275, 1.43801, -1.70781
43.3, 1.43307, -1.70791
43.325, 1.42855, -1.70801
43.35, 1.42855, -1.70801
43.375, 1.42855, -1.70801
43.4, 1.42855, -1.70801
43.425, 1.42364, -1.70799
43.45, 1.42364, -1.70799
43.475, 1.41903, -1.70798
43.5, 1.41559, -1.70797
43.525, 1.41328, -1.70796
43.55, 1.41328, -1.70796
43.575, 1.41328, -1.70796
43.6, 1.41328, -1.70796
43.625, 1.41148, -1.70781
43.65, 1.41065, -1.70768
43.675, 1.41065, -1.70768
43.7, 1.40995, -1.70759
43.725, 1.40983, -1.70757
43.75, 1.40983, -1.70757
43.775, 1.40899, -1.70764
43.8, 1.40899, -1.70764
43.825, 1.40843, -1.70768
43.85, 1.40782, -1.70773
43.875, 1.40718, -1.70779
43.9, 1.40638, -1.70787
43.925, 1.40638, -1.70787
43.95, 1.40414, -1.70803
43.975, 1.40414, -1.70803
44, 1.40414, -1.70803
44.025, 1.40044, -1.70827
44.05, 1.40044, -1.70827
44.075, 1.39792, -1.70845
44.1, 1.39521, -1.70864
44.125, 1.39521, -1.70864
44.15, 1.39521, -1.70864
44.175, 1.39258, -1.70882
44.2, 1.39258, -1.70882
44.225, 1.38759, -1.70905
44.25, 1.38109, -1.70931
44.275, 1.38109, -1.70931
44.3, 1.38109, -1.70931
44.325, 1.37518, -1.70956
44.35, 1.37518, -1.70956
44.375, 1.37518, -1.70956
44.4, 1.36885, -1.70981
44.425, 1.36295, -1.71005
44.45, 1.35744, -1.71028
44.475, 1.35744, -1.71028
44.5, 1.35744, -1.71028
44.525, 1.35095, -1.7105
44.55, 1.35095, -1.7105
44.575, 1.35095, -1.7105
44.6, 1.34425, -1.71072
44.625, 1.34425, -1.71072
44.65, 1.34425, -1.71072
44.675, 1.34425, -1.71072
44.7, 1.33734, -1.7109
44.725, 1.33258, -1.71103
44.75, 1.33258, -1.71103
44.775, 1.33258, -1.71103
44.8, 1.32792, -1.71115
44.825, 1.32792, -1.71115
44.85, 1.32792, -1.71115
44.875, 1.32346, -1.71125
44.9, 1.32346, -1.71125
44.925, 1.32346, -1.71125
44.95, 1.32346, -1.71125
44.975, 1.31917, -1.71135
45, 1.31917, -1.71135
45.025, 1.31431, -1.71148
45.05, 1.31431, -1.71148
45.075, 1.30909, -1.71163
45.1, 1.30909, -1.71163
45.125, 1.30909, -1.71163
45.15, 1.30483, -1.71175
45.175, 1.30483, -1.71175
45.2, 1.30056, -1.71186
45.225, 1.30056, -1.71186
45.25, 1.30056, -1.71186
45.275, 1.30056, -1.71186
45.3, 1.30056, -1.71186
45.325, 1.30056, -1.71186
45.35, 1.30056, -1.71186
45.375, 1.30404, -1.71174
45.4, 1.30404, -1.71174
45.425, 1.30404, -1.71174
45.45, 1.30404, -1.71174
45.475, 1.30669, -1.71161
45.5, 1.30669, -1.71161
45.525, 1.30669, -1.71161
45.55, 1.30669, -1.71161
45.575, 1.30704, -1.71144
45.6, 1.30704, -1.71144
45.625, 1.30717, -1.71128
45.65, 1.30717, -1.71128
45.675, 1.30717, -1.71128
45.7, 1.30717, -1.71128
45.725, 1.30671, -1.71109
45.75, 1.30671, -1.71109
45.775, 1.30671, -1.71109
45.8, 1.30545, -1.71087
45.825, 1.30446, -1.71067
45.85, 1.30395, -1.71047
45.875, 1.30395, -1.71047
45.9, 1.30395, -1.71047
45.925, 1.30311, -1.71026
45.95, 1.30275, -1.71007
45.975, 1.30275, -1.71007
46, 1.30275, -1.71007
46.025, 1.30275, -1.71007
46.05, 1.30229, -1.70985
46.075, 1.30229, -1.70985
46.1, 1.30189, -1.70964
46.125, 1.30176, -1.70944
46.15, 1.30176, -1.70944
46.175, 1.30176, -1.70944
46.2, 1.30176, -1.70944
46.225, 1.30176, -1.70944
46.25, 1.30165, -1.70925
46.275, 1.30165, -1.70925
46.3, 1.30165, -1.70925
46.325, 1.30059, -1.70913
46.35, 1.30059, -1.70913
46.375, 1.29868, -1.70908
46.4, 1.29868, -1.70908
46.425, 1.29728, -1.70901
46.45, 1.29728, -1.70901
46.475, 1.29619, -1.70892
46.5, 1.29619, -1.70892
46.525, 1.29378, -1.70889
46.55, 1.29378, -1.70889
46.575, 1.29378, -1.70889
46.6, 1.28982, -1.70892
46.625, 1.28982, -1.70892
46.65, 1.28982, -1.70892
46.675, 1.28982, -1.70892
46.7, 1.28879, -1.70887
46.725, 1.28879, -1.70887
46.75, 1.28792, -1.70882
46.775, 1.28708, -1.70878
46.8, 1.28578, -1.70874
46.825, 1.28363, -1.70872
46.85, 1.28363, -1.70872
46.875, 1.28363, -1.70872
46.9, 1.28363, -1.70872
46.925, 1.28363, -1.70872
46.95, 1.28363, -1.70872
46.975, 1.28363, -1.70872
47, 1.28363, -1.70872
47.025, 1.27999, -1.7087
47.05, 1.27999, -1.7087
47.075, 1.27687, -1.70866
47.1, 1.27512, -1.70861
47.125, 1.27512, -1.70861
47.15, 1.27512, -1.70861
47.175, 1.27512, -1.70861
47.2, 1.27319, -1.70855
47.225, 1.27319, -1.70855
47.25, 1.27319, -1.70855
47.275, 1.27139, -1.70849
47.3, 1.27139, -1.70849
47.325, 1.27139, -1.70849
47.35, 1.26968, -1.70845
47.375, 1.26936, -1.70837
47.4, 1.26936, -1.70837
47.425, 1.26911, -1.7083
47.45, 1.26939, -1.70822
47.475, 1.26939, -1.70822
47.5, 1.26977, -1.70814
47.525, 1.26977, -1.70814
47.55, 1.26977, -1.70814
47.575, 1.26977, -1.70814
47.6, 1.26977, -1.70814
47.625, 1.26977, -1.70814
47.65, 1.26977, -1.70814
47.675, 1.27766, -1.70782
47.7, 1.27766, -1.70782
47.725, 1.27766, -1.70782
47.75, 1.28553, -1.70751
47.775, 1.29302, -1.70722
47.8, 1.29302, -1.70722
47.825, 1.29728, -1.70689
47.85, 1.29728, -1.70689
47.875, 1.29664, -1.70658
47.9, 1.29664, -1.70658
47.925, 1.29475, -1.70629
47.95, 1.29475, -1.70629
47.975, 1.29475, -1.70629
48, 1.29475, -1.70629
48.025, 1.29475, -1.70629
48.05, 1.29202, -1.70598
48.075, 1.28896, -1.70568
48.1, 1.28582, -1.70539
48.125, 1.28253, -1.70512
48.15, 1.28253, -1.70512
48.175, 1.28253, -1.70512
48.2, 1.27899, -1.70484
48.225, 1.27626, -1.70458
48.25, 1.27626, -1.70458
48.275, 1.27442, -1.70434
48.3, 1.27442, -1.70434
48.325, 1.27283, -1.70412
48.35, 1.27283, -1.70412
48.375, 1.27132, -1.7039
48.4, 1.27132, -1.7039
48.425, 1.27132, -1.7039
48.45, 1.27132, -1.7039
48.475, 1.27132, -1.7039
48.5, 1.26993, -1.70364
48.525, 1.26993, -1.70364
48.55, 1.26993, -1.70364
48.575, 1.26993, -1.70364
48.6, 1.26845, -1.70342
48.625, 1.26772, -1.70324
48.65, 1.26739, -1.70311
48.675, 1.26739, -1.70311
48.7, 1.26687, -1.70301
48.725, 1.26631, -1.70293
48.75, 1.26567, -1.70286
48.775, 1.26567, -1.70286
48.8, 1.26567, -1.70286
48.825, 1.2641, -1.70285
48.85, 1.2641, -1.70285
48.875, 1.26063, -1.70291
48.9, 1.26063, -1.70291
48.925, 1.26063, -1.70291
48.95, 1.25667, -1.70299
48.975, 1.25226, -1.70308
49, 1.25226, -1.70308
49.025, 1.25226, -1.70308
49.05, 1.24895, -1.70315
49.075, 1.24895, -1.70315
49.1, 1.24895, -1.70315
49.125, 1.24351, -1.70326
49.15, 1.24351, -1.70326
49.175, 1.24351, -1.70326
49.2, 1.24351, -1.70326
49.225, 1.24351, -1.70326
49.25, 1.24079, -1.7033
49.275, 1.23991, -1.70332
49.3, 1.23991, -1.70332
49.325, 1.2396, -1.70334
49.35, 1.24027, -1.70333
49.375, 1.24027, -1.70333
49.4, 1.24027, -1.70333
49.425, 1.24073, -1.70333
49.45, 1.24073, -1.70333
49.475, 1.24073, -1.70333
49.5, 1.2413, -1.70333
49.525, 1.2413, -1.70333
49.55, 1.24219, -1.70332
49.575, 1.24399, -1.7033
49.6, 1.24399, -1.7033
49.625, 1.24399, -1.7033
49.65, 1.24399, -1.7033
49.675, 1.24399, -1.7033
49.7, 1.24399, -1.7033
49.725, 1.24591, -1.70325
49.75, 1.24591, -1.70325
49.775, 1.24591, -1.70325
49.8, 1.24771, -1.70319
49.825, 1.24771, -1.70319
49.85, 1.24771, -1.70319
49.875, 1.24771, -1.70319
49.9, 1.24771, -1.70319
49.925, 1.24771, -1.70319
49.95, 1.24771, -1.70319
49.975, 1.25048, -1.7031
50, 1.25048, -1.7031
50, 1.25317, -1.70302
50.025, 1.25317, -1.70302
50.05, 1.25317, -1.70302
50.075, 1.25519, -1.70291
50.1, 1.25519, -1.70291
50.125, 1.25519, -1.70291
50.15, 1.25519, -1.70291
50.175, 1.25218, -1.70289
50.2, 1.24404, -1.70289
50.225, 1.24404, -1.70289
50.25, 1.24404, -1.70289
50.275, 1.23815, -1.70288
50.3, 1.23441, -1.70287
50.325, 1.23441, -1.70287
50.35, 1.23441, -1.70287
50.375, 1.22652, -1.70284
50.4, 1.21661, -1.70281
50.425, 1.21661, -1.70281
50.45, 1.21661, -1.70281
50.475, 1.21661, -1.70281
50.5, 1.21661, -1.70281
50.525, 1.20673, -1.70278
50.55, 1.20673, -1.70278
50.575, 1.19954, -1.70276
50.6, 1.19954, -1.70276
50.625, 1.19954, -1.70276
50.65, 1.1919, -1.70272
50.675, 1.1919, -1.70272
50.7, 1.1919, -1.70272
50.725, 1.1919, -1.70272
50.75, 1.18376, -1.70264
50.775, 1.18376, -1.70264
50.8, 1.17798, -1.70255
50.825, 1.17638, -1.70243
50.85, 1.17638, -1.70243
50.875, 1.17597, -1.70232
50.9, 1.17597, -1.70232
50.925, 1.17597, -1.70232
50.95, 1.17564, -1.70222
50.975, 1.17564, -1.70222
51, 1.17564, -1.70222
51.025, 1.17564, -1.70222
51.05, 1.17564, -1.70222
51.075, 1.17728, -1.70201
51.1, 1.17728, -1.70201
51.125, 1.17977, -1.70184
51.15, 1.17977, -1.70184
51.175, 1.18195, -1.70176
51.2, 1.18195, -1.70176
51.225, 1.18327, -1.70176
51.25, 1.18327, -1.70176
51.275, 1.18327, -1.70176
51.3, 1.18503, -1.70174
51.325, 1.18503, -1.70174
51.35, 1.18503, -1.70174
51.375, 1.18503, -1.70174
51.4, 1.18503, -1.70174
51.425, 1.18383, -1.70181
51.45, 1.18383, -1.70181
51.475, 1.17774, -1.70206
51.5, 1.16704, -1.70248
51.525, 1.15392, -1.70299
51.55, 1.15392, -1.70299
51.575, 1.15392, -1.70299
51.6, 1.15392, -1.70299
51.625, 1.15392, -1.70299
51.65, 1.15392, -1.70299
51.675, 1.15392, -1.70299
51.7, 1.15392, -1.70299
51.725, 1.15392, -1.70299
51.75, 1.15392, -1.70299
51.775, 1.15392, -1.70299
51.8, 1.15783, -1.70309
51.825, 1.15962, -1.70323
51.85, 1.15962, -1.70323
51.875, 1.16069, -1.70338
51.9, 1.16186, -1.70352
51.925, 1.16262, -1.70366
51.95, 1.16262, -1.70366
51.975, 1.16262, -1.70366
52, 1.1632, -1.7038
52.025, 1.1632, -1.7038
52.05, 1.1632, -1.7038
52.075, 1.1632, -1.7038
52.1, 1.1632, -1.7038
52.125, 1.16375, -1.70394
52.15, 1.16375, -1.70394
52.175, 1.16575, -1.70404
52.2, 1.16575, -1.70404
52.225, 1.16575, -1.70404
52.25, 1.16575, -1.70404
52.275, 1.1677, -1.70414
52.3, 1.1677, -1.70414
52.325, 1.1677, -1.70414
52.35, 1.16962, -1.70424
52.375, 1.17337, -1.70428
52.4, 1.17337, -1.70428
52.425, 1.17337, -1.70428
52.45, 1.17337, -1.70428
52.475, 1.17552, -1.70433
52.5, 1.17552, -1.70433
52.525, 1.17649, -1.70438
52.55, 1.17649, -1.70438
52.575, 1.17695, -1.70442
52.6, 1.17695, -1.70442
52.625, 1.17695, -1.70442
52.65, 1.17695, -1.70442
52.675, 1.17695, -1.70442
52.7, 1.17538, -1.70446
52.725, 1.17538, -1.70446
52.75, 1.16952, -1.70448
52.775, 1.16952, -1.70448
52.8, 1.16292, -1.70449
52.825, 1.15508, -1.70449
52.85, 1.1468, -1.70447
52.875, 1.13846, -1.70445
52.9, 1.13032, -1.70443
52.925, 1.13032, -1.70443
52.95, 1.1215, -1.70439
52.975, 1.1215, -1.70439
53, 1.1124, -1.70435
53.025, 1.1124, -1.70435
53.05, 1.10365, -1.70431
53.075, 1.09576, -1.70428
53.1, 1.08904, -1.70426
53.125, 1.08904, -1.70426
53.15, 1.08904, -1.70426
53.175, 1.08904, -1.70426
53.2, 1.08904, -1.70426
53.225, 1.08904, -1.70426
53.25, 1.08109, -1.70415
53.275, 1.08109, -1.70415
53.3, 1.08109, -1.70415
53.325, 1.0731, -1.70405
53.35, 1.0731, -1.70405
53.375, 1.0731, -1.70405
53.4, 1.0731, -1.70405
53.425, 1.0731, -1.70405
53.45, 1.0731, -1.70405
53.475, 1.0731, -1.70405
53.5, 1.0731, -1.70405
53.525, 1.0731, -1.70405
53.55, 1.0731, -1.70405
53.575, 1.0731, -1.70405
53.6, 1.0731, -1.70405
53.625, 1.0731, -1.70405
53.65, 1.0731, -1.70405
53.675, 1.0737, -1.70325
53.7, 1.0737, -1.70325
53.725, 1.0737, -1.70325
53.75, 1.0737, -1.70325
53.775, 1.07514, -1.70263
53.8, 1.07514, -1.70263
53.825, 1.07514, -1.70263
53.85, 1.07647, -1.70207
53.875, 1.07647, -1.70207
53.9, 1.07794, -1.70154
53.925, 1.07794, -1.70154
53.95, 1.0799, -1.70109
53.975, 1.08212, -1.70076
54, 1.08212, -1.70076
54.025, 1.08212, -1.70076
54.05, 1.07956, -1.70059
54.075, 1.07435, -1.70053
54.1, 1.07435, -1.70053
54.125, 1.07435, -1.70053
54.15, 1.06899, -1.70048
54.175, 1.06254, -1.70046
54.2, 1.06254, -1.70046
54.225, 1.05432, -1.70049
54.25, 1.04411, -1.70056
54.275, 1.04411, -1.70056
54.3, 1.04411, -1.70056
54.325, 1.03393, -1.70063
54.35, 1.02467, -1.7007
54.375, 1.02467, -1.7007
54.4, 1.01696, -1.70074
54.425, 1.01696, -1.70074
54.45, 1.01696, -1.70074
54.475, 1.01696, -1.70074
54.5, 1.01696, -1.70074
54.525, 1.00971, -1.70078
54.55, 1.00971, -1.70078
54.575, 1.00971, -1.70078
54.6, 1.00359, -1.70081
54.625, 1.0002, -1.70081
54.65, 0.999131, -1.70079
54.675, 1.00022, -1.70075
54.7, 1.00348, -1.70068
54.725, 1.00904, -1.7006
54.75, 1.00904, -1.7006
54.775, 1.00904, -1.7006
54.8, 1.00904, -1.7006
54.825, 1.00904, -1.7006
54.85, 1.00904, -1.7006
54.875, 1.01534, -1.7005
54.9, 1.01534, -1.7005
54.925, 1.01534, -1.7005
54.95, 1.01534, -1.7005
54.975, 1.02144, -1.70041
55, 1.02144, -1.70041
55.025, 1.02144, -1.70041
55.05, 1.02144, -1.70041
55.075, 1.02413, -1.70032
55.1, 1.02413, -1.70032
55.125, 1.02526, -1.70022
55.15, 1.02526, -1.70022
55.175, 1.02526, -1.70022
55.2, 1.02526, -1.70022
55.225, 1.02591, -1.70012
55.25, 1.02591, -1.70012
55.275, 1.02591, -1.70012
55.3, 1.02591, -1.70012
55.325, 1.02591, -1.70012
55.35, 1.02422, -1.70002
55.375, 1.02422, -1.70002
55.4, 1.02422, -1.70002
55.425, 1.02422, -1.70002
55.45, 1.02247, -1.69992
55.475, 1.02247, -1.69992
55.5, 1.02247, -1.69992
55.525, 1.01906, -1.69981
55.55, 1.01906, -1.69981
55.575, 1.01382, -1.69968
55.6, 1.00684, -1.69954
55.625, 1.00684, -1.69954
55.65, 1.00684, -1.69954
55.675, 1.00004, -1.6994
55.7, 1.00004, -1.6994
55.725, 1.00004, -1.6994
55.75, 0.993375, -1.69926
55.775, 0.993375, -1.69926
55.8, 0.993375, -1.69926
55.825, 0.993375, -1.69926
55.85, 0.987162, -1.69913
55.875, 0.987162, -1.69913
55.9, 0.987162, -1.69913
55.925, 0.987162, -1.69913
55.95, 0.987162, -1.69913
55.975, 0.987162, -1.69913
56, 0.987162, -1.69913
56.025, 0.98108, -1.69901
56.05, 0.9788, -1.69892
56.075, 0.9788, -1.69892
56.1, 0.9788, -1.69892
56.125, 0.9788, -1.69892
56.15, 0.976128, -1.6988
56.175, 0.974546, -1.69869
56.2, 0.973471, -1.69859
56.225, 0.972942, -1.6985
56.25, 0.973159, -1.69841
56.275, 0.973159, -1.69841
56.3, 0.973159, -1.69841
56.325, 0.973159, -1.69841
56.35, 0.973276, -1.69841
56.375, 0.974506, -1.69845
56.4, 0.974506, -1.69845
56.425, 0.974506, -1.69845
56.45, 0.975826, -1.69848
56.475, 0.975826, -1.69848
56.5, 0.977097, -1.6985
56.525, 0.977097, -1.6985
56.55, 0.97812, -1.69856
56.575, 0.97812, -1.69856
56.6, 0.97812, -1.69856
56.625, 0.977921, -1.69868
56.65, 0.977921, -1.69868
56.675, 0.977036, -1.69882
56.7, 0.977036, -1.69882
56.725, 0.977036, -1.69882
56.75, 0.977036, -1.69882
56.775, 0.976032, -1.69895
56.8, 0.976032, -1.69895
56.825, 0.976032, -1.69895
56.85, 0.976032, -1.69895
56.875, 0.974699, -1.69909
56.9, 0.972812, -1.69924
56.925, 0.972812, -1.69924
56.95, 0.972812, -1.69924
56.975, 0.972812, -1.69924
57, 0.971128, -1.69938
57.025, 0.971128, -1.69938
57.05, 0.971128, -1.69938
57.075, 0.971128, -1.69938
57.1, 0.971128, -1.69938
57.125, 0.971128, -1.69938
57.15, 0.968723, -1.69952
57.175, 0.968723, -1.69952
57.2, 0.968723, -1.69952
57.225, 0.968723, -1.69952
57.25, 0.965732, -1.69967
57.275, 0.965732, -1.69967
57.3, 0.9653, -1.69977
57.325, 0.9653, -1.69977
57.35, 0.967259, -1.69985
57.375, 0.971954, -1.69988
57.4, 0.971954, -1.69988
57.425, 0.976913, -1.6999
57.45, 0.976913, -1.6999
57.475, 0.98172, -1.69993
57.5, 0.986844, -1.69994
57.525, 0.986844, -1.69994
57.55, 0.992517, -1.69994
57.575, 0.992517, -1.69994
57.6, 0.998581, -1.69993
57.625, 1.0054, -1.69988
57.65, 1.0054, -1.69988
57.675, 1.0054, -1.69988
57.7, 1.0054, -1.69988
57.725, 1.01369, -1.6998
57.75, 1.02158, -1.69971
57.775, 1.02158, -1.69971
57.8, 1.02158, -1.69971
57.825, 1.02158, -1.69971
57.85, 1.02802, -1.69962
57.875, 1.02802, -1.69962
57.9, 1.02802, -1.69962
57.925, 1.02802, -1.69962
57.95, 1.02802, -1.69962
57.975, 1.02802, -1.69962
58, 1.03715, -1.69951
58.025, 1.04494, -1.69939
58.05, 1.04494, -1.69939
58.075, 1.04494, -1.69939
58.1, 1.04494, -1.69939
58.125, 1.05172, -1.69927
58.15, 1.05172, -1.69927
58.175, 1.05172, -1.69927
58.2, 1.05172, -1.69927
58.225, 1.057, -1.69914
58.25, 1.057, -1.69914
58.275, 1.057, -1.69914
58.3, 1.06129, -1.69901
58.325, 1.06129, -1.69901
58.35, 1.06653, -1.69889
58.375, 1.07307, -1.69879
58.4, 1.08119, -1.69871
58.425, 1.09013, -1.69864
58.45, 1.09921, -1.69858
58.475, 1.09921, -1.69858
58.5, 1.09921, -1.69858
58.525, 1.09921, -1.69858
58.55, 1.09921, -1.69858
58.575, 1.09921, -1.69858
58.6, 1.1082, -1.69853
58.625, 1.11911, -1.6985
58.65, 1.11911, -1.6985
58.675, 1.13046, -1.69852
58.7, 1.13046, -1.69852
58.725, 1.14132, -1.69853
58.75, 1.15137, -1.69854
58.775, 1.15137, -1.69854
58.8, 1.15137, -1.69854
58.825, 1.15137, -1.69854
58.85, 1.16117, -1.69854
58.875, 1.16117, -1.69854
58.9, 1.1711, -1.69859
58.925, 1.1711, -1.69859
58.95, 1.1711, -1.69859
58.975, 1.18074, -1.69862
59, 1.19014, -1.69867
59.025, 1.19928, -1.69873
59.05, 1.19928, -1.69873
59.075, 1.2081, -1.69879
59.1, 1.21659, -1.69886
59.125, 1.21659, -1.69886
59.15, 1.21659, -1.69886
59.175, 1.22429, -1.69895
59.2, 1.22429, -1.69895
59.225, 1.22429, -1.69895
59.25, 1.23138, -1.69905
59.275, 1.23768, -1.69917
59.3, 1.23768, -1.69917
59.325, 1.23768, -1.69917
59.35, 1.23768, -1.69917
59.375, 1.23768, -1.69917
59.4, 1.23768, -1.69917
59.425, 1.23768, -1.69917
59.45, 1.24411, -1.69927
59.475, 1.24411, -1.69927
59.5, 1.24945, -1.69939
59.525, 1.25358, -1.69953
59.55, 1.25642, -1.69968
59.575, 1.25642, -1.69968
59.6, 1.25642, -1.69968
59.625, 1.25909, -1.69983
59.65, 1.25909, -1.69983
59.675, 1.25909, -1.69983
59.7, 1.26155, -1.69998
59.725, 1.26399, -1.70012
59.75, 1.26594, -1.70026
59.775, 1.26594, -1.70026
59.8, 1.26659, -1.70042
59.825, 1.26659, -1.70042
59.85, 1.26659, -1.70042
59.875, 1.26789, -1.70056
59.9, 1.26789, -1.70056
59.925, 1.26789, -1.70056
59.95, 1.26789, -1.70056
59.975, 1.26789, -1.70056
60, 1.26789, -1.70056
60, 1.26957, -1.7006
60.025, 1.26957, -1.7006
60.05, 1.26957, -1.7006
60.075, 1.26957, -1.7006
60.1, 1.26957, -1.7006
60.125, 1.26957, -1.7006
60.15, 1.26957, -1.7006
60.175, 1.26957, -1.7006
60.2, 1.26957, -1.7006
60.225, 1.26957, -1.7006
60.25, 1.27116, -1.70057
60.275, 1.27116, -1.70057
60.3, 1.27368, -1.70052
60.325, 1.27368, -1.70052
60.35, 1.27368, -1.70052
60.375, 1.27764, -1.70048
60.4, 1.27764, -1.70048
60.425, 1.28341, -1.70042
60.45, 1.29215, -1.70032
60.475, 1.30334, -1.70019
60.5, 1.30334, -1.70019
60.525, 1.31554, -1.70006
60.55, 1.31554, -1.70006
60.575, 1.31554, -1.70006
60.6, 1.31554, -1.70006
60.625, 1.32734, -1.69992
60.65, 1.32734, -1.69992
60.675, 1.32734, -1.69992
60.7, 1.33887, -1.69979
60.725, 1.35169, -1.69963
60.75, 1.35169, -1.69963
60.775, 1.35169, -1.69963
60.8, 1.35169, -1.69963
60.825, 1.35169, -1.69963
60.85, 1.35169, -1.69963
60.875, 1.35169, -1.69963
60.9, 1.35169, -1.69963
60.925, 1.35169, -1.69963
60.95, 1.36837, -1.69933
60.975, 1.38509, -1.69903
61, 1.40249, -1.69869
61.025, 1.42173, -1.69829
61.05, 1.42173, -1.69829
61.075, 1.43735, -1.69789
61.1, 1.45161, -1.6974
61.125, 1.46331, -1.69683
61.15, 1.46331, -1.69683
61.175, 1.47546, -1.69627
61.2, 1.47546, -1.69627
61.225, 1.47546, -1.69627
61.25, 1.47546, -1.69627
61.275, 1.47546, -1.69627
61.3, 1.47546, -1.69627
61.325, 1.48083, -1.6958
61.35, 1.48083, -1.6958
61.375, 1.48083, -1.6958
61.4, 1.48083, -1.6958
61.425, 1.48772, -1.69532
61.45, 1.48772, -1.69532
61.475, 1.48772, -1.69532
61.5, 1.48772, -1.69532
61.525, 1.48772, -1.69532
61.55, 1.49463, -1.69486
61.575, 1.49463, -1.69486
61.6, 1.49463, -1.69486
61.625, 1.49463, -1.69486
61.65, 1.49463, -1.69486
61.675, 1.50193, -1.69443
61.7, 1.51005, -1.69403
61.725, 1.51928, -1.69367
61.75, 1.51928, -1.69367
61.775, 1.52824, -1.69333
61.8, 1.52824, -1.69333
61.825, 1.53775, -1.69301
61.85, 1.53775, -1.69301
61.875, 1.54666, -1.6927
61.9, 1.54666, -1.6927
61.925, 1.55502, -1.69239
61.95, 1.56323, -1.6921
61.975, 1.57147, -1.69182
62, 1.58003, -1.69156
62.025, 1.58908, -1.69133
62.05, 1.58908, -1.69133
62.075, 1.59828, -1.69117
62.1, 1.60775, -1.69109
62.125, 1.61716, -1.69108
62.15, 1.61716, -1.69108
62.175, 1.61716, -1.69108
62.2, 1.62679, -1.69103
62.225, 1.63611, -1.69098
62.25, 1.63611, -1.69098
62.275, 1.63611, -1.69098
62.3, 1.63611, -1.69098
62.325, 1.63611, -1.69098
62.35, 1.63611, -1.69098
62.375, 1.63949, -1.69115
62.4, 1.63949, -1.69115
62.425, 1.63949, -1.69115
62.45, 1.63949, -1.69115
62.475, 1.64798, -1.69115
62.5, 1.65665, -1.69114
62.525, 1.65665, -1.69114
62.55, 1.65665, -1.69114
62.575, 1.65665, -1.69114
62.6, 1.66107, -1.69118
62.625, 1.66085, -1.69132
62.65, 1.65759, -1.69153
62.675, 1.65759, -1.69153
62.7, 1.65369, -1.69174
62.725, 1.64978, -1.69195
62.75, 1.64978, -1.69195
62.775, 1.64978, -1.69195
62.8, 1.64535, -1.69215
62.825, 1.64535, -1.69215
62.85, 1.64535, -1.69215
62.875, 1.63938, -1.69237
62.9, 1.63938, -1.69237
62.925, 1.63938, -1.69237
62.95, 1.63938, -1.69237
62.975, 1.6333, -1.69259
63, 1.6333, -1.69259
63.025, 1.62729, -1.6928
63.05, 1.62209, -1.69299
63.075, 1.62209, -1.69299
63.1, 1.62209, -1.69299
63.125, 1.61723, -1.69318
63.15, 1.61723, -1.69318
63.175, 1.61328, -1.69335
63.2, 1.61328, -1.69335
63.225, 1.60942, -1.69352
63.25, 1.60632, -1.69368
63.275, 1.60632, -1.69368
63.3, 1.60381, -1.69382
63.325, 1.60381, -1.69382
63.35, 1.60381, -1.69382
63.375, 1.60381, -1.69382
63.4, 1.60381, -1.69382
63.425, 1.60381, -1.69382
63.45, 1.60381, -1.69382
63.475, 1.60515, -1.69376
63.5, 1.60515, -1.69376
63.525, 1.6064, -1.69371
63.55, 1.60761, -1.69366
63.575, 1.60761, -1.69366
63.6, 1.60836, -1.69359
63.625, 1.60751, -1.69349
63.65, 1.60751, -1.69349
63.675, 1.60751, -1.69349
63.7, 1.60751, -1.69349
63.725, 1.60751, -1.69349
63.75, 1.60751, -1.69349
63.775, 1.60751, -1.69349
63.8, 1.60751, -1.69349
63.825, 1.61036, -1.69335
63.85, 1.61165, -1.6932
63.875, 1.60962, -1.69302
63.9, 1.60495, -1.69285
63.925, 1.59788, -1.69267
63.95, 1.58991, -1.69249
63.975, 1.58991, -1.69249
64, 1.58991, -1.69249
64.025, 1.58265, -1.69233
64.05, 1.58265, -1.69233
64.075, 1.57585, -1.69217
64.1, 1.56955, -1.69202
64.125, 1.56349, -1.69188
64.15, 1.56349, -1.69188
64.175, 1.5578, -1.69174
64.2, 1.5578, -1.69174
64.225, 1.55179, -1.69161
64.25, 1.54584, -1.69147
64.275, 1.54584, -1.69147
64.3, 1.54584, -1.69147
64.325, 1.54036, -1.69135
64.35, 1.53596, -1.69124
64.375, 1.53286, -1.69114
64.4, 1.53077, -1.69105
64.425, 1.53077, -1.69105
64.45, 1.53077, -1.69105
64.475, 1.53077, -1.69105
64.5, 1.53077, -1.69105
64.525, 1.53077, -1.69105
64.55, 1.5286, -1.69093
64.575, 1.5286, -1.69093
64.6, 1.52712, -1.69082
64.625, 1.52712, -1.69082
64.65, 1.52624, -1.69077
64.675, 1.52624, -1.69077
64.7, 1.52624, -1.69077
64.725, 1.52624, -1.69077
64.75, 1.52557, -1.69071
64.775, 1.52557, -1.69071
64.8, 1.52502, -1.69064
64.825, 1.52455, -1.69057
64.85, 1.52455, -1.69057
64.875, 1.52455, -1.69057
64.9, 1.52259, -1.69056
64.925, 1.52259, -1.69056
64.95, 1.5168, -1.69068
64.975, 1.5168, -1.69068
65, 1.5168, -1.69068
65.025, 1.5168, -1.69068
65.05, 1.5168, -1.69068
65.075, 1.5168, -1.69068
65.1, 1.51376, -1.69073
65.125, 1.51376, -1.69073
65.15, 1.51376, -1.69073
65.175, 1.50822, -1.69081
65.2, 1.50023, -1.69092
65.225, 1.50023, -1.69092
65.25, 1.50023, -1.69092
65.275, 1.50023, -1.69092
65.3, 1.50023, -1.69092
65.325, 1.50023, -1.69092
65.35, 1.4931, -1.69103
65.375, 1.48708, -1.69112
65.4, 1.48234, -1.6912
65.425, 1.48234, -1.6912
65.45, 1.48234, -1.6912
65.475, 1.47763, -1.69128
65.5, 1.47763, -1.69128
65.525, 1.47327, -1.69135
65.55, 1.46952, -1.69142
65.575, 1.46631, -1.69148
65.6, 1.46362, -1.69153
65.625, 1.46136, -1.69157
65.65, 1.46136, -1.69157
65.675, 1.46136, -1.69157
65.7, 1.45926, -1.69161
65.725, 1.45779, -1.69165
65.75, 1.45779, -1.69165
65.775, 1.45779, -1.69165
65.8, 1.45612, -1.69168
65.825, 1.45449, -1.69172
65.85, 1.453, -1.69175
65.875, 1.453, -1.69175
65.9, 1.45202, -1.69177
65.925, 1.45188, -1.69178
65.95, 1.45221, -1.69178
65.975, 1.45259, -1.69178
66, 1.45259, -1.69178
66.025, 1.45259, -1.69178
66.05, 1.45367, -1.69175
66.075, 1.45476, -1.69174
66.1, 1.45476, -1.69174
66.125, 1.45563, -1.69176
66.15, 1.45646, -1.69179
66.175, 1.45646, -1.69179
66.2, 1.45646, -1.69179
66.225, 1.45646, -1.69179
66.25, 1.45532, -1.69184
66.275, 1.45532, -1.69184
66.3, 1.45409, -1.6919
66.325, 1.45409, -1.6919
66.35, 1.45369, -1.69197
66.375, 1.45369, -1.69197
66.4, 1.45314, -1.69202
66.425, 1.45314, -1.69202
66.45, 1.45139, -1.69207
66.475, 1.44816, -1.69212
66.5, 1.44816, -1.69212
66.525, 1.44367, -1.69217
66.55, 1.43837, -1.69221
66.575, 1.43837, -1.69221
66.6, 1.43287, -1.69226
66.625, 1.43287, -1.69226
66.65, 1.43287, -1.69226
66.675, 1.43287, -1.69226
66.7, 1.43287, -1.69226
66.725, 1.43287, -1.69226
66.75, 1.43287, -1.69226
66.775, 1.42698, -1.69228
66.8, 1.42698, -1.69228
66.825, 1.42183, -1.69231
66.85, 1.41768, -1.69234
66.875, 1.41768, -1.69234
66.9, 1.41439, -1.69237
66.925, 1.41439, -1.69237
66.95, 1.41439, -1.69237
66.975, 1.41439, -1.69237
67, 1.41121, -1.69241
67.025, 1.41121, -1.69241
67.05, 1.41121, -1.69241
67.075, 1.41121, -1.69241
67.1, 1.41121, -1.69241
67.125, 1.40775, -1.69241
67.15, 1.40469, -1.69241
67.175, 1.40227, -1.69241
67.2, 1.40086, -1.69243
67.225, 1.40032, -1.69248
67.25, 1.40032, -1.69248
67.275, 1.39908, -1.69261
67.3, 1.39747, -1.69277
67.325, 1.39575, -1.69294
67.35, 1.39575, -1.69294
67.375, 1.39434, -1.69309
67.4, 1.39434, -1.69309
67.425, 1.39434, -1.69309
67.45, 1.39434, -1.69309
67.475, 1.39434, -1.69309
67.5, 1.39434, -1.69309
67.525, 1.39434, -1.69309
67.55, 1.39434, -1.69309
67.575, 1.39346, -1.69322
67.6, 1.39346, -1.69322
67.625, 1.39316, -1.69334
67.65, 1.39316, -1.69334
67.675, 1.39318, -1.69345
67.7, 1.39318, -1.69345
67.725, 1.39152, -1.69357
67.75, 1.39152, -1.69357
67.775, 1.39152, -1.69357
67.8, 1.39152, -1.69357
67.825, 1.39152, -1.69357
67.85, 1.39152, -1.69357
67.875, 1.39152, -1.69357
67.9, 1.38958, -1.69369
67.925, 1.38958, -1.69369
67.95, 1.38958, -1.69369
67.975, 1.38958, -1.69369
68, 1.38671, -1.6938
68.025, 1.38405, -1.69391
68.05, 1.38148, -1.69402
68.075, 1.37895, -1.69412
68.1, 1.37684, -1.69422
68.125, 1.37521, -1.69431
68.15, 1.37521, -1.69431
68.175, 1.37342, -1.6944
68.2, 1.37342, -1.6944
68.225, 1.37193, -1.69448
68.25, 1.37193, -1.69448
68.275, 1.37193, -1.69448
68.3, 1.37067, -1.69457
68.325, 1.37023, -1.69464
68.35, 1.37005, -1.69471
68.375, 1.37005, -1.69471
68.4, 1.36954, -1.69478
68.425, 1.36954, -1.69478
68.45, 1.36924, -1.69485
68.475, 1.36965, -1.6949
68.5, 1.36965, -1.6949
68.525, 1.3702, -1.69497
68.55, 1.3702, -1.69497
68.575, 1.3702, -1.69497
68.6, 1.3702, -1.69497
68.625, 1.3702, -1.69497
68.65, 1.37407, -1.69489
68.675, 1.37407, -1.69489
68.7, 1.37407, -1.69489
68.725, 1.37407, -1.69489
68.75, 1.37685, -1.6948
68.775, 1.37676, -1.69471
68.8, 1.37224, -1.69466
68.825, 1.36186, -1.69466
68.85, 1.36186, -1.69466
68.875, 1.35456, -1.69462
68.9, 1.35456, -1.69462
68.925, 1.35456, -1.69462
68.95, 1.35456, -1.69462
68.975, 1.35456, -1.69462
69, 1.34666, -1.69456
69.025, 1.33831, -1.69449
69.05, 1.32909, -1.69443
69.075, 1.32909, -1.69443
69.1, 1.32909, -1.69443
69.125, 1.32909, -1.69443
69.15, 1.32909, -1.69443
69.175, 1.32909, -1.69443
69.2, 1.3212, -1.69438
69.225, 1.31497, -1.69433
69.25, 1.30975, -1.69429
69.275, 1.30533, -1.69425
69.3, 1.30533, -1.69425
69.325, 1.30533, -1.69425
69.35, 1.30533, -1.69425
69.375, 1.30163, -1.69422
69.4, 1.29916, -1.6942
69.425, 1.29765, -1.69418
69.45, 1.29765, -1.69418
69.475, 1.29678, -1.69416
69.5, 1.29678, -1.69416
69.525, 1.29678, -1.69416
69.55, 1.29678, -1.69416
69.575, 1.29678, -1.69416
69.6, 1.29678, -1.69416
69.625, 1.29678, -1.69416
69.65, 1.29678, -1.69416
69.675, 1.29616, -1.69402
69.7, 1.29583, -1.69389
69.725, 1.29583, -1.69389
69.75, 1.29583, -1.69389
69.775, 1.29605, -1.69379
69.8, 1.29679, -1.69373
69.825, 1.29766, -1.69372
69.85, 1.29826, -1.69375
69.875, 1.29846, -1.69382
69.9, 1.29846, -1.69382
69.925, 1.29846, -1.69382
69.95, 1.29846, -1.69382
69.975, 1.29916, -1.69386
70, 1.29916, -1.69386
70.025, 1.29795, -1.69393
70.05, 1.29166, -1.6941
70.075, 1.27513, -1.69448
70.1, 1.24902, -1.69503
70.125, 1.24902, -1.69503
70.15, 1.24902, -1.69503
70.175, 1.24902, -1.69503
70.2, 1.24902, -1.69503
70.225, 1.23846, -1.69534
70.25, 1.23846, -1.69534
70.275, 1.22943, -1.69564
70.3, 1.22943, -1.69564
70.325, 1.22943, -1.69564
70.35, 1.22943, -1.69564
70.375, 1.22943, -1.69564
70.4, 1.21498, -1.69589
70.425, 1.21498, -1.69589
70.45, 1.21498, -1.69589
70.475, 1.21498, -1.69589
70.5, 1.20132, -1.69614
70.525, 1.19729, -1.69629
70.55, 1.19729, -1.69629
70.575, 1.19535, -1.69644
70.6, 1.19535, -1.69644
70.625, 1.19535, -1.69644
70.65, 1.19364, -1.69659
70.675, 1.19364, -1.69659
70.7, 1.19364, -1.69659
70.725, 1.19364, -1.69659
70.75, 1.19249, -1.69668
70.775, 1.2008, -1.69665
70.8, 1.21514, -1.69654
70.825, 1.23403, -1.69637
70.85, 1.23403, -1.69637
70.875, 1.23403, -1.69637
70.9, 1.23403, -1.69637
70.925, 1.23403, -1.69637
70.95, 1.23403, -1.69637
70.975, 1.25405, -1.69614
71, 1.27703, -1.69587
71.025, 1.27703, -1.69587
71.05, 1.27703, -1.69587
71.075, 1.27703, -1.69587
71.1, 1.27703, -1.69587
71.125, 1.29691, -1.69567
71.15, 1.29691, -1.69567
71.175, 1.31563, -1.69548
71.2, 1.31563, -1.69548
71.225, 1.31563, -1.69548
71.25, 1.31563, -1.69548
71.275, 1.33362, -1.69529
71.3, 1.33362, -1.69529
71.325, 1.33362, -1.69529
71.35, 1.33362, -1.69529
71.375, 1.33362, -1.69529
71.4, 1.34646, -1.69513
71.425, 1.34646, -1.69513
71.45, 1.34646, -1.69513
71.475, 1.34646, -1.69513
71.5, 1.3589, -1.69498
71.525, 1.3589, -1.69498
71.55, 1.3589, -1.69498
71.575, 1.36835, -1.69478
71.6, 1.37384, -1.69452
71.625, 1.37384, -1.69452
71.65, 1.37384, -1.69452
71.675, 1.37384, -1.69452
71.7, 1.37384, -1.69452
71.725, 1.37384, -1.69452
71.75, 1.37384, -1.69452
71.775, 1.37882, -1.69426
71.8, 1.37882, -1.69426
71.825, 1.37882, -1.69426
71.85, 1.38307, -1.694
71.875, 1.38725, -1.69375
71.9, 1.38725, -1.69375
71.925, 1.39187, -1.69353
71.95, 1.39187, -1.69353
71.975, 1.39187, -1.69353
72, 1.39187, -1.69353
72.025, 1.39187, -1.69353
72.05, 1.39187, -1.69353
72.075, 1.396, -1.69325
72.1, 1.40185, -1.69303
72.125, 1.40904, -1.69284
72.15, 1.41756, -1.6927
72.175, 1.41756, -1.6927
72.2, 1.41756, -1.6927
72.225, 1.41756, -1.6927
72.25, 1.42575, -1.69255
72.275, 1.42575, -1.69255
72.3, 1.42575, -1.69255
72.325, 1.43381, -1.69246
72.35, 1.43381, -1.69246
72.375, 1.43381, -1.69246
72.4, 1.43381, -1.69246
72.425, 1.43381, -1.69246
72.45, 1.43381, -1.69246
72.475, 1.44244, -1.69231
72.5, 1.44244, -1.69231
72.525, 1.45061, -1.6922
72.55, 1.45061, -1.6922
72.575, 1.45061, -1.6922
72.6, 1.45061, -1.6922
72.625, 1.45061, -1.6922
72.65, 1.45656, -1.69217
72.675, 1.45656, -1.69217
72.7, 1.46049, -1.69221
72.725, 1.46049, -1.69221
72.75, 1.46049, -1.69221
72.775, 1.46464, -1.69224
72.8, 1.46895, -1.69226
72.825, 1.47365, -1.69226
72.85, 1.47365, -1.69226
72.875, 1.47758, -1.69227
72.9, 1.47758, -1.69227
72.925, 1.48063, -1.69231
72.95, 1.48063, -1.69231
72.975, 1.48063, -1.69231
73, 1.48063, -1.69231
73.025, 1.48063, -1.69231
73.05, 1.48063, -1.69231
73.075, 1.48319, -1.69235
73.1, 1.48319, -1.69235
73.125, 1.48319, -1.69235
73.15, 1.48582, -1.69238
73.175, 1.48926, -1.6924
73.2, 1.48926, -1.6924
73.225, 1.49302, -1.6924
73.25, 1.49302, -1.6924
73.275, 1.49704, -1.69239
73.3, 1.5018, -1.69235
73.325, 1.5018, -1.69235
73.35, 1.5018, -1.69235
73.375, 1.5018, -1.69235
73.4, 1.5018, -1.69235
73.425, 1.5018, -1.69235
73.45, 1.5018, -1.69235
73.475, 1.5018, -1.69235
73.5, 1.50823, -1.69228
73.525, 1.50823, -1.69228
73.55, 1.50823, -1.69228
73.575, 1.51437, -1.69222
73.6, 1.52016, -1.69212
73.625, 1.52016, -1.69212
73.65, 1.5248, -1.692
73.675, 1.52785, -1.69182
73.7, 1.52851, -1.6916
73.725, 1.52851, -1.6916
73.75, 1.52851, -1.6916
73.775, 1.52981, -1.69138
73.8, 1.52981, -1.69138
73.825, 1.52981, -1.69138
73.85, 1.52981, -1.69138
73.875, 1.53039, -1.69115
73.9, 1.52989, -1.69091
73.925, 1.5276, -1.69064
73.95, 1.52319, -1.69035
73.975, 1.52319, -1.69035
74, 1.51793, -1.69006
74.025, 1.51793, -1.69006
74.05, 1.51384, -1.6898
74.075, 1.51127, -1.68956
74.1, 1.51001, -1.68936
74.125, 1.50982, -1.68918
74.15, 1.50985, -1.68901
74.175, 1.50985, -1.68901
74.2, 1.50985, -1.68901
74.225, 1.50865, -1.68882
74.25, 1.50865, -1.68882
74.275, 1.50865, -1.68882
74.3, 1.50865, -1.68882
74.325, 1.50776, -1.68864
74.35, 1.50776, -1.68864
74.375, 1.50776, -1.68864
74.4, 1.50776, -1.68864
74.425, 1.50776, -1.68864
74.45, 1.50776, -1.68864
74.475, 1.5068, -1.68844
74.5, 1.5068, -1.68844
74.525, 1.5068, -1.68844
74.55, 1.5068, -1.68844
74.575, 1.5068, -1.68844
74.6, 1.50588, -1.68826
74.625, 1.50587, -1.6881
74.65, 1.5067, -1.68798
74.675, 1.50825, -1.6879
74.7, 1.50825, -1.6879
74.725, 1.50983, -1.68786
74.75, 1.51163, -1.68786
74.775, 1.51346, -1.6879
74.8, 1.51346, -1.6879
74.825, 1.51346, -1.6879
74.85, 1.51346, -1.6879
74.875, 1.51346, -1.6879
74.9, 1.51346, -1.6879
74.925, 1.51346, -1.6879
74.95, 1.51346, -1.6879
74.975, 1.51346, -1.6879
75, 1.51346, -1.6879
75.025, 1.51556, -1.68794
75.05, 1.51556, -1.68794
75.075, 1.51756, -1.68797
75.1, 1.51756, -1.68797
75.125, 1.5205, -1.68797
75.15, 1.5233, -1.68797
75.175, 1.52519, -1.688
75.2, 1.52519, -1.688
75.225, 1.52519, -1.688
75.25, 1.52519, -1.688
75.275, 1.52519, -1.688
75.3, 1.52638, -1.68804
75.325, 1.52638, -1.68804
75.35, 1.52849, -1.68806
75.375, 1.53179, -1.68805
75.4, 1.53179, -1.68805
75.425, 1.53179, -1.68805
75.45, 1.53179, -1.68805
75.475, 1.53179, -1.68805
75.5, 1.53179, -1.68805
75.525, 1.53369, -1.68805
75.55, 1.53369, -1.68805
75.575, 1.53559, -1.68804
75.6, 1.53796, -1.68803
75.625, 1.53796, -1.68803
75.65, 1.54076, -1.688
75.675, 1.54426, -1.68796
75.7, 1.5484, -1.6879
75.725, 1.5484, -1.6879
75.75, 1.55275, -1.68784
75.775, 1.55754, -1.68776
75.8, 1.55754, -1.68776
75.825, 1.56236, -1.68767
75.85, 1.56236, -1.68767
75.875, 1.56706, -1.68758
75.9, 1.57176, -1.68747
75.925, 1.57176, -1.68747
75.95, 1.57176, -1.68747
75.975, 1.57176, -1.68747
76, 1.57176, -1.68747
76.025, 1.57637, -1.68738
76.05, 1.58062, -1.68727
76.075, 1.58451, -1.68716
76.1, 1.58451, -1.68716
76.125, 1.58451, -1.68716
76.15, 1.58451, -1.68716
76.175, 1.58821, -1.68705
76.2, 1.58821, -1.68705
76.225, 1.58821, -1.68705
76.25, 1.59087, -1.68694
76.275, 1.59223, -1.68682
76.3, 1.59302, -1.6867
76.325, 1.59406, -1.68659
76.35, 1.59582, -1.68649
76.375, 1.59872, -1.68641
76.4, 1.60252, -1.68636
76.425, 1.60252, -1.68636
76.45, 1.60252, -1.68636
76.475, 1.60527, -1.68627
76.5, 1.60659, -1.68618
76.525, 1.60659, -1.68618
76.55, 1.60659, -1.68618
76.575, 1.60823, -1.68609
76.6, 1.60823, -1.68609
76.625, 1.60823, -1.68609
76.65, 1.61073, -1.68603
76.675, 1.61073, -1.68603
76.7, 1.61073, -1.68603
76.725, 1.61293, -1.68595
76.75, 1.61498, -1.68588
76.775, 1.61669, -1.6858
76.8, 1.61669, -1.6858
76.825, 1.6182, -1.68573
76.85, 1.62006, -1.68566
76.875, 1.62251, -1.6856
76.9, 1.62553, -1.68556
76.925, 1.62553, -1.68556
76.95, 1.62553, -1.68556
76.975, 1.62864, -1.68553
77, 1.63215, -1.68552
77.025, 1.63215, -1.68552
77.05, 1.63573, -1.68552
77.075, 1.63573, -1.68552
77.1, 1.63933, -1.68553
77.125, 1.63933, -1.68553
77.15, 1.63933, -1.68553
77.175, 1.63933, -1.68553
77.2, 1.63933, -1.68553
77.225, 1.63933, -1.68553
77.25, 1.64283, -1.68555
77.275, 1.64619, -1.68557
77.3, 1.64619, -1.68557
77.325, 1.64932, -1.6856
77.35, 1.64932, -1.6856
77.375, 1.64932, -1.6856
77.4, 1.64932, -1.6856
77.425, 1.64932, -1.6856
77.45, 1.6523, -1.68564
77.475, 1.65503, -1.68568
77.5, 1.65503, -1.68568
77.525, 1.65699, -1.68575
77.55, 1.65699, -1.68575
77.575, 1.65767, -1.68586
77.6, 1.65767, -1.68586
77.625, 1.65767, -1.68586
77.65, 1.65767, -1.68586
77.675, 1.6588, -1.68596
77.7, 1.6588, -1.68596
77.725, 1.66002, -1.68605
77.75, 1.66002, -1.68605
77.775, 1.66002, -1.68605
77.8, 1.65969, -1.68617
77.825, 1.6573, -1.68635
77.85, 1.6573, -1.68635
77.875, 1.65444, -1.68653
77.9, 1.65179, -1.6867
77.925, 1.65179, -1.6867
77.95, 1.65179, -1.6867
77.975, 1.65179, -1.6867
78, 1.65179, -1.6867
78.025, 1.65179, -1.6867
78.05, 1.64888, -1.68685
78.075, 1.64577, -1.68701
78.1, 1.64577, -1.68701
78.125, 1.64285, -1.68716
78.15, 1.64022, -1.6873
78.175, 1.64022, -1.6873
78.2, 1.6379, -1.68743
78.225, 1.63597, -1.68755
78.25, 1.6343, -1.68766
78.275, 1.6343, -1.68766
78.3, 1.6343, -1.68766
78.325, 1.6343, -1.68766
78.35, 1.63264, -1.68777
78.375, 1.63264, -1.68777
78.4, 1.63264, -1.68777
78.425, 1.63264, -1.68777
78.45, 1.63264, -1.68777
78.475, 1.63264, -1.68777
78.5, 1.63097, -1.68788
78.525, 1.63097, -1.68788
78.55, 1.63097, -1.68788
78.575, 1.62936, -1.68798
78.6, 1.62936, -1.68798
78.625, 1.62936, -1.68798
78.65, 1.62936, -1.68798
78.675, 1.62936, -1.68798
78.7, 1.62936, -1.68798
78.725, 1.62936, -1.68798
78.75, 1.62778, -1.68808
78.775, 1.62616, -1.68817
78.8, 1.62616, -1.68817
78.825, 1.62616, -1.68817
78.85, 1.62431, -1.68826
78.875, 1.62431, -1.68826
78.9, 1.62431, -1.68826
78.925, 1.62298, -1.68835
78.95, 1.62298, -1.68835
78.975, 1.62298, -1.68835
79, 1.62298, -1.68835
79.025, 1.62179, -1.68842
79.05, 1.62179, -1.68842
79.075, 1.62179, -1.68842
79.1, 1.62179, -1.68842
79.125, 1.62179, -1.68842
79.15, 1.62179, -1.68842
79.175, 1.62179, -1.68842
79.2, 1.62107, -1.68849
79.225, 1.62107, -1.68849
79.25, 1.62038, -1.68858
79.275, 1.61974, -1.68866
79.3, 1.61974, -1.68866
79.325, 1.61974, -1.68866
79.35, 1.6188, -1.68874
79.375, 1.61735, -1.68881
79.4, 1.61735, -1.68881
79.425, 1.61735, -1.68881
79.45, 1.61735, -1.68881
79.475, 1.61735, -1.68881
79.5, 1.61735, -1.68881
79.525, 1.61735, -1.68881
79.55, 1.61735, -1.68881
79.575, 1.61588, -1.68887
79.6, 1.61436, -1.68893
79.625, 1.61436, -1.68893
79.65, 1.61283, -1.68898
79.675, 1.61283, -1.68898
79.7, 1.61283, -1.68898
79.725, 1.61283, -1.68898
79.75, 1.6114, -1.68904
79.775, 1.6114, -1.68904
79.8, 1.6114, -1.68904
79.825, 1.6114, -1.68904
79.85, 1.60996, -1.6891
79.875, 1.60996, -1.6891
79.9, 1.60846, -1.68917
79.925, 1.60846, -1.68917
79.95, 1.60699, -1.68924
79.975, 1.60555, -1.6893
80, 1.60555, -1.6893
80.025, 1.60389, -1.68938
80.05, 1.60151, -1.68946
80.075, 1.60151, -1.68946
80.1, 1.5966, -1.68958
80.125, 1.5966, -1.68958
80.15, 1.58867, -1.68974
80.175, 1.58867, -1.68974
80.2, 1.58867, -1.68974
80.225, 1.58867, -1.68974
80.25, 1.5795, -1.68991
80.275, 1.5795, -1.68991
80.3, 1.5795, -1.68991
80.325, 1.56516, -1.69009
80.35, 1.54742, -1.69031
80.375, 1.54742, -1.69031
80.4, 1.54742, -1.69031
80.425, 1.54742, -1.69031
80.45, 1.54742, -1.69031
80.475, 1.54742, -1.69031
80.5, 1.53425, -1.69055
80.525, 1.53425, -1.69055
80.55, 1.52486, -1.69078
80.575, 1.52486, -1.69078
80.6, 1.51709, -1.69102
80.625, 1.51386, -1.6912
80.65, 1.51281, -1.69136
80.675, 1.51281, -1.69136
80.7, 1.51235, -1.69151
80.725, 1.51521, -1.69162
80.75, 1.51521, -1.69162
80.775, 1.51521, -1.69162
80.8, 1.51795, -1.69173
80.825, 1.51795, -1.69173
80.85, 1.52131, -1.69184
80.875, 1.5277, -1.69192
80.9, 1.5277, -1.69192
80.925, 1.53453, -1.69202
80.95, 1.54405, -1.69209
80.975, 1.55606, -1.69214
81, 1.57017, -1.69216
81.025, 1.57017, -1.69216
81.05, 1.5836, -1.69222
81.075, 1.5836, -1.69222
81.1, 1.59615, -1.69232
81.125, 1.59615, -1.69232
81.15, 1.60765, -1.69247
81.175, 1.6196, -1.69259
81.2, 1.63172, -1.6927
81.225, 1.64367, -1.6928
81.25, 1.64367, -1.6928
81.275, 1.65458, -1.69291
81.3, 1.65458, -1.69291
81.325, 1.66442, -1.69304
81.35, 1.66442, -1.69304
81.375, 1.66442, -1.69304
81.4, 1.67302, -1.69318
81.425, 1.67913, -1.69332
81.45, 1.67913, -1.69332
81.475, 1.67913, -1.69332
81.5, 1.67913, -1.69332
81.525, 1.67913, -1.69332
81.55, 1.68866, -1.69339
81.575, 1.68866, -1.69339
81.6, 1.68866, -1.69339
81.625, 1.68866, -1.69339
81.65, 1.69533, -1.69343
81.675, 1.69898, -1.69345
81.7, 1.69898, -1.69345
81.725, 1.70126, -1.69348
81.75, 1.70126, -1.69348
81.775, 1.70552, -1.69353
81.8, 1.70552, -1.69353
81.825, 1.70552, -1.69353
81.85, 1.70552, -1.69353
81.875, 1.70878, -1.69332
81.9, 1.71029, -1.69311
81.925, 1.70884, -1.69289
81.95, 1.70884, -1.69289
81.975, 1.70884, -1.69289
82, 1.70775, -1.69268
82.025, 1.70775, -1.69268
82.05, 1.70775, -1.69268
82.075, 1.70694, -1.69249
82.1, 1.70694, -1.69249
82.125, 1.70625, -1.6923
82.15, 1.70625, -1.6923
82.175, 1.70601, -1.69214
82.2, 1.70601, -1.69214
82.225, 1.70601, -1.69214
82.25, 1.70601, -1.69214
82.275, 1.70581, -1.69195
82.3, 1.70669, -1.69179
82.325, 1.70852, -1.69167
82.35, 1.70852, -1.69167
82.375, 1.70852, -1.69167
82.4, 1.70852, -1.69167
82.425, 1.70852, -1.69167
82.45, 1.71053, -1.69152
82.475, 1.71053, -1.69152
82.5, 1.71223, -1.69143
82.525, 1.71395, -1.69138
82.55, 1.71565, -1.69137
82.575, 1.71565, -1.69137
82.6, 1.71686, -1.6914
82.625, 1.71742, -1.6915
82.65, 1.71742, -1.6915
82.675, 1.71617, -1.69169
82.7, 1.71617, -1.69169
82.725, 1.71617, -1.69169
82.75, 1.71617, -1.69169
82.775, 1.71604, -1.69184
82.8, 1.71604, -1.69184
82.825, 1.71604, -1.69184
82.85, 1.71549, -1.69199
82.875, 1.71549, -1.69199
82.9, 1.71549, -1.69199
82.925, 1.71549, -1.69199
82.95, 1.71331, -1.69219
82.975, 1.70961, -1.69242
83, 1.70961, -1.69242
83.025, 1.70585, -1.69265
83.05, 1.70361, -1.69284
83.075, 1.70361, -1.69284
83.1, 1.70361, -1.69284
83.125, 1.70135, -1.69303
83.15, 1.70135, -1.69303
83.175, 1.69883, -1.69321
83.2, 1.69883, -1.69321
83.225, 1.69563, -1.6934
83.25, 1.69563, -1.6934
83.275, 1.69266, -1.69358
83.3, 1.69266, -1.69358
83.325, 1.68985, -1.69376
83.35, 1.68985, -1.69376
83.375, 1.68985, -1.69376
83.4, 1.68985, -1.69376
83.425, 1.68751, -1.69392
83.45, 1.68551, -1.69405
83.475, 1.68374, -1.69416
83.5, 1.68374, -1.69416
83.525, 1.68374, -1.69416
83.55, 1.68374, -1.69416
83.575, 1.68234, -1.69426
83.6, 1.68053, -1.69435
83.625, 1.67814, -1.69442
83.65, 1.67814, -1.69442
83.675, 1.67551, -1.69448
83.7, 1.67551, -1.69448
83.725, 1.6728, -1.69454
83.75, 1.66946, -1.69459
83.775, 1.66527, -1.69463
83.8, 1.66527, -1.69463
83.825, 1.66527, -1.69463
83.85, 1.66141, -1.69466
83.875, 1.66141, -1.69466
83.9, 1.66141, -1.69466
83.925, 1.66141, -1.69466
83.95, 1.6574, -1.6947
83.975, 1.65335, -1.69472
84, 1.65335, -1.69472
84.025, 1.65335, -1.69472
84.05, 1.6497, -1.69476
84.075, 1.64717, -1.6948
84.1, 1.64596, -1.69487
84.125, 1.64596, -1.69487
84.15, 1.64488, -1.69494
84.175, 1.64408, -1.695
84.2, 1.64408, -1.695
84.225, 1.64408, -1.695
84.25, 1.64408, -1.695
84.275, 1.64408, -1.695
84.3, 1.64408, -1.695
84.325, 1.64408, -1.695
84.35, 1.64428, -1.69509
84.375, 1.64428, -1.69509
84.4, 1.64487, -1.69519
84.425, 1.64611, -1.6953
84.45, 1.64611, -1.6953
84.475, 1.64611, -1.6953
84.5, 1.64611, -1.6953
84.525, 1.64662, -1.69535
84.55, 1.64662, -1.69535
84.575, 1.64662, -1.69535
84.6, 1.64662, -1.69535
84.625, 1.64662, -1.69535
84.65, 1.64662, -1.69535
84.675, 1.64711, -1.6954
84.7, 1.64795, -1.69547
84.725, 1.64901, -1.69555
84.75, 1.65028, -1.69564
84.775, 1.65028, -1.69564
84.8, 1.65028, -1.69564
84.825, 1.65138, -1.69574
84.85, 1.65138, -1.69574
84.875, 1.65138, -1.69574
84.9, 1.65138, -1.69574
84.925, 1.65258, -1.69584
84.95, 1.65258, -1.69584
84.975, 1.6532, -1.69596
85, 1.65304, -1.69612
85.025, 1.6516, -1.69634
85.05, 1.6516, -1.69634
85.075, 1.6516, -1.69634
85.1, 1.6516, -1.69634
85.125, 1.6516, -1.69634
85.15, 1.6516, -1.69634
85.175, 1.6516, -1.69634
85.2, 1.6516, -1.69634
85.225, 1.64946, -1.69657
85.25, 1.64946, -1.69657
85.275, 1.64946, -1.69657
85.3, 1.64946, -1.69657
85.325, 1.64718, -1.69679
85.35, 1.64718, -1.69679
85.375, 1.64718, -1.69679
85.4, 1.64718, -1.69679
85.425, 1.64718, -1.69679
85.45, 1.64718, -1.69679
85.475, 1.64718, -1.69679
85.5, 1.64718, -1.69679
85.525, 1.64752, -1.69684
85.55, 1.64752, -1.69684
85.575, 1.64711, -1.69689
85.6, 1.64711, -1.69689
85.625, 1.64711, -1.69689
85.65, 1.64743, -1.69694
85.675, 1.64933, -1.69695
85.7, 1.64933, -1.69695
85.725, 1.64933, -1.69695
85.75, 1.65132, -1.69694
85.775, 1.65132, -1.69694
85.8, 1.65301, -1.69694
85.825, 1.65301, -1.69694
85.85, 1.65301, -1.69694
85.875, 1.65301, -1.69694
85.9, 1.65408, -1.69695
85.925, 1.65408, -1.69695
85.95, 1.65408, -1.69695
85.975, 1.65408, -1.69695
86, 1.65408, -1.69695
86.025, 1.65408, -1.69695
86.05, 1.65753, -1.6969
86.075, 1.66017, -1.69685
86.1, 1.66193, -1.69679
86.125, 1.6629, -1.69672
86.15, 1.6629, -1.69672
86.175, 1.6629, -1.69672
86.2, 1.6629, -1.69672
86.225, 1.6629, -1.69672
86.25, 1.6629, -1.69672
86.275, 1.6629, -1.69672
86.3, 1.6629, -1.69672
86.325, 1.6629, -1.69672
86.35, 1.66383, -1.69666
86.375, 1.66481, -1.69659
86.4, 1.66562, -1.69653
86.425, 1.66562, -1.69653
86.45, 1.66562, -1.69653
86.475, 1.66562, -1.69653
86.5, 1.66562, -1.69653
86.525, 1.66562, -1.69653
86.55, 1.66562, -1.69653
86.575, 1.66562, -1.69653
86.6, 1.66656, -1.69642
86.625, 1.66656, -1.69642
86.65, 1.66811, -1.69635
86.675, 1.66811, -1.69635
86.7, 1.66811, -1.69635
86.725, 1.66811, -1.69635
86.75, 1.66811, -1.69635
86.775, 1.67068, -1.69617
86.8, 1.67068, -1.69617
86.825, 1.67231, -1.69598
86.85, 1.67231, -1.69598
86.875, 1.67231, -1.69598
86.9, 1.67536, -1.69581
86.925, 1.67536, -1.69581
86.95, 1.67536, -1.69581
86.975, 1.67536, -1.69581
87, 1.67806, -1.69567
87.025, 1.67806, -1.69567
87.05, 1.68084, -1.6955
87.075, 1.68084, -1.6955
87.1, 1.68084, -1.6955
87.125, 1.68084, -1.6955
87.15, 1.6835, -1.69535
87.175, 1.6835, -1.69535
87.2, 1.68572, -1.69523
87.225, 1.68572, -1.69523
87.25, 1.68715, -1.69515
87.275, 1.68715, -1.69515
87.3, 1.68715, -1.69515
87.325, 1.68715, -1.69515
87.35, 1.68822, -1.69507
87.375, 1.68822, -1.69507
87.4, 1.68822, -1.69507
87.425, 1.68931, -1.695
87.45, 1.69046, -1.69493
87.475, 1.69176, -1.69485
87.5, 1.69176, -1.69485
87.525, 1.69176, -1.69485
87.55, 1.69176, -1.69485
87.575, 1.69176, -1.69485
87.6, 1.69176, -1.69485
87.625, 1.69176, -1.69485
87.65, 1.69176, -1.69485
87.675, 1.69176, -1.69485
87.7, 1.69176, -1.69485
87.725, 1.69176, -1.69485
87.75, 1.69331, -1.69476
87.775, 1.69498, -1.69466
87.8, 1.69498, -1.69466
87.825, 1.69498, -1.69466
87.85, 1.69498, -1.69466
87.875, 1.69498, -1.69466
87.9, 1.69498, -1.69466
87.925, 1.69652, -1.69456
87.95, 1.69652, -1.69456
87.975, 1.69861, -1.69446
88, 1.69861, -1.69446
88.025, 1.69861, -1.69446
88.05, 1.69861, -1.69446
88.075, 1.69861, -1.69446
88.1, 1.70188, -1.69432
88.125, 1.70188, -1.69432
88.15, 1.70479, -1.69421
88.175, 1.70778, -1.69409
88.2, 1.71067, -1.69394
88.225, 1.71067, -1.69394
88.25, 1.71184, -1.6938
88.275, 1.71184, -1.6938
88.3, 1.71184, -1.6938
88.325, 1.71184, -1.6938
88.35, 1.71184, -1.6938
88.375, 1.71562, -1.69362
88.4, 1.71941, -1.69346
88.425, 1.71941, -1.69346
88.45, 1.7232, -1.6933
88.475, 1.7232, -1.6933
88.5, 1.7232, -1.6933
88.525, 1.7232, -1.6933
88.55, 1.72608, -1.69314
88.575, 1.72835, -1.69298
88.6, 1.72835, -1.69298
88.625, 1.72973, -1.69282
88.65, 1.72973, -1.69282
88.675, 1.72973, -1.69282
88.7, 1.73051, -1.69266
88.725, 1.73051, -1.69266
88.75, 1.73051, -1.69266
88.775, 1.73051, -1.69266
88.8, 1.73051, -1.69266
88.825, 1.73083, -1.6925
88.85, 1.73083, -1.6925
88.875, 1.73083, -1.6925
88.9, 1.73083, -1.6925
88.925, 1.73083, -1.6925
88.95, 1.73083, -1.6925
88.975, 1.73083, -1.6925
89, 1.73112, -1.69235
89.025, 1.73112, -1.69235
89.05, 1.73203, -1.69222
89.075, 1.73356, -1.6921
89.1, 1.73356, -1.6921
89.125, 1.73356, -1.6921
89.15, 1.73356, -1.6921
89.175, 1.73489, -1.69198
89.2, 1.73489, -1.69198
89.225, 1.73489, -1.69198
89.25, 1.73489, -1.69198
89.275, 1.73489, -1.69198
89.3, 1.73516, -1.69192
89.325, 1.73516, -1.69192
89.35, 1.73516, -1.69192
89.375, 1.73516, -1.69192
89.4, 1.73695, -1.6918
89.425, 1.73695, -1.6918
89.45, 1.73905, -1.69168
89.475, 1.73905, -1.69168
89.5, 1.74055, -1.69158
89.525, 1.74078, -1.69151
89.55, 1.74078, -1.69151
89.575, 1.73891, -1.69149
89.6, 1.73533, -1.69151
89.625, 1.73533, -1.69151
89.65, 1.73263, -1.69152
89.675, 1.73263, -1.69152
89.7, 1.73074, -1.69151
89.725, 1.73074, -1.69151
89.75, 1.7291, -1.69151
89.775, 1.7291, -1.69151
89.8, 1.72658, -1.69151
89.825, 1.72303, -1.69154
89.85, 1.71822, -1.69159
89.875, 1.71303, -1.69165
89.9, 1.71303, -1.69165
89.925, 1.70808, -1.6917
89.95, 1.70808, -1.6917
89.975, 1.70331, -1.69175
