0, 8.04247, -2.69178
0.025, 1.62918, -0.162886
0.05, 1.62918, -0.162886
0.075, 1.62918, -0.162886
0.1, 1.62918, -0.162886
0.125, 1.62918, -0.162886
0.15, 4.37634, -0.162169
0.175, 4.37634, -0.162169
0.2, 0.573276, 2.97813
0.225, 0.122056, 2.97825
0.25, 0.122056, 2.97825
0.275, 0.122056, 2.97825
0.3, 0.141943, -0.163278
0.325, 0.141943, -0.163278
0.35, 0.141943, -0.163278
0.375, 0.141943, -0.163278
0.4, 0.141943, -0.163278
0.425, 0.34226, -0.163238
0.45, 0.418187, -0.163257
0.475, 0.48462, -0.163301
0.5, 0.48462, -0.163301
0.525, 0.572381, -0.163447
0.55, 0.572381, -0.163447
0.575, 0.689656, -0.163972
0.6, 0.689656, -0.163972
0.625, 0.689656, -0.163972
0.65, 0.689656, -0.163972
0.675, 0.689656, -0.163972
0.7, 0.689656, -0.163972
0.725, 0.689656, -0.163972
0.75, 0.689656, -0.163972
0.775, 1.10039, -0.171354
0.8, 1.10039, -0.171354
0.825, 1.49593, -0.188721
0.85, 1.49593, -0.188721
0.875, 1.49593, -0.188721
0.9, 1.96318, -0.217716
0.925, 1.96318, -0.217716
0.95, 1.96318, -0.217716
0.975, 2.49877, -0.265837
1, 3.55052, -0.3862
1.025, 3.55052, -0.3862
1.05, 3.55052, -0.3862
1.075, 3.55052, -0.3862
1.1, 3.55052, -0.3862
1.125, 4.79185, -0.730857
1.15, 4.79185, -0.730857
1.175, 5.02697, -1.07024
1.2, 4.9932, -1.10204
1.225, 4.9932, -1.10204
1.25, 4.9932, -1.10204
1.275, 4.9932, -1.10204
1.3, 2.26412, -1.81421
1.325, 2.26412, -1.81421
1.35, 2.39627, -1.78952
1.375, 2.39627, -1.78952
1.4, 2.39627, -1.78952
1.425, 2.39627, -1.78952
1.45, 2.39627, -1.78952
1.475, 0.541646, -2.06987
1.5, 0.541646, -2.06987
1.525, 0.541646, -2.06987
1.55, 0.541646, -2.06987
1.575, 1.76583, -1.88313
1.6, 2.46932, -1.77203
1.625, 2.46932, -1.77203
1.65, 2.46932, -1.77203
1.675, 2.46932, -1.77203
1.7, 2.28757, -1.79459
1.725, 2.6341, -1.74717
1.75, 2.93262, -1.70415
1.775, 3.21546, -1.66126
1.8, 3.21546, -1.66126
1.825, 3.21546, -1.66126
1.85, 3.21546, -1.66126
1.875, 3.30542, -1.65007
1.9, 3.34193, -1.64558
1.925, 3.34193, -1.64558
1.95, 3.32874, -1.64704
1.975, 3.35033, -1.64441
2, 3.3774, -1.64096
2.025, 3.3774, -1.64096
2.05, 3.39177, -1.63953
2.075, 3.39177, -1.63953
2.1, 3.39995, -1.63877
2.125, 3.41177, -1.63757
2.15, 3.42242, -1.63643
2.175, 3.43823, -1.63439
2.2, 3.43823, -1.63439
2.225, 3.43823, -1.63439
2.25, 3.43823, -1.63439
2.275, 3.43823, -1.63439
2.3, 3.43823, -1.63439
2.325, 3.43823, -1.63439
2.35, 3.43823, -1.63439
2.375, 3.43823, -1.63439
2.4, 3.43823, -1.63439
2.425, 3.44225, -1.63339
2.45, 3.44225, -1.63339
2.475, 3.39614, -1.62972
2.5, 3.39614, -1.62972
2.525, 3.37555, -1.62855
2.55, 3.37555, -1.62855
2.575, 3.37555, -1.62855
2.6, 3.37555, -1.62855
2.625, 3.34223, -1.62783
2.65, 3.22437, -1.62772
2.675, 3.22437, -1.62772
2.7, 3.18114, -1.62743
2.725, 3.18114, -1.62743
2.75, 3.1719, -1.62735
2.775, 3.14896, -1.62736
2.8, 3.11059, -1.62751
2.825, 3.11059, -1.62751
2.85, 3.11059, -1.62751
2.875, 3.11059, -1.62751
2.9, 3.11777, -1.62815
2.925, 3.07364, -1.62746
2.95, 3.07364, -1.62746
2.975, 3.03099, -1.62668
3, 3.03099, -1.62668
3.025, 3.0081, -1.62654
3.05, 3.0081, -1.62654
3.075, 3.01083, -1.6273
3.1, 3.00865, -1.62828
3.125, 2.99208, -1.63008
3.15, 2.9684, -1.63187
3.175, 2.95173, -1.63303
3.2, 2.95173, -1.63303
3.225, 2.97059, -1.63173
3.25, 2.96576, -1.63206
3.275, 2.96576, -1.63206
3.3, 2.96576, -1.63206
3.325, 2.38473, -1.6583
3.35, 2.38473, -1.6583
3.375, 2.38473, -1.6583
3.4, 2.38473, -1.6583
3.425, 2.38473, -1.6583
3.45, 2.38473, -1.6583
3.475, 2.38473, -1.6583
3.5, 1.83593, -1.68034
3.525, 1.83593, -1.68034
3.55, 1.83593, -1.68034
3.575, 1.83593, -1.68034
3.6, 1.83593, -1.68034
3.625, 1.68496, -1.68606
3.65, 1.68496, -1.68606
3.675, 1.74818, -1.68368
3.7, 1.74818, -1.68368
3.725, 1.74818, -1.68368
3.75, 1.77094, -1.68286
3.775, 1.77094, -1.68286
3.8, 1.80123, -1.68178
3.825, 1.80123, -1.68178
3.85, 1.80123, -1.68178
3.875, 1.80123, -1.68178
3.9, 1.80123, -1.68178
3.925, 1.80123, -1.68178
3.95, 1.92739, -1.67725
3.975, 1.93676, -1.67692
4, 1.93676, -1.67692
4.025, 1.93676, -1.67692
4.05, 1.93676, -1.67692
4.075, 1.93676, -1.67692
4.1, 2.02226, -1.67312
4.125, 2.02226, -1.67312
4.15, 2.02226, -1.67312
4.175, 2.02226, -1.67312
4.2, 2.0507, -1.67173
4.225, 2.07464, -1.67068
4.25, 2.07464, -1.67068
4.275, 2.07464, -1.67068
4.3, 2.07464, -1.67068
4.325, 2.09218, -1.66832
4.35, 2.09218, -1.66832
4.375, 2.09218, -1.66832
4.4, 2.05781, -1.66675
4.425, 2.05286, -1.66404
4.45, 2.03984, -1.66255
4.475, 2.03984, -1.66255
4.5, 2.03984, -1.66255
4.525, 2.03859, -1.66249
4.55, 2.03859, -1.66249
4.575, 2.03859, -1.66249
4.6, 2.03859, -1.66249
4.625, 2.02605, -1.66186
4.65, 2.02605, -1.66186
4.675, 2.02605, -1.66186
4.7, 2.02605, -1.66186
4.725, 2.02605, -1.66186
4.75, 2.02605, -1.66186
4.775, 2.02605, -1.66186
4.8, 2.02605, -1.66186
4.825, 2.02605, -1.66186
4.85, 2.02605, -1.66186
4.875, 2.0404, -1.66377
4.9, 2.07143, -1.66419
4.925, 2.08977, -1.66443
4.95, 2.08977, -1.66443
4.975, 2.09945, -1.66475
5, 2.09945, -1.66475
5.025, 2.09945, -1.66475
5.05, 2.09945, -1.66475
5.075, 2.11146, -1.6659
5.1, 2.11146, -1.6659
5.125, 2.13193, -1.66709
5.15, 2.13193, -1.66709
5.175, 2.13995, -1.66862
5.2, 2.13995, -1.66862
5.225, 2.13995, -1.66862
5.25, 2.13995, -1.66862
5.275, 2.09133, -1.67191
5.3, 2.09133, -1.67191
5.325, 2.09133, -1.67191
5.35, 2.09133, -1.67191
5.375, 2.09133, -1.67191
5.4, 2.09133, -1.67191
5.425, 2.09133, -1.67191
5.45, 2.09133, -1.67191
5.475, 1.92514, -1.67802
5.5, 1.90349, -1.67894
5.525, 1.90349, -1.67894
5.55, 1.92822, -1.67787
5.575, 1.92822, -1.67787
5.6, 1.92822, -1.67787
5.625, 1.92822, -1.67787
5.65, 1.74146, -1.68349
5.675, 1.74146, -1.68349
5.7, 1.74146, -1.68349
5.725, 1.74146, -1.68349
5.75, 1.75908, -1.68302
5.775, 1.75908, -1.68302
5.8, 1.85662, -1.68048
5.825, 1.85662, -1.68048
5.85, 1.85662, -1.68048
5.875, 1.87592, -1.68001
5.9, 1.87592, -1.68001
5.925, 1.87592, -1.68001
5.95, 1.87592, -1.68001
5.975, 1.88319, -1.67982
6, 1.92519, -1.67871
6.025, 1.92519, -1.67871
6.05, 1.95826, -1.67787
6.075, 2.00493, -1.67664
6.1, 2.00493, -1.67664
6.125, 2.03337, -1.6758
6.15, 2.07078, -1.67463
6.175, 2.07078, -1.67463
6.2, 2.07078, -1.67463
6.225, 2.07078, -1.67463
6.25, 2.07082, -1.67451
6.275, 2.07082, -1.67451
6.3, 2.07644, -1.67422
6.325, 2.07644, -1.67422
6.35, 2.07644, -1.67422
6.375, 2.07644, -1.67422
6.4, 2.07644, -1.67422
6.425, 2.07644, -1.67422
6.45, 2.05819, -1.67416
6.475, 2.06352, -1.67313
6.5, 2.06568, -1.67226
6.525, 2.06568, -1.67226
6.55, 2.05176, -1.67166
6.575, 2.05176, -1.67166
6.6, 2.05176, -1.67166
6.625, 2.05176, -1.67166
6.65, 2.03069, -1.67157
6.675, 2.03069, -1.67157
6.7, 2.0152, -1.67125
6.725, 2.004, -1.67104
6.75, 1.99689, -1.67092
6.775, 1.96886, -1.67051
6.8, 1.96886, -1.67051
6.825, 1.96886, -1.67051
6.85, 1.96886, -1.67051
6.875, 1.96547, -1.67045
6.9, 1.96547, -1.67045
6.925, 1.94867, -1.67014
6.95, 1.91974, -1.66985
6.975, 1.87496, -1.66952
7, 1.87496, -1.66952
7.025, 1.87496, -1.66952
7.05, 1.87496, -1.66952
7.075, 1.87496, -1.66952
7.1, 1.87496, -1.66952
7.125, 1.87496, -1.66952
7.15, 1.87168, -1.66897
7.175, 1.86943, -1.66895
7.2, 1.86943, -1.66895
7.225, 1.82664, -1.66858
7.25, 1.82664, -1.66858
7.275, 1.82664, -1.66858
7.3, 1.86458, -1.66917
7.325, 1.86458, -1.66917
7.35, 1.86458, -1.66917
7.375, 1.8792, -1.67115
7.4, 1.8792, -1.67115
7.425, 1.8792, -1.67115
7.45, 1.87844, -1.67084
7.475, 1.87844, -1.67084
7.5, 1.87844, -1.67084
7.525, 1.86989, -1.67267
7.55, 1.85625, -1.67568
7.575, 1.83413, -1.67873
7.6, 1.83413, -1.67873
7.625, 1.79435, -1.68148
7.65, 1.77205, -1.68327
7.675, 1.77205, -1.68327
7.7, 1.73098, -1.68513
7.725, 1.73098, -1.68513
7.75, 1.60756, -1.68947
7.775, 1.60756, -1.68947
7.8, 1.60756, -1.68947
7.825, 1.60756, -1.68947
7.85, 1.63286, -1.68864
7.875, 1.63035, -1.68872
7.9, 1.63035, -1.68872
7.925, 1.58869, -1.68982
7.95, 1.58869, -1.68982
7.975, 1.58869, -1.68982
8, 1.58869, -1.68982
8.025, 1.58869, -1.68982
8.05, 1.60297, -1.68949
8.075, 1.60297, -1.68949
8.1, 1.63129, -1.68885
8.125, 1.63129, -1.68885
8.15, 1.63502, -1.68877
8.175, 1.63502, -1.68877
8.2, 1.60577, -1.68936
8.225, 1.60901, -1.68929
8.25, 1.63238, -1.68873
8.275, 1.63238, -1.68873
8.3, 1.65191, -1.68826
8.325, 1.70984, -1.68684
8.35, 1.70984, -1.68684
8.375, 1.70984, -1.68684
8.4, 1.70984, -1.68684
8.425, 1.70984, -1.68684
8.45, 1.70984, -1.68684
8.475, 1.75429, -1.68584
8.5, 1.75429, -1.68584
8.525, 1.75429, -1.68584
8.55, 1.75412, -1.68594
8.575, 1.76022, -1.68517
8.6, 1.76044, -1.6842
8.625, 1.76044, -1.6842
8.65, 1.76044, -1.6842
8.675, 1.66213, -1.68405
8.7, 1.66213, -1.68405
8.725, 1.66213, -1.68405
8.75, 1.62221, -1.68411
8.775, 1.58435, -1.68358
8.8, 1.58435, -1.68358
8.825, 1.58435, -1.68358
8.85, 1.53425, -1.68305
8.875, 1.47342, -1.68246
8.9, 1.40348, -1.68194
8.925, 1.40348, -1.68194
8.95, 1.40348, -1.68194
8.975, 1.43435, -1.68224
9, 1.43435, -1.68224
9.025, 1.44541, -1.68248
9.05, 1.44541, -1.68248
9.075, 1.42667, -1.68222
9.1, 1.42667, -1.68222
9.125, 1.42667, -1.68222
9.15, 1.42667, -1.68222
9.175, 1.42667, -1.68222
9.2, 1.42667, -1.68222
9.225, 1.42542, -1.68202
9.25, 1.42542, -1.68202
9.275, 1.42542, -1.68202
9.3, 1.42542, -1.68202
9.325, 1.42898, -1.68237
9.35, 1.4769, -1.68329
9.375, 1.51706, -1.6843
9.4, 1.51706, -1.6843
9.425, 1.53393, -1.68552
9.45, 1.56438, -1.68668
9.475, 1.56438, -1.68668
9.5, 1.5713, -1.68722
9.525, 1.5889, -1.68776
9.55, 1.5889, -1.68776
9.575, 1.5889, -1.68776
9.6, 1.5889, -1.68776
9.625, 1.57036, -1.68949
9.65, 1.57036, -1.68949
9.675, 1.57036, -1.68949
9.7, 1.57036, -1.68949
9.725, 1.56987, -1.68952
9.75, 1.56987, -1.68952
9.775, 1.56987, -1.68952
9.8, 1.56987, -1.68952
9.825, 1.56987, -1.68952
9.85, 1.56987, -1.68952
9.875, 1.49774, -1.69222
9.9, 1.49774, -1.69222
9.925, 1.42044, -1.69484
9.95, 1.35707, -1.69692
9.975, 1.35707, -1.69692
10, 1.37034, -1.69652
10.025, 1.37072, -1.69651
10.05, 1.37072, -1.69651
10.075, 1.37072, -1.69651
10.1, 1.36239, -1.6967
10.125, 1.36239, -1.6967
10.15, 1.37697, -1.69635
10.175, 1.38708, -1.6961
10.2, 1.38708, -1.6961
10.225, 1.38503, -1.69614
10.25, 1.38503, -1.69614
10.275, 1.42807, -1.69526
10.3, 1.42807, -1.69526
10.325, 1.42807, -1.69526
10.35, 1.42807, -1.69526
10.375, 1.41916, -1.69555
10.4, 1.41916, -1.69555
10.425, 1.41916, -1.69555
10.45, 1.41916, -1.69555
10.475, 1.42627, -1.69537
10.5, 1.42627, -1.69537
10.525, 1.43283, -1.69501
10.55, 1.43283, -1.69501
10.575, 1.43103, -1.69449
10.6, 1.43186, -1.6935
10.625, 1.43028, -1.6927
10.65, 1.43028, -1.6927
10.675, 1.43028, -1.6927
10.7, 1.42988, -1.69269
10.725, 1.4204, -1.69221
10.75, 1.4204, -1.69221
10.775, 1.4204, -1.69221
10.8, 1.4204, -1.69221
10.825, 1.39416, -1.69216
10.85, 1.36836, -1.69184
10.875, 1.36836, -1.69184
10.9, 1.37671, -1.69196
10.925, 1.38601, -1.69211
10.95, 1.38601, -1.69211
10.975, 1.3769, -1.69197
11, 1.3769, -1.69197
11.025, 1.38529, -1.69207
11.05, 1.41265, -1.69237
11.075, 1.41265, -1.69237
11.1, 1.41265, -1.69237
11.125, 1.41265, -1.69237
11.15, 1.39408, -1.69139
11.175, 1.39408, -1.69139
11.2, 1.39408, -1.69139
11.225, 1.35191, -1.69073
11.25, 1.35191, -1.69073
11.275, 1.35191, -1.69073
11.3, 1.35191, -1.69073
11.325, 1.37606, -1.69126
11.35, 1.43168, -1.69175
11.375, 1.43168, -1.69175
11.4, 1.44046, -1.69193
11.425, 1.44827, -1.69199
11.45, 1.44589, -1.69198
11.475, 1.45142, -1.69202
11.5, 1.45142, -1.69202
11.525, 1.46455, -1.69233
11.55, 1.46455, -1.69233
11.575, 1.48717, -1.69345
11.6, 1.52359, -1.69464
11.625, 1.52359, -1.69464
11.65, 1.5223, -1.69597
11.675, 1.5223, -1.69597
11.7, 1.5223, -1.69597
11.725, 1.52442, -1.69581
11.75, 1.52442, -1.69581
11.775, 1.51254, -1.69668
11.8, 1.51254, -1.69668
11.825, 1.48959, -1.69798
11.85, 1.45726, -1.69967
11.875, 1.45726, -1.69967
11.9, 1.45726, -1.69967
11.925, 1.41236, -1.70124
11.95, 1.33994, -1.70352
11.975, 1.33994, -1.70352
12, 1.33994, -1.70352
12.025, 1.33994, -1.70352
12.05, 1.40383, -1.70178
12.075, 1.40383, -1.70178
12.1, 1.40383, -1.70178
12.125, 1.40383, -1.70178
12.15, 1.37614, -1.70215
12.175, 1.44594, -1.70041
12.2, 1.52357, -1.69846
12.225, 1.52357, -1.69846
12.25, 1.54216, -1.6981
12.275, 1.58277, -1.69706
12.3, 1.60933, -1.69639
12.325, 1.60933, -1.69639
12.35, 1.6234, -1.69611
12.375, 1.65951, -1.69519
12.4, 1.69406, -1.69424
12.425, 1.71252, -1.69369
12.45, 1.72409, -1.69329
12.475, 1.72409, -1.69329
12.5, 1.73098, -1.69309
12.525, 1.73098, -1.69309
12.55, 1.73098, -1.69309
12.575, 1.73098, -1.69309
12.6, 1.7275, -1.69323
12.625, 1.7275, -1.69323
12.65, 1.7275, -1.69323
12.675, 1.70686, -1.69364
12.7, 1.68593, -1.69298
12.725, 1.6797, -1.69274
12.75, 1.6797, -1.69274
12.775, 1.6797, -1.69274
12.8, 1.68441, -1.69321
12.825, 1.68177, -1.69281
12.85, 1.66451, -1.69199
12.875, 1.63124, -1.69133
12.9, 1.63124, -1.69133
12.925, 1.63124, -1.69133
12.95, 1.63124, -1.69133
12.975, 1.63124, -1.69133
13, 1.63124, -1.69133
13.025, 1.63124, -1.69133
13.05, 1.63124, -1.69133
13.075, 1.66115, -1.69101
13.1, 1.61839, -1.69071
13.125, 1.59848, -1.69059
13.15, 1.59848, -1.69059
13.175, 1.58613, -1.69041
13.2, 1.58613, -1.69041
13.225, 1.5634, -1.69019
13.25, 1.5634, -1.69019
13.275, 1.54691, -1.69006
13.3, 1.55943, -1.69012
13.325, 1.60009, -1.69045
13.35, 1.65456, -1.69123
13.375, 1.69089, -1.69198
13.4, 1.69089, -1.69198
13.425, 1.69089, -1.69198
13.45, 1.68412, -1.69131
13.475, 1.68412, -1.69131
13.5, 1.68412, -1.69131
13.525, 1.67556, -1.69056
13.55, 1.69316, -1.69083
13.575, 1.71762, -1.69137
13.6, 1.71762, -1.69137
13.625, 1.71762, -1.69137
13.65, 1.71762, -1.69137
13.675, 1.71762, -1.69137
13.7, 1.73145, -1.68884
13.725, 1.73145, -1.68884
13.75, 1.73426, -1.68927
13.775, 1.73426, -1.68927
13.8, 1.73128, -1.6902
13.825, 1.72609, -1.69202
13.85, 1.72609, -1.69202
13.875, 1.70178, -1.69407
13.9, 1.68652, -1.69572
13.925, 1.67078, -1.6972
13.95, 1.64903, -1.69875
13.975, 1.64903, -1.69875
14, 1.64903, -1.69875
14.025, 1.66405, -1.69807
14.05, 1.6702, -1.69783
14.075, 1.66528, -1.69801
14.1, 1.65827, -1.69828
14.125, 1.64394, -1.69881
14.15, 1.64394, -1.69881
14.175, 1.61262, -1.69986
14.2, 1.61262, -1.69986
14.225, 1.61262, -1.69986
14.25, 1.61262, -1.69986
14.275, 1.62826, -1.69944
14.3, 1.62826, -1.69944
14.325, 1.62826, -1.69944
14.35, 1.62677, -1.69946
14.375, 1.62677, -1.69946
14.4, 1.62677, -1.69946
14.425, 1.62677, -1.69946
14.45, 1.62677, -1.69946
14.475, 1.62677, -1.69946
14.5, 1.62604, -1.69942
14.525, 1.62604, -1.69942
14.55, 1.62604, -1.69942
14.575, 1.62604, -1.69942
14.6, 1.62977, -1.69898
14.625, 1.62977, -1.69898
14.65, 1.62977, -1.69898
14.675, 1.6289, -1.69897
14.7, 1.6289, -1.69897
14.725, 1.6289, -1.69897
14.75, 1.6289, -1.69897
14.775, 1.63077, -1.69889
14.8, 1.63077, -1.69889
14.825, 1.63077, -1.69889
14.85, 1.63077, -1.69889
14.875, 1.63077, -1.69889
14.9, 1.63077, -1.69889
14.925, 1.63117, -1.69889
14.95, 1.63117, -1.69889
14.975, 1.6028, -1.69891
15, 1.6028, -1.69891
15.025, 1.6028, -1.69891
15.05, 1.6028, -1.69891
15.075, 1.61055, -1.69898
15.1, 1.61055, -1.69898
15.125, 1.60244, -1.69873
15.15, 1.58481, -1.69843
15.175, 1.55443, -1.69817
15.2, 1.55443, -1.69817
15.225, 1.55443, -1.69817
15.25, 1.55443, -1.69817
15.275, 1.55443, -1.69817
15.3, 1.5814, -1.69857
15.325, 1.59949, -1.69885
15.35, 1.59949, -1.69885
15.375, 1.54942, -1.69807
15.4, 1.54942, -1.69807
15.425, 1.54942, -1.69807
15.45, 1.50121, -1.69814
15.475, 1.48805, -1.69815
15.5, 1.48805, -1.69815
15.525, 1.48805, -1.69815
15.55, 1.48805, -1.69815
15.575, 1.49346, -1.69852
15.6, 1.54099, -1.69907
15.625, 1.57169, -1.69954
15.65, 1.57169, -1.69954
15.675, 1.56759, -1.69924
15.7, 1.56759, -1.69924
15.725, 1.56759, -1.69924
15.75, 1.56759, -1.69924
15.775, 1.56751, -1.69922
15.8, 1.60176, -1.70001
15.825, 1.62632, -1.70136
15.85, 1.62632, -1.70136
15.875, 1.60213, -1.70382
15.9, 1.57335, -1.70659
15.925, 1.57335, -1.70659
15.95, 1.57335, -1.70659
15.975, 1.62422, -1.70384
16, 1.62422, -1.70384
16.025, 1.63364, -1.70327
16.05, 1.63364, -1.70327
16.075, 1.63134, -1.70336
16.1, 1.63134, -1.70336
16.125, 1.62144, -1.70369
16.15, 1.60924, -1.70407
16.175, 1.60924, -1.70407
16.2, 1.60924, -1.70407
16.225, 1.59978, -1.70435
16.25, 1.59978, -1.70435
16.275, 1.59978, -1.70435
16.3, 1.58133, -1.70474
16.325, 1.58133, -1.70474
16.35, 1.56948, -1.70501
16.375, 1.56948, -1.70501
16.4, 1.56948, -1.70501
16.425, 1.57235, -1.70496
16.45, 1.59533, -1.7044
16.475, 1.61227, -1.70399
16.5, 1.62708, -1.70365
16.525, 1.62708, -1.70365
16.55, 1.60046, -1.70414
16.575, 1.6194, -1.70371
16.6, 1.6194, -1.70371
16.625, 1.64643, -1.70328
16.65, 1.64643, -1.70328
16.675, 1.65839, -1.70327
16.7, 1.68752, -1.70263
16.725, 1.68752, -1.70263
16.75, 1.68752, -1.70263
16.775, 1.68154, -1.70259
16.8, 1.70273, -1.70196
16.825, 1.7237, -1.70113
16.85, 1.7237, -1.70113
16.875, 1.7237, -1.70113
16.9, 1.69698, -1.70207
16.925, 1.68156, -1.70191
16.95, 1.67398, -1.70173
16.975, 1.67185, -1.70161
17, 1.6714, -1.70158
17.025, 1.6714, -1.70158
17.05, 1.6714, -1.70158
17.075, 1.6714, -1.70158
17.1, 1.6714, -1.70158
17.125, 1.56421, -1.70344
17.15, 1.56421, -1.70344
17.175, 1.51816, -1.70399
17.2, 1.51816, -1.70399
17.225, 1.51816, -1.70399
17.25, 1.51816, -1.70399
17.275, 1.49603, -1.70397
17.3, 1.49603, -1.70397
17.325, 1.46568, -1.70381
17.35, 1.47507, -1.70383
17.375, 1.47507, -1.70383
17.4, 1.42795, -1.70342
17.425, 1.40197, -1.70345
17.45, 1.40197, -1.70345
17.475, 1.36123, -1.70338
17.5, 1.36123, -1.70338
17.525, 1.35074, -1.70331
17.55, 1.37142, -1.70334
17.575, 1.41749, -1.70362
17.6, 1.41749, -1.70362
17.625, 1.42988, -1.70444
17.65, 1.46712, -1.70507
17.675, 1.46712, -1.70507
17.7, 1.46836, -1.70515
17.725, 1.49691, -1.70569
17.75, 1.49691, -1.70569
17.775, 1.49893, -1.70642
17.8, 1.49893, -1.70642
17.825, 1.4968, -1.70813
17.85, 1.4968, -1.70813
17.875, 1.49222, -1.70915
17.9, 1.49222, -1.70915
17.925, 1.49222, -1.70915
17.95, 1.49222, -1.70915
17.975, 1.49222, -1.70915
18, 1.56073, -1.70369
18.025, 1.56073, -1.70369
18.05, 1.54043, -1.70531
18.075, 1.54043, -1.70531
18.1, 1.54187, -1.7052
18.125, 1.54187, -1.7052
18.15, 1.54187, -1.7052
18.175, 1.49564, -1.70736
18.2, 1.49564, -1.70736
18.225, 1.45488, -1.70904
18.25, 1.45488, -1.70904
18.275, 1.48101, -1.7081
18.3, 1.48101, -1.7081
18.325, 1.50338, -1.70759
18.35, 1.53224, -1.70685
18.375, 1.53224, -1.70685
18.4, 1.53224, -1.70685
18.425, 1.47197, -1.70778
18.45, 1.47197, -1.70778
18.475, 1.47197, -1.70778
18.5, 1.48295, -1.70756
18.525, 1.48295, -1.70756
18.55, 1.48295, -1.70756
18.575, 1.48658, -1.70767
18.6, 1.48658, -1.70767
18.625, 1.4829, -1.70767
18.65, 1.49871, -1.70731
18.675, 1.51966, -1.70678
18.7, 1.51966, -1.70678
18.725, 1.51966, -1.70678
18.75, 1.51966, -1.70678
18.775, 1.51679, -1.70631
18.8, 1.55881, -1.70524
18.825, 1.58738, -1.70455
18.85, 1.58738, -1.70455
18.875, 1.58738, -1.70455
18.9, 1.58738, -1.70455
18.925, 1.58738, -1.70455
18.95, 1.62541, -1.70237
18.975, 1.63053, -1.70173
19, 1.63259, -1.70103
19.025, 1.63259, -1.70103
19.05, 1.63259, -1.70103
19.075, 1.63259, -1.70103
19.1, 1.63259, -1.70103
19.125, 1.63259, -1.70103
19.15, 1.63259, -1.70103
19.175, 1.76102, -1.69659
19.2, 1.76102, -1.69659
19.225, 1.73478, -1.69637
19.25, 1.71629, -1.69615
19.275, 1.71807, -1.69617
19.3, 1.71807, -1.69617
19.325, 1.69256, -1.69569
19.35, 1.69256, -1.69569
19.375, 1.63744, -1.69527
19.4, 1.5765, -1.69514
19.425, 1.5765, -1.69514
19.45, 1.5765, -1.69514
19.475, 1.5765, -1.69514
19.5, 1.57386, -1.69511
19.525, 1.57386, -1.69511
19.55, 1.57386, -1.69511
19.575, 1.56628, -1.69491
19.6, 1.56628, -1.69491
19.625, 1.56628, -1.69491
19.65, 1.55291, -1.69424
19.675, 1.56856, -1.69437
19.7, 1.56856, -1.69437
19.725, 1.56856, -1.69437
19.75, 1.54549, -1.69359
19.775, 1.54549, -1.69359
19.8, 1.54549, -1.69359
19.825, 1.56238, -1.69448
19.85, 1.56238, -1.69448
19.875, 1.56238, -1.69448
19.9, 1.56263, -1.69399
19.925, 1.57721, -1.69442
19.95, 1.57721, -1.69442
19.975, 1.5724, -1.69421
20, 1.57499, -1.69425
20, 1.57309, -1.69974
20.025, 1.57327, -1.69955
20.05, 1.57323, -1.69937
20.075, 1.57323, -1.69937
20.1, 1.57147, -1.6992
20.125, 1.56881, -1.69905
20.15, 1.56881, -1.69905
20.175, 1.56881, -1.69905
20.2, 1.56522, -1.6989
20.225, 1.56522, -1.6989
20.25, 1.56522, -1.6989
20.275, 1.5602, -1.69874
20.3, 1.55779, -1.69855
20.325, 1.55779, -1.69855
20.35, 1.55779, -1.69855
20.375, 1.55435, -1.69835
20.4, 1.55435, -1.69835
20.425, 1.55435, -1.69835
20.45, 1.55435, -1.69835
20.475, 1.55016, -1.69804
20.5, 1.55016, -1.69804
20.525, 1.54784, -1.69775
20.55, 1.54784, -1.69775
20.575, 1.54784, -1.69775
20.6, 1.54784, -1.69775
20.625, 1.54571, -1.69737
20.65, 1.54571, -1.69737
20.675, 1.54571, -1.69737
20.7, 1.54571, -1.69737
20.725, 1.54571, -1.69737
20.75, 1.54571, -1.69737
20.775, 1.54571, -1.69737
20.8, 1.54571, -1.69737
20.825, 1.55218, -1.69658
20.85, 1.55218, -1.69658
20.875, 1.55951, -1.69584
20.9, 1.56962, -1.69513
20.925, 1.58278, -1.69444
20.95, 1.59858, -1.69381
20.975, 1.59858, -1.69381
21, 1.59858, -1.69381
21.025, 1.6133, -1.69329
21.05, 1.62865, -1.69282
21.075, 1.6439, -1.69239
21.1, 1.65886, -1.69198
21.125, 1.65886, -1.69198
21.15, 1.65886, -1.69198
21.175, 1.67313, -1.69164
21.2, 1.68762, -1.69138
21.225, 1.7021, -1.69121
21.25, 1.7021, -1.69121
21.275, 1.7021, -1.69121
21.3, 1.71512, -1.69111
21.325, 1.71512, -1.69111
21.35, 1.72758, -1.69102
21.375, 1.73953, -1.69094
21.4, 1.73953, -1.69094
21.425, 1.73953, -1.69094
21.45, 1.75031, -1.69092
21.475, 1.75031, -1.69092
21.5, 1.75933, -1.691
21.525, 1.75933, -1.691
21.55, 1.76653, -1.69119
21.575, 1.77251, -1.69145
21.6, 1.77761, -1.69175
21.625, 1.7821, -1.69208
21.65, 1.78602, -1.69243
21.675, 1.78602, -1.69243
21.7, 1.78602, -1.69243
21.725, 1.78957, -1.69278
21.75, 1.78957, -1.69278
21.775, 1.78957, -1.69278
21.8, 1.79256, -1.69314
21.825, 1.79495, -1.69352
21.85, 1.79685, -1.69391
21.875, 1.79685, -1.69391
21.9, 1.79685, -1.69391
21.925, 1.79685, -1.69391
21.95, 1.79898, -1.69427
21.975, 1.80077, -1.69463
22, 1.80077, -1.69463
22.025, 1.80247, -1.69498
22.05, 1.80364, -1.69534
22.075, 1.80364, -1.69534
22.1, 1.80401, -1.69572
22.125, 1.80401, -1.69572
22.15, 1.80357, -1.69612
22.175, 1.80357, -1.69612
22.2, 1.80361, -1.69649
22.225, 1.80361, -1.69649
22.25, 1.80361, -1.69649
22.275, 1.80361, -1.69649
22.3, 1.80361, -1.69649
22.325, 1.80361, -1.69649
22.35, 1.80361, -1.69649
22.375, 1.80361, -1.69649
22.4, 1.80361, -1.69649
22.425, 1.80361, -1.69649
22.45, 1.8051, -1.69679
22.475, 1.8051, -1.69679
22.5, 1.8051, -1.69679
22.525, 1.80838, -1.69696
22.55, 1.80838, -1.69696
22.575, 1.80838, -1.69696
22.6, 1.81169, -1.69711
22.625, 1.815, -1.69725
22.65, 1.815, -1.69725
22.675, 1.818, -1.69739
22.7, 1.818, -1.69739
22.725, 1.818, -1.69739
22.75, 1.82201, -1.69747
22.775, 1.82201, -1.69747
22.8, 1.82201, -1.69747
22.825, 1.82201, -1.69747
22.85, 1.82201, -1.69747
22.875, 1.82201, -1.69747
22.9, 1.82201, -1.69747
22.925, 1.82201, -1.69747
22.95, 1.82201, -1.69747
22.975, 1.82588, -1.69754
23, 1.83006, -1.69758
23.025, 1.83449, -1.69759
23.05, 1.83911, -1.69757
23.075, 1.84391, -1.69753
23.1, 1.84391, -1.69753
23.125, 1.84868, -1.69748
23.15, 1.84868, -1.69748
23.175, 1.84868, -1.69748
23.2, 1.84868, -1.69748
23.225, 1.84868, -1.69748
23.25, 1.85368, -1.69741
23.275, 1.85868, -1.69733
23.3, 1.85868, -1.69733
23.325, 1.86397, -1.6972
23.35, 1.86397, -1.6972
23.375, 1.86908, -1.69707
23.4, 1.87416, -1.69694
23.425, 1.87926, -1.6968
23.45, 1.87926, -1.6968
23.475, 1.87926, -1.6968
23.5, 1.88426, -1.69665
23.525, 1.88426, -1.69665
23.55, 1.88909, -1.69651
23.575, 1.88909, -1.69651
23.6, 1.88909, -1.69651
23.625, 1.88909, -1.69651
23.65, 1.88909, -1.69651
23.675, 1.89453, -1.69633
23.7, 1.89453, -1.69633
23.725, 1.89453, -1.69633
23.75, 1.89981, -1.69616
23.775, 1.90449, -1.69602
23.8, 1.90825, -1.69593
23.825, 1.91087, -1.69588
23.85, 1.91087, -1.69588
23.875, 1.91477, -1.69578
23.9, 1.91887, -1.69566
23.925, 1.92303, -1.69552
23.95, 1.92723, -1.69537
23.975, 1.92723, -1.69537
24, 1.93131, -1.69522
24.025, 1.93514, -1.69508
24.05, 1.93872, -1.69495
24.075, 1.94218, -1.69483
24.1, 1.94218, -1.69483
24.125, 1.94218, -1.69483
24.15, 1.94433, -1.69475
24.175, 1.94433, -1.69475
24.2, 1.94572, -1.6947
24.225, 1.94658, -1.69467
24.25, 1.94671, -1.69467
24.275, 1.94569, -1.69469
24.3, 1.94354, -1.69475
24.325, 1.94354, -1.69475
24.35, 1.94354, -1.69475
24.375, 1.94354, -1.69475
24.4, 1.94354, -1.69475
24.425, 1.93984, -1.69485
24.45, 1.93181, -1.69506
24.475, 1.91206, -1.69552
24.5, 1.91206, -1.69552
24.525, 1.88753, -1.6961
24.55, 1.8596, -1.69674
24.575, 1.83028, -1.69741
24.6, 1.80193, -1.69805
24.625, 1.77542, -1.69866
24.65, 1.75069, -1.69924
24.675, 1.72786, -1.69978
24.7, 1.72786, -1.69978
24.725, 1.72786, -1.69978
24.75, 1.70742, -1.70028
24.775, 1.70742, -1.70028
24.8, 1.68949, -1.70075
24.825, 1.68949, -1.70075
24.85, 1.67341, -1.70119
24.875, 1.67341, -1.70119
24.9, 1.65867, -1.70161
24.925, 1.65867, -1.70161
24.95, 1.65867, -1.70161
24.975, 1.65867, -1.70161
25, 1.64449, -1.70201
25.025, 1.64449, -1.70201
25.05, 1.64449, -1.70201
25.075, 1.64449, -1.70201
25.1, 1.62993, -1.70244
25.125, 1.62993, -1.70244
25.15, 1.62993, -1.70244
25.175, 1.62993, -1.70244
25.2, 1.62993, -1.70244
25.225, 1.62993, -1.70244
25.25, 1.62007, -1.70274
25.275, 1.60949, -1.70308
25.3, 1.60949, -1.70308
25.325, 1.60949, -1.70308
25.35, 1.5991, -1.70336
25.375, 1.5881, -1.70361
25.4, 1.57643, -1.70382
25.425, 1.57643, -1.70382
25.45, 1.56458, -1.70404
25.475, 1.56458, -1.70404
25.5, 1.56458, -1.70404
25.525, 1.55287, -1.70424
25.55, 1.55287, -1.70424
25.575, 1.55287, -1.70424
25.6, 1.55287, -1.70424
25.625, 1.54112, -1.70443
25.65, 1.52914, -1.70461
25.675, 1.51675, -1.70476
25.7, 1.50408, -1.70489
25.725, 1.50408, -1.70489
25.75, 1.50408, -1.70489
25.775, 1.49104, -1.70502
25.8, 1.49104, -1.70502
25.825, 1.49104, -1.70502
25.85, 1.47835, -1.70514
25.875, 1.47835, -1.70514
25.9, 1.47835, -1.70514
25.925, 1.47835, -1.70514
25.95, 1.47835, -1.70514
25.975, 1.47835, -1.70514
26, 1.46577, -1.70524
26.025, 1.45367, -1.70534
26.05, 1.45367, -1.70534
26.075, 1.44193, -1.70544
26.1, 1.44193, -1.70544
26.125, 1.44193, -1.70544
26.15, 1.44193, -1.70544
26.175, 1.43068, -1.70551
26.2, 1.41964, -1.70557
26.225, 1.40855, -1.70562
26.25, 1.40855, -1.70562
26.275, 1.39695, -1.70566
26.3, 1.39695, -1.70566
26.325, 1.38611, -1.7057
26.35, 1.38611, -1.7057
26.375, 1.37588, -1.70577
26.4, 1.37588, -1.70577
26.425, 1.36566, -1.70585
26.45, 1.36566, -1.70585
26.475, 1.36566, -1.70585
26.5, 1.36566, -1.70585
26.525, 1.36566, -1.70585
26.55, 1.36566, -1.70585
26.575, 1.35537, -1.70593
26.6, 1.35537, -1.70593
26.625, 1.35537, -1.70593
26.65, 1.34561, -1.70603
26.675, 1.33619, -1.70614
26.7, 1.33619, -1.70614
26.725, 1.32725, -1.70623
26.75, 1.32725, -1.70623
26.775, 1.31831, -1.7063
26.8, 1.31831, -1.7063
26.825, 1.31831, -1.7063
26.85, 1.30962, -1.70637
26.875, 1.3012, -1.70644
26.9, 1.29305, -1.70651
26.925, 1.2852, -1.70658
26.95, 1.2852, -1.70658
26.975, 1.2776, -1.70664
27, 1.2776, -1.70664
27.025, 1.27021, -1.7067
27.05, 1.27021, -1.7067
27.075, 1.26301, -1.70674
27.1, 1.26301, -1.70674
27.125, 1.26301, -1.70674
27.15, 1.26301, -1.70674
27.175, 1.26301, -1.70674
27.2, 1.25605, -1.70679
27.225, 1.24929, -1.70683
27.25, 1.24268, -1.70688
27.275, 1.23612, -1.70693
27.3, 1.23612, -1.70693
27.325, 1.23612, -1.70693
27.35, 1.23015, -1.70696
27.375, 1.23015, -1.70696
27.4, 1.23015, -1.70696
27.425, 1.23015, -1.70696
27.45, 1.23015, -1.70696
27.475, 1.23015, -1.70696
27.5, 1.22435, -1.707
27.525, 1.22435, -1.707
27.55, 1.22435, -1.707
27.575, 1.22435, -1.707
27.6, 1.21946, -1.70701
27.625, 1.21503, -1.707
27.65, 1.21503, -1.707
27.675, 1.2093, -1.70701
27.7, 1.2093, -1.70701
27.725, 1.20296, -1.70703
27.75, 1.19704, -1.70706
27.775, 1.19704, -1.70706
27.8, 1.19704, -1.70706
27.825, 1.1905, -1.70711
27.85, 1.1905, -1.70711
27.875, 1.18488, -1.70714
27.9, 1.18488, -1.70714
27.925, 1.17972, -1.70716
27.95, 1.17444, -1.70717
27.975, 1.17444, -1.70717
28, 1.17444, -1.70717
28.025, 1.17444, -1.70717
28.05, 1.17444, -1.70717
28.075, 1.17444, -1.70717
28.1, 1.17444, -1.70717
28.125, 1.17444, -1.70717
28.15, 1.1715, -1.70711
28.175, 1.169, -1.70704
28.2, 1.169, -1.70704
28.225, 1.169, -1.70704
28.25, 1.16603, -1.70698
28.275, 1.16603, -1.70698
28.3, 1.16603, -1.70698
28.325, 1.16462, -1.7069
28.35, 1.16339, -1.70683
28.375, 1.16229, -1.70676
28.4, 1.16229, -1.70676
28.425, 1.16229, -1.70676
28.45, 1.16229, -1.70676
28.475, 1.16229, -1.70676
28.5, 1.16229, -1.70676
28.525, 1.15665, -1.70681
28.55, 1.14817, -1.70691
28.575, 1.14376, -1.70696
28.6, 1.14376, -1.70696
28.625, 1.1376, -1.70702
28.65, 1.1376, -1.70702
28.675, 1.1376, -1.70702
28.7, 1.12785, -1.70711
28.725, 1.12785, -1.70711
28.75, 1.11817, -1.70721
28.775, 1.11817, -1.70721
28.8, 1.11817, -1.70721
28.825, 1.11817, -1.70721
28.85, 1.11198, -1.70728
28.875, 1.11198, -1.70728
28.9, 1.11198, -1.70728
28.925, 1.11198, -1.70728
28.95, 1.11198, -1.70728
28.975, 1.10535, -1.70735
29, 1.10535, -1.70735
29.025, 1.09944, -1.70741
29.05, 1.09566, -1.70746
29.075, 1.0935, -1.7075
29.1, 1.09158, -1.70755
29.125, 1.08899, -1.7076
29.15, 1.0853, -1.70765
29.175, 1.0853, -1.70765
29.2, 1.0853, -1.70765
29.225, 1.08441, -1.70768
29.25, 1.08358, -1.70771
29.275, 1.08358, -1.70771
29.3, 1.08169, -1.70773
29.325, 1.08169, -1.70773
29.35, 1.08169, -1.70773
29.375, 1.08169, -1.70773
29.4, 1.08169, -1.70773
29.425, 1.08169, -1.70773
29.45, 1.08169, -1.70773
29.475, 1.08696, -1.70762
29.5, 1.09407, -1.70754
29.525, 1.09407, -1.70754
29.55, 1.10021, -1.70744
29.575, 1.10021, -1.70744
29.6, 1.10021, -1.70744
29.625, 1.10021, -1.70744
29.65, 1.10021, -1.70744
29.675, 1.10552, -1.70734
29.7, 1.10896, -1.70725
29.725, 1.10896, -1.70725
29.75, 1.10896, -1.70725
29.775, 1.10896, -1.70725
29.8, 1.10896, -1.70725
29.825, 1.11263, -1.70717
29.85, 1.11607, -1.70708
29.875, 1.11883, -1.707
29.9, 1.11883, -1.707
29.925, 1.11883, -1.707
29.95, 1.12128, -1.70692
29.975, 1.12344, -1.70684
30, 1.12567, -1.70676
30.025, 1.12567, -1.70676
30.05, 1.12567, -1.70676
30.075, 1.12567, -1.70676
30.1, 1.1274, -1.70668
30.125, 1.12942, -1.7066
30.15, 1.13158, -1.70653
30.175, 1.13158, -1.70653
30.2, 1.13158, -1.70653
30.225, 1.13158, -1.70653
30.25, 1.13349, -1.70646
30.275, 1.1355, -1.70639
30.3, 1.1355, -1.70639
30.325, 1.1355, -1.70639
30.35, 1.1355, -1.70639
30.375, 1.1355, -1.70639
30.4, 1.13742, -1.70633
30.425, 1.13742, -1.70633
30.45, 1.13939, -1.70626
30.475, 1.13939, -1.70626
30.5, 1.14125, -1.70619
30.525, 1.14125, -1.70619
30.55, 1.14125, -1.70619
30.575, 1.14125, -1.70619
30.6, 1.14423, -1.70609
30.625, 1.14423, -1.70609
30.65, 1.14718, -1.70601
30.675, 1.14718, -1.70601
30.7, 1.14718, -1.70601
30.725, 1.14986, -1.70584
30.75, 1.14986, -1.70584
30.775, 1.14986, -1.70584
30.8, 1.15063, -1.70572
30.825, 1.15063, -1.70572
30.85, 1.15063, -1.70572
30.875, 1.15063, -1.70572
30.9, 1.15063, -1.70572
30.925, 1.15063, -1.70572
30.95, 1.15063, -1.70572
30.975, 1.15101, -1.70559
31, 1.15063, -1.70547
31.025, 1.15063, -1.70547
31.05, 1.15063, -1.70547
31.075, 1.15063, -1.70547
31.1, 1.15063, -1.70547
31.125, 1.15063, -1.70547
31.15, 1.15239, -1.70533
31.175, 1.1552, -1.70521
31.2, 1.1552, -1.70521
31.225, 1.1552, -1.70521
31.25, 1.1552, -1.70521
31.275, 1.1552, -1.70521
31.3, 1.15745, -1.70507
31.325, 1.15745, -1.70507
31.35, 1.15745, -1.70507
31.375, 1.1596, -1.70495
31.4, 1.16133, -1.70484
31.425, 1.16133, -1.70484
31.45, 1.16133, -1.70484
31.475, 1.16133, -1.70484
31.5, 1.16133, -1.70484
31.525, 1.16394, -1.7047
31.55, 1.16394, -1.7047
31.575, 1.16559, -1.70458
31.6, 1.16559, -1.70458
31.625, 1.16559, -1.70458
31.65, 1.16798, -1.70445
31.675, 1.16798, -1.70445
31.7, 1.16798, -1.70445
31.725, 1.16798, -1.70445
31.75, 1.16246, -1.70442
31.775, 1.14213, -1.7046
31.8, 1.14213, -1.7046
31.825, 1.14213, -1.7046
31.85, 1.11225, -1.70499
31.875, 1.11225, -1.70499
31.9, 1.11225, -1.70499
31.925, 1.11225, -1.70499
31.95, 1.0928, -1.70524
31.975, 1.0928, -1.70524
32, 1.0928, -1.70524
32.025, 1.0928, -1.70524
32.05, 1.06148, -1.70553
32.075, 0.993043, -1.70573
32.1, 0.91789, -1.7059
32.125, 0.91789, -1.7059
32.15, 0.91789, -1.7059
32.175, 0.862776, -1.70605
32.2, 0.862776, -1.70605
32.225, 0.862776, -1.70605
32.25, 0.816709, -1.70624
32.275, 0.816709, -1.70624
32.3, 0.772494, -1.70642
32.325, 0.772494, -1.70642
32.35, 0.733115, -1.70663
32.375, 0.700026, -1.70689
32.4, 0.700026, -1.70689
32.425, 0.700026, -1.70689
32.45, 0.676874, -1.7073
32.475, 0.676874, -1.7073
32.5, 0.658936, -1.7078
32.525, 0.648101, -1.70841
32.55, 0.643978, -1.70917
32.575, 0.643978, -1.70917
32.6, 0.641935, -1.71
32.625, 0.641935, -1.71
32.65, 0.641935, -1.71
32.675, 0.641935, -1.71
32.7, 0.637218, -1.71035
32.725, 0.637218, -1.71035
32.75, 0.637218, -1.71035
32.775, 0.632823, -1.71067
32.8, 0.632823, -1.71067
32.825, 0.632823, -1.71067
32.85, 0.628497, -1.71098
32.875, 0.628497, -1.71098
32.9, 0.622492, -1.71116
32.925, 0.622492, -1.71116
32.95, 0.622492, -1.71116
32.975, 0.622492, -1.71116
33, 0.622492, -1.71116
33.025, 0.622492, -1.71116
33.05, 0.622492, -1.71116
33.075, 0.622492, -1.71116
33.1, 0.621757, -1.71122
33.125, 0.609585, -1.71074
33.15, 0.609585, -1.71074
33.175, 0.593251, -1.71008
33.2, 0.575438, -1.70934
33.225, 0.559126, -1.70868
33.25, 0.559126, -1.70868
33.275, 0.559126, -1.70868
33.3, 0.559126, -1.70868
33.325, 0.559126, -1.70868
33.35, 0.545327, -1.70816
33.375, 0.545327, -1.70816
33.4, 0.545327, -1.70816
33.425, 0.533746, -1.70779
33.45, 0.533746, -1.70779
33.475, 0.533746, -1.70779
33.5, 0.533746, -1.70779
33.525, 0.533746, -1.70779
33.55, 0.533746, -1.70779
33.575, 0.533746, -1.70779
33.6, 0.51763, -1.70683
33.625, 0.502074, -1.7059
33.65, 0.487915, -1.70506
33.675, 0.487915, -1.70506
33.7, 0.475376, -1.70433
33.725, 0.475376, -1.70433
33.75, 0.464852, -1.70383
33.775, 0.464852, -1.70383
33.8, 0.455131, -1.70343
33.825, 0.455131, -1.70343
33.85, 0.455131, -1.70343
33.875, 0.455131, -1.70343
33.9, 0.444994, -1.70289
33.925, 0.444994, -1.70289
33.95, 0.435744, -1.70244
33.975, 0.435744, -1.70244
34, 0.435744, -1.70244
34.025, 0.435744, -1.70244
34.05, 0.427391, -1.7021
34.075, 0.419509, -1.70182
34.1, 0.41197, -1.70156
34.125, 0.404925, -1.70138
34.15, 0.39822, -1.70132
34.175, 0.39822, -1.70132
34.2, 0.39822, -1.70132
34.225, 0.39822, -1.70132
34.25, 0.39822, -1.70132
34.275, 0.39822, -1.70132
34.3, 0.39822, -1.70132
34.325, 0.39822, -1.70132
34.35, 0.39822, -1.70132
34.375, 0.39822, -1.70132
34.4, 0.39822, -1.70132
34.425, 0.39822, -1.70132
34.45, 0.39822, -1.70132
34.475, 0.39822, -1.70132
34.5, 0.392405, -1.70107
34.525, 0.392405, -1.70107
34.55, 0.392405, -1.70107
34.575, 0.38666, -1.70085
34.6, 0.38666, -1.70085
34.625, 0.381023, -1.70066
34.65, 0.374975, -1.70056
34.675, 0.374975, -1.70056
34.7, 0.374975, -1.70056
34.725, 0.369211, -1.70045
34.75, 0.369211, -1.70045
34.775, 0.369211, -1.70045
34.8, 0.363546, -1.70025
34.825, 0.363546, -1.70025
34.85, 0.357751, -1.70016
34.875, 0.352127, -1.70009
34.9, 0.352127, -1.70009
34.925, 0.346092, -1.70012
34.95, 0.346092, -1.70012
34.975, 0.340034, -1.70016
35, 0.340034, -1.70016
35.025, 0.334184, -1.70021
35.05, 0.327221, -1.70034
35.075, 0.320714, -1.70045
35.1, 0.320714, -1.70045
35.125, 0.31475, -1.70053
35.15, 0.308697, -1.70063
35.175, 0.308697, -1.70063
35.2, 0.308697, -1.70063
35.225, 0.308697, -1.70063
35.25, 0.308697, -1.70063
35.275, 0.308697, -1.70063
35.3, 0.308697, -1.70063
35.325, 0.308697, -1.70063
35.35, 0.308697, -1.70063
35.375, 0.308697, -1.70063
35.4, 0.308697, -1.70063
35.425, 0.308697, -1.70063
35.45, 0.308697, -1.70063
35.475, 0.308697, -1.70063
35.5, 0.303772, -1.70072
35.525, 0.300291, -1.70089
35.55, 0.295532, -1.70133
35.575, 0.28952, -1.70188
35.6, 0.28952, -1.70188
35.625, 0.28952, -1.70188
35.65, 0.28952, -1.70188
35.675, 0.281892, -1.70248
35.7, 0.281892, -1.70248
35.725, 0.281892, -1.70248
35.75, 0.281892, -1.70248
35.775, 0.281892, -1.70248
35.8, 0.290814, -1.7026
35.825, 0.290814, -1.7026
35.85, 0.290814, -1.7026
35.875, 0.290814, -1.7026
35.9, 0.290814, -1.7026
35.925, 0.290814, -1.7026
35.95, 0.298849, -1.70282
35.975, 0.293611, -1.70283
36, 0.293611, -1.70283
36.025, 0.291302, -1.70288
36.05, 0.291302, -1.70288
36.075, 0.291302, -1.70288
36.1, 0.304643, -1.70343
36.125, 0.304643, -1.70343
36.15, 0.319842, -1.70415
36.175, 0.319842, -1.70415
36.2, 0.33017, -1.70527
36.225, 0.33141, -1.70666
36.25, 0.329863, -1.70808
36.275, 0.325004, -1.70953
36.3, 0.319638, -1.71094
36.325, 0.319288, -1.71226
36.35, 0.326305, -1.7135
36.375, 0.326305, -1.7135
36.4, 0.3399, -1.71467
36.425, 0.3399, -1.71467
36.45, 0.3399, -1.71467
36.475, 0.3399, -1.71467
36.5, 0.3399, -1.71467
36.525, 0.3399, -1.71467
36.55, 0.3399, -1.71467
36.575, 0.355664, -1.71511
36.6, 0.355664, -1.71511
36.625, 0.366404, -1.71535
36.65, 0.366404, -1.71535
36.675, 0.366404, -1.71535
36.7, 0.378655, -1.7158
36.725, 0.379515, -1.71759
36.75, 0.358201, -1.72063
36.775, 0.358201, -1.72063
36.8, 0.358201, -1.72063
36.825, 0.358201, -1.72063
36.85, 0.343468, -1.72333
36.875, 0.343468, -1.72333
36.9, 0.36712, -1.72487
36.925, 0.36712, -1.72487
36.95, 0.36712, -1.72487
36.975, 0.40444, -1.72597
37, 0.40444, -1.72597
37.025, 0.448849, -1.72672
37.05, 0.448849, -1.72672
37.075, 0.448849, -1.72672
37.1, 0.448849, -1.72672
37.125, 0.448849, -1.72672
37.15, 0.492355, -1.72748
37.175, 0.518195, -1.7275
37.2, 0.518195, -1.7275
37.225, 0.539013, -1.72737
37.25, 0.539013, -1.72737
37.275, 0.539013, -1.72737
37.3, 0.539013, -1.72737
37.325, 0.539013, -1.72737
37.35, 0.559237, -1.72724
37.375, 0.559237, -1.72724
37.4, 0.579785, -1.72717
37.425, 0.601556, -1.72721
37.45, 0.623958, -1.72737
37.475, 0.623958, -1.72737
37.5, 0.623958, -1.72737
37.525, 0.645272, -1.7274
37.55, 0.665994, -1.72743
37.575, 0.686328, -1.72743
37.6, 0.686328, -1.72743
37.625, 0.686328, -1.72743
37.65, 0.706732, -1.72737
37.675, 0.706732, -1.72737
37.7, 0.726147, -1.72735
37.725, 0.726147, -1.72735
37.75, 0.744787, -1.72734
37.775, 0.763052, -1.72733
37.8, 0.763052, -1.72733
37.825, 0.781607, -1.72725
37.85, 0.781607, -1.72725
37.875, 0.781607, -1.72725
37.9, 0.800151, -1.72715
37.925, 0.800151, -1.72715
37.95, 0.818116, -1.72703
37.975, 0.834912, -1.72687
38, 0.834912, -1.72687
38.025, 0.851126, -1.7267
38.05, 0.851126, -1.7267
38.075, 0.866301, -1.72651
38.1, 0.866301, -1.72651
38.125, 0.866301, -1.72651
38.15, 0.866301, -1.72651
38.175, 0.88068, -1.72631
38.2, 0.894157, -1.72608
38.225, 0.894157, -1.72608
38.25, 0.907142, -1.72586
38.275, 0.907142, -1.72586
38.3, 0.919615, -1.72564
38.325, 0.931732, -1.72543
38.35, 0.931732, -1.72543
38.375, 0.943405, -1.72522
38.4, 0.943405, -1.72522
38.425, 0.943405, -1.72522
38.45, 0.943405, -1.72522
38.475, 0.95434, -1.72498
38.5, 0.95434, -1.72498
38.525, 0.95434, -1.72498
38.55, 0.964881, -1.72474
38.575, 0.975114, -1.72451
38.6, 0.98503, -1.7243
38.625, 0.98503, -1.7243
38.65, 0.99456, -1.72411
38.675, 1.00373, -1.72394
38.7, 1.00373, -1.72394
38.725, 1.00373, -1.72394
38.75, 1.00373, -1.72394
38.775, 1.0129, -1.72374
38.8, 1.0129, -1.72374
38.825, 1.0129, -1.72374
38.85, 1.02122, -1.72357
38.875, 1.02122, -1.72357
38.9, 1.02122, -1.72357
38.925, 1.02931, -1.72341
38.95, 1.02931, -1.72341
38.975, 1.03787, -1.72323
39, 1.03787, -1.72323
39.025, 1.03787, -1.72323
39.05, 1.03787, -1.72323
39.075, 1.04561, -1.72305
39.1, 1.04561, -1.72305
39.125, 1.05289, -1.72289
39.15, 1.05289, -1.72289
39.175, 1.05289, -1.72289
39.2, 1.05289, -1.72289
39.225, 1.05289, -1.72289
39.25, 1.06034, -1.72267
39.275, 1.06804, -1.72244
39.3, 1.06804, -1.72244
39.325, 1.0757, -1.72221
39.35, 1.0757, -1.72221
39.375, 1.08308, -1.72198
39.4, 1.08308, -1.72198
39.425, 1.08308, -1.72198
39.45, 1.08308, -1.72198
39.475, 1.08308, -1.72198
39.5, 1.08308, -1.72198
39.525, 1.08308, -1.72198
39.55, 1.08308, -1.72198
39.575, 1.08308, -1.72198
39.6, 1.09023, -1.72176
39.625, 1.09714, -1.72154
39.65, 1.10382, -1.72133
39.675, 1.10382, -1.72133
39.7, 1.10382, -1.72133
39.725, 1.10382, -1.72133
39.75, 1.10382, -1.72133
39.775, 1.11029, -1.72112
39.8, 1.11029, -1.72112
39.825, 1.11651, -1.72091
39.85, 1.11651, -1.72091
39.875, 1.1225, -1.72072
39.9, 1.12821, -1.72054
39.925, 1.12821, -1.72054
39.95, 1.12821, -1.72054
39.975, 1.12821, -1.72054
40, 1.12821, -1.72054
40.025, 1.13365, -1.72038
40.05, 1.13853, -1.72023
40.075, 1.13853, -1.72023
40.1, 1.13853, -1.72023
40.125, 1.13853, -1.72023
40.15, 1.14361, -1.72008
40.175, 1.14878, -1.71992
40.2, 1.15434, -1.71976
40.225, 1.15434, -1.71976
40.25, 1.15434, -1.71976
40.275, 1.15434, -1.71976
40.3, 1.15434, -1.71976
40.325, 1.15804, -1.71962
40.35, 1.16104, -1.7195
40.375, 1.16342, -1.71939
40.4, 1.16342, -1.71939
40.425, 1.16342, -1.71939
40.45, 1.16342, -1.71939
40.475, 1.16342, -1.71939
40.5, 1.16576, -1.71929
40.525, 1.16576, -1.71929
40.55, 1.16576, -1.71929
40.575, 1.16576, -1.71929
40.6, 1.16576, -1.71929
40.625, 1.16576, -1.71929
40.65, 1.16576, -1.71929
40.675, 1.16576, -1.71929
40.7, 1.16576, -1.71929
40.725, 1.16576, -1.71929
40.75, 1.16576, -1.71929
40.775, 1.16576, -1.71929
40.8, 1.16618, -1.71915
40.825, 1.16639, -1.719
40.85, 1.16646, -1.71884
40.875, 1.16646, -1.71884
40.9, 1.1666, -1.7187
40.925, 1.1666, -1.7187
40.95, 1.1666, -1.7187
40.975, 1.1666, -1.7187
41, 1.1666, -1.7187
41.025, 1.16663, -1.71855
41.05, 1.16672, -1.71842
41.075, 1.16672, -1.71842
41.1, 1.16672, -1.71842
41.125, 1.16685, -1.71829
41.15, 1.16685, -1.71829
41.175, 1.16697, -1.71816
41.2, 1.16709, -1.71805
41.225, 1.16709, -1.71805
41.25, 1.16709, -1.71805
41.275, 1.16709, -1.71805
41.3, 1.16725, -1.71792
41.325, 1.16725, -1.71792
41.35, 1.16745, -1.7178
41.375, 1.16771, -1.71768
41.4, 1.16771, -1.71768
41.425, 1.16771, -1.71768
41.45, 1.16771, -1.71768
41.475, 1.16771, -1.71768
41.5, 1.16771, -1.71768
41.525, 1.16771, -1.71768
41.55, 1.16771, -1.71768
41.575, 1.16821, -1.71755
41.6, 1.16821, -1.71755
41.625, 1.16821, -1.71755
41.65, 1.16821, -1.71755
41.675, 1.16821, -1.71755
41.7, 1.16821, -1.71755
41.725, 1.16821, -1.71755
41.75, 1.16774, -1.71744
41.775, 1.16682, -1.71735
41.8, 1.16682, -1.71735
41.825, 1.16662, -1.71724
41.85, 1.16662, -1.71724
41.875, 1.16662, -1.71724
41.9, 1.16676, -1.71713
41.925, 1.16676, -1.71713
41.95, 1.16676, -1.71713
41.975, 1.16676, -1.71702
42, 1.16676, -1.71702
42.025, 1.16678, -1.71692
42.05, 1.16678, -1.71692
42.075, 1.16678, -1.71692
42.1, 1.16678, -1.71692
42.125, 1.16678, -1.71692
42.15, 1.16678, -1.71692
42.175, 1.16678, -1.71692
42.2, 1.16678, -1.71692
42.225, 1.1669, -1.71682
42.25, 1.1669, -1.71682
42.275, 1.16688, -1.71673
42.3, 1.16688, -1.71673
42.325, 1.16688, -1.71673
42.35, 1.16688, -1.71673
42.375, 1.16688, -1.71673
42.4, 1.16688, -1.71673
42.425, 1.16688, -1.71673
42.45, 1.16688, -1.71673
42.475, 1.16688, -1.71673
42.5, 1.16688, -1.71673
42.525, 1.16688, -1.71673
42.55, 1.16656, -1.71663
42.575, 1.16656, -1.71663
42.6, 1.16673, -1.71665
42.625, 1.16673, -1.71665
42.65, 1.16673, -1.71665
42.675, 1.16673, -1.71665
42.7, 1.16702, -1.71673
42.725, 1.15062, -1.717
42.75, 1.15062, -1.717
42.775, 1.12697, -1.71737
42.8, 1.12697, -1.71737
42.825, 1.12697, -1.71737
42.85, 1.12697, -1.71737
42.875, 1.10767, -1.71767
42.9, 1.05141, -1.71788
42.925, 1.05141, -1.71788
42.95, 1.05141, -1.71788
42.975, 1.0149, -1.71804
43, 0.970248, -1.71813
43.025, 0.93711, -1.71829
43.05, 0.93711, -1.71829
43.075, 0.93711, -1.71829
43.1, 0.93711, -1.71829
43.125, 0.926986, -1.71874
43.15, 0.932306, -1.71934
43.175, 0.932306, -1.71934
43.2, 0.932306, -1.71934
43.225, 0.932363, -1.71978
43.25, 0.938174, -1.72017
43.275, 0.938174, -1.72017
43.3, 0.938174, -1.72017
43.325, 0.938174, -1.72017
43.35, 0.938174, -1.72017
43.375, 0.938174, -1.72017
43.4, 0.946298, -1.72003
43.425, 0.946298, -1.72003
43.45, 0.946298, -1.72003
43.475, 0.946298, -1.72003
43.5, 0.943302, -1.71953
43.525, 0.943302, -1.71953
43.55, 0.943302, -1.71953
43.575, 0.943302, -1.71953
43.6, 0.943302, -1.71953
43.625, 0.943302, -1.71953
43.65, 0.943302, -1.71953
43.675, 0.943302, -1.71953
43.7, 0.943302, -1.71953
43.725, 0.953556, -1.71905
43.75, 0.949657, -1.7182
43.775, 0.949657, -1.7182
43.8, 0.949657, -1.7182
43.825, 0.945924, -1.71738
43.85, 0.945924, -1.71738
43.875, 0.941271, -1.71656
43.9, 0.941271, -1.71656
43.925, 0.936919, -1.71579
43.95, 0.934006, -1.71508
43.975, 0.93204, -1.71444
44, 0.930811, -1.71384
44.025, 0.930297, -1.71329
44.05, 0.930297, -1.71329
44.075, 0.930297, -1.71329
44.1, 0.930297, -1.71329
44.125, 0.929708, -1.71276
44.15, 0.929708, -1.71276
44.175, 0.929708, -1.71276
44.2, 0.929169, -1.71225
44.225, 0.929119, -1.71182
44.25, 0.929119, -1.71182
44.275, 0.929168, -1.71141
44.3, 0.929168, -1.71141
44.325, 0.929249, -1.71106
44.35, 0.929236, -1.71077
44.375, 0.929236, -1.71077
44.4, 0.929236, -1.71077
44.425, 0.929372, -1.71045
44.45, 0.929372, -1.71045
44.475, 0.929729, -1.7101
44.5, 0.930338, -1.7097
44.525, 0.930338, -1.7097
44.55, 0.930338, -1.7097
44.575, 0.930338, -1.7097
44.6, 0.930338, -1.7097
44.625, 0.931018, -1.70931
44.65, 0.931844, -1.70888
44.675, 0.931844, -1.70888
44.7, 0.931844, -1.70888
44.725, 0.932372, -1.70843
44.75, 0.932372, -1.70843
44.775, 0.932445, -1.70797
44.8, 0.932284, -1.70752
44.825, 0.932114, -1.70708
44.85, 0.932114, -1.70708
44.875, 0.932114, -1.70708
44.9, 0.932114, -1.70708
44.925, 0.932114, -1.70708
44.95, 0.932114, -1.70708
44.975, 0.931066, -1.7066
45, 0.929291, -1.7061
45.025, 0.929291, -1.7061
45.05, 0.92791, -1.70564
45.075, 0.92791, -1.70564
45.1, 0.92791, -1.70564
45.125, 0.92791, -1.70564
45.15, 0.92791, -1.70564
45.175, 0.926707, -1.70521
45.2, 0.926707, -1.70521
45.225, 0.925611, -1.70481
45.25, 0.925611, -1.70481
45.275, 0.925611, -1.70481
45.3, 0.925611, -1.70481
45.325, 0.924525, -1.70444
45.35, 0.923273, -1.70413
45.375, 0.921652, -1.70387
45.4, 0.921652, -1.70387
45.425, 0.921652, -1.70387
45.45, 0.921652, -1.70387
45.475, 0.920244, -1.70361
45.5, 0.920244, -1.70361
45.525, 0.920244, -1.70361
45.55, 0.918665, -1.70337
45.575, 0.918665, -1.70337
45.6, 0.918665, -1.70337
45.625, 0.917077, -1.70314
45.65, 0.917077, -1.70314
45.675, 0.915236, -1.70294
45.7, 0.915236, -1.70294
45.725, 0.913327, -1.70274
45.75, 0.913327, -1.70274
45.775, 0.913327, -1.70274
45.8, 0.913327, -1.70274
45.825, 0.913327, -1.70274
45.85, 0.913327, -1.70274
45.875, 0.913327, -1.70274
45.9, 0.911625, -1.70255
45.925, 0.911625, -1.70255
45.95, 0.911625, -1.70255
45.975, 0.909671, -1.70238
46, 0.909671, -1.70238
46.025, 0.909671, -1.70238
46.05, 0.909671, -1.70238
46.075, 0.90813, -1.70219
46.1, 0.90813, -1.70219
46.125, 0.90813, -1.70219
46.15, 0.906546, -1.70198
46.175, 0.906546, -1.70198
46.2, 0.906546, -1.70198
46.225, 0.906546, -1.70198
46.25, 0.906546, -1.70198
46.275, 0.905198, -1.70181
46.3, 0.905198, -1.70181
46.325, 0.905198, -1.70181
46.35, 0.905198, -1.70181
46.375, 0.905198, -1.70181
46.4, 0.903072, -1.70175
46.425, 0.896938, -1.7019
46.45, 0.881995, -1.70237
46.475, 0.855257, -1.70317
46.5, 0.814866, -1.70428
46.525, 0.814866, -1.70428
46.55, 0.814866, -1.70428
46.575, 0.779751, -1.70525
46.6, 0.779751, -1.70525
46.625, 0.744231, -1.70619
46.65, 0.702618, -1.70714
46.675, 0.658667, -1.70806
46.7, 0.658667, -1.70806
46.725, 0.6186, -1.70895
46.75, 0.6186, -1.70895
46.775, 0.6186, -1.70895
46.8, 0.6186, -1.70895
46.825, 0.592576, -1.70975
46.85, 0.592576, -1.70975
46.875, 0.592576, -1.70975
46.9, 0.592576, -1.70975
46.925, 0.592576, -1.70975
46.95, 0.592576, -1.70975
46.975, 0.589663, -1.71079
47, 0.597551, -1.71193
47.025, 0.611889, -1.71315
47.05, 0.630847, -1.71441
47.075, 0.630847, -1.71441
47.1, 0.630847, -1.71441
47.125, 0.64355, -1.71533
47.15, 0.64355, -1.71533
47.175, 0.655443, -1.71624
47.2, 0.655443, -1.71624
47.225, 0.666906, -1.71714
47.25, 0.666906, -1.71714
47.275, 0.666906, -1.71714
47.3, 0.678047, -1.71801
47.325, 0.678047, -1.71801
47.35, 0.678047, -1.71801
47.375, 0.68774, -1.71881
47.4, 0.68774, -1.71881
47.425, 0.692772, -1.71937
47.45, 0.692772, -1.71937
47.475, 0.691852, -1.71971
47.5, 0.679326, -1.71931
47.525, 0.679326, -1.71931
47.55, 0.679326, -1.71931
47.575, 0.679326, -1.71931
47.6, 0.679326, -1.71931
47.625, 0.679326, -1.71931
47.65, 0.679326, -1.71931
47.675, 0.679326, -1.71931
47.7, 0.679326, -1.71931
47.725, 0.679326, -1.71931
47.75, 0.679326, -1.71931
47.775, 0.679326, -1.71931
47.8, 0.679326, -1.71931
47.825, 0.684093, -1.7176
47.85, 0.663122, -1.71443
47.875, 0.663122, -1.71443
47.9, 0.663122, -1.71443
47.925, 0.652442, -1.71191
47.95, 0.652442, -1.71191
47.975, 0.648048, -1.7099
48, 0.647211, -1.7082
48.025, 0.64975, -1.70682
48.05, 0.64975, -1.70682
48.075, 0.653809, -1.70567
48.1, 0.659101, -1.7047
48.125, 0.665766, -1.70397
48.15, 0.665766, -1.70397
48.175, 0.665766, -1.70397
48.2, 0.672411, -1.70352
48.225, 0.672411, -1.70352
48.25, 0.672411, -1.70352
48.275, 0.678465, -1.70325
48.3, 0.683053, -1.7033
48.325, 0.686537, -1.70355
48.35, 0.689323, -1.70389
48.375, 0.689323, -1.70389
48.4, 0.691705, -1.70426
48.425, 0.691705, -1.70426
48.45, 0.691705, -1.70426
48.475, 0.695135, -1.70448
48.5, 0.695135, -1.70448
48.525, 0.698931, -1.70463
48.55, 0.698931, -1.70463
48.575, 0.703629, -1.70466
48.6, 0.703629, -1.70466
48.625, 0.703629, -1.70466
48.65, 0.703629, -1.70466
48.675, 0.703629, -1.70466
48.7, 0.703629, -1.70466
48.725, 0.70841, -1.70466
48.75, 0.70841, -1.70466
48.775, 0.713396, -1.7046
48.8, 0.713396, -1.7046
48.825, 0.713396, -1.7046
48.85, 0.718052, -1.70457
48.875, 0.72259, -1.70453
48.9, 0.72259, -1.70453
48.925, 0.72259, -1.70453
48.95, 0.72259, -1.70453
48.975, 0.72259, -1.70453
49, 0.727152, -1.70445
49.025, 0.727152, -1.70445
49.05, 0.727152, -1.70445
49.075, 0.731509, -1.70438
49.1, 0.731509, -1.70438
49.125, 0.731509, -1.70438
49.15, 0.735751, -1.70431
49.175, 0.735751, -1.70431
49.2, 0.735751, -1.70431
49.225, 0.735751, -1.70431
49.25, 0.740194, -1.70418
49.275, 0.744661, -1.70403
49.3, 0.744661, -1.70403
49.325, 0.744661, -1.70403
49.35, 0.74854, -1.70394
49.375, 0.74854, -1.70394
49.4, 0.74854, -1.70394
49.425, 0.74854, -1.70394
49.45, 0.74854, -1.70394
49.475, 0.74854, -1.70394
49.5, 0.74854, -1.70394
49.525, 0.753579, -1.70368
49.55, 0.758477, -1.70344
49.575, 0.758477, -1.70344
49.6, 0.758477, -1.70344
49.625, 0.762898, -1.70322
49.65, 0.766817, -1.70304
49.675, 0.770287, -1.70289
49.7, 0.773351, -1.70277
49.725, 0.776114, -1.70266
49.75, 0.776114, -1.70266
49.775, 0.776114, -1.70266
49.8, 0.776114, -1.70266
49.825, 0.776114, -1.70266
49.85, 0.776114, -1.70266
49.875, 0.776114, -1.70266
49.9, 0.776114, -1.70266
49.925, 0.776114, -1.70266
49.95, 0.779222, -1.70253
49.975, 0.78219, -1.7024
50, 0.78219, -1.7024
