0, 1, 1, -0.32593, -0.922683
0.025, 1, 1, -0.0643898, -0.0446099
0.05, 1, 1, -0.0643898, -0.0446099
0.075, 1, 1, -0.0643898, -0.0446099
0.1, 1, 1, -0.0643898, -0.0446099
0.125, 1, 1, -0.0643898, -0.0446099
0.15, 1, 1, -0.0623601, -0.041743
0.175, 1, 1, -0.0623601, -0.041743
0.2, 1, 1, -0.0660099, -0.0469033
0.225, 1, 1, -0.0656802, -0.0464386
0.25, 1, 1, -0.0656802, -0.0464386
0.275, 1, 1, -0.0656802, -0.0464386
0.3, 1, 1, -0.0654839, -0.0461628
0.325, 1, 1, -0.0654839, -0.0461628
0.35, 1, 1, -0.0654839, -0.0461628
0.375, 1, 1, -0.0654839, -0.0461628
0.4, 1, 1, -0.0654839, -0.0461628
0.425, 1, 1, -0.0654275, -0.0459762
0.45, 1, 1, -0.0654896, -0.0460494
0.475, 1, 1, -0.0656505, -0.0462014
0.5, 1, 1, -0.0656505, -0.0462014
0.525, 1, 1, -0.0663072, -0.0466411
0.55, 1, 1, -0.0663072, -0.0466411
0.575, 1, 1, -0.0684002, -0.0483573
0.6, 1, 1, -0.0684002, -0.0483573
0.625, 1, 1, -0.0684002, -0.0483573
0.65, 1, 1, -0.0684002, -0.0483573
0.675, 1, 1, -0.0684002, -0.0483573
0.7, 1, 1, -0.0684002, -0.0483573
0.725, 1, 1, -0.0684002, -0.0483573
0.75, 1, 1, -0.0684002, -0.0483573
0.775, 1, 1, -0.10477, -0.0661115
0.8, 1, 1, -0.10477, -0.0661115
0.825, 1, 1, -0.152483, -0.114115
0.85, 1, 1, -0.152483, -0.114115
0.875, 1, 1, -0.152483, -0.114115
0.9, 1, 1, -0.215536, -0.171333
0.925, 1, 1, -0.215536, -0.171333
0.95, 1, 1, -0.215536, -0.171333
0.975, 1, 1, -0.283719, -0.235089
1, 1, 1, -0.362976, -0.326189
1.025, 1, 1, -0.362976, -0.326189
1.05, 1, 1, -0.362976, -0.326189
1.075, 1, 1, -0.362976, -0.326189
1.1, 1, 1, -0.362976, -0.326189
1.125, 1, 1, -0.485905, -0.378148
1.15, 1, 1, -0.485905, -0.378148
1.175, 1, 1, -0.511978, -0.417472
1.2, 1, 1, -0.51326, -0.420754
1.225, 1, 1, -0.51326, -0.420754
1.25, 1, 1, -0.51326, -0.420754
1.275, 1, 1, -0.51326, -0.420754
1.3, 1, 1, -0.591169, -0.425375
1.325, 1, 1, -0.591169, -0.425375
1.35, 1, 1, -0.590755, -0.423054
1.375, 1, 1, -0.590755, -0.423054
1.4, 1, 1, -0.590755, -0.423054
1.425, 1, 1, -0.590755, -0.423054
1.45, 1, 1, -0.590755, -0.423054
1.475, 1, 1, -0.632679, -0.413488
1.5, 1, 1, -0.632679, -0.413488
1.525, 1, 1, -0.632679, -0.413488
1.55, 1, 1, -0.632679, -0.413488
1.575, 1, 1, -0.659449, -0.363474
1.6, 1, 1, -0.687847, -0.322829
1.625, 1, 1, -0.687847, -0.322829
1.65, 1, 1, -0.687847, -0.322829
1.675, 1, 1, -0.687847, -0.322829
1.7, 1, 1, -0.68971, -0.32325
1.725, 1, 1, -0.701459, -0.30655
1.75, 1, 1, -0.71408, -0.289568
1.775, 1, 1, -0.729078, -0.270342
1.8, 1, 1, -0.729078, -0.270342
1.825, 1, 1, -0.729078, -0.270342
1.85, 1, 1, -0.729078, -0.270342
1.875, 1, 1, -0.731693, -0.266651
1.9, 1, 1, -0.732603, -0.265312
1.925, 1, 1, -0.732603, -0.265312
1.95, 1, 1, -0.732646, -0.265407
1.975, 1, 1, -0.733151, -0.26465
2, 1, 1, -0.734021, -0.263451
2.025, 1, 1, -0.734021, -0.263451
2.05, 1, 1, -0.733996, -0.26334
2.075, 1, 1, -0.733996, -0.26334
2.1, 1, 1, -0.733982, -0.263281
2.125, 1, 1, -0.734203, -0.262947
2.15, 1, 1, -0.734438, -0.262603
2.175, 1, 1, -0.735109, -0.261737
2.2, 1, 1, -0.735109, -0.261737
2.225, 1, 1, -0.735109, -0.261737
2.25, 1, 1, -0.735109, -0.261737
2.275, 1, 1, -0.735109, -0.261737
2.3, 1, 1, -0.735109, -0.261737
2.325, 1, 1, -0.735109, -0.261737
2.35, 1, 1, -0.735109, -0.261737
2.375, 1, 1, -0.735109, -0.261737
2.4, 1, 1, -0.735109, -0.261737
2.425, 1, 1, -0.733487, -0.263267
2.45, 1, 1, -0.733487, -0.263267
2.475, 1, 1, -0.743058, -0.253333
2.5, 1, 1, -0.743058, -0.253333
2.525, 1, 1, -0.746059, -0.250217
2.55, 1, 1, -0.746059, -0.250217
2.575, 1, 1, -0.746059, -0.250217
2.6, 1, 1, -0.746059, -0.250217
2.625, 1, 1, -0.745469, -0.25074
2.65, 1, 1, -0.756452, -0.239732
2.675, 1, 1, -0.756452, -0.239732
2.7, 1, 1, -0.759321, -0.236832
2.725, 1, 1, -0.759321, -0.236832
2.75, 1, 1, -0.75976, -0.236384
2.775, 1, 1, -0.761476, -0.234667
2.8, 1, 1, -0.764088, -0.232065
2.825, 1, 1, -0.764088, -0.232065
2.85, 1, 1, -0.764088, -0.232065
2.875, 1, 1, -0.764088, -0.232065
2.9, 1, 1, -0.766529, -0.229679
2.925, 1, 1, -0.771636, -0.224501
2.95, 1, 1, -0.771636, -0.224501
2.975, 1, 1, -0.775703, -0.220357
3, 1, 1, -0.775703, -0.220357
3.025, 1, 1, -0.777615, -0.21843
3.05, 1, 1, -0.777615, -0.21843
3.075, 1, 1, -0.77764, -0.218475
3.1, 1, 1, -0.77683, -0.219375
3.125, 1, 1, -0.776527, -0.219843
3.15, 1, 1, -0.776751, -0.219783
3.175, 1, 1, -0.776787, -0.219853
3.2, 1, 1, -0.776787, -0.219853
3.225, 1, 1, -0.776262, -0.220259
3.25, 1, 1, -0.776087, -0.220465
3.275, 1, 1, -0.776087, -0.220465
3.3, 1, 1, -0.776087, -0.220465
3.325, 1, 1, -0.817793, -0.181011
3.35, 1, 1, -0.817793, -0.181011
3.375, 1, 1, -0.817793, -0.181011
3.4, 1, 1, -0.817793, -0.181011
3.425, 1, 1, -0.817793, -0.181011
3.45, 1, 1, -0.817793, -0.181011
3.475, 1, 1, -0.817793, -0.181011
3.5, 1, 1, -0.861483, -0.139046
3.525, 1, 1, -0.861483, -0.139046
3.55, 1, 1, -0.861483, -0.139046
3.575, 1, 1, -0.861483, -0.139046
3.6, 1, 1, -0.861483, -0.139046
3.625, 1, 1, -0.863502, -0.137507
3.65, 1, 1, -0.863502, -0.137507
3.675, 1, 1, -0.864164, -0.136637
3.7, 1, 1, -0.864164, -0.136637
3.725, 1, 1, -0.864164, -0.136637
3.75, 1, 1, -0.864558, -0.13617
3.775, 1, 1, -0.864558, -0.13617
3.8, 1, 1, -0.864915, -0.135718
3.825, 1, 1, -0.864915, -0.135718
3.85, 1, 1, -0.864915, -0.135718
3.875, 1, 1, -0.864915, -0.135718
3.9, 1, 1, -0.864915, -0.135718
3.925, 1, 1, -0.864915, -0.135718
3.95, 1, 1, -0.887049, -0.113081
3.975, 1, 1, -0.886818, -0.113286
4, 1, 1, -0.886818, -0.113286
4.025, 1, 1, -0.886818, -0.113286
4.05, 1, 1, -0.886818, -0.113286
4.075, 1, 1, -0.886818, -0.113286
4.1, 1, 1, -0.921096, -0.0785222
4.125, 1, 1, -0.921096, -0.0785222
4.15, 1, 1, -0.921096, -0.0785222
4.175, 1, 1, -0.921096, -0.0785222
4.2, 1, 1, -0.929611, -0.0698537
4.225, 1, 1, -0.928654, -0.0707301
4.25, 1, 1, -0.928654, -0.0707301
4.275, 1, 1, -0.928654, -0.0707301
4.3, 1, 1, -0.928654, -0.0707301
4.325, 1, 1, -0.943517, -0.0556106
4.35, 1, 1, -0.943517, -0.0556106
4.375, 1, 1, -0.943517, -0.0556106
4.4, 1, 1, -0.968199, -0.0306944
4.425, 1, 1, -0.974887, -0.0237688
4.45, 1, 1, -0.979243, -0.0192798
4.475, 1, 1, -0.979243, -0.0192798
4.5, 1, 1, -0.979243, -0.0192798
4.525, 1, 1, -0.979437, -0.0190809
4.55, 1, 1, -0.979437, -0.0190809
4.575, 1, 1, -0.979437, -0.0190809
4.6, 1, 1, -0.979437, -0.0190809
4.625, 1, 1, -0.980046, -0.0184203
4.65, 1, 1, -0.980046, -0.0184203
4.675, 1, 1, -0.980046, -0.0184203
4.7, 1, 1, -0.980046, -0.0184203
4.725, 1, 1, -0.980046, -0.0184203
4.75, 1, 1, -0.980046, -0.0184203
4.775, 1, 1, -0.980046, -0.0184203
4.8, 1, 1, -0.980046, -0.0184203
4.825, 1, 1, -0.980046, -0.0184203
4.85, 1, 1, -0.980046, -0.0184203
4.875, 1, 1, -0.989734, -0.00883864
4.9, 1, 1, -0.988691, -0.00991794
4.925, 1, 1, -0.987967, -0.0106631
4.95, 1, 1, -0.987967, -0.0106631
4.975, 1, 1, -0.98834, -0.0103127
5, 1, 1, -0.98834, -0.0103127
5.025, 1, 1, -0.98834, -0.0103127
5.05, 1, 1, -0.98834, -0.0103127
5.075, 1, 1, -0.99175, -0.00697542
5.1, 1, 1, -0.99175, -0.00697542
5.125, 1, 1, -0.993932, -0.00487366
5.15, 1, 1, -0.993932, -0.00487366
5.175, 1, 1, -0.997585, -0.00132017
5.2, 1, 1, -0.997585, -0.00132017
5.225, 1, 1, -0.997585, -0.00132017
5.25, 1, 1, -0.997585, -0.00132017
5.275, 1, 1, -1.01125, 0.0121606
5.3, 1, 1, -1.01125, 0.0121606
5.325, 1, 1, -1.01125, 0.0121606
5.35, 1, 1, -1.01125, 0.0121606
5.375, 1, 1, -1.01125, 0.0121606
5.4, 1, 1, -1.01125, 0.0121606
5.425, 1, 1, -1.01125, 0.0121606
5.45, 1, 1, -1.01125, 0.0121606
5.475, 1, 1, -1.04194, 0.042562
5.5, 1, 1, -1.04268, 0.0432394
5.525, 1, 1, -1.04268, 0.0432394
5.55, 1, 1, -1.04275, 0.0433821
5.575, 1, 1, -1.04275, 0.0433821
5.6, 1, 1, -1.04275, 0.0433821
5.625, 1, 1, -1.04275, 0.0433821
5.65, 1, 1, -1.04318, 0.043408
5.675, 1, 1, -1.04318, 0.043408
5.7, 1, 1, -1.04318, 0.043408
5.725, 1, 1, -1.04318, 0.043408
5.75, 1, 1, -1.04224, 0.0424986
5.775, 1, 1, -1.04224, 0.0424986
5.8, 1, 1, -1.04366, 0.0441087
5.825, 1, 1, -1.04366, 0.0441087
5.85, 1, 1, -1.04366, 0.0441087
5.875, 1, 1, -1.04545, 0.0459418
5.9, 1, 1, -1.04545, 0.0459418
5.925, 1, 1, -1.04545, 0.0459418
5.95, 1, 1, -1.04545, 0.0459418
5.975, 1, 1, -1.0466, 0.0471181
6, 1, 1, -1.0452, 0.0457843
6.025, 1, 1, -1.0452, 0.0457843
6.05, 1, 1, -1.04596, 0.0466146
6.075, 1, 1, -1.04456, 0.04529
6.1, 1, 1, -1.04456, 0.04529
6.125, 1, 1, -1.04679, 0.0475935
6.15, 1, 1, -1.0461, 0.0469794
6.175, 1, 1, -1.0461, 0.0469794
6.2, 1, 1, -1.0461, 0.0469794
6.225, 1, 1, -1.0461, 0.0469794
6.25, 1, 1, -1.04974, 0.0506494
6.275, 1, 1, -1.04974, 0.0506494
6.3, 1, 1, -1.05038, 0.0513137
6.325, 1, 1, -1.05038, 0.0513137
6.35, 1, 1, -1.05038, 0.0513137
6.375, 1, 1, -1.05038, 0.0513137
6.4, 1, 1, -1.05038, 0.0513137
6.425, 1, 1, -1.05038, 0.0513137
6.45, 1, 1, -1.05857, 0.059553
6.475, 1, 1, -1.05933, 0.0603895
6.5, 1, 1, -1.05999, 0.0611079
6.525, 1, 1, -1.05999, 0.0611079
6.55, 1, 1, -1.06264, 0.063813
6.575, 1, 1, -1.06264, 0.063813
6.6, 1, 1, -1.06264, 0.063813
6.625, 1, 1, -1.06264, 0.063813
6.65, 1, 1, -1.06581, 0.0670098
6.675, 1, 1, -1.06581, 0.0670098
6.7, 1, 1, -1.06671, 0.0679349
6.725, 1, 1, -1.06725, 0.068491
6.75, 1, 1, -1.06757, 0.0688195
6.775, 1, 1, -1.06875, 0.0700406
6.8, 1, 1, -1.06875, 0.0700406
6.825, 1, 1, -1.06875, 0.0700406
6.85, 1, 1, -1.06875, 0.0700406
6.875, 1, 1, -1.0688, 0.0700894
6.9, 1, 1, -1.0688, 0.0700894
6.925, 1, 1, -1.06892, 0.0702323
6.95, 1, 1, -1.07035, 0.0716875
6.975, 1, 1, -1.07283, 0.0742045
7, 1, 1, -1.07283, 0.0742045
7.025, 1, 1, -1.07283, 0.0742045
7.05, 1, 1, -1.07283, 0.0742045
7.075, 1, 1, -1.07283, 0.0742045
7.1, 1, 1, -1.07283, 0.0742045
7.125, 1, 1, -1.07283, 0.0742045
7.15, 1, 1, -1.06964, 0.0710373
7.175, 1, 1, -1.06973, 0.0711318
7.2, 1, 1, -1.06973, 0.0711318
7.225, 1, 1, -1.07134, 0.0727762
7.25, 1, 1, -1.07134, 0.0727762
7.275, 1, 1, -1.07134, 0.0727762
7.3, 1, 1, -1.07097, 0.0723624
7.325, 1, 1, -1.07097, 0.0723624
7.35, 1, 1, -1.07097, 0.0723624
7.375, 1, 1, -1.07926, 0.0805524
7.4, 1, 1, -1.07926, 0.0805524
7.425, 1, 1, -1.07926, 0.0805524
7.45, 1, 1, -1.07801, 0.0793169
7.475, 1, 1, -1.07801, 0.0793169
7.5, 1, 1, -1.07801, 0.0793169
7.525, 1, 1, -1.08206, 0.0832618
7.55, 1, 1, -1.08587, 0.0868769
7.575, 1, 1, -1.0915, 0.0923261
7.6, 1, 1, -1.0915, 0.0923261
7.625, 1, 1, -1.09981, 0.100493
7.65, 1, 1, -1.10256, 0.103146
7.675, 1, 1, -1.10256, 0.103146
7.7, 1, 1, -1.1068, 0.107278
7.725, 1, 1, -1.1068, 0.107278
7.75, 1, 1, -1.11797, 0.118221
7.775, 1, 1, -1.11797, 0.118221
7.8, 1, 1, -1.11797, 0.118221
7.825, 1, 1, -1.11797, 0.118221
7.85, 1, 1, -1.11626, 0.116562
7.875, 1, 1, -1.11634, 0.11664
7.9, 1, 1, -1.11634, 0.11664
7.925, 1, 1, -1.11773, 0.117962
7.95, 1, 1, -1.11773, 0.117962
7.975, 1, 1, -1.11773, 0.117962
8, 1, 1, -1.11773, 0.117962
8.025, 1, 1, -1.11773, 0.117962
8.05, 1, 1, -1.11891, 0.11917
8.075, 1, 1, -1.11891, 0.11917
8.1, 1, 1, -1.11935, 0.119653
8.125, 1, 1, -1.11935, 0.119653
8.15, 1, 1, -1.11936, 0.119675
8.175, 1, 1, -1.11936, 0.119675
8.2, 1, 1, -1.11972, 0.119994
8.225, 1, 1, -1.11951, 0.119789
8.25, 1, 1, -1.11811, 0.118418
8.275, 1, 1, -1.11811, 0.118418
8.3, 1, 1, -1.11886, 0.1192
8.325, 1, 1, -1.11646, 0.116883
8.35, 1, 1, -1.11646, 0.116883
8.375, 1, 1, -1.11646, 0.116883
8.4, 1, 1, -1.11646, 0.116883
8.425, 1, 1, -1.11646, 0.116883
8.45, 1, 1, -1.11646, 0.116883
8.475, 1, 1, -1.09637, 0.0967451
8.5, 1, 1, -1.09637, 0.0967451
8.525, 1, 1, -1.09637, 0.0967451
8.55, 1, 1, -1.09592, 0.0962781
8.575, 1, 1, -1.09542, 0.0958322
8.6, 1, 1, -1.09598, 0.0964628
8.625, 1, 1, -1.09598, 0.0964628
8.65, 1, 1, -1.09598, 0.0964628
8.675, 1, 1, -1.11423, 0.114827
8.7, 1, 1, -1.11423, 0.114827
8.725, 1, 1, -1.11423, 0.114827
8.75, 1, 1, -1.12014, 0.120766
8.775, 1, 1, -1.12236, 0.123037
8.8, 1, 1, -1.12236, 0.123037
8.825, 1, 1, -1.12236, 0.123037
8.85, 1, 1, -1.12491, 0.125629
8.875, 1, 1, -1.1279, 0.128674
8.9, 1, 1, -1.13154, 0.132369
8.925, 1, 1, -1.13154, 0.132369
8.95, 1, 1, -1.13154, 0.132369
8.975, 1, 1, -1.13049, 0.131297
9, 1, 1, -1.13049, 0.131297
9.025, 1, 1, -1.13089, 0.131687
9.05, 1, 1, -1.13089, 0.131687
9.075, 1, 1, -1.13088, 0.131686
9.1, 1, 1, -1.13088, 0.131686
9.125, 1, 1, -1.13088, 0.131686
9.15, 1, 1, -1.13088, 0.131686
9.175, 1, 1, -1.13088, 0.131686
9.2, 1, 1, -1.13088, 0.131686
9.225, 1, 1, -1.12979, 0.130605
9.25, 1, 1, -1.12979, 0.130605
9.275, 1, 1, -1.12979, 0.130605
9.3, 1, 1, -1.12979, 0.130605
9.325, 1, 1, -1.13143, 0.132233
9.35, 1, 1, -1.13075, 0.131485
9.375, 1, 1, -1.13058, 0.131256
9.4, 1, 1, -1.13058, 0.131256
9.425, 1, 1, -1.13374, 0.134353
9.45, 1, 1, -1.13418, 0.13472
9.475, 1, 1, -1.13418, 0.13472
9.5, 1, 1, -1.13551, 0.136024
9.525, 1, 1, -1.13516, 0.135629
9.55, 1, 1, -1.13516, 0.135629
9.575, 1, 1, -1.13516, 0.135629
9.6, 1, 1, -1.13516, 0.135629
9.625, 1, 1, -1.14251, 0.142914
9.65, 1, 1, -1.14251, 0.142914
9.675, 1, 1, -1.14251, 0.142914
9.7, 1, 1, -1.14251, 0.142914
9.725, 1, 1, -1.14263, 0.143036
9.75, 1, 1, -1.14263, 0.143036
9.775, 1, 1, -1.14263, 0.143036
9.8, 1, 1, -1.14263, 0.143036
9.825, 1, 1, -1.14263, 0.143036
9.85, 1, 1, -1.14263, 0.143036
9.875, 1, 1, -1.15009, 0.150369
9.9, 1, 1, -1.15009, 0.150369
9.925, 1, 1, -1.15796, 0.158119
9.95, 1, 1, -1.16249, 0.162551
9.975, 1, 1, -1.16249, 0.162551
10, 1, 1, -1.16167, 0.161745
10.025, 1, 1, -1.16165, 0.161732
10.05, 1, 1, -1.16165, 0.161732
10.075, 1, 1, -1.16165, 0.161732
10.1, 1, 1, -1.16146, 0.161527
10.125, 1, 1, -1.16146, 0.161527
10.15, 1, 1, -1.1616, 0.161687
10.175, 1, 1, -1.16133, 0.16143
10.2, 1, 1, -1.16133, 0.16143
10.225, 1, 1, -1.16135, 0.161444
10.25, 1, 1, -1.16135, 0.161444
10.275, 1, 1, -1.16143, 0.161581
10.3, 1, 1, -1.16143, 0.161581
10.325, 1, 1, -1.16143, 0.161581
10.35, 1, 1, -1.16143, 0.161581
10.375, 1, 1, -1.17074, 0.170934
10.4, 1, 1, -1.17074, 0.170934
10.425, 1, 1, -1.17074, 0.170934
10.45, 1, 1, -1.17074, 0.170934
10.475, 1, 1, -1.16312, 0.163284
10.5, 1, 1, -1.16312, 0.163284
10.525, 1, 1, -1.16414, 0.164325
10.55, 1, 1, -1.16414, 0.164325
10.575, 1, 1, -1.16654, 0.166778
10.6, 1, 1, -1.16804, 0.168345
10.625, 1, 1, -1.16957, 0.169935
10.65, 1, 1, -1.16957, 0.169935
10.675, 1, 1, -1.16957, 0.169935
10.7, 1, 1, -1.16966, 0.170033
10.725, 1, 1, -1.17047, 0.170876
10.75, 1, 1, -1.17047, 0.170876
10.775, 1, 1, -1.17047, 0.170876
10.8, 1, 1, -1.17047, 0.170876
10.825, 1, 1, -1.17358, 0.17401
10.85, 1, 1, -1.17523, 0.175694
10.875, 1, 1, -1.17523, 0.175694
10.9, 1, 1, -1.17481, 0.175259
10.925, 1, 1, -1.17451, 0.174946
10.95, 1, 1, -1.17451, 0.174946
10.975, 1, 1, -1.17462, 0.175065
11, 1, 1, -1.17462, 0.175065
11.025, 1, 1, -1.17445, 0.174885
11.05, 1, 1, -1.17361, 0.17403
11.075, 1, 1, -1.17361, 0.17403
11.1, 1, 1, -1.17361, 0.17403
11.125, 1, 1, -1.17361, 0.17403
11.15, 1, 1, -1.16962, 0.170069
11.175, 1, 1, -1.16962, 0.170069
11.2, 1, 1, -1.16962, 0.170069
11.225, 1, 1, -1.16893, 0.169419
11.25, 1, 1, -1.16893, 0.169419
11.275, 1, 1, -1.16893, 0.169419
11.3, 1, 1, -1.16893, 0.169419
11.325, 1, 1, -1.17009, 0.170557
11.35, 1, 1, -1.16846, 0.168882
11.375, 1, 1, -1.16846, 0.168882
11.4, 1, 1, -1.16883, 0.169243
11.425, 1, 1, -1.16853, 0.16894
11.45, 1, 1, -1.16865, 0.169058
11.475, 1, 1, -1.16834, 0.168745
11.5, 1, 1, -1.16834, 0.168745
11.525, 1, 1, -1.16835, 0.168732
11.55, 1, 1, -1.16835, 0.168732
11.575, 1, 1, -1.17115, 0.171486
11.6, 1, 1, -1.17205, 0.172315
11.625, 1, 1, -1.17205, 0.172315
11.65, 1, 1, -1.17705, 0.177262
11.675, 1, 1, -1.17705, 0.177262
11.7, 1, 1, -1.17705, 0.177262
11.725, 1, 1, -1.17638, 0.176597
11.75, 1, 1, -1.17638, 0.176597
11.775, 1, 1, -1.17826, 0.178442
11.8, 1, 1, -1.17826, 0.178442
11.825, 1, 1, -1.18134, 0.181461
11.85, 1, 1, -1.18436, 0.184399
11.875, 1, 1, -1.18436, 0.184399
11.9, 1, 1, -1.18436, 0.184399
11.925, 1, 1, -1.18917, 0.189139
11.95, 1, 1, -1.19444, 0.194307
11.975, 1, 1, -1.19444, 0.194307
12, 1, 1, -1.19444, 0.194307
12.025, 1, 1, -1.19444, 0.194307
12.05, 1, 1, -1.19272, 0.192684
12.075, 1, 1, -1.19272, 0.192684
12.1, 1, 1, -1.19272, 0.192684
12.125, 1, 1, -1.19272, 0.192684
12.15, 1, 1, -1.18819, 0.188095
12.175, 1, 1, -1.18536, 0.185352
12.2, 1, 1, -1.18352, 0.183623
12.225, 1, 1, -1.18352, 0.183623
12.25, 1, 1, -1.18557, 0.185712
12.275, 1, 1, -1.18463, 0.184826
12.3, 1, 1, -1.18381, 0.184045
12.325, 1, 1, -1.18381, 0.184045
12.35, 1, 1, -1.18454, 0.184797
12.375, 1, 1, -1.18338, 0.183686
12.4, 1, 1, -1.1827, 0.183053
12.425, 1, 1, -1.18271, 0.183104
12.45, 1, 1, -1.18259, 0.183006
12.475, 1, 1, -1.18259, 0.183006
12.5, 1, 1, -1.18378, 0.184213
12.525, 1, 1, -1.18378, 0.184213
12.55, 1, 1, -1.18378, 0.184213
12.575, 1, 1, -1.18378, 0.184213
12.6, 1, 1, -1.18714, 0.187587
12.625, 1, 1, -1.18714, 0.187587
12.65, 1, 1, -1.18714, 0.187587
12.675, 1, 1, -1.19499, 0.19546
12.7, 1, 1, -1.20024, 0.200783
12.725, 1, 1, -1.2017, 0.202275
12.75, 1, 1, -1.2017, 0.202275
12.775, 1, 1, -1.2017, 0.202275
12.8, 1, 1, -1.20116, 0.201698
12.825, 1, 1, -1.20085, 0.201407
12.85, 1, 1, -1.20209, 0.202707
12.875, 1, 1, -1.20607, 0.206752
12.9, 1, 1, -1.20607, 0.206752
12.925, 1, 1, -1.20607, 0.206752
12.95, 1, 1, -1.20607, 0.206752
12.975, 1, 1, -1.20607, 0.206752
13, 1, 1, -1.20607, 0.206752
13.025, 1, 1, -1.20607, 0.206752
13.05, 1, 1, -1.20607, 0.206752
13.075, 1, 1, -1.20111, 0.20178
13.1, 1, 1, -1.20383, 0.204534
13.125, 1, 1, -1.20511, 0.205837
13.15, 1, 1, -1.20511, 0.205837
13.175, 1, 1, -1.20536, 0.206096
13.2, 1, 1, -1.20536, 0.206096
13.225, 1, 1, -1.20605, 0.2068
13.25, 1, 1, -1.20605, 0.2068
13.275, 1, 1, -1.2065, 0.207259
13.3, 1, 1, -1.2059, 0.206656
13.325, 1, 1, -1.2045, 0.205225
13.35, 1, 1, -1.20422, 0.204898
13.375, 1, 1, -1.20523, 0.205869
13.4, 1, 1, -1.20523, 0.205869
13.425, 1, 1, -1.20523, 0.205869
13.45, 1, 1, -1.20198, 0.20264
13.475, 1, 1, -1.20198, 0.20264
13.5, 1, 1, -1.20198, 0.20264
13.525, 1, 1, -1.19851, 0.199189
13.55, 1, 1, -1.1981, 0.198763
13.575, 1, 1, -1.19778, 0.198414
13.6, 1, 1, -1.19778, 0.198414
13.625, 1, 1, -1.19778, 0.198414
13.65, 1, 1, -1.19778, 0.198414
13.675, 1, 1, -1.19778, 0.198414
13.7, 1, 1, -1.18294, 0.183637
13.725, 1, 1, -1.18294, 0.183637
13.75, 1, 1, -1.18432, 0.18499
13.775, 1, 1, -1.18432, 0.18499
13.8, 1, 1, -1.18706, 0.187698
13.825, 1, 1, -1.18972, 0.19026
13.85, 1, 1, -1.18972, 0.19026
13.875, 1, 1, -1.19759, 0.198053
13.9, 1, 1, -1.20113, 0.20152
13.925, 1, 1, -1.20394, 0.204259
13.95, 1, 1, -1.20687, 0.207114
13.975, 1, 1, -1.20687, 0.207114
14, 1, 1, -1.20687, 0.207114
14.025, 1, 1, -1.20446, 0.204732
14.05, 1, 1, -1.20413, 0.20441
14.075, 1, 1, -1.20426, 0.20453
14.1, 1, 1, -1.2045, 0.204757
14.125, 1, 1, -1.20509, 0.205323
14.15, 1, 1, -1.20509, 0.205323
14.175, 1, 1, -1.20674, 0.20692
14.2, 1, 1, -1.20674, 0.20692
14.225, 1, 1, -1.20674, 0.20692
14.25, 1, 1, -1.20674, 0.20692
14.275, 1, 1, -1.2062, 0.206401
14.3, 1, 1, -1.2062, 0.206401
14.325, 1, 1, -1.2062, 0.206401
14.35, 1, 1, -1.20583, 0.20603
14.375, 1, 1, -1.20583, 0.20603
14.4, 1, 1, -1.20583, 0.20603
14.425, 1, 1, -1.20583, 0.20603
14.45, 1, 1, -1.20583, 0.20603
14.475, 1, 1, -1.20583, 0.20603
14.5, 1, 1, -1.20476, 0.204947
14.525, 1, 1, -1.20476, 0.204947
14.55, 1, 1, -1.20476, 0.204947
14.575, 1, 1, -1.20476, 0.204947
14.6, 1, 1, -1.19724, 0.197401
14.625, 1, 1, -1.19724, 0.197401
14.65, 1, 1, -1.19724, 0.197401
14.675, 1, 1, -1.19659, 0.196753
14.7, 1, 1, -1.19659, 0.196753
14.725, 1, 1, -1.19659, 0.196753
14.75, 1, 1, -1.19659, 0.196753
14.775, 1, 1, -1.19411, 0.19426
14.8, 1, 1, -1.19411, 0.19426
14.825, 1, 1, -1.19411, 0.19426
14.85, 1, 1, -1.19411, 0.19426
14.875, 1, 1, -1.19411, 0.19426
14.9, 1, 1, -1.19411, 0.19426
14.925, 1, 1, -1.19397, 0.194118
14.95, 1, 1, -1.19397, 0.194118
14.975, 1, 1, -1.19973, 0.199913
15, 1, 1, -1.19973, 0.199913
15.025, 1, 1, -1.19973, 0.199913
15.05, 1, 1, -1.19973, 0.199913
15.075, 1, 1, -1.19847, 0.198645
15.1, 1, 1, -1.19847, 0.198645
15.125, 1, 1, -1.19877, 0.198958
15.15, 1, 1, -1.19972, 0.199936
15.175, 1, 1, -1.20166, 0.2019
15.2, 1, 1, -1.20166, 0.2019
15.225, 1, 1, -1.20166, 0.2019
15.25, 1, 1, -1.20166, 0.2019
15.275, 1, 1, -1.20166, 0.2019
15.3, 1, 1, -1.20104, 0.201255
15.325, 1, 1, -1.20084, 0.201033
15.35, 1, 1, -1.20084, 0.201033
15.375, 1, 1, -1.2001, 0.200342
15.4, 1, 1, -1.2001, 0.200342
15.425, 1, 1, -1.2001, 0.200342
15.45, 1, 1, -1.20345, 0.203705
15.475, 1, 1, -1.20432, 0.204588
15.5, 1, 1, -1.20432, 0.204588
15.525, 1, 1, -1.20432, 0.204588
15.55, 1, 1, -1.20432, 0.204588
15.575, 1, 1, -1.20583, 0.206086
15.6, 1, 1, -1.20548, 0.205693
15.625, 1, 1, -1.20564, 0.205824
15.65, 1, 1, -1.20564, 0.205824
15.675, 1, 1, -1.2046, 0.204798
15.7, 1, 1, -1.2046, 0.204798
15.725, 1, 1, -1.2046, 0.204798
15.75, 1, 1, -1.2046, 0.204798
15.775, 1, 1, -1.20454, 0.204744
15.8, 1, 1, -1.20435, 0.204501
15.825, 1, 1, -1.20674, 0.20683
15.85, 1, 1, -1.20674, 0.20683
15.875, 1, 1, -1.21693, 0.216944
15.9, 1, 1, -1.22493, 0.224833
15.925, 1, 1, -1.22493, 0.224833
15.95, 1, 1, -1.22493, 0.224833
15.975, 1, 1, -1.21363, 0.213617
16, 1, 1, -1.21363, 0.213617
16.025, 1, 1, -1.21326, 0.213276
16.05, 1, 1, -1.21326, 0.213276
16.075, 1, 1, -1.21331, 0.213325
16.1, 1, 1, -1.21331, 0.213325
16.125, 1, 1, -1.21385, 0.213847
16.15, 1, 1, -1.21462, 0.214601
16.175, 1, 1, -1.21462, 0.214601
16.2, 1, 1, -1.21462, 0.214601
16.225, 1, 1, -1.21511, 0.215083
16.25, 1, 1, -1.21511, 0.215083
16.275, 1, 1, -1.21511, 0.215083
16.3, 1, 1, -1.21518, 0.215126
16.325, 1, 1, -1.21518, 0.215126
16.35, 1, 1, -1.21553, 0.215457
16.375, 1, 1, -1.21553, 0.215457
16.4, 1, 1, -1.21553, 0.215457
16.425, 1, 1, -1.21574, 0.215673
16.45, 1, 1, -1.21473, 0.214697
16.475, 1, 1, -1.21384, 0.213823
16.5, 1, 1, -1.21299, 0.212987
16.525, 1, 1, -1.21299, 0.212987
16.55, 1, 1, -1.21357, 0.213536
16.575, 1, 1, -1.21223, 0.212215
16.6, 1, 1, -1.21223, 0.212215
16.625, 1, 1, -1.21354, 0.213559
16.65, 1, 1, -1.21354, 0.213559
16.675, 1, 1, -1.21705, 0.217099
16.7, 1, 1, -1.21691, 0.216991
16.725, 1, 1, -1.21691, 0.216991
16.75, 1, 1, -1.21691, 0.216991
16.775, 1, 1, -1.21459, 0.214663
16.8, 1, 1, -1.21375, 0.213848
16.825, 1, 1, -1.21411, 0.214265
16.85, 1, 1, -1.21411, 0.214265
16.875, 1, 1, -1.21411, 0.214265
16.9, 1, 1, -1.22557, 0.225752
16.925, 1, 1, -1.23112, 0.231343
16.95, 1, 1, -1.23331, 0.233561
16.975, 1, 1, -1.23375, 0.234016
17, 1, 1, -1.2338, 0.234061
17.025, 1, 1, -1.2338, 0.234061
17.05, 1, 1, -1.2338, 0.234061
17.075, 1, 1, -1.2338, 0.234061
17.1, 1, 1, -1.2338, 0.234061
17.125, 1, 1, -1.25301, 0.253301
17.15, 1, 1, -1.25301, 0.253301
17.175, 1, 1, -1.2595, 0.259815
17.2, 1, 1, -1.2595, 0.259815
17.225, 1, 1, -1.2595, 0.259815
17.25, 1, 1, -1.2595, 0.259815
17.275, 1, 1, -1.26063, 0.260954
17.3, 1, 1, -1.26063, 0.260954
17.325, 1, 1, -1.26156, 0.261897
17.35, 1, 1, -1.26111, 0.26144
17.375, 1, 1, -1.26111, 0.26144
17.4, 1, 1, -1.26139, 0.261742
17.425, 1, 1, -1.26284, 0.263203
17.45, 1, 1, -1.26284, 0.263203
17.475, 1, 1, -1.26416, 0.26454
17.5, 1, 1, -1.26416, 0.26454
17.525, 1, 1, -1.26428, 0.264661
17.55, 1, 1, -1.26344, 0.263814
17.575, 1, 1, -1.26228, 0.262632
17.6, 1, 1, -1.26228, 0.262632
17.625, 1, 1, -1.26572, 0.26605
17.65, 1, 1, -1.26669, 0.266992
17.675, 1, 1, -1.26669, 0.266992
17.7, 1, 1, -1.26703, 0.267329
17.725, 1, 1, -1.26761, 0.267885
17.75, 1, 1, -1.26761, 0.267885
17.775, 1, 1, -1.27058, 0.270833
17.8, 1, 1, -1.27058, 0.270833
17.825, 1, 1, -1.27745, 0.277664
17.85, 1, 1, -1.27745, 0.277664
17.875, 1, 1, -1.28175, 0.281936
17.9, 1, 1, -1.28175, 0.281936
17.925, 1, 1, -1.28175, 0.281936
17.95, 1, 1, -1.28175, 0.281936
17.975, 1, 1, -1.28175, 0.281936
18, 1, 1, -1.25495, 0.255244
18.025, 1, 1, -1.25495, 0.255244
18.05, 1, 1, -1.26003, 0.26027
18.075, 1, 1, -1.26003, 0.26027
18.1, 1, 1, -1.25969, 0.259929
18.125, 1, 1, -1.25969, 0.259929
18.15, 1, 1, -1.25969, 0.259929
18.175, 1, 1, -1.26597, 0.266142
18.2, 1, 1, -1.26597, 0.266142
18.225, 1, 1, -1.27186, 0.271978
18.25, 1, 1, -1.27186, 0.271978
18.275, 1, 1, -1.26926, 0.269411
18.3, 1, 1, -1.26926, 0.269411
18.325, 1, 1, -1.27037, 0.270561
18.35, 1, 1, -1.27041, 0.270644
18.375, 1, 1, -1.27041, 0.270644
18.4, 1, 1, -1.27041, 0.270644
18.425, 1, 1, -1.26629, 0.266437
18.45, 1, 1, -1.26629, 0.266437
18.475, 1, 1, -1.26629, 0.266437
18.5, 1, 1, -1.2664, 0.266558
18.525, 1, 1, -1.2664, 0.266558
18.55, 1, 1, -1.2664, 0.266558
18.575, 1, 1, -1.26844, 0.268611
18.6, 1, 1, -1.26844, 0.268611
18.625, 1, 1, -1.26764, 0.267805
18.65, 1, 1, -1.2673, 0.267487
18.675, 1, 1, -1.26644, 0.266642
18.7, 1, 1, -1.26644, 0.266642
18.725, 1, 1, -1.26644, 0.266642
18.75, 1, 1, -1.26644, 0.266642
18.775, 1, 1, -1.26029, 0.26048
18.8, 1, 1, -1.25966, 0.259904
18.825, 1, 1, -1.25966, 0.259941
18.85, 1, 1, -1.25966, 0.259941
18.875, 1, 1, -1.25966, 0.259941
18.9, 1, 1, -1.25966, 0.259941
18.925, 1, 1, -1.25966, 0.259941
18.95, 1, 1, -1.23967, 0.239933
18.975, 1, 1, -1.24211, 0.242425
19, 1, 1, -1.24535, 0.245732
19.025, 1, 1, -1.24535, 0.245732
19.05, 1, 1, -1.24535, 0.245732
19.075, 1, 1, -1.24535, 0.245732
19.1, 1, 1, -1.24535, 0.245732
19.125, 1, 1, -1.24535, 0.245732
19.15, 1, 1, -1.24535, 0.245732
19.175, 1, 1, -1.20728, 0.207652
19.2, 1, 1, -1.20728, 0.207652
19.225, 1, 1, -1.20918, 0.209579
19.25, 1, 1, -1.2102, 0.210624
19.275, 1, 1, -1.21012, 0.21054
19.3, 1, 1, -1.21012, 0.21054
19.325, 1, 1, -1.20987, 0.210314
19.35, 1, 1, -1.20987, 0.210314
19.375, 1, 1, -1.21161, 0.212097
19.4, 1, 1, -1.21526, 0.21578
19.425, 1, 1, -1.21526, 0.21578
19.45, 1, 1, -1.21526, 0.21578
19.475, 1, 1, -1.21526, 0.21578
19.5, 1, 1, -1.21529, 0.215804
19.525, 1, 1, -1.21529, 0.215804
19.55, 1, 1, -1.21529, 0.215804
19.575, 1, 1, -1.21457, 0.215093
19.6, 1, 1, -1.21457, 0.215093
19.625, 1, 1, -1.21457, 0.215093
19.65, 1, 1, -1.21158, 0.212126
19.675, 1, 1, -1.21128, 0.211819
19.7, 1, 1, -1.21128, 0.211819
19.725, 1, 1, -1.21128, 0.211819
19.75, 1, 1, -1.20833, 0.208897
19.775, 1, 1, -1.20833, 0.208897
19.8, 1, 1, -1.20833, 0.208897
19.825, 1, 1, -1.21205, 0.212583
19.85, 1, 1, -1.21205, 0.212583
19.875, 1, 1, -1.21205, 0.212583
19.9, 1, 1, -1.2095, 0.210049
19.925, 1, 1, -1.20993, 0.210456
19.95, 1, 1, -1.20993, 0.210456
19.975, 1, 1, -1.2095, 0.210034
20, 1, 1, -1.20937, 0.2099
20, 1, 1, -1.2317, 0.232058
20.025, 1, 1, -1.23095, 0.231317
20.05, 1, 1, -1.23025, 0.230613
20.075, 1, 1, -1.23025, 0.230613
20.1, 1, 1, -1.22965, 0.230022
20.125, 1, 1, -1.22915, 0.229527
20.15, 1, 1, -1.22915, 0.229527
20.175, 1, 1, -1.22915, 0.229527
20.2, 1, 1, -1.22866, 0.229044
20.225, 1, 1, -1.22866, 0.229044
20.25, 1, 1, -1.22866, 0.229044
20.275, 1, 1, -1.22805, 0.228437
20.3, 1, 1, -1.22728, 0.227674
20.325, 1, 1, -1.22728, 0.227674
20.35, 1, 1, -1.22728, 0.227674
20.375, 1, 1, -1.22633, 0.226727
20.4, 1, 1, -1.22633, 0.226727
20.425, 1, 1, -1.22633, 0.226727
20.45, 1, 1, -1.22633, 0.226727
20.475, 1, 1, -1.22464, 0.225046
20.5, 1, 1, -1.22464, 0.225046
20.525, 1, 1, -1.22302, 0.223432
20.55, 1, 1, -1.22302, 0.223432
20.575, 1, 1, -1.22302, 0.223432
20.6, 1, 1, -1.22302, 0.223432
20.625, 1, 1, -1.22078, 0.221203
20.65, 1, 1, -1.22078, 0.221203
20.675, 1, 1, -1.22078, 0.221203
20.7, 1, 1, -1.22078, 0.221203
20.725, 1, 1, -1.22078, 0.221203
20.75, 1, 1, -1.22078, 0.221203
20.775, 1, 1, -1.22078, 0.221203
20.8, 1, 1, -1.22078, 0.221203
20.825, 1, 1, -1.21594, 0.216371
20.85, 1, 1, -1.21594, 0.216371
20.875, 1, 1, -1.21123, 0.211673
20.9, 1, 1, -1.20647, 0.206924
20.925, 1, 1, -1.20164, 0.202109
20.95, 1, 1, -1.19679, 0.197264
20.975, 1, 1, -1.19679, 0.197264
21, 1, 1, -1.19679, 0.197264
21.025, 1, 1, -1.19241, 0.192891
21.05, 1, 1, -1.1881, 0.188581
21.075, 1, 1, -1.18389, 0.184368
21.1, 1, 1, -1.17978, 0.18026
21.125, 1, 1, -1.17978, 0.18026
21.15, 1, 1, -1.17978, 0.18026
21.175, 1, 1, -1.17589, 0.176366
21.2, 1, 1, -1.17204, 0.172504
21.225, 1, 1, -1.16824, 0.16869
21.25, 1, 1, -1.16824, 0.16869
21.275, 1, 1, -1.16824, 0.16869
21.3, 1, 1, -1.16473, 0.165168
21.325, 1, 1, -1.16473, 0.165168
21.35, 1, 1, -1.16134, 0.161766
21.375, 1, 1, -1.15806, 0.15847
21.4, 1, 1, -1.15806, 0.15847
21.425, 1, 1, -1.15806, 0.15847
21.45, 1, 1, -1.15496, 0.155351
21.475, 1, 1, -1.15496, 0.155351
21.5, 1, 1, -1.15207, 0.152438
21.525, 1, 1, -1.15207, 0.152438
21.55, 1, 1, -1.1494, 0.14974
21.575, 1, 1, -1.14681, 0.147118
21.6, 1, 1, -1.1443, 0.144568
21.625, 1, 1, -1.14186, 0.142091
21.65, 1, 1, -1.13949, 0.139681
21.675, 1, 1, -1.13949, 0.139681
21.7, 1, 1, -1.13949, 0.139681
21.725, 1, 1, -1.13721, 0.137369
21.75, 1, 1, -1.13721, 0.137369
21.775, 1, 1, -1.13721, 0.137369
21.8, 1, 1, -1.13505, 0.135167
21.825, 1, 1, -1.13294, 0.133027
21.85, 1, 1, -1.13091, 0.13095
21.875, 1, 1, -1.13091, 0.13095
21.9, 1, 1, -1.13091, 0.13095
21.925, 1, 1, -1.13091, 0.13095
21.95, 1, 1, -1.12891, 0.128915
21.975, 1, 1, -1.12697, 0.126942
22, 1, 1, -1.12697, 0.126942
22.025, 1, 1, -1.1251, 0.125035
22.05, 1, 1, -1.12328, 0.123185
22.075, 1, 1, -1.12328, 0.123185
22.1, 1, 1, -1.12156, 0.121425
22.125, 1, 1, -1.12156, 0.121425
22.15, 1, 1, -1.11993, 0.11976
22.175, 1, 1, -1.11993, 0.11976
22.2, 1, 1, -1.11834, 0.118133
22.225, 1, 1, -1.11834, 0.118133
22.25, 1, 1, -1.11834, 0.118133
22.275, 1, 1, -1.11834, 0.118133
22.3, 1, 1, -1.11834, 0.118133
22.325, 1, 1, -1.11834, 0.118133
22.35, 1, 1, -1.11834, 0.118133
22.375, 1, 1, -1.11834, 0.118133
22.4, 1, 1, -1.11834, 0.118133
22.425, 1, 1, -1.11834, 0.118133
22.45, 1, 1, -1.1167, 0.116456
22.475, 1, 1, -1.1167, 0.116456
22.5, 1, 1, -1.1167, 0.116456
22.525, 1, 1, -1.11541, 0.115153
22.55, 1, 1, -1.11541, 0.115153
22.575, 1, 1, -1.11541, 0.115153
22.6, 1, 1, -1.11429, 0.114016
22.625, 1, 1, -1.11322, 0.112926
22.65, 1, 1, -1.11322, 0.112926
22.675, 1, 1, -1.11218, 0.111872
22.7, 1, 1, -1.11218, 0.111872
22.725, 1, 1, -1.11218, 0.111872
22.75, 1, 1, -1.11117, 0.110845
22.775, 1, 1, -1.11117, 0.110845
22.8, 1, 1, -1.11117, 0.110845
22.825, 1, 1, -1.11117, 0.110845
22.85, 1, 1, -1.11117, 0.110845
22.875, 1, 1, -1.11117, 0.110845
22.9, 1, 1, -1.11117, 0.110845
22.925, 1, 1, -1.11117, 0.110845
22.95, 1, 1, -1.11117, 0.110845
22.975, 1, 1, -1.11029, 0.109959
23, 1, 1, -1.10949, 0.109151
23.025, 1, 1, -1.10877, 0.108421
23.05, 1, 1, -1.10811, 0.107764
23.075, 1, 1, -1.10753, 0.107179
23.1, 1, 1, -1.10753, 0.107179
23.125, 1, 1, -1.10698, 0.106631
23.15, 1, 1, -1.10698, 0.106631
23.175, 1, 1, -1.10698, 0.106631
23.2, 1, 1, -1.10698, 0.106631
23.225, 1, 1, -1.10698, 0.106631
23.25, 1, 1, -1.10644, 0.106089
23.275, 1, 1, -1.10593, 0.105584
23.3, 1, 1, -1.10593, 0.105584
23.325, 1, 1, -1.10564, 0.105295
23.35, 1, 1, -1.10564, 0.105295
23.375, 1, 1, -1.10533, 0.104996
23.4, 1, 1, -1.10505, 0.104721
23.425, 1, 1, -1.1048, 0.104483
23.45, 1, 1, -1.1048, 0.104483
23.475, 1, 1, -1.1048, 0.104483
23.5, 1, 1, -1.10457, 0.104255
23.525, 1, 1, -1.10457, 0.104255
23.55, 1, 1, -1.10434, 0.104035
23.575, 1, 1, -1.10434, 0.104035
23.6, 1, 1, -1.10434, 0.104035
23.625, 1, 1, -1.10434, 0.104035
23.65, 1, 1, -1.10434, 0.104035
23.675, 1, 1, -1.1041, 0.103804
23.7, 1, 1, -1.1041, 0.103804
23.725, 1, 1, -1.1041, 0.103804
23.75, 1, 1, -1.10383, 0.103551
23.775, 1, 1, -1.10356, 0.103281
23.8, 1, 1, -1.10333, 0.103055
23.825, 1, 1, -1.10316, 0.102893
23.85, 1, 1, -1.10316, 0.102893
23.875, 1, 1, -1.10287, 0.102603
23.9, 1, 1, -1.10267, 0.102417
23.925, 1, 1, -1.10258, 0.102328
23.95, 1, 1, -1.10256, 0.102317
23.975, 1, 1, -1.10256, 0.102317
24, 1, 1, -1.10257, 0.102344
24.025, 1, 1, -1.10257, 0.10235
24.05, 1, 1, -1.10257, 0.102356
24.075, 1, 1, -1.10256, 0.102361
24.1, 1, 1, -1.10256, 0.102361
24.125, 1, 1, -1.10256, 0.102361
24.15, 1, 1, -1.10269, 0.102489
24.175, 1, 1, -1.10269, 0.102489
24.2, 1, 1, -1.10289, 0.1027
24.225, 1, 1, -1.10311, 0.102926
24.25, 1, 1, -1.10336, 0.103174
24.275, 1, 1, -1.10366, 0.103473
24.3, 1, 1, -1.10403, 0.10384
24.325, 1, 1, -1.10403, 0.10384
24.35, 1, 1, -1.10403, 0.10384
24.375, 1, 1, -1.10403, 0.10384
24.4, 1, 1, -1.10403, 0.10384
24.425, 1, 1, -1.10464, 0.104451
24.45, 1, 1, -1.10552, 0.105323
24.475, 1, 1, -1.10741, 0.107195
24.5, 1, 1, -1.10741, 0.107195
24.525, 1, 1, -1.1101, 0.109865
24.55, 1, 1, -1.11301, 0.112748
24.575, 1, 1, -1.11595, 0.115659
24.6, 1, 1, -1.11878, 0.118465
24.625, 1, 1, -1.12149, 0.121154
24.65, 1, 1, -1.1241, 0.123747
24.675, 1, 1, -1.12662, 0.12625
24.7, 1, 1, -1.12662, 0.12625
24.725, 1, 1, -1.12662, 0.12625
24.75, 1, 1, -1.12911, 0.128727
24.775, 1, 1, -1.12911, 0.128727
24.8, 1, 1, -1.1317, 0.131305
24.825, 1, 1, -1.1317, 0.131305
24.85, 1, 1, -1.13443, 0.134017
24.875, 1, 1, -1.13443, 0.134017
24.9, 1, 1, -1.13725, 0.136828
24.925, 1, 1, -1.13725, 0.136828
24.95, 1, 1, -1.13725, 0.136828
24.975, 1, 1, -1.13725, 0.136828
25, 1, 1, -1.14006, 0.139632
25.025, 1, 1, -1.14006, 0.139632
25.05, 1, 1, -1.14006, 0.139632
25.075, 1, 1, -1.14006, 0.139632
25.1, 1, 1, -1.14336, 0.142931
25.125, 1, 1, -1.14336, 0.142931
25.15, 1, 1, -1.14336, 0.142931
25.175, 1, 1, -1.14336, 0.142931
25.2, 1, 1, -1.14336, 0.142931
25.225, 1, 1, -1.14336, 0.142931
25.25, 1, 1, -1.14462, 0.144184
25.275, 1, 1, -1.14593, 0.145481
25.3, 1, 1, -1.14593, 0.145481
25.325, 1, 1, -1.14593, 0.145481
25.35, 1, 1, -1.14749, 0.147031
25.375, 1, 1, -1.14941, 0.148954
25.4, 1, 1, -1.15162, 0.151156
25.425, 1, 1, -1.15162, 0.151156
25.45, 1, 1, -1.15388, 0.153424
25.475, 1, 1, -1.15388, 0.153424
25.5, 1, 1, -1.15388, 0.153424
25.525, 1, 1, -1.1561, 0.155652
25.55, 1, 1, -1.1561, 0.155652
25.575, 1, 1, -1.1561, 0.155652
25.6, 1, 1, -1.1561, 0.155652
25.625, 1, 1, -1.15832, 0.157867
25.65, 1, 1, -1.1605, 0.160056
25.675, 1, 1, -1.16267, 0.162235
25.7, 1, 1, -1.16483, 0.164394
25.725, 1, 1, -1.16483, 0.164394
25.75, 1, 1, -1.16483, 0.164394
25.775, 1, 1, -1.16697, 0.166546
25.8, 1, 1, -1.16697, 0.166546
25.825, 1, 1, -1.16697, 0.166546
25.85, 1, 1, -1.16904, 0.168627
25.875, 1, 1, -1.16904, 0.168627
25.9, 1, 1, -1.16904, 0.168627
25.925, 1, 1, -1.16904, 0.168627
25.95, 1, 1, -1.16904, 0.168627
25.975, 1, 1, -1.16904, 0.168627
26, 1, 1, -1.17099, 0.170581
26.025, 1, 1, -1.17287, 0.172468
26.05, 1, 1, -1.17287, 0.172468
26.075, 1, 1, -1.17469, 0.174294
26.1, 1, 1, -1.17469, 0.174294
26.125, 1, 1, -1.17469, 0.174294
26.15, 1, 1, -1.17469, 0.174294
26.175, 1, 1, -1.17636, 0.17597
26.2, 1, 1, -1.17796, 0.177587
26.225, 1, 1, -1.17954, 0.179175
26.25, 1, 1, -1.17954, 0.179175
26.275, 1, 1, -1.18117, 0.18081
26.3, 1, 1, -1.18117, 0.18081
26.325, 1, 1, -1.1827, 0.182348
26.35, 1, 1, -1.1827, 0.182348
26.375, 1, 1, -1.18423, 0.183882
26.4, 1, 1, -1.18423, 0.183882
26.425, 1, 1, -1.1858, 0.185461
26.45, 1, 1, -1.1858, 0.185461
26.475, 1, 1, -1.1858, 0.185461
26.5, 1, 1, -1.1858, 0.185461
26.525, 1, 1, -1.1858, 0.185461
26.55, 1, 1, -1.1858, 0.185461
26.575, 1, 1, -1.18737, 0.187044
26.6, 1, 1, -1.18737, 0.187044
26.625, 1, 1, -1.18737, 0.187044
26.65, 1, 1, -1.18891, 0.188587
26.675, 1, 1, -1.19044, 0.190121
26.7, 1, 1, -1.19044, 0.190121
26.725, 1, 1, -1.19184, 0.191524
26.75, 1, 1, -1.19184, 0.191524
26.775, 1, 1, -1.19321, 0.192902
26.8, 1, 1, -1.19321, 0.192902
26.825, 1, 1, -1.19321, 0.192902
26.85, 1, 1, -1.19454, 0.194235
26.875, 1, 1, -1.19582, 0.195524
26.9, 1, 1, -1.19706, 0.19677
26.925, 1, 1, -1.19826, 0.197973
26.95, 1, 1, -1.19826, 0.197973
26.975, 1, 1, -1.19941, 0.199125
27, 1, 1, -1.19941, 0.199125
27.025, 1, 1, -1.20052, 0.200237
27.05, 1, 1, -1.20052, 0.200237
27.075, 1, 1, -1.20159, 0.201318
27.1, 1, 1, -1.20159, 0.201318
27.125, 1, 1, -1.20159, 0.201318
27.15, 1, 1, -1.20159, 0.201318
27.175, 1, 1, -1.20159, 0.201318
27.2, 1, 1, -1.20263, 0.20236
27.225, 1, 1, -1.20363, 0.203368
27.25, 1, 1, -1.20461, 0.204346
27.275, 1, 1, -1.20556, 0.205299
27.3, 1, 1, -1.20556, 0.205299
27.325, 1, 1, -1.20556, 0.205299
27.35, 1, 1, -1.20644, 0.206188
27.375, 1, 1, -1.20644, 0.206188
27.4, 1, 1, -1.20644, 0.206188
27.425, 1, 1, -1.20644, 0.206188
27.45, 1, 1, -1.20644, 0.206188
27.475, 1, 1, -1.20644, 0.206188
27.5, 1, 1, -1.20726, 0.207013
27.525, 1, 1, -1.20726, 0.207013
27.55, 1, 1, -1.20726, 0.207013
27.575, 1, 1, -1.20726, 0.207013
27.6, 1, 1, -1.20794, 0.207694
27.625, 1, 1, -1.2086, 0.208364
27.65, 1, 1, -1.2086, 0.208364
27.675, 1, 1, -1.20954, 0.209305
27.7, 1, 1, -1.20954, 0.209305
27.725, 1, 1, -1.21057, 0.210347
27.75, 1, 1, -1.21155, 0.211331
27.775, 1, 1, -1.21155, 0.211331
27.8, 1, 1, -1.21155, 0.211331
27.825, 1, 1, -1.21269, 0.212474
27.85, 1, 1, -1.21269, 0.212474
27.875, 1, 1, -1.21366, 0.213452
27.9, 1, 1, -1.21366, 0.213452
27.925, 1, 1, -1.21462, 0.214418
27.95, 1, 1, -1.21566, 0.215461
27.975, 1, 1, -1.21566, 0.215461
28, 1, 1, -1.21566, 0.215461
28.025, 1, 1, -1.21566, 0.215461
28.05, 1, 1, -1.21566, 0.215461
28.075, 1, 1, -1.21566, 0.215461
28.1, 1, 1, -1.21566, 0.215461
28.125, 1, 1, -1.21566, 0.215461
28.15, 1, 1, -1.2163, 0.21611
28.175, 1, 1, -1.21693, 0.216756
28.2, 1, 1, -1.21693, 0.216756
28.225, 1, 1, -1.21693, 0.216756
28.25, 1, 1, -1.21769, 0.217525
28.275, 1, 1, -1.21769, 0.217525
28.3, 1, 1, -1.21769, 0.217525
28.325, 1, 1, -1.21814, 0.217977
28.35, 1, 1, -1.21856, 0.218411
28.375, 1, 1, -1.21898, 0.218835
28.4, 1, 1, -1.21898, 0.218835
28.425, 1, 1, -1.21898, 0.218835
28.45, 1, 1, -1.21898, 0.218835
28.475, 1, 1, -1.21898, 0.218835
28.5, 1, 1, -1.21898, 0.218835
28.525, 1, 1, -1.22014, 0.22
28.55, 1, 1, -1.22146, 0.221326
28.575, 1, 1, -1.2226, 0.222471
28.6, 1, 1, -1.2226, 0.222471
28.625, 1, 1, -1.22366, 0.223528
28.65, 1, 1, -1.22366, 0.223528
28.675, 1, 1, -1.22366, 0.223528
28.7, 1, 1, -1.22482, 0.224698
28.725, 1, 1, -1.22482, 0.224698
28.75, 1, 1, -1.22596, 0.225838
28.775, 1, 1, -1.22596, 0.225838
28.8, 1, 1, -1.22596, 0.225838
28.825, 1, 1, -1.22596, 0.225838
28.85, 1, 1, -1.22711, 0.226993
28.875, 1, 1, -1.22711, 0.226993
28.9, 1, 1, -1.22711, 0.226993
28.925, 1, 1, -1.22711, 0.226993
28.95, 1, 1, -1.22711, 0.226993
28.975, 1, 1, -1.22809, 0.227981
29, 1, 1, -1.22809, 0.227981
29.025, 1, 1, -1.22908, 0.228975
29.05, 1, 1, -1.23011, 0.230001
29.075, 1, 1, -1.23129, 0.231193
29.1, 1, 1, -1.23269, 0.232604
29.125, 1, 1, -1.2343, 0.234223
29.15, 1, 1, -1.23605, 0.235977
29.175, 1, 1, -1.23605, 0.235977
29.2, 1, 1, -1.23605, 0.235977
29.225, 1, 1, -1.23738, 0.237319
29.25, 1, 1, -1.23867, 0.238616
29.275, 1, 1, -1.23867, 0.238616
29.3, 1, 1, -1.23993, 0.239888
29.325, 1, 1, -1.23993, 0.239888
29.35, 1, 1, -1.23993, 0.239888
29.375, 1, 1, -1.23993, 0.239888
29.4, 1, 1, -1.23993, 0.239888
29.425, 1, 1, -1.23993, 0.239888
29.45, 1, 1, -1.23993, 0.239888
29.475, 1, 1, -1.24, 0.239962
29.5, 1, 1, -1.24012, 0.240086
29.525, 1, 1, -1.24012, 0.240086
29.55, 1, 1, -1.24012, 0.240088
29.575, 1, 1, -1.24012, 0.240088
29.6, 1, 1, -1.24012, 0.240088
29.625, 1, 1, -1.24012, 0.240088
29.65, 1, 1, -1.24012, 0.240088
29.675, 1, 1, -1.24017, 0.240144
29.7, 1, 1, -1.24026, 0.24024
29.725, 1, 1, -1.24026, 0.24024
29.75, 1, 1, -1.24026, 0.24024
29.775, 1, 1, -1.24026, 0.24024
29.8, 1, 1, -1.24026, 0.24024
29.825, 1, 1, -1.24035, 0.240339
29.85, 1, 1, -1.24044, 0.240434
29.875, 1, 1, -1.24052, 0.240525
29.9, 1, 1, -1.24052, 0.240525
29.925, 1, 1, -1.24052, 0.240525
29.95, 1, 1, -1.2406, 0.240605
29.975, 1, 1, -1.24067, 0.240681
30, 1, 1, -1.24074, 0.240754
30.025, 1, 1, -1.24074, 0.240754
30.05, 1, 1, -1.24074, 0.240754
30.075, 1, 1, -1.24074, 0.240754
30.1, 1, 1, -1.24079, 0.240806
30.125, 1, 1, -1.24083, 0.240856
30.15, 1, 1, -1.24088, 0.240905
30.175, 1, 1, -1.24088, 0.240905
30.2, 1, 1, -1.24088, 0.240905
30.225, 1, 1, -1.24088, 0.240905
30.25, 1, 1, -1.2409, 0.240936
30.275, 1, 1, -1.24093, 0.240968
30.3, 1, 1, -1.24093, 0.240968
30.325, 1, 1, -1.24093, 0.240968
30.35, 1, 1, -1.24093, 0.240968
30.375, 1, 1, -1.24093, 0.240968
30.4, 1, 1, -1.24099, 0.241032
30.425, 1, 1, -1.24099, 0.241032
30.45, 1, 1, -1.24102, 0.241062
30.475, 1, 1, -1.24102, 0.241062
30.5, 1, 1, -1.24107, 0.241118
30.525, 1, 1, -1.24107, 0.241118
30.55, 1, 1, -1.24107, 0.241118
30.575, 1, 1, -1.24107, 0.241118
30.6, 1, 1, -1.24079, 0.240843
30.625, 1, 1, -1.24079, 0.240843
30.65, 1, 1, -1.24059, 0.24065
30.675, 1, 1, -1.24059, 0.24065
30.7, 1, 1, -1.24059, 0.24065
30.725, 1, 1, -1.23991, 0.239973
30.75, 1, 1, -1.23991, 0.239973
30.775, 1, 1, -1.23991, 0.239973
30.8, 1, 1, -1.23955, 0.239621
30.825, 1, 1, -1.23955, 0.239621
30.85, 1, 1, -1.23955, 0.239621
30.875, 1, 1, -1.23955, 0.239621
30.9, 1, 1, -1.23955, 0.239621
30.925, 1, 1, -1.23955, 0.239621
30.95, 1, 1, -1.23955, 0.239621
30.975, 1, 1, -1.2392, 0.23927
31, 1, 1, -1.23886, 0.238938
31.025, 1, 1, -1.23886, 0.238938
31.05, 1, 1, -1.23886, 0.238938
31.075, 1, 1, -1.23886, 0.238938
31.1, 1, 1, -1.23886, 0.238938
31.125, 1, 1, -1.23886, 0.238938
31.15, 1, 1, -1.23841, 0.238487
31.175, 1, 1, -1.23798, 0.238069
31.2, 1, 1, -1.23798, 0.238069
31.225, 1, 1, -1.23798, 0.238069
31.25, 1, 1, -1.23798, 0.238069
31.275, 1, 1, -1.23798, 0.238069
31.3, 1, 1, -1.23744, 0.237525
31.325, 1, 1, -1.23744, 0.237525
31.35, 1, 1, -1.23744, 0.237525
31.375, 1, 1, -1.23694, 0.237036
31.4, 1, 1, -1.2365, 0.236599
31.425, 1, 1, -1.2365, 0.236599
31.45, 1, 1, -1.2365, 0.236599
31.475, 1, 1, -1.2365, 0.236599
31.5, 1, 1, -1.2365, 0.236599
31.525, 1, 1, -1.2359, 0.235997
31.55, 1, 1, -1.2359, 0.235997
31.575, 1, 1, -1.23533, 0.235427
31.6, 1, 1, -1.23533, 0.235427
31.625, 1, 1, -1.23533, 0.235427
31.65, 1, 1, -1.23481, 0.234919
31.675, 1, 1, -1.23481, 0.234919
31.7, 1, 1, -1.23481, 0.234919
31.725, 1, 1, -1.23481, 0.234919
31.75, 1, 1, -1.23445, 0.234552
31.775, 1, 1, -1.23514, 0.235235
31.8, 1, 1, -1.23514, 0.235235
31.825, 1, 1, -1.23514, 0.235235
31.85, 1, 1, -1.23715, 0.237237
31.875, 1, 1, -1.23715, 0.237237
31.9, 1, 1, -1.23715, 0.237237
31.925, 1, 1, -1.23715, 0.237237
31.95, 1, 1, -1.23832, 0.238402
31.975, 1, 1, -1.23832, 0.238402
32, 1, 1, -1.23832, 0.238402
32.025, 1, 1, -1.23832, 0.238402
32.05, 1, 1, -1.23961, 0.239683
32.075, 1, 1, -1.23926, 0.23932
32.1, 1, 1, -1.23853, 0.238581
32.125, 1, 1, -1.23853, 0.238581
32.15, 1, 1, -1.23853, 0.238581
32.175, 1, 1, -1.23796, 0.237992
32.2, 1, 1, -1.23796, 0.237992
32.225, 1, 1, -1.23796, 0.237992
32.25, 1, 1, -1.23786, 0.237887
32.275, 1, 1, -1.23786, 0.237887
32.3, 1, 1, -1.23779, 0.237807
32.325, 1, 1, -1.23779, 0.237807
32.35, 1, 1, -1.23798, 0.237982
32.375, 1, 1, -1.23876, 0.238758
32.4, 1, 1, -1.23876, 0.238758
32.425, 1, 1, -1.23876, 0.238758
32.45, 1, 1, -1.24091, 0.240891
32.475, 1, 1, -1.24091, 0.240891
32.5, 1, 1, -1.2439, 0.243883
32.525, 1, 1, -1.24797, 0.247943
32.55, 1, 1, -1.25334, 0.253315
32.575, 1, 1, -1.25334, 0.253315
32.6, 1, 1, -1.25948, 0.25945
32.625, 1, 1, -1.25948, 0.25945
32.65, 1, 1, -1.25948, 0.25945
32.675, 1, 1, -1.25948, 0.25945
32.7, 1, 1, -1.26041, 0.260367
32.725, 1, 1, -1.26041, 0.260367
32.75, 1, 1, -1.26041, 0.260367
32.775, 1, 1, -1.26082, 0.260763
32.8, 1, 1, -1.26082, 0.260763
32.825, 1, 1, -1.26082, 0.260763
32.85, 1, 1, -1.26124, 0.261174
32.875, 1, 1, -1.26124, 0.261174
32.9, 1, 1, -1.26185, 0.261775
32.925, 1, 1, -1.26185, 0.261775
32.95, 1, 1, -1.26185, 0.261775
32.975, 1, 1, -1.26185, 0.261775
33, 1, 1, -1.26185, 0.261775
33.025, 1, 1, -1.26185, 0.261775
33.05, 1, 1, -1.26185, 0.261775
33.075, 1, 1, -1.26185, 0.261775
33.1, 1, 1, -1.26076, 0.260676
33.125, 1, 1, -1.25944, 0.259371
33.15, 1, 1, -1.25944, 0.259371
33.175, 1, 1, -1.25812, 0.258076
33.2, 1, 1, -1.25675, 0.256743
33.225, 1, 1, -1.25548, 0.255497
33.25, 1, 1, -1.25548, 0.255497
33.275, 1, 1, -1.25548, 0.255497
33.3, 1, 1, -1.25548, 0.255497
33.325, 1, 1, -1.25548, 0.255497
33.35, 1, 1, -1.25445, 0.254493
33.375, 1, 1, -1.25445, 0.254493
33.4, 1, 1, -1.25445, 0.254493
33.425, 1, 1, -1.25371, 0.253768
33.45, 1, 1, -1.25371, 0.253768
33.475, 1, 1, -1.25371, 0.253768
33.5, 1, 1, -1.25371, 0.253768
33.525, 1, 1, -1.25371, 0.253768
33.55, 1, 1, -1.25371, 0.253768
33.575, 1, 1, -1.25371, 0.253768
33.6, 1, 1, -1.25149, 0.251584
33.625, 1, 1, -1.24934, 0.24947
33.65, 1, 1, -1.24728, 0.247441
33.675, 1, 1, -1.24728, 0.247441
33.7, 1, 1, -1.24536, 0.24555
33.725, 1, 1, -1.24536, 0.24555
33.75, 1, 1, -1.24376, 0.243963
33.775, 1, 1, -1.24376, 0.243963
33.8, 1, 1, -1.24235, 0.242569
33.825, 1, 1, -1.24235, 0.242569
33.85, 1, 1, -1.24235, 0.242569
33.875, 1, 1, -1.24235, 0.242569
33.9, 1, 1, -1.24078, 0.241018
33.925, 1, 1, -1.24078, 0.241018
33.95, 1, 1, -1.23922, 0.239478
33.975, 1, 1, -1.23922, 0.239478
34, 1, 1, -1.23922, 0.239478
34.025, 1, 1, -1.23922, 0.239478
34.05, 1, 1, -1.23777, 0.238037
34.075, 1, 1, -1.23641, 0.236684
34.1, 1, 1, -1.23511, 0.235384
34.125, 1, 1, -1.23388, 0.234155
34.15, 1, 1, -1.23278, 0.233055
34.175, 1, 1, -1.23278, 0.233055
34.2, 1, 1, -1.23278, 0.233055
34.225, 1, 1, -1.23278, 0.233055
34.25, 1, 1, -1.23278, 0.233055
34.275, 1, 1, -1.23278, 0.233055
34.3, 1, 1, -1.23278, 0.233055
34.325, 1, 1, -1.23278, 0.233055
34.35, 1, 1, -1.23278, 0.233055
34.375, 1, 1, -1.23278, 0.233055
34.4, 1, 1, -1.23278, 0.233055
34.425, 1, 1, -1.23278, 0.233055
34.45, 1, 1, -1.23278, 0.233055
34.475, 1, 1, -1.23278, 0.233055
34.5, 1, 1, -1.23124, 0.231518
34.525, 1, 1, -1.23124, 0.231518
34.55, 1, 1, -1.23124, 0.231518
34.575, 1, 1, -1.22977, 0.230047
34.6, 1, 1, -1.22977, 0.230047
34.625, 1, 1, -1.22834, 0.228619
34.65, 1, 1, -1.22698, 0.227255
34.675, 1, 1, -1.22698, 0.227255
34.7, 1, 1, -1.22698, 0.227255
34.725, 1, 1, -1.22566, 0.225935
34.75, 1, 1, -1.22566, 0.225935
34.775, 1, 1, -1.22566, 0.225935
34.8, 1, 1, -1.22446, 0.224733
34.825, 1, 1, -1.22446, 0.224733
34.85, 1, 1, -1.22311, 0.223386
34.875, 1, 1, -1.22183, 0.222102
34.9, 1, 1, -1.22183, 0.222102
34.925, 1, 1, -1.22065, 0.220905
34.95, 1, 1, -1.22065, 0.220905
34.975, 1, 1, -1.21955, 0.219802
35, 1, 1, -1.21955, 0.219802
35.025, 1, 1, -1.2185, 0.218736
35.05, 1, 1, -1.21749, 0.217715
35.075, 1, 1, -1.2165, 0.216713
35.1, 1, 1, -1.2165, 0.216713
35.125, 1, 1, -1.21561, 0.215804
35.15, 1, 1, -1.21472, 0.214903
35.175, 1, 1, -1.21472, 0.214903
35.2, 1, 1, -1.21472, 0.214903
35.225, 1, 1, -1.21472, 0.214903
35.25, 1, 1, -1.21472, 0.214903
35.275, 1, 1, -1.21472, 0.214903
35.3, 1, 1, -1.21472, 0.214903
35.325, 1, 1, -1.21472, 0.214903
35.35, 1, 1, -1.21472, 0.214903
35.375, 1, 1, -1.21472, 0.214903
35.4, 1, 1, -1.21472, 0.214903
35.425, 1, 1, -1.21472, 0.214903
35.45, 1, 1, -1.21472, 0.214903
35.475, 1, 1, -1.21472, 0.214903
35.5, 1, 1, -1.21353, 0.213698
35.525, 1, 1, -1.21237, 0.212525
35.55, 1, 1, -1.21181, 0.211933
35.575, 1, 1, -1.21168, 0.211771
35.6, 1, 1, -1.21168, 0.211771
35.625, 1, 1, -1.21168, 0.211771
35.65, 1, 1, -1.21168, 0.211771
35.675, 1, 1, -1.21184, 0.211895
35.7, 1, 1, -1.21184, 0.211895
35.725, 1, 1, -1.21184, 0.211895
35.75, 1, 1, -1.21184, 0.211895
35.775, 1, 1, -1.21184, 0.211895
35.8, 1, 1, -1.21065, 0.21069
35.825, 1, 1, -1.21065, 0.21069
35.85, 1, 1, -1.21065, 0.21069
35.875, 1, 1, -1.21065, 0.21069
35.9, 1, 1, -1.21065, 0.21069
35.925, 1, 1, -1.21065, 0.21069
35.95, 1, 1, -1.21167, 0.211703
35.975, 1, 1, -1.21239, 0.212427
36, 1, 1, -1.21239, 0.212427
36.025, 1, 1, -1.21318, 0.213224
36.05, 1, 1, -1.21318, 0.213224
36.075, 1, 1, -1.21318, 0.213224
36.1, 1, 1, -1.21589, 0.215915
36.125, 1, 1, -1.21589, 0.215915
36.15, 1, 1, -1.21924, 0.219251
36.175, 1, 1, -1.21924, 0.219251
36.2, 1, 1, -1.22337, 0.223346
36.225, 1, 1, -1.22734, 0.227259
36.25, 1, 1, -1.23106, 0.230926
36.275, 1, 1, -1.23445, 0.234256
36.3, 1, 1, -1.23768, 0.237432
36.325, 1, 1, -1.24117, 0.240873
36.35, 1, 1, -1.24539, 0.24505
36.375, 1, 1, -1.24539, 0.24505
36.4, 1, 1, -1.25224, 0.251892
36.425, 1, 1, -1.25224, 0.251892
36.45, 1, 1, -1.25224, 0.251892
36.475, 1, 1, -1.25224, 0.251892
36.5, 1, 1, -1.25224, 0.251892
36.525, 1, 1, -1.25224, 0.251892
36.55, 1, 1, -1.25224, 0.251892
36.575, 1, 1, -1.2481, 0.247692
36.6, 1, 1, -1.2481, 0.247692
36.625, 1, 1, -1.24375, 0.243298
36.65, 1, 1, -1.24375, 0.243298
36.675, 1, 1, -1.24375, 0.243298
36.7, 1, 1, -1.24, 0.239485
36.725, 1, 1, -1.23595, 0.235307
36.75, 1, 1, -1.23185, 0.230995
36.775, 1, 1, -1.23185, 0.230995
36.8, 1, 1, -1.23185, 0.230995
36.825, 1, 1, -1.23185, 0.230995
36.85, 1, 1, -1.22758, 0.226528
36.875, 1, 1, -1.22758, 0.226528
36.9, 1, 1, -1.22608, 0.224922
36.925, 1, 1, -1.22608, 0.224922
36.95, 1, 1, -1.22608, 0.224922
36.975, 1, 1, -1.22666, 0.225445
37, 1, 1, -1.22666, 0.225445
37.025, 1, 1, -1.22931, 0.228074
37.05, 1, 1, -1.22931, 0.228074
37.075, 1, 1, -1.22931, 0.228074
37.1, 1, 1, -1.22931, 0.228074
37.125, 1, 1, -1.22931, 0.228074
37.15, 1, 1, -1.23156, 0.230299
37.175, 1, 1, -1.23381, 0.232563
37.2, 1, 1, -1.23381, 0.232563
37.225, 1, 1, -1.236, 0.234781
37.25, 1, 1, -1.236, 0.234781
37.275, 1, 1, -1.236, 0.234781
37.3, 1, 1, -1.236, 0.234781
37.325, 1, 1, -1.236, 0.234781
37.35, 1, 1, -1.23811, 0.236924
37.375, 1, 1, -1.23811, 0.236924
37.4, 1, 1, -1.24024, 0.23907
37.425, 1, 1, -1.24243, 0.241282
37.45, 1, 1, -1.24468, 0.243541
37.475, 1, 1, -1.24468, 0.243541
37.5, 1, 1, -1.24468, 0.243541
37.525, 1, 1, -1.24658, 0.245456
37.55, 1, 1, -1.24841, 0.247306
37.575, 1, 1, -1.25019, 0.249102
37.6, 1, 1, -1.25019, 0.249102
37.625, 1, 1, -1.25019, 0.249102
37.65, 1, 1, -1.25198, 0.250909
37.675, 1, 1, -1.25198, 0.250909
37.7, 1, 1, -1.25367, 0.252614
37.725, 1, 1, -1.25367, 0.252614
37.75, 1, 1, -1.2553, 0.254257
37.775, 1, 1, -1.25688, 0.255851
37.8, 1, 1, -1.25688, 0.255851
37.825, 1, 1, -1.25846, 0.257449
37.85, 1, 1, -1.25846, 0.257449
37.875, 1, 1, -1.25846, 0.257449
37.9, 1, 1, -1.26016, 0.259172
37.925, 1, 1, -1.26016, 0.259172
37.95, 1, 1, -1.26186, 0.260898
37.975, 1, 1, -1.26354, 0.2626
38, 1, 1, -1.26354, 0.2626
38.025, 1, 1, -1.26517, 0.26425
38.05, 1, 1, -1.26517, 0.26425
38.075, 1, 1, -1.26672, 0.265833
38.1, 1, 1, -1.26672, 0.265833
38.125, 1, 1, -1.26672, 0.265833
38.15, 1, 1, -1.26672, 0.265833
38.175, 1, 1, -1.26823, 0.267365
38.2, 1, 1, -1.26968, 0.268837
38.225, 1, 1, -1.26968, 0.268837
38.25, 1, 1, -1.27108, 0.270259
38.275, 1, 1, -1.27108, 0.270259
38.3, 1, 1, -1.27242, 0.271626
38.325, 1, 1, -1.27372, 0.272948
38.35, 1, 1, -1.27372, 0.272948
38.375, 1, 1, -1.27497, 0.27422
38.4, 1, 1, -1.27497, 0.27422
38.425, 1, 1, -1.27497, 0.27422
38.45, 1, 1, -1.27497, 0.27422
38.475, 1, 1, -1.27612, 0.275394
38.5, 1, 1, -1.27612, 0.275394
38.525, 1, 1, -1.27612, 0.275394
38.55, 1, 1, -1.27722, 0.27652
38.575, 1, 1, -1.27829, 0.277609
38.6, 1, 1, -1.27932, 0.278663
38.625, 1, 1, -1.27932, 0.278663
38.65, 1, 1, -1.28033, 0.279693
38.675, 1, 1, -1.28131, 0.280691
38.7, 1, 1, -1.28131, 0.280691
38.725, 1, 1, -1.28131, 0.280691
38.75, 1, 1, -1.28131, 0.280691
38.775, 1, 1, -1.28225, 0.281648
38.8, 1, 1, -1.28225, 0.281648
38.825, 1, 1, -1.28225, 0.281648
38.85, 1, 1, -1.28313, 0.282543
38.875, 1, 1, -1.28313, 0.282543
38.9, 1, 1, -1.28313, 0.282543
38.925, 1, 1, -1.28398, 0.283408
38.95, 1, 1, -1.28398, 0.283408
38.975, 1, 1, -1.2848, 0.28425
39, 1, 1, -1.2848, 0.28425
39.025, 1, 1, -1.2848, 0.28425
39.05, 1, 1, -1.2848, 0.28425
39.075, 1, 1, -1.2855, 0.28497
39.1, 1, 1, -1.2855, 0.28497
39.125, 1, 1, -1.28616, 0.28564
39.15, 1, 1, -1.28616, 0.28564
39.175, 1, 1, -1.28616, 0.28564
39.2, 1, 1, -1.28616, 0.28564
39.225, 1, 1, -1.28616, 0.28564
39.25, 1, 1, -1.28673, 0.286224
39.275, 1, 1, -1.28733, 0.286845
39.3, 1, 1, -1.28733, 0.286845
39.325, 1, 1, -1.28795, 0.287485
39.35, 1, 1, -1.28795, 0.287485
39.375, 1, 1, -1.28855, 0.288097
39.4, 1, 1, -1.28855, 0.288097
39.425, 1, 1, -1.28855, 0.288097
39.45, 1, 1, -1.28855, 0.288097
39.475, 1, 1, -1.28855, 0.288097
39.5, 1, 1, -1.28855, 0.288097
39.525, 1, 1, -1.28855, 0.288097
39.55, 1, 1, -1.28855, 0.288097
39.575, 1, 1, -1.28855, 0.288097
39.6, 1, 1, -1.28913, 0.288692
39.625, 1, 1, -1.28969, 0.28927
39.65, 1, 1, -1.29023, 0.289829
39.675, 1, 1, -1.29023, 0.289829
39.7, 1, 1, -1.29023, 0.289829
39.725, 1, 1, -1.29023, 0.289829
39.75, 1, 1, -1.29023, 0.289829
39.775, 1, 1, -1.29075, 0.290365
39.8, 1, 1, -1.29075, 0.290365
39.825, 1, 1, -1.29125, 0.290885
39.85, 1, 1, -1.29125, 0.290885
39.875, 1, 1, -1.29174, 0.291388
39.9, 1, 1, -1.29222, 0.291875
39.925, 1, 1, -1.29222, 0.291875
39.95, 1, 1, -1.29222, 0.291875
39.975, 1, 1, -1.29222, 0.291875
40, 1, 1, -1.29222, 0.291875
40.025, 1, 1, -1.29269, 0.292356
40.05, 1, 1, -1.29314, 0.292823
40.075, 1, 1, -1.29314, 0.292823
40.1, 1, 1, -1.29314, 0.292823
40.125, 1, 1, -1.29314, 0.292823
40.15, 1, 1, -1.29357, 0.293268
40.175, 1, 1, -1.294, 0.293709
40.2, 1, 1, -1.29444, 0.294162
40.225, 1, 1, -1.29444, 0.294162
40.25, 1, 1, -1.29444, 0.294162
40.275, 1, 1, -1.29444, 0.294162
40.3, 1, 1, -1.29444, 0.294162
40.325, 1, 1, -1.29473, 0.294456
40.35, 1, 1, -1.295, 0.294735
40.375, 1, 1, -1.29525, 0.295
40.4, 1, 1, -1.29525, 0.295
40.425, 1, 1, -1.29525, 0.295
40.45, 1, 1, -1.29525, 0.295
40.475, 1, 1, -1.29525, 0.295
40.5, 1, 1, -1.29551, 0.295262
40.525, 1, 1, -1.29551, 0.295262
40.55, 1, 1, -1.29551, 0.295262
40.575, 1, 1, -1.29551, 0.295262
40.6, 1, 1, -1.29551, 0.295262
40.625, 1, 1, -1.29551, 0.295262
40.65, 1, 1, -1.29551, 0.295262
40.675, 1, 1, -1.29551, 0.295262
40.7, 1, 1, -1.29551, 0.295262
40.725, 1, 1, -1.29551, 0.295262
40.75, 1, 1, -1.29551, 0.295262
40.775, 1, 1, -1.29551, 0.295262
40.8, 1, 1, -1.29521, 0.294965
40.825, 1, 1, -1.29492, 0.294686
40.85, 1, 1, -1.29465, 0.294417
40.875, 1, 1, -1.29465, 0.294417
40.9, 1, 1, -1.29438, 0.29416
40.925, 1, 1, -1.29438, 0.29416
40.95, 1, 1, -1.29438, 0.29416
40.975, 1, 1, -1.29438, 0.29416
41, 1, 1, -1.29438, 0.29416
41.025, 1, 1, -1.29412, 0.293897
41.05, 1, 1, -1.29386, 0.29365
41.075, 1, 1, -1.29386, 0.29365
41.1, 1, 1, -1.29386, 0.29365
41.125, 1, 1, -1.29362, 0.293416
41.15, 1, 1, -1.29362, 0.293416
41.175, 1, 1, -1.29339, 0.293188
41.2, 1, 1, -1.29317, 0.292972
41.225, 1, 1, -1.29317, 0.292972
41.25, 1, 1, -1.29317, 0.292972
41.275, 1, 1, -1.29317, 0.292972
41.3, 1, 1, -1.29293, 0.29274
41.325, 1, 1, -1.29293, 0.29274
41.35, 1, 1, -1.2927, 0.292513
41.375, 1, 1, -1.29248, 0.292295
41.4, 1, 1, -1.29248, 0.292295
41.425, 1, 1, -1.29248, 0.292295
41.45, 1, 1, -1.29248, 0.292295
41.475, 1, 1, -1.29248, 0.292295
41.5, 1, 1, -1.29248, 0.292295
41.525, 1, 1, -1.29248, 0.292295
41.55, 1, 1, -1.29248, 0.292295
41.575, 1, 1, -1.29224, 0.292062
41.6, 1, 1, -1.29224, 0.292062
41.625, 1, 1, -1.29224, 0.292062
41.65, 1, 1, -1.29224, 0.292062
41.675, 1, 1, -1.29224, 0.292062
41.7, 1, 1, -1.29224, 0.292062
41.725, 1, 1, -1.29224, 0.292062
41.75, 1, 1, -1.29198, 0.291801
41.775, 1, 1, -1.29174, 0.291566
41.8, 1, 1, -1.29174, 0.291566
41.825, 1, 1, -1.29147, 0.291305
41.85, 1, 1, -1.29147, 0.291305
41.875, 1, 1, -1.29147, 0.291305
41.9, 1, 1, -1.29128, 0.291112
41.925, 1, 1, -1.29128, 0.291112
41.95, 1, 1, -1.29128, 0.291112
41.975, 1, 1, -1.29103, 0.290865
42, 1, 1, -1.29103, 0.290865
42.025, 1, 1, -1.29079, 0.290628
42.05, 1, 1, -1.29079, 0.290628
42.075, 1, 1, -1.29079, 0.290628
42.1, 1, 1, -1.29079, 0.290628
42.125, 1, 1, -1.29079, 0.290628
42.15, 1, 1, -1.29079, 0.290628
42.175, 1, 1, -1.29079, 0.290628
42.2, 1, 1, -1.29079, 0.290628
42.225, 1, 1, -1.29053, 0.290377
42.25, 1, 1, -1.29053, 0.290377
42.275, 1, 1, -1.29028, 0.290132
42.3, 1, 1, -1.29028, 0.290132
42.325, 1, 1, -1.29028, 0.290132
42.35, 1, 1, -1.29028, 0.290132
42.375, 1, 1, -1.29028, 0.290132
42.4, 1, 1, -1.29028, 0.290132
42.425, 1, 1, -1.29028, 0.290132
42.45, 1, 1, -1.29028, 0.290132
42.475, 1, 1, -1.29028, 0.290132
42.5, 1, 1, -1.29028, 0.290132
42.525, 1, 1, -1.29028, 0.290132
42.55, 1, 1, -1.29002, 0.289869
42.575, 1, 1, -1.29002, 0.289869
42.6, 1, 1, -1.29014, 0.289986
42.625, 1, 1, -1.29014, 0.289986
42.65, 1, 1, -1.29014, 0.289986
42.675, 1, 1, -1.29014, 0.289986
42.7, 1, 1, -1.29063, 0.290477
42.725, 1, 1, -1.29147, 0.291308
42.75, 1, 1, -1.29147, 0.291308
42.775, 1, 1, -1.29273, 0.292567
42.8, 1, 1, -1.29273, 0.292567
42.825, 1, 1, -1.29273, 0.292567
42.85, 1, 1, -1.29273, 0.292567
42.875, 1, 1, -1.29357, 0.293393
42.9, 1, 1, -1.29308, 0.29289
42.925, 1, 1, -1.29308, 0.29289
42.95, 1, 1, -1.29308, 0.29289
42.975, 1, 1, -1.29255, 0.292351
43, 1, 1, -1.29147, 0.291253
43.025, 1, 1, -1.29105, 0.290815
43.05, 1, 1, -1.29105, 0.290815
43.075, 1, 1, -1.29105, 0.290815
43.1, 1, 1, -1.29105, 0.290815
43.125, 1, 1, -1.29323, 0.292993
43.15, 1, 1, -1.29695, 0.29671
43.175, 1, 1, -1.29695, 0.29671
43.2, 1, 1, -1.29695, 0.29671
43.225, 1, 1, -1.29921, 0.298967
43.25, 1, 1, -1.30233, 0.302097
43.275, 1, 1, -1.30233, 0.302097
43.3, 1, 1, -1.30233, 0.302097
43.325, 1, 1, -1.30233, 0.302097
43.35, 1, 1, -1.30233, 0.302097
43.375, 1, 1, -1.30233, 0.302097
43.4, 1, 1, -1.29989, 0.299638
43.425, 1, 1, -1.29989, 0.299638
43.45, 1, 1, -1.29989, 0.299638
43.475, 1, 1, -1.29989, 0.299638
43.5, 1, 1, -1.29775, 0.297506
43.525, 1, 1, -1.29775, 0.297506
43.55, 1, 1, -1.29775, 0.297506
43.575, 1, 1, -1.29775, 0.297506
43.6, 1, 1, -1.29775, 0.297506
43.625, 1, 1, -1.29775, 0.297506
43.65, 1, 1, -1.29775, 0.297506
43.675, 1, 1, -1.29775, 0.297506
43.7, 1, 1, -1.29775, 0.297506
43.725, 1, 1, -1.29428, 0.29404
43.75, 1, 1, -1.2905, 0.290266
43.775, 1, 1, -1.2905, 0.290266
43.8, 1, 1, -1.2905, 0.290266
43.825, 1, 1, -1.28683, 0.286617
43.85, 1, 1, -1.28683, 0.286617
43.875, 1, 1, -1.28324, 0.283042
43.9, 1, 1, -1.28324, 0.283042
43.925, 1, 1, -1.27978, 0.279591
43.95, 1, 1, -1.27648, 0.27631
43.975, 1, 1, -1.27334, 0.273177
44, 1, 1, -1.27034, 0.270182
44.025, 1, 1, -1.26747, 0.267322
44.05, 1, 1, -1.26747, 0.267322
44.075, 1, 1, -1.26747, 0.267322
44.1, 1, 1, -1.26747, 0.267322
44.125, 1, 1, -1.26468, 0.264542
44.15, 1, 1, -1.26468, 0.264542
44.175, 1, 1, -1.26468, 0.264542
44.2, 1, 1, -1.26199, 0.26186
44.225, 1, 1, -1.25945, 0.259318
44.25, 1, 1, -1.25945, 0.259318
44.275, 1, 1, -1.25701, 0.256888
44.3, 1, 1, -1.25701, 0.256888
44.325, 1, 1, -1.25471, 0.254582
44.35, 1, 1, -1.25252, 0.2524
44.375, 1, 1, -1.25252, 0.2524
44.4, 1, 1, -1.25252, 0.2524
44.425, 1, 1, -1.25037, 0.250243
44.45, 1, 1, -1.25037, 0.250243
44.475, 1, 1, -1.24827, 0.248147
44.5, 1, 1, -1.24623, 0.246114
44.525, 1, 1, -1.24623, 0.246114
44.55, 1, 1, -1.24623, 0.246114
44.575, 1, 1, -1.24623, 0.246114
44.6, 1, 1, -1.24623, 0.246114
44.625, 1, 1, -1.24424, 0.244139
44.65, 1, 1, -1.24231, 0.242213
44.675, 1, 1, -1.24231, 0.242213
44.7, 1, 1, -1.24231, 0.242213
44.725, 1, 1, -1.24052, 0.240438
44.75, 1, 1, -1.24052, 0.240438
44.775, 1, 1, -1.23885, 0.238784
44.8, 1, 1, -1.23724, 0.237187
44.825, 1, 1, -1.23568, 0.235643
44.85, 1, 1, -1.23568, 0.235643
44.875, 1, 1, -1.23568, 0.235643
44.9, 1, 1, -1.23568, 0.235643
44.925, 1, 1, -1.23568, 0.235643
44.95, 1, 1, -1.23568, 0.235643
44.975, 1, 1, -1.23407, 0.23405
45, 1, 1, -1.23251, 0.232503
45.025, 1, 1, -1.23251, 0.232503
45.05, 1, 1, -1.231, 0.231005
45.075, 1, 1, -1.231, 0.231005
45.1, 1, 1, -1.231, 0.231005
45.125, 1, 1, -1.231, 0.231005
45.15, 1, 1, -1.231, 0.231005
45.175, 1, 1, -1.22957, 0.229594
45.2, 1, 1, -1.22957, 0.229594
45.225, 1, 1, -1.22821, 0.228248
45.25, 1, 1, -1.22821, 0.228248
45.275, 1, 1, -1.22821, 0.228248
45.3, 1, 1, -1.22821, 0.228248
45.325, 1, 1, -1.22695, 0.226995
45.35, 1, 1, -1.22577, 0.225824
45.375, 1, 1, -1.22468, 0.224742
45.4, 1, 1, -1.22468, 0.224742
45.425, 1, 1, -1.22468, 0.224742
45.45, 1, 1, -1.22468, 0.224742
45.475, 1, 1, -1.22359, 0.22366
45.5, 1, 1, -1.22359, 0.22366
45.525, 1, 1, -1.22359, 0.22366
45.55, 1, 1, -1.22255, 0.222631
45.575, 1, 1, -1.22255, 0.222631
45.6, 1, 1, -1.22255, 0.222631
45.625, 1, 1, -1.22155, 0.221637
45.65, 1, 1, -1.22155, 0.221637
45.675, 1, 1, -1.22059, 0.22068
45.7, 1, 1, -1.22059, 0.22068
45.725, 1, 1, -1.21966, 0.219757
45.75, 1, 1, -1.21966, 0.219757
45.775, 1, 1, -1.21966, 0.219757
45.8, 1, 1, -1.21966, 0.219757
45.825, 1, 1, -1.21966, 0.219757
45.85, 1, 1, -1.21966, 0.219757
45.875, 1, 1, -1.21966, 0.219757
45.9, 1, 1, -1.21877, 0.218875
45.925, 1, 1, -1.21877, 0.218875
45.95, 1, 1, -1.21877, 0.218875
45.975, 1, 1, -1.2179, 0.218008
46, 1, 1, -1.2179, 0.218008
46.025, 1, 1, -1.2179, 0.218008
46.05, 1, 1, -1.2179, 0.218008
46.075, 1, 1, -1.21703, 0.217145
46.1, 1, 1, -1.21703, 0.217145
46.125, 1, 1, -1.21703, 0.217145
46.15, 1, 1, -1.21629, 0.216402
46.175, 1, 1, -1.21629, 0.216402
46.2, 1, 1, -1.21629, 0.216402
46.225, 1, 1, -1.21629, 0.216402
46.25, 1, 1, -1.21629, 0.216402
46.275, 1, 1, -1.21549, 0.215616
46.3, 1, 1, -1.21549, 0.215616
46.325, 1, 1, -1.21549, 0.215616
46.35, 1, 1, -1.21549, 0.215616
46.375, 1, 1, -1.21549, 0.215616
46.4, 1, 1, -1.21504, 0.215162
46.425, 1, 1, -1.21502, 0.215136
46.45, 1, 1, -1.21578, 0.215869
46.475, 1, 1, -1.21743, 0.21748
46.5, 1, 1, -1.21985, 0.219858
46.525, 1, 1, -1.21985, 0.219858
46.55, 1, 1, -1.21985, 0.219858
46.575, 1, 1, -1.2216, 0.22156
46.6, 1, 1, -1.2216, 0.22156
46.625, 1, 1, -1.22329, 0.22321
46.65, 1, 1, -1.22465, 0.22452
46.675, 1, 1, -1.2258, 0.22563
46.7, 1, 1, -1.2258, 0.22563
46.725, 1, 1, -1.22695, 0.226738
46.75, 1, 1, -1.22695, 0.226738
46.775, 1, 1, -1.22695, 0.226738
46.8, 1, 1, -1.22695, 0.226738
46.825, 1, 1, -1.22761, 0.227349
46.85, 1, 1, -1.22761, 0.227349
46.875, 1, 1, -1.22761, 0.227349
46.9, 1, 1, -1.22761, 0.227349
46.925, 1, 1, -1.22761, 0.227349
46.95, 1, 1, -1.22761, 0.227349
46.975, 1, 1, -1.23107, 0.230783
47, 1, 1, -1.23604, 0.235716
47.025, 1, 1, -1.24195, 0.241605
47.05, 1, 1, -1.24858, 0.248219
47.075, 1, 1, -1.24858, 0.248219
47.1, 1, 1, -1.24858, 0.248219
47.125, 1, 1, -1.25092, 0.250529
47.15, 1, 1, -1.25092, 0.250529
47.175, 1, 1, -1.25303, 0.252596
47.2, 1, 1, -1.25303, 0.252596
47.225, 1, 1, -1.25503, 0.254564
47.25, 1, 1, -1.25503, 0.254564
47.275, 1, 1, -1.25503, 0.254564
47.3, 1, 1, -1.25696, 0.256459
47.325, 1, 1, -1.25696, 0.256459
47.35, 1, 1, -1.25696, 0.256459
47.375, 1, 1, -1.25918, 0.258655
47.4, 1, 1, -1.25918, 0.258655
47.425, 1, 1, -1.26198, 0.261446
47.45, 1, 1, -1.26198, 0.261446
47.475, 1, 1, -1.26541, 0.264886
47.5, 1, 1, -1.26879, 0.268314
47.525, 1, 1, -1.26879, 0.268314
47.55, 1, 1, -1.26879, 0.268314
47.575, 1, 1, -1.26879, 0.268314
47.6, 1, 1, -1.26879, 0.268314
47.625, 1, 1, -1.26879, 0.268314
47.65, 1, 1, -1.26879, 0.268314
47.675, 1, 1, -1.26879, 0.268314
47.7, 1, 1, -1.26879, 0.268314
47.725, 1, 1, -1.26879, 0.268314
47.75, 1, 1, -1.26879, 0.268314
47.775, 1, 1, -1.26879, 0.268314
47.8, 1, 1, -1.26879, 0.268314
47.825, 1, 1, -1.26484, 0.264432
47.85, 1, 1, -1.25917, 0.258887
47.875, 1, 1, -1.25917, 0.258887
47.9, 1, 1, -1.25917, 0.258887
47.925, 1, 1, -1.25427, 0.25409
47.95, 1, 1, -1.25427, 0.25409
47.975, 1, 1, -1.25015, 0.250062
48, 1, 1, -1.24654, 0.246519
48.025, 1, 1, -1.24343, 0.243467
48.05, 1, 1, -1.24343, 0.243467
48.075, 1, 1, -1.24076, 0.240836
48.1, 1, 1, -1.23838, 0.238493
48.125, 1, 1, -1.23634, 0.236483
48.15, 1, 1, -1.23634, 0.236483
48.175, 1, 1, -1.23634, 0.236483
48.2, 1, 1, -1.23492, 0.235079
48.225, 1, 1, -1.23492, 0.235079
48.25, 1, 1, -1.23492, 0.235079
48.275, 1, 1, -1.23385, 0.234021
48.3, 1, 1, -1.23306, 0.233217
48.325, 1, 1, -1.23242, 0.232558
48.35, 1, 1, -1.23185, 0.231964
48.375, 1, 1, -1.23185, 0.231964
48.4, 1, 1, -1.23133, 0.231421
48.425, 1, 1, -1.23133, 0.231421
48.45, 1, 1, -1.23133, 0.231421
48.475, 1, 1, -1.23075, 0.230825
48.5, 1, 1, -1.23075, 0.230825
48.525, 1, 1, -1.2302, 0.230256
48.55, 1, 1, -1.2302, 0.230256
48.575, 1, 1, -1.2297, 0.229755
48.6, 1, 1, -1.2297, 0.229755
48.625, 1, 1, -1.2297, 0.229755
48.65, 1, 1, -1.2297, 0.229755
48.675, 1, 1, -1.2297, 0.229755
48.7, 1, 1, -1.2297, 0.229755
48.725, 1, 1, -1.2293, 0.22935
48.75, 1, 1, -1.2293, 0.22935
48.775, 1, 1, -1.22894, 0.228996
48.8, 1, 1, -1.22894, 0.228996
48.825, 1, 1, -1.22894, 0.228996
48.85, 1, 1, -1.22858, 0.228637
48.875, 1, 1, -1.22824, 0.228289
48.9, 1, 1, -1.22824, 0.228289
48.925, 1, 1, -1.22824, 0.228289
48.95, 1, 1, -1.22824, 0.228289
48.975, 1, 1, -1.22824, 0.228289
49, 1, 1, -1.22794, 0.227992
49.025, 1, 1, -1.22794, 0.227992
49.05, 1, 1, -1.22794, 0.227992
49.075, 1, 1, -1.22764, 0.227701
49.1, 1, 1, -1.22764, 0.227701
49.125, 1, 1, -1.22764, 0.227701
49.15, 1, 1, -1.22735, 0.227412
49.175, 1, 1, -1.22735, 0.227412
49.2, 1, 1, -1.22735, 0.227412
49.225, 1, 1, -1.22735, 0.227412
49.25, 1, 1, -1.22704, 0.227107
49.275, 1, 1, -1.22675, 0.226824
49.3, 1, 1, -1.22675, 0.226824
49.325, 1, 1, -1.22675, 0.226824
49.35, 1, 1, -1.22649, 0.226566
49.375, 1, 1, -1.22649, 0.226566
49.4, 1, 1, -1.22649, 0.226566
49.425, 1, 1, -1.22649, 0.226566
49.45, 1, 1, -1.22649, 0.226566
49.475, 1, 1, -1.22649, 0.226566
49.5, 1, 1, -1.22649, 0.226566
49.525, 1, 1, -1.22583, 0.225919
49.55, 1, 1, -1.2252, 0.225294
49.575, 1, 1, -1.2252, 0.225294
49.6, 1, 1, -1.2252, 0.225294
49.625, 1, 1, -1.22459, 0.224695
49.65, 1, 1, -1.224, 0.224111
49.675, 1, 1, -1.22343, 0.223543
49.7, 1, 1, -1.22287, 0.222989
49.725, 1, 1, -1.22233, 0.222451
49.75, 1, 1, -1.22233, 0.222451
49.775, 1, 1, -1.22233, 0.222451
49.8, 1, 1, -1.22233, 0.222451
49.825, 1, 1, -1.22233, 0.222451
49.85, 1, 1, -1.22233, 0.222451
49.875, 1, 1, -1.22233, 0.222451
49.9, 1, 1, -1.22233, 0.222451
49.925, 1, 1, -1.22233, 0.222451
49.95, 1, 1, -1.22176, 0.221881
49.975, 1, 1, -1.2212, 0.221329
50, 1, 1, -1.2212, 0.221329
