0, 0.00358025, -0.411363
0.025, 0.0105289, -0.40267
0.05, 0.015701, -0.346168
0.075, 0.0201281, -0.234699
0.1, 0.0254336, -0.206832
0.125, 0.0313488, -0.0875647
0.15, 0.0377353, -0.064555
0.175, 0.042606, 0.0378382
0.2, 0.0457516, 0.0635324
0.225, 0.0641281, 0.149307
0.25, 0.0976064, 0.188807
0.275, 0.131246, 0.322903
0.3, 0.161215, 0.366877
0.325, 0.17958, 0.462112
0.35, 0.190702, 0.506597
0.375, 0.216857, 0.586492
0.4, 0.260391, 0.607201
0.425, 0.307666, 0.723655
0.45, 0.355131, 0.753185
0.475, 0.420066, 0.8566
0.5, 0.50278, 0.900575
0.525, 0.601477, 1.01307
0.55, 0.721317, 1.03531
0.575, 0.854741, 1.11623
0.6, 0.99413, 1.12799
0.625, 1.13637, 1.17963
0.65, 1.28017, 1.19126
0.675, 1.4293, 1.27141
0.7, 1.58759, 1.29251
0.725, 1.76012, 1.34607
0.75, 1.94752, 1.35732
0.775, 2.13598, 1.3949
0.8, 2.32336, 1.3981
0.825, 2.51081, 1.39886
0.85, 2.69634, 1.39937
0.875, 2.85964, 1.44552
0.9, 3.00163, 1.46188
0.925, 3.15208, 1.53424
0.95, 3.31117, 1.54753
0.975, 3.48509, 1.563
1, 3.67397, 1.56415
1.025, 3.86215, 1.56428
1.05, 4.04876, 1.56428
1.075, 4.22571, 1.56811
1.1, 4.39396, 1.57438
1.125, 4.54744, 1.6048
1.15, 4.68948, 1.61618
1.175, 4.84233, 1.62257
1.2, 5.00228, 1.6227
1.225, 5.15876, 1.62167
1.25, 5.31274, 1.62065
1.275, 5.46873, 1.61541
1.3, 5.62752, 1.61515
1.325, 5.7782, 1.614
1.35, 5.92047, 1.614
1.375, 6.05725, 1.60761
1.4, 6.18904, 1.59662
1.425, 6.3166, 1.56325
1.45, 6.43977, 1.55507
1.475, 6.56249, 1.53858
1.5, 6.68428, 1.5373
1.525, 6.79751, 1.53743
1.55, 6.90387, 1.53756
1.575, 7.01068, 1.53718
1.6, 7.11622, 1.52746
1.625, 7.22236, 1.48208
1.65, 7.32823, 1.47479
1.675, 7.43297, 1.41817
1.7, 7.53857, 1.40756
1.725, 7.61947, 1.40359
1.75, 7.67714, 1.4041
1.775, 7.73795, 1.41216
1.8, 7.79887, 1.41203
1.825, 7.85087, 1.41152
1.85, 7.89702, 1.41075
1.875, 7.95327, 1.39222
1.9, 8.01751, 1.39068
1.925, 8.07695, 1.39017
1.95, 8.13518, 1.39017
1.975, 8.18678, 1.3917
2, 8.2271, 1.39477
2.025, 8.26088, 1.39605
2.05, 8.29098, 1.39605
2.075, 8.31923, 1.39605
2.1, 8.34554, 1.39605
2.125, 8.37824, 1.40922
2.15, 8.41644, 1.41433
2.175, 8.45554, 1.43427
2.2, 8.49626, 1.44693
2.225, 8.54364, 1.45089
2.25, 8.59812, 1.45102
2.275, 8.64224, 1.45102
2.3, 8.6728, 1.45102
2.325, 8.70051, 1.46176
2.35, 8.72926, 1.47262
2.375, 8.75965, 1.52427
2.4, 8.79373, 1.55328
2.425, 8.84648, 1.56134
2.45, 8.91447, 1.56658
2.475, 8.97177, 1.56683
2.5, 9.0179, 1.56696
2.525, 9.06474, 1.56888
2.55, 9.11252, 1.57041
2.575, 9.15061, 1.61221
2.6, 9.18244, 1.62525
2.625, 9.22029, 1.6994
2.65, 9.2646, 1.70515
2.675, 9.32905, 1.70809
2.7, 9.40463, 1.70809
2.725, 9.476, 1.7086
2.75, 9.54881, 1.70898
2.775, 9.60539, 1.76075
2.8, 9.64167, 1.77328
2.825, 9.68731, 1.82109
2.85, 9.74898, 1.82582
2.875, 9.82049, 1.83196
2.9, 9.89801, 1.83272
2.925, 9.97991, 1.83272
2.95, 10.0657, 1.83272
2.975, 10.1464, 1.8326
3, 10.2222, 1.83285
3.025, 10.2973, 1.83298
3.05, 10.3725, 1.83311
3.075, 10.4461, 1.82966
3.1, 10.5181, 1.82787
3.125, 10.586, 1.81086
3.15, 10.6508, 1.80153
3.175, 10.7141, 1.75666
3.2, 10.775, 1.75564
3.225, 10.824, 1.75577
3.25, 10.8634, 1.75577
3.275, 10.9151, 1.75513
3.3, 10.9769, 1.74529
3.325, 11.0504, 1.69697
3.35, 11.1308, 1.67319
3.375, 11.1904, 1.61209
3.4, 11.2306, 1.6016
3.425, 11.244, 1.60084
3.45, 11.2373, 1.60096
3.475, 11.2283, 1.59342
3.5, 11.2127, 1.58754
3.525, 11.217, 1.53002
3.55, 11.2431, 1.5088
3.575, 11.258, 1.45038
3.6, 11.2582, 1.43849
3.625, 11.246, 1.42532
3.65, 11.2268, 1.42481
3.675, 11.2055, 1.41126
3.7, 11.178, 1.39477
3.725, 11.1396, 1.36499
3.75, 11.0935, 1.35706
3.775, 11.0551, 1.32498
3.8, 11.0236, 1.31309
3.825, 10.9842, 1.31347
3.85, 10.9372, 1.31385
3.875, 10.8966, 1.32536
3.9, 10.8627, 1.326
3.925, 10.8333, 1.30849
3.95, 10.8069, 1.29302
3.975, 10.7698, 1.27857
4, 10.7253, 1.27819
4.025, 10.6911, 1.27883
4.05, 10.6663, 1.28075
4.075, 10.6412, 1.28445
4.1, 10.6128, 1.28458
4.125, 10.5842, 1.28496
4.15, 10.5567, 1.28496
4.175, 10.5273, 1.28522
4.2, 10.4953, 1.28535
4.225, 10.4591, 1.30043
4.25, 10.4194, 1.30606
4.275, 10.377, 1.36192
4.3, 10.3341, 1.37432
4.325, 10.3093, 1.37956
4.35, 10.3, 1.37956
4.375, 10.286, 1.37994
4.4, 10.2688, 1.38314
4.425, 10.2553, 1.41829
4.45, 10.2463, 1.42596
4.475, 10.2439, 1.45754
4.5, 10.245, 1.46534
4.525, 10.2487, 1.47531
4.55, 10.2533, 1.48157
4.575, 10.2532, 1.48745
4.6, 10.253, 1.48771
4.625, 10.2512, 1.49384
4.65, 10.2445, 1.51148
4.675, 10.2363, 1.58882
4.7, 10.2337, 1.60314
4.725, 10.2454, 1.65644
4.75, 10.2663, 1.66041
4.775, 10.2995, 1.66411
4.8, 10.3384, 1.66475
4.825, 10.3622, 1.66859
4.85, 10.377, 1.67102
4.875, 10.383, 1.68853
4.9, 10.3809, 1.70336
4.925, 10.3972, 1.70822
4.95, 10.4315, 1.70898
4.975, 10.4695, 1.70873
5, 10.5112, 1.70873
5.025, 10.5596, 1.70783
5.05, 10.6139, 1.70643
5.075, 10.6589, 1.70591
5.1, 10.6936, 1.70643
5.125, 10.7271, 1.70655
5.15, 10.7602, 1.70668
5.175, 10.7923, 1.70681
5.2, 10.8236, 1.70668
5.225, 10.8572, 1.6916
5.25, 10.8943, 1.68648
5.275, 10.9287, 1.68597
5.3, 10.9601, 1.68597
5.325, 10.994, 1.6861
5.35, 11.0287, 1.6861
5.375, 11.0637, 1.67856
5.4, 11.1, 1.66258
5.425, 11.1397, 1.58869
5.45, 11.1778, 1.57808
5.475, 11.1984, 1.57041
5.5, 11.2088, 1.56364
5.525, 11.2193, 1.5584
5.55, 11.2261, 1.55827
5.575, 11.2484, 1.50215
5.6, 11.2858, 1.48195
5.625, 11.3151, 1.39068
5.65, 11.3328, 1.36806
5.675, 11.3262, 1.32945
5.7, 11.3021, 1.31973
5.725, 11.2743, 1.29378
5.75, 11.2425, 1.28867
5.775, 11.1983, 1.28266
5.8, 11.1414, 1.27755
5.825, 11.1009, 1.21594
5.85, 11.0749, 1.20277
5.875, 11.0375, 1.16877
5.9, 10.9908, 1.16583
5.925, 10.9461, 1.15931
5.95, 10.9032, 1.15892
5.975, 10.8445, 1.15943
6, 10.7683, 1.15982
6.025, 10.6919, 1.14269
6.05, 10.6177, 1.14103
6.075, 10.5461, 1.12799
6.1, 10.479, 1.12722
6.125, 10.4179, 1.12748
6.15, 10.3615, 1.12901
6.175, 10.3109, 1.13003
6.2, 10.2649, 1.13042
6.225, 10.2119, 1.12722
6.25, 10.1504, 1.1276
6.275, 10.0847, 1.13003
6.3, 10.0156, 1.13016
6.325, 9.93842, 1.17401
6.35, 9.8571, 1.18717
6.375, 9.7947, 1.22041
6.4, 9.74706, 1.22642
6.425, 9.70515, 1.23076
6.45, 9.6712, 1.23064
6.475, 9.64438, 1.23089
6.5, 9.6223, 1.23089
6.525, 9.59989, 1.23089
6.55, 9.57755, 1.23498
6.575, 9.54193, 1.31079
6.6, 9.49793, 1.31986
6.625, 9.46897, 1.37227
6.65, 9.44826, 1.38033
6.675, 9.43447, 1.4018
6.7, 9.42263, 1.40513
6.725, 9.40837, 1.4266
6.75, 9.40113, 1.44539
6.775, 9.40678, 1.4785
6.8, 9.42488, 1.49333
6.825, 9.44254, 1.52529
6.85, 9.46038, 1.53475
6.875, 9.49111, 1.53615
6.9, 9.52948, 1.53603
6.925, 9.56579, 1.53603
6.95, 9.6028, 1.53615
6.975, 9.63977, 1.56006
7, 9.67274, 1.56517
7.025, 9.70724, 1.58703
7.05, 9.74484, 1.59112
7.075, 9.78805, 1.59151
7.1, 9.836, 1.59151
7.125, 9.86919, 1.59214
7.15, 9.89032, 1.59751
7.175, 9.89858, 1.63522
7.2, 9.89566, 1.6411
7.225, 9.89638, 1.68112
7.25, 9.90005, 1.68252
7.275, 9.92746, 1.69326
7.3, 9.97937, 1.69364
7.325, 10.0394, 1.69364
7.35, 10.104, 1.68981
7.375, 10.1555, 1.6783
7.4, 10.1937, 1.67754
7.425, 10.2208, 1.67766
7.45, 10.2402, 1.67728
7.475, 10.2635, 1.65338
7.5, 10.2909, 1.63292
7.525, 10.3272, 1.5653
7.55, 10.3691, 1.55443
7.575, 10.3979, 1.55124
7.6, 10.4166, 1.55137
7.625, 10.4409, 1.53155
7.65, 10.4674, 1.52618
7.675, 10.4867, 1.50586
7.7, 10.501, 1.49026
7.725, 10.5258, 1.40934
7.75, 10.5569, 1.39311
7.775, 10.5675, 1.35348
7.8, 10.5642, 1.3522
7.825, 10.5537, 1.35195
7.85, 10.5341, 1.34658
7.875, 10.517, 1.32766
7.9, 10.5004, 1.31858
7.925, 10.4904, 1.24828
7.95, 10.4849, 1.23319
7.975, 10.4614, 1.18589
8, 10.4238, 1.18526
8.025, 10.3822, 1.18602
8.05, 10.3376, 1.18615
8.075, 10.2926, 1.1735
8.1, 10.2475, 1.16928
8.125, 10.2104, 1.12939
8.15, 10.1804, 1.11099
8.175, 10.1416, 1.08567
8.2, 10.0881, 1.07941
8.225, 10.0301, 1.08325
8.25, 9.97407, 1.08964
8.275, 9.91285, 1.09386
8.3, 9.84599, 1.10434
8.325, 9.77844, 1.10153
8.35, 9.71156, 1.0982
8.375, 9.64338, 1.10114
8.4, 9.57601, 1.10204
8.425, 9.51068, 1.15458
8.45, 9.44696, 1.16301
8.475, 9.40617, 1.20379
8.5, 9.38243, 1.20712
8.525, 9.35423, 1.23677
8.55, 9.32054, 1.23703
8.575, 9.2846, 1.25505
8.6, 9.24794, 1.2672
8.625, 9.21145, 1.29417
8.65, 9.17747, 1.3113
8.675, 9.15321, 1.3646
8.7, 9.13893, 1.37764
8.725, 9.13143, 1.42226
8.75, 9.12905, 1.43108
8.775, 9.14067, 1.43223
8.8, 9.1656, 1.43287
8.825, 9.1883, 1.43645
8.85, 9.2092, 1.45
8.875, 9.22947, 1.47505
8.9, 9.25343, 1.48413
8.925, 9.2773, 1.52669
8.95, 9.29663, 1.529
8.975, 9.32634, 1.52951
9, 9.36421, 1.52951
9.025, 9.40225, 1.52951
9.05, 9.44442, 1.52989
9.075, 9.48814, 1.55546
9.1, 9.52966, 1.56415
9.125, 9.57621, 1.56556
9.15, 9.62939, 1.56568
9.175, 9.67534, 1.56568
9.2, 9.71372, 1.56568
9.225, 9.74672, 1.56556
9.25, 9.77507, 1.56556
9.275, 9.80161, 1.56568
9.3, 9.8275, 1.56619
9.325, 9.85855, 1.56696
9.35, 9.89401, 1.56696
9.375, 9.93058, 1.56607
9.4, 9.96785, 1.56543
9.425, 10.0004, 1.56249
9.45, 10.027, 1.56249
9.475, 10.048, 1.56095
9.5, 10.0651, 1.56134
9.525, 10.0806, 1.56185
9.55, 10.0939, 1.56185
9.575, 10.1185, 1.56159
9.6, 10.1552, 1.55789
9.625, 10.2041, 1.50931
9.65, 10.2633, 1.50215
9.675, 10.3061, 1.46968
9.7, 10.3343, 1.46457
9.725, 10.3437, 1.44565
9.75, 10.336, 1.44552
9.775, 10.3307, 1.4041
9.8, 10.3255, 1.3857
9.825, 10.3157, 1.34978
9.85, 10.3051, 1.34159
9.875, 10.2994, 1.33904
9.9, 10.2962, 1.33878
9.925, 10.2983, 1.31641
9.95, 10.3027, 1.31411
9.975, 10.2901, 1.30184
10, 10.2643, 1.29583
10.025, 10.2387, 1.27205
10.05, 10.2105, 1.24866
10.075, 10.1741, 1.22067
10.1, 10.133, 1.2199
10.125, 10.1004, 1.21964
10.15, 10.0737, 1.22028
10.175, 10.0427, 1.21197
10.2, 10.0069, 1.20481
10.225, 9.97607, 1.17707
10.25, 9.94975, 1.17094
10.275, 9.9237, 1.14218
10.3, 9.89941, 1.14128
10.325, 9.86634, 1.14307
10.35, 9.82594, 1.14908
10.375, 9.7811, 1.16736
10.4, 9.73132, 1.17056
10.425, 9.68437, 1.17592
10.45, 9.64155, 1.17516
10.475, 9.60262, 1.17503
10.5, 9.56466, 1.17503
10.525, 9.52713, 1.17554
10.55, 9.49153, 1.18462
10.575, 9.45285, 1.22949
10.6, 9.41167, 1.24687
10.625, 9.38175, 1.24904
10.65, 9.35874, 1.24956
10.675, 9.32667, 1.25262
10.7, 9.29071, 1.25428
10.725, 9.25908, 1.29557
10.75, 9.23022, 1.31641
10.775, 9.217, 1.39733
10.8, 9.22374, 1.40219
10.825, 9.2376, 1.42903
10.85, 9.2468, 1.43018
10.875, 9.24848, 1.43529
10.9, 9.24975, 1.44233
10.925, 9.24531, 1.45715
10.95, 9.23321, 1.46418
10.975, 9.21301, 1.5451
11, 9.1912, 1.57029
11.025, 9.20031, 1.62001
11.05, 9.23425, 1.62078
11.075, 9.26785, 1.62091
11.1, 9.29951, 1.62103
11.125, 9.32495, 1.65951
11.15, 9.34397, 1.66654
11.175, 9.36239, 1.70988
11.2, 9.3869, 1.71844
11.225, 9.43302, 1.7311
11.25, 9.499, 1.73238
11.275, 9.57038, 1.73378
11.3, 9.64309, 1.73378
11.325, 9.71659, 1.73378
11.35, 9.79272, 1.73378
11.375, 9.86648, 1.73378
11.4, 9.93657, 1.73391
11.425, 10.0037, 1.73404
11.45, 10.0688, 1.73391
11.475, 10.1321, 1.73353
11.5, 10.1935, 1.72765
11.525, 10.2494, 1.72394
11.55, 10.297, 1.72381
11.575, 10.3442, 1.72407
11.6, 10.3964, 1.72407
11.625, 10.4479, 1.71422
11.65, 10.4971, 1.70745
11.675, 10.5534, 1.66028
11.7, 10.6182, 1.6342
11.725, 10.6692, 1.60084
11.75, 10.7016, 1.5754
11.775, 10.7233, 1.54318
11.8, 10.7391, 1.53539
11.825, 10.7557, 1.51033
11.85, 10.7706, 1.50586
11.875, 10.7879, 1.47313
11.9, 10.8096, 1.44309
11.925, 10.8289, 1.36384
11.95, 10.8467, 1.34211
11.975, 10.8584, 1.28675
12, 10.8619, 1.28292
12.025, 10.8443, 1.26515
12.05, 10.8077, 1.25914
12.075, 10.7711, 1.21606
12.1, 10.7289, 1.20763
12.125, 10.6872, 1.15215
12.15, 10.6521, 1.1363
12.175, 10.6079, 1.12479
12.2, 10.554, 1.12479
12.225, 10.5035, 1.12901
12.25, 10.4558, 1.12927
12.275, 10.3981, 1.12045
12.3, 10.3292, 1.11725
12.325, 10.2584, 1.09373
12.35, 10.1896, 1.09219
12.375, 10.1196, 1.08606
12.4, 10.0451, 1.08759
12.425, 9.97105, 1.10319
12.45, 9.89831, 1.12364
12.475, 9.84243, 1.12888
12.5, 9.80298, 1.1299
12.525, 9.75995, 1.1262
12.55, 9.71168, 1.12466
12.575, 9.66744, 1.12428
12.6, 9.6296, 1.12454
12.625, 9.58628, 1.15419
12.65, 9.53242, 1.1602
12.675, 9.47409, 1.20916
12.7, 9.41485, 1.22603
12.725, 9.37535, 1.24636
12.75, 9.35818, 1.24674
12.775, 9.34267, 1.25441
12.8, 9.32211, 1.25556
12.825, 9.29625, 1.28484
12.85, 9.27054, 1.29046
12.875, 9.25041, 1.32076
12.9, 9.23212, 1.32881
12.925, 9.21812, 1.35591
12.95, 9.20903, 1.36486
12.975, 9.2072, 1.36754
13, 9.21308, 1.37406
13.025, 9.21621, 1.41331
13.05, 9.22038, 1.42916
13.075, 9.23679, 1.46597
13.1, 9.26082, 1.46853
13.125, 9.28425, 1.47045
13.15, 9.30884, 1.47428
13.175, 9.3343, 1.47403
13.2, 9.35802, 1.47428
13.225, 9.36931, 1.50688
13.25, 9.36722, 1.52107
13.275, 9.36988, 1.5731
13.3, 9.38483, 1.5777
13.325, 9.42039, 1.57859
13.35, 9.47309, 1.57847
13.375, 9.5303, 1.57847
13.4, 9.59128, 1.57847
13.425, 9.6373, 1.57859
13.45, 9.66699, 1.57898
13.475, 9.68843, 1.57936
13.5, 9.70291, 1.58153
13.525, 9.71062, 1.61183
13.55, 9.71554, 1.61426
13.575, 9.74392, 1.61451
13.6, 9.79148, 1.61388
13.625, 9.84194, 1.61388
13.65, 9.89547, 1.61388
13.675, 9.94225, 1.614
13.7, 9.98083, 1.61426
13.725, 10.0116, 1.61451
13.75, 10.0357, 1.61451
13.775, 10.0579, 1.60979
13.8, 10.0786, 1.59585
13.825, 10.1081, 1.55316
13.85, 10.1473, 1.54932
13.875, 10.1866, 1.53079
13.9, 10.2256, 1.52938
13.925, 10.2561, 1.52938
13.95, 10.2777, 1.52733
13.975, 10.302, 1.49653
14, 10.3268, 1.47812
14.025, 10.3429, 1.44041
14.05, 10.3531, 1.42405
14.075, 10.3648, 1.38825
14.1, 10.3743, 1.38697
14.125, 10.3796, 1.35642
14.15, 10.3853, 1.35527
14.175, 10.3819, 1.33469
14.2, 10.367, 1.32319
14.225, 10.3489, 1.27538
14.25, 10.3299, 1.26707
14.275, 10.302, 1.25416
14.3, 10.2643, 1.25224
14.325, 10.2285, 1.2548
14.35, 10.1966, 1.25467
14.375, 10.1625, 1.24508
14.4, 10.1251, 1.24419
14.425, 10.0973, 1.19433
14.45, 10.0815, 1.18947
14.475, 10.0608, 1.1873
14.5, 10.0348, 1.18807
14.525, 10.0088, 1.20699
14.55, 9.98059, 1.21018
14.575, 9.95157, 1.21018
14.6, 9.91992, 1.21006
14.625, 9.88227, 1.19676
14.65, 9.84209, 1.19561
14.675, 9.80204, 1.18347
14.7, 9.76137, 1.18321
14.725, 9.72665, 1.18666
14.75, 9.69821, 1.18999
14.775, 9.67319, 1.20328
14.8, 9.65114, 1.20341
14.825, 9.62506, 1.20788
14.85, 9.59234, 1.20993
14.875, 9.55475, 1.21006
14.9, 9.51414, 1.21849
14.925, 9.46688, 1.26809
14.95, 9.41659, 1.28126
14.975, 9.3763, 1.33891
15, 9.34368, 1.3453
15.025, 9.32828, 1.34773
15.05, 9.32745, 1.34773
15.075, 9.32727, 1.3609
15.1, 9.32894, 1.36614
15.125, 9.3265, 1.40167
15.15, 9.31708, 1.41369
15.175, 9.29999, 1.48055
15.2, 9.28296, 1.49461
15.225, 9.28881, 1.49985
15.25, 9.31057, 1.50023
15.275, 9.32932, 1.5056
15.3, 9.34699, 1.50918
15.325, 9.36842, 1.52529
15.35, 9.39155, 1.5414
15.375, 9.412, 1.59304
15.4, 9.4338, 1.60186
15.425, 9.46174, 1.62679
15.45, 9.49182, 1.62781
15.475, 9.5293, 1.62845
15.5, 9.5766, 1.62845
15.525, 9.62582, 1.62819
15.55, 9.67679, 1.62832
15.575, 9.72699, 1.62832
15.6, 9.77645, 1.6287
15.625, 9.82469, 1.62947
15.65, 9.87161, 1.62947
15.675, 9.91762, 1.6287
15.7, 9.96224, 1.62282
15.725, 10.0014, 1.61324
15.75, 10.0343, 1.61132
15.775, 10.0607, 1.6117
15.8, 10.0846, 1.61324
15.825, 10.1088, 1.61362
15.85, 10.1302, 1.61362
15.875, 10.1637, 1.61324
15.9, 10.2112, 1.59687
15.925, 10.2634, 1.56901
15.95, 10.3185, 1.55022
15.975, 10.3652, 1.53321
16, 10.401, 1.52324
16.025, 10.4137, 1.51698
16.05, 10.4057, 1.51097
16.075, 10.4039, 1.46009
16.1, 10.4072, 1.44757
16.125, 10.4074, 1.39362
16.15, 10.4082, 1.38199
16.175, 10.4062, 1.37227
16.2, 10.3987, 1.36984
16.225, 10.399, 1.34479
16.25, 10.4043, 1.3384
16.275, 10.3953, 1.29327
16.3, 10.3711, 1.27755
16.325, 10.3339, 1.25889
16.35, 10.2884, 1.25569
16.375, 10.2472, 1.24048
16.4, 10.2093, 1.24048
16.425, 10.1679, 1.2415
16.45, 10.125, 1.2415
16.475, 10.0871, 1.22667
16.5, 10.0522, 1.21606
16.525, 10.018, 1.19267
16.55, 9.98742, 1.18308
16.575, 9.9623, 1.16301
16.6, 9.93879, 1.16276
16.625, 9.9077, 1.16531
16.65, 9.87258, 1.16698
16.675, 9.83869, 1.16928
16.7, 9.80378, 1.16915
16.725, 9.76862, 1.16391
16.75, 9.73421, 1.15918
16.775, 9.69781, 1.15803
16.8, 9.66046, 1.15918
16.825, 9.62008, 1.19996
16.85, 9.57452, 1.21248
16.875, 9.54367, 1.22463
16.9, 9.52765, 1.22655
16.925, 9.50215, 1.23409
16.95, 9.46581, 1.24112
16.975, 9.43517, 1.24316
17, 9.41195, 1.24495
17.025, 9.37499, 1.2888
17.05, 9.32314, 1.30529
17.075, 9.28442, 1.36869
17.1, 9.26357, 1.377
17.125, 9.2499, 1.39669
17.15, 9.23386, 1.3972
17.175, 9.21845, 1.40487
17.2, 9.21084, 1.41292
17.225, 9.20057, 1.45306
17.25, 9.18685, 1.47019
17.275, 9.18606, 1.5313
17.3, 9.20209, 1.53603
17.325, 9.24241, 1.53603
17.35, 9.3, 1.53615
17.375, 9.35445, 1.53615
17.4, 9.40952, 1.53628
17.425, 9.45274, 1.53705
17.45, 9.48107, 1.54715
17.475, 9.50734, 1.56824
17.5, 9.53432, 1.57706
17.525, 9.56779, 1.57898
17.55, 9.60822, 1.57898
17.575, 9.65184, 1.56734
17.6, 9.69698, 1.56134
17.625, 9.74212, 1.55916
17.65, 9.78787, 1.55904
17.675, 9.82829, 1.56696
17.7, 9.86154, 1.5676
17.725, 9.89113, 1.5676
17.75, 9.91666, 1.56734
17.775, 9.94267, 1.56313
17.8, 9.97532, 1.51839
17.825, 10.0095, 1.51711
17.85, 10.0316, 1.5111
17.875, 10.0479, 1.51033
17.9, 10.0647, 1.51059
17.925, 10.0784, 1.51046
17.95, 10.0922, 1.51059
17.975, 10.1061, 1.50956
18, 10.1315, 1.45728
18.025, 10.1681, 1.44578
18.05, 10.1843, 1.43811
18.075, 10.1817, 1.43338
18.1, 10.18, 1.43376
18.125, 10.1782, 1.43363
18.15, 10.1832, 1.39784
18.175, 10.195, 1.38416
18.2, 10.2082, 1.3113
18.225, 10.221, 1.30043
18.25, 10.2233, 1.27678
18.275, 10.219, 1.27001
18.3, 10.1966, 1.27014
18.325, 10.1522, 1.26962
18.35, 10.1108, 1.24994
18.375, 10.0713, 1.23511
18.4, 10.0226, 1.2066
18.425, 9.96772, 1.20405
18.45, 9.9316, 1.17835
18.475, 9.91885, 1.16736
18.5, 9.90023, 1.16519
18.525, 9.8727, 1.16442
18.55, 9.84769, 1.16442
18.575, 9.82158, 1.15931
18.6, 9.79253, 1.10945
18.625, 9.76049, 1.09283
18.65, 9.71319, 1.06714
18.675, 9.65472, 1.06778
18.7, 9.60287, 1.06867
18.725, 9.55651, 1.06982
18.75, 9.50894, 1.0844
18.775, 9.4581, 1.0844
18.8, 9.41185, 1.07558
18.825, 9.37316, 1.07161
18.85, 9.32889, 1.06254
18.875, 9.27509, 1.06445
18.9, 9.21644, 1.07775
18.925, 9.15542, 1.09411
18.95, 9.09566, 1.1386
18.975, 9.03971, 1.14435
19, 8.98886, 1.15662
19.025, 8.9379, 1.15764
19.05, 8.89363, 1.17234
19.075, 8.86156, 1.17784
19.1, 8.83251, 1.21875
19.125, 8.80307, 1.23728
19.15, 8.7767, 1.30235
19.175, 8.75653, 1.31066
19.2, 8.74476, 1.34696
19.225, 8.73638, 1.35987
19.25, 8.75202, 1.36281
19.275, 8.79037, 1.36307
19.3, 8.81999, 1.37445
19.325, 8.8432, 1.38416
19.35, 8.85744, 1.45485
19.375, 8.86651, 1.46291
19.4, 8.89895, 1.47697
19.425, 8.94601, 1.47799
19.45, 8.98623, 1.47799
19.475, 9.02262, 1.47799
19.5, 9.05601, 1.48438
19.525, 9.08883, 1.4895
19.55, 9.11342, 1.54395
19.575, 9.12593, 1.55801
19.6, 9.15183, 1.59253
19.625, 9.19574, 1.59381
19.65, 9.24646, 1.59393
19.675, 9.30001, 1.59406
19.7, 9.35186, 1.59457
19.725, 9.40478, 1.59457
19.75, 9.44639, 1.59636
19.775, 9.47561, 1.6016
19.8, 9.50152, 1.61298
19.825, 9.52951, 1.61451
19.85, 9.5689, 1.62078
19.875, 9.61301, 1.62078
19.9, 9.66231, 1.62065
19.925, 9.72065, 1.62065
19.95, 9.78273, 1.61822
19.975, 9.84649, 1.61758
20, 9.8988, 1.61745
20, 9.98007, 1.61707
20.025, 10.0446, 1.62103
20.05, 10.0998, 1.62346
20.075, 10.1471, 1.66041
20.1, 10.1844, 1.67664
20.125, 10.2545, 1.70847
20.15, 10.3278, 1.71001
20.175, 10.4082, 1.72662
20.2, 10.4917, 1.74299
20.225, 10.5761, 1.78824
20.25, 10.6582, 1.79361
20.275, 10.7535, 1.80524
20.3, 10.8419, 1.81508
20.325, 10.917, 1.84052
20.35, 10.989, 1.84679
20.375, 11.0682, 1.87657
20.4, 11.1516, 1.88219
20.425, 11.2383, 1.90073
20.45, 11.3184, 1.90878
20.475, 11.4133, 1.92208
20.5, 11.5205, 1.92284
20.525, 11.6302, 1.92988
20.55, 11.7335, 1.9387
20.575, 11.8334, 1.96247
20.6, 11.9187, 1.96362
20.625, 12.0069, 1.97832
20.65, 12.0999, 1.98408
20.675, 12.2136, 1.98587
20.7, 12.3229, 1.98599
20.725, 12.4391, 1.98625
20.75, 12.5593, 1.98625
20.775, 12.6839, 1.98625
20.8, 12.8041, 1.98625
20.825, 12.9191, 1.98625
20.85, 13.0212, 1.98612
20.875, 13.0753, 1.98612
20.9, 13.1107, 1.98612
20.925, 13.1312, 1.98625
20.95, 13.1467, 1.98625
20.975, 13.1784, 1.98638
21, 13.2185, 1.98638
21.025, 13.2834, 1.98676
21.05, 13.355, 1.98702
21.075, 13.4305, 1.98714
21.1, 13.5053, 1.98714
21.125, 13.5448, 1.98714
21.15, 13.5693, 1.98714
21.175, 13.5786, 1.98727
21.2, 13.5826, 1.98727
21.225, 13.5938, 1.9874
21.25, 13.6112, 1.98753
21.275, 13.656, 1.98804
21.3, 13.7096, 1.98829
21.325, 13.7683, 1.99648
21.35, 13.8235, 1.99763
21.375, 13.8724, 1.99788
21.4, 13.9174, 1.99801
21.425, 13.9567, 1.99801
21.45, 13.9926, 1.99801
21.475, 14.024, 1.99801
21.5, 14.0527, 1.99801
21.525, 14.0791, 1.99801
21.55, 14.1041, 1.99801
21.575, 14.1285, 1.99814
21.6, 14.152, 1.99814
21.625, 14.1754, 1.99814
21.65, 14.1984, 1.99814
21.675, 14.2216, 1.9989
21.7, 14.2439, 1.99942
21.725, 14.2659, 2.00287
21.75, 14.2871, 2.00645
21.775, 14.3017, 2.01642
21.8, 14.3127, 2.01667
21.825, 14.3357, 2.02
21.85, 14.3621, 2.02422
21.875, 14.3925, 2.0269
21.9, 14.4217, 2.02716
21.925, 14.4438, 2.02741
21.95, 14.4631, 2.02741
21.975, 14.484, 2.02754
22, 14.5037, 2.02754
22.025, 14.5004, 2.02741
22.05, 14.4887, 2.02754
22.075, 14.4711, 2.02754
22.1, 14.4526, 2.02754
22.125, 14.4518, 2.02754
22.15, 14.4628, 2.02754
22.175, 14.5073, 2.02741
22.2, 14.5619, 2.02741
22.225, 14.6237, 2.02728
22.25, 14.6855, 2.02716
22.275, 14.6943, 2.02677
22.3, 14.6815, 2.02677
22.325, 14.6435, 2.02652
22.35, 14.598, 2.02639
22.375, 14.5483, 2.02652
22.4, 14.5072, 2.02652
22.425, 14.5152, 2.02677
22.45, 14.5403, 2.0269
22.475, 14.578, 2.02677
22.5, 14.6192, 2.02677
22.525, 14.6415, 2.02664
22.55, 14.6537, 2.02664
22.575, 14.6467, 2.02639
22.6, 14.6327, 2.02639
22.625, 14.6145, 2.02652
22.65, 14.5961, 2.02652
22.675, 14.5798, 2.02639
22.7, 14.5651, 2.02652
22.725, 14.5526, 2.02652
22.75, 14.542, 2.02652
22.775, 14.5399, 2.02664
22.8, 14.5419, 2.02664
22.825, 14.553, 2.02664
22.85, 14.5676, 2.02664
22.875, 14.5845, 2.02664
22.9, 14.6013, 2.02664
22.925, 14.6162, 2.02652
22.95, 14.6301, 2.02652
22.975, 14.6436, 2.02626
23, 14.6566, 2.02626
23.025, 14.6693, 2.02639
23.05, 14.6823, 2.02639
23.075, 14.6974, 2.02639
23.1, 14.7127, 2.02639
23.125, 14.7283, 2.02639
23.15, 14.7435, 2.02639
23.175, 14.7491, 2.02639
23.2, 14.7509, 2.02626
23.225, 14.7461, 2.02639
23.25, 14.7391, 2.02639
23.275, 14.7359, 2.02639
23.3, 14.7386, 2.02639
23.325, 14.7653, 2.02626
23.35, 14.7997, 2.02613
23.375, 14.838, 2.02588
23.4, 14.8762, 2.02524
23.425, 14.8779, 2.02447
23.45, 14.8635, 2.02447
23.475, 14.824, 2.02076
23.5, 14.7795, 2.02051
23.525, 14.7313, 2.02038
23.55, 14.6809, 2.02038
23.575, 14.6791, 2.02089
23.6, 14.6969, 2.02102
23.625, 14.7272, 2.0214
23.65, 14.7607, 2.0214
23.675, 14.7767, 2.0214
23.7, 14.7822, 2.02128
23.725, 14.7629, 2.0214
23.75, 14.7354, 2.0214
23.775, 14.7037, 2.02153
23.8, 14.6714, 2.02153
23.825, 14.6546, 2.02179
23.85, 14.6446, 2.02191
23.875, 14.6437, 2.02473
23.9, 14.6458, 2.02588
23.925, 14.6484, 2.02818
23.95, 14.6494, 2.02869
23.975, 14.6396, 2.03073
24, 14.6262, 2.03086
24.025, 14.6132, 2.03368
24.05, 14.5998, 2.03687
24.075, 14.5984, 2.04032
24.1, 14.6046, 2.04173
24.125, 14.6153, 2.04416
24.15, 14.6268, 2.04441
24.175, 14.6428, 2.04582
24.2, 14.6609, 2.04595
24.225, 14.6769, 2.04607
24.25, 14.6913, 2.0462
24.275, 14.7056, 2.0462
24.3, 14.7199, 2.0462
24.325, 14.7258, 2.0462
24.35, 14.7279, 2.0462
24.375, 14.7247, 2.0462
24.4, 14.7197, 2.0462
24.425, 14.7141, 2.0462
24.45, 14.7085, 2.0462
24.475, 14.7275, 2.0462
24.5, 14.7553, 2.0462
24.525, 14.7889, 2.04633
24.55, 14.8235, 2.04633
24.575, 14.8381, 2.04633
24.6, 14.8412, 2.0462
24.625, 14.8191, 2.0462
24.65, 14.7889, 2.0462
24.675, 14.7535, 2.04633
24.7, 14.7177, 2.04633
24.725, 14.7222, 2.04633
24.75, 14.7429, 2.04633
24.775, 14.781, 2.04633
24.8, 14.8243, 2.04633
24.825, 14.8573, 2.0462
24.85, 14.8798, 2.0462
24.875, 14.8652, 2.0462
24.9, 14.8382, 2.0462
24.925, 14.8024, 2.0462
24.95, 14.7648, 2.0462
24.975, 14.7444, 2.0462
25, 14.7323, 2.0462
25.025, 14.7336, 2.0462
25.05, 14.7395, 2.0462
25.075, 14.7494, 2.0462
25.1, 14.7594, 2.0462
25.125, 14.7654, 2.0462
25.15, 14.77, 2.0462
25.175, 14.7733, 2.0462
25.2, 14.7761, 2.0462
25.225, 14.7725, 2.0462
25.25, 14.7662, 2.0462
25.275, 14.7568, 2.0462
25.3, 14.7467, 2.0462
25.325, 14.7382, 2.0462
25.35, 14.7309, 2.0462
25.375, 14.7409, 2.0462
25.4, 14.7567, 2.0462
25.425, 14.7768, 2.04607
25.45, 14.7978, 2.04607
25.475, 14.8102, 2.04556
25.5, 14.8176, 2.04544
25.525, 14.8138, 2.04531
25.55, 14.8064, 2.04518
25.575, 14.7974, 2.04441
25.6, 14.7883, 2.04416
25.625, 14.8097, 2.04032
25.65, 14.844, 2.03917
25.675, 14.8886, 2.03559
25.7, 14.9341, 2.03393
25.725, 14.963, 2.03189
25.75, 14.9799, 2.03086
25.775, 14.9592, 2.02997
25.8, 14.9258, 2.02997
25.825, 14.883, 2.0301
25.85, 14.8382, 2.0301
25.875, 14.8241, 2.03022
25.9, 14.8236, 2.03035
25.925, 14.8435, 2.03022
25.95, 14.8698, 2.03022
25.975, 14.9, 2.03022
26, 14.9225, 2.03022
26.025, 14.9017, 2.0301
26.05, 14.8668, 2.02997
26.075, 14.8225, 2.02997
26.1, 14.7763, 2.02997
26.125, 14.7486, 2.0301
26.15, 14.7306, 2.03022
26.175, 14.7329, 2.03035
26.2, 14.7421, 2.03035
26.225, 14.7572, 2.03048
26.25, 14.7738, 2.03048
26.275, 14.7743, 2.03048
26.3, 14.7689, 2.03048
26.325, 14.7585, 2.03061
26.35, 14.7465, 2.03073
26.375, 14.739, 2.03099
26.4, 14.7339, 2.03112
26.425, 14.7348, 2.03112
26.45, 14.7383, 2.03112
26.475, 14.7447, 2.03086
26.5, 14.7522, 2.03086
26.525, 14.7491, 2.03112
26.55, 14.7424, 2.03099
26.575, 14.7338, 2.03086
26.6, 14.7244, 2.03099
26.625, 14.7165, 2.03099
26.65, 14.7101, 2.03099
26.675, 14.7079, 2.03112
26.7, 14.7074, 2.03112
26.725, 14.71, 2.03112
26.75, 14.7134, 2.03112
26.775, 14.7214, 2.03112
26.8, 14.7314, 2.03112
26.825, 14.7436, 2.03125
26.85, 14.7561, 2.03125
26.875, 14.7688, 2.03125
26.9, 14.7788, 2.03137
26.925, 14.777, 2.03137
26.95, 14.7707, 2.0315
26.975, 14.761, 2.0315
27, 14.7507, 2.0315
27.025, 14.7655, 2.03163
27.05, 14.7914, 2.03163
27.075, 14.8351, 2.03163
27.1, 14.8838, 2.03176
27.125, 14.9326, 2.03163
27.15, 14.9798, 2.03163
27.175, 14.9564, 2.03137
27.2, 14.9076, 2.03137
27.225, 14.8416, 2.03137
27.25, 14.7716, 2.03125
27.275, 14.7198, 2.0315
27.3, 14.6809, 2.0315
27.325, 14.6792, 2.03163
27.35, 14.6903, 2.03163
27.375, 14.7129, 2.0315
27.4, 14.7385, 2.0315
27.425, 14.7501, 2.0315
27.45, 14.7555, 2.0315
27.475, 14.7527, 2.0315
27.5, 14.747, 2.0315
27.525, 14.7387, 2.0315
27.55, 14.7296, 2.03163
27.575, 14.7201, 2.03163
27.6, 14.7109, 2.03163
27.625, 14.7035, 2.03176
27.65, 14.697, 2.03176
27.675, 14.6893, 2.03316
27.7, 14.6812, 2.03419
27.725, 14.6741, 2.03866
27.75, 14.6683, 2.03994
27.775, 14.6667, 2.04416
27.8, 14.666, 2.04467
27.825, 14.6836, 2.04607
27.85, 14.7045, 2.04761
27.875, 14.7282, 2.04786
27.9, 14.7547, 2.04799
27.925, 14.779, 2.04799
27.95, 14.8004, 2.04799
27.975, 14.8218, 2.04799
28, 14.8427, 2.04799
28.025, 14.8611, 2.04799
28.05, 14.8778, 2.04799
28.075, 14.8674, 2.04799
28.1, 14.8475, 2.04799
28.125, 14.82, 2.04799
28.15, 14.7913, 2.04799
28.175, 14.783, 2.04799
28.2, 14.7854, 2.04799
28.225, 14.8126, 2.04812
28.25, 14.8472, 2.04812
28.275, 14.8867, 2.04799
28.3, 14.9268, 2.04799
28.325, 14.9169, 2.04799
28.35, 14.8876, 2.04799
28.375, 14.8394, 2.04799
28.4, 14.7861, 2.04799
28.425, 14.7395, 2.04812
28.45, 14.7039, 2.04812
28.475, 14.7151, 2.04825
28.5, 14.7423, 2.04838
28.525, 14.7819, 2.04825
28.55, 14.8241, 2.04825
28.575, 14.8402, 2.04825
28.6, 14.8442, 2.04825
28.625, 14.8315, 2.04825
28.65, 14.8136, 2.04825
28.675, 14.7927, 2.04825
28.7, 14.7745, 2.04825
28.725, 14.7718, 2.04825
28.75, 14.7744, 2.04825
28.775, 14.783, 2.04825
28.8, 14.7938, 2.04825
28.825, 14.804, 2.04812
28.85, 14.8132, 2.04812
28.875, 14.8192, 2.04812
28.9, 14.8241, 2.04812
28.925, 14.8295, 2.04799
28.95, 14.8349, 2.04774
28.975, 14.8397, 2.04633
29, 14.8448, 2.04607
29.025, 14.8511, 2.04173
29.05, 14.8551, 2.0416
29.075, 14.859, 2.03866
29.1, 14.8674, 2.03853
29.125, 14.8728, 2.02664
29.15, 14.8754, 2.02613
29.175, 14.8691, 2.02447
29.2, 14.8681, 2.02447
29.225, 14.8524, 2.02447
29.25, 14.8285, 2.02434
29.275, 14.8095, 2.02383
29.3, 14.7936, 2.02358
29.325, 14.7829, 2.0223
29.35, 14.7769, 2.02191
29.375, 14.7872, 2.01591
29.4, 14.8035, 2.01348
29.425, 14.8142, 2.00773
29.45, 14.8254, 2.00619
29.475, 14.8159, 1.99942
29.5, 14.793, 1.99878
29.525, 14.7425, 1.99852
29.55, 14.6855, 1.99852
29.575, 14.641, 1.99865
29.6, 14.6089, 1.99865
29.625, 14.6155, 1.9989
29.65, 14.6359, 1.9989
29.675, 14.6693, 1.99916
29.7, 14.7062, 1.99916
29.725, 14.7132, 1.99929
29.75, 14.7055, 1.99929
29.775, 14.6685, 2.00006
29.8, 14.6227, 2.00069
29.825, 14.5724, 2.00172
29.85, 14.5229, 2.0053
29.875, 14.5083, 2.00632
29.9, 14.5061, 2.00683
29.925, 14.5128, 2.00721
29.95, 14.5234, 2.00734
29.975, 14.5369, 2.00734
30, 14.5499, 2.00747
30, 14.5581, 2.00824
30.025, 14.5649, 2.02102
30.05, 14.5685, 2.0609
30.075, 14.5821, 2.07266
30.1, 14.5949, 2.10884
30.125, 14.6062, 2.12201
30.15, 14.6216, 2.1633
30.175, 14.6416, 2.17506
30.2, 14.6734, 2.20957
30.225, 14.7026, 2.21878
30.25, 14.7384, 2.25968
30.275, 14.7785, 2.26876
30.3, 14.8455, 2.29458
30.325, 14.9139, 2.30276
30.35, 14.9865, 2.32846
30.375, 15.0565, 2.33664
30.4, 15.1335, 2.36054
30.425, 15.2126, 2.3631
30.45, 15.2904, 2.3925
30.475, 15.368, 2.39774
30.5, 15.4684, 2.42714
30.525, 15.5599, 2.43225
30.55, 15.6586, 2.4467
30.575, 15.7621, 2.4536
30.6, 15.8528, 2.46319
30.625, 15.939, 2.46396
30.65, 16.0084, 2.48275
30.675, 16.0607, 2.49221
30.7, 16.1075, 2.52135
30.725, 16.1538, 2.53132
30.75, 16.2628, 2.55139
30.775, 16.3864, 2.55293
30.8, 16.5198, 2.55306
30.825, 16.6494, 2.55318
30.85, 16.7572, 2.55369
30.875, 16.8464, 2.55382
30.9, 16.8852, 2.56021
30.925, 16.9053, 2.57428
30.95, 16.9107, 2.61582
30.975, 16.9161, 2.62055
31, 16.9685, 2.64663
31.025, 17.0386, 2.64893
31.05, 17.1506, 2.65443
31.075, 17.2734, 2.65941
31.1, 17.3915, 2.66171
31.125, 17.4982, 2.6621
31.15, 17.5703, 2.66222
31.175, 17.6287, 2.66235
31.2, 17.6758, 2.66286
31.225, 17.7172, 2.6644
31.25, 17.7659, 2.66989
31.275, 17.8209, 2.67053
31.3, 17.8845, 2.67884
31.325, 17.9452, 2.68012
31.35, 18.0153, 2.68217
31.375, 18.0884, 2.68268
31.4, 18.1694, 2.68332
31.425, 18.2506, 2.68357
31.45, 18.3307, 2.68805
31.475, 18.4081, 2.68843
31.5, 18.4763, 2.6892
31.525, 18.538, 2.68932
31.55, 18.5902, 2.68932
31.575, 18.6373, 2.68932
31.6, 18.6789, 2.68932
31.625, 18.7174, 2.68945
31.65, 18.7637, 2.69073
31.675, 18.8119, 2.69099
31.7, 18.8604, 2.69252
31.725, 18.9079, 2.69802
31.75, 18.9424, 2.70415
31.775, 18.9744, 2.70428
31.8, 18.978, 2.70492
31.825, 18.9726, 2.70518
31.85, 18.9617, 2.72767
31.875, 18.9451, 2.73036
31.9, 18.9755, 2.7356
31.925, 19.0293, 2.73918
31.95, 19.1176, 2.74058
31.975, 19.2088, 2.74058
32, 19.2806, 2.74084
32.025, 19.336, 2.74084
32.05, 19.3393, 2.74084
32.075, 19.3231, 2.74084
32.1, 19.2902, 2.7411
32.125, 19.2536, 2.74135
32.15, 19.25, 2.74199
32.175, 19.2613, 2.74212
32.2, 19.3002, 2.74506
32.225, 19.3483, 2.74519
32.25, 19.4009, 2.74531
32.275, 19.4479, 2.74531
32.3, 19.4638, 2.74531
32.325, 19.4681, 2.74531
32.35, 19.4598, 2.74544
32.375, 19.4478, 2.74544
32.4, 19.4523, 2.74544
32.425, 19.4649, 2.74557
32.45, 19.4947, 2.74583
32.475, 19.5298, 2.74595
32.5, 19.57, 2.74595
32.525, 19.6109, 2.74595
32.55, 19.641, 2.74595
32.575, 19.6661, 2.74595
32.6, 19.6864, 2.74595
32.625, 19.7043, 2.74595
32.65, 19.7237, 2.74595
32.675, 19.7438, 2.74595
32.7, 19.7664, 2.74595
32.725, 19.7894, 2.74595
32.75, 19.8121, 2.74595
32.775, 19.8343, 2.74595
32.8, 19.8409, 2.74595
32.825, 19.8408, 2.74595
32.85, 19.8344, 2.74595
32.875, 19.8256, 2.74595
32.9, 19.8182, 2.74595
32.925, 19.8125, 2.74595
32.95, 19.8156, 2.74595
32.975, 19.8223, 2.74595
33, 19.8327, 2.74595
33.025, 19.8438, 2.74595
33.05, 19.8712, 2.74595
33.075, 19.9051, 2.74583
33.1, 19.9494, 2.74583
33.125, 19.996, 2.74583
33.15, 20.0424, 2.7457
33.175, 20.0787, 2.7457
33.2, 20.0671, 2.74442
33.225, 20.0393, 2.74352
33.25, 19.997, 2.74327
33.275, 19.951, 2.74327
33.3, 19.9335, 2.74327
33.325, 19.9307, 2.74327
33.35, 19.9562, 2.74327
33.375, 19.9909, 2.74327
33.4, 20.034, 2.73918
33.425, 20.0797, 2.73752
33.45, 20.0762, 2.73509
33.475, 20.0544, 2.73509
33.5, 20.0173, 2.73458
33.525, 19.9762, 2.73458
33.55, 19.949, 2.7347
33.575, 19.9319, 2.7347
33.6, 19.944, 2.73458
33.625, 19.9661, 2.73458
33.65, 19.9966, 2.73253
33.675, 20.0288, 2.73202
33.7, 20.0372, 2.72346
33.725, 20.0408, 2.72167
33.75, 20.0253, 2.7163
33.775, 20.0041, 2.7163
33.8, 19.9828, 2.71591
33.825, 19.9625, 2.71591
33.85, 19.9522, 2.71579
33.875, 19.946, 2.71566
33.9, 19.944, 2.7154
33.925, 19.9433, 2.71527
33.95, 19.9419, 2.71502
33.975, 19.94, 2.71502
34, 19.9373, 2.7131
34.025, 19.9349, 2.70888
34.05, 19.9276, 2.70633
34.075, 19.9167, 2.70594
34.1, 19.8998, 2.70543
34.125, 19.881, 2.70556
34.15, 19.8592, 2.70556
34.175, 19.838, 2.70569
34.2, 19.8295, 2.70569
34.225, 19.8277, 2.70569
34.25, 19.8394, 2.70556
34.275, 19.8549, 2.70556
34.3, 19.8734, 2.70556
34.325, 19.8923, 2.70556
34.35, 19.879, 2.70543
34.375, 19.8536, 2.70543
34.4, 19.8157, 2.7039
34.425, 19.7754, 2.7039
34.45, 19.7554, 2.70377
34.475, 19.7491, 2.70377
34.5, 19.7798, 2.7039
34.525, 19.8228, 2.70377
34.55, 19.8757, 2.70339
34.575, 19.9299, 2.70287
34.6, 19.9331, 2.68677
34.625, 19.9096, 2.68664
34.65, 19.8463, 2.68626
34.675, 19.7782, 2.68626
34.7, 19.7135, 2.6869
34.725, 19.6561, 2.68715
34.75, 19.6443, 2.68753
34.775, 19.6502, 2.68741
34.8, 19.6691, 2.68753
34.825, 19.6915, 2.68741
34.85, 19.6989, 2.68753
34.875, 19.6992, 2.68753
34.9, 19.6877, 2.68741
34.925, 19.6721, 2.68741
34.95, 19.6529, 2.68753
34.975, 19.6339, 2.68753
35, 19.6195, 2.68792
35.025, 19.6072, 2.68792
35.05, 19.5989, 2.6883
35.075, 19.5922, 2.6883
35.1, 19.585, 2.68843
35.125, 19.5775, 2.68843
35.15, 19.5703, 2.6883
35.175, 19.5639, 2.68843
35.2, 19.5593, 2.68843
35.225, 19.5554, 2.6883
35.25, 19.5521, 2.6883
35.275, 19.5491, 2.6883
35.3, 19.5462, 2.68843
35.325, 19.5438, 2.68843
35.35, 19.5487, 2.6883
35.375, 19.5574, 2.6883
35.4, 19.5762, 2.6883
35.425, 19.5981, 2.6883
35.45, 19.6218, 2.68817
35.475, 19.6451, 2.68817
35.5, 19.6548, 2.68817
35.525, 19.6584, 2.68817
35.55, 19.6552, 2.68805
35.575, 19.649, 2.68805
35.6, 19.6445, 2.68817
35.625, 19.6453, 2.68817
35.65, 19.6728, 2.68792
35.675, 19.7088, 2.68805
35.7, 19.7486, 2.68753
35.725, 19.7878, 2.68702
35.75, 19.7816, 2.68536
35.775, 19.7546, 2.68472
35.8, 19.6935, 2.68459
35.825, 19.6235, 2.68485
35.85, 19.548, 2.68485
35.875, 19.4845, 2.68511
35.9, 19.4843, 2.68587
35.925, 19.507, 2.686
35.95, 19.5514, 2.68587
35.975, 19.6017, 2.68587
36, 19.6264, 2.68587
36.025, 19.6359, 2.68587
36.05, 19.6073, 2.68587
36.075, 19.5666, 2.68587
36.1, 19.5195, 2.68613
36.125, 19.4715, 2.68702
36.15, 19.4476, 2.69111
36.175, 19.4355, 2.69175
36.2, 19.4426, 2.69226
36.225, 19.4551, 2.69239
36.25, 19.4682, 2.69303
36.275, 19.4809, 2.69329
36.3, 19.4872, 2.69942
36.325, 19.4902, 2.70108
36.35, 19.4996, 2.70492
36.375, 19.5112, 2.70569
36.4, 19.5117, 2.70863
36.425, 19.5076, 2.70863
36.45, 19.5029, 2.70901
36.475, 19.4988, 2.70914
36.5, 19.4964, 2.7099
36.525, 19.4961, 2.71208
36.55, 19.5099, 2.71285
36.575, 19.5278, 2.71297
36.6, 19.5453, 2.714
36.625, 19.5629, 2.71451
36.65, 19.5828, 2.71476
36.675, 19.6012, 2.71476
36.7, 19.6152, 2.71502
36.725, 19.6284, 2.71502
36.75, 19.6404, 2.71527
36.775, 19.6516, 2.7154
36.8, 19.6806, 2.71604
36.825, 19.7154, 2.71617
36.85, 19.7535, 2.71847
36.875, 19.7914, 2.71911
36.9, 19.8043, 2.72
36.925, 19.8031, 2.72077
36.95, 19.7684, 2.72371
36.975, 19.7247, 2.72486
37, 19.6775, 2.72767
37.025, 19.6323, 2.73777
37.05, 19.6434, 2.74723
37.075, 19.6755, 2.74736
37.1, 19.7192, 2.7494
37.125, 19.7624, 2.74979
37.15, 19.7881, 2.74979
37.175, 19.8018, 2.74979
37.2, 19.7733, 2.74979
37.225, 19.7305, 2.74992
37.25, 19.6821, 2.75004
37.275, 19.6333, 2.75017
37.3, 19.6228, 2.75119
37.325, 19.6294, 2.75171
37.35, 19.6652, 2.7526
37.375, 19.709, 2.75286
37.4, 19.7514, 2.75286
37.425, 19.7874, 2.75286
37.45, 19.7952, 2.75286
37.475, 19.7927, 2.75286
37.5, 19.7808, 2.75286
37.525, 19.7666, 2.75286
37.55, 19.7608, 2.75286
37.575, 19.759, 2.75286
37.6, 19.7649, 2.75286
37.625, 19.7737, 2.75286
37.65, 19.7856, 2.75286
37.675, 19.7991, 2.75286
37.7, 19.8171, 2.75286
37.725, 19.8358, 2.75286
37.75, 19.8546, 2.75286
37.775, 19.8733, 2.75286
37.8, 19.8916, 2.75286
37.825, 19.9061, 2.7526
37.85, 19.9186, 2.7526
37.875, 19.9304, 2.7526
37.9, 19.9416, 2.7526
37.925, 19.9533, 2.7526
37.95, 19.966, 2.7526
37.975, 19.982, 2.7526
38, 19.9993, 2.7526
38.025, 20.0173, 2.7526
38.05, 20.0347, 2.7526
38.075, 20.0238, 2.75235
38.1, 20.0021, 2.75247
38.125, 19.9684, 2.75247
38.15, 19.9313, 2.75247
38.175, 19.9081, 2.75247
38.2, 19.8967, 2.75247
38.225, 19.9241, 2.75235
38.25, 19.9645, 2.75235
38.275, 20.0148, 2.75235
38.3, 20.067, 2.75247
38.325, 20.0718, 2.75171
38.35, 20.0559, 2.75171
38.375, 20.013, 2.75171
38.4, 19.9621, 2.75171
38.425, 19.9143, 2.75171
38.45, 19.878, 2.75171
38.475, 19.8968, 2.75183
38.5, 19.9344, 2.75183
38.525, 19.9881, 2.75183
38.55, 20.0455, 2.75183
38.575, 20.0747, 2.75171
38.6, 20.0884, 2.75158
38.625, 20.0729, 2.75132
38.65, 20.0475, 2.75119
38.675, 20.0147, 2.75119
38.7, 19.9804, 2.75119
38.725, 19.969, 2.75107
38.75, 19.9667, 2.75107
38.775, 19.9744, 2.75094
38.8, 19.9857, 2.75107
38.825, 19.9955, 2.75094
38.85, 20.0034, 2.75081
38.875, 20.0047, 2.7503
38.9, 20.0036, 2.75004
38.925, 20.0057, 2.7411
38.95, 20.0085, 2.74058
38.975, 20.0026, 2.74046
39, 19.9927, 2.74046
39.025, 19.9821, 2.74033
39.05, 19.9725, 2.74033
39.075, 19.9676, 2.74046
39.1, 19.965, 2.74046
39.125, 19.968, 2.74058
39.15, 19.9728, 2.74046
39.175, 19.9798, 2.74046
39.2, 19.9871, 2.74046
39.225, 19.9915, 2.74046
39.25, 19.9948, 2.74046
39.275, 19.9962, 2.74033
39.3, 19.9965, 2.74007
39.325, 19.9952, 2.74007
39.35, 19.9986, 2.74007
39.375, 20.0289, 2.73892
39.4, 20.0675, 2.73854
39.425, 20.1098, 2.73291
39.45, 20.1529, 2.7264
39.475, 20.1582, 2.70914
39.5, 20.1401, 2.7085
39.525, 20.0838, 2.70837
39.55, 20.021, 2.70837
39.575, 19.9498, 2.70888
39.6, 19.8777, 2.70888
39.625, 19.8646, 2.70952
39.65, 19.8739, 2.70965
39.675, 19.9015, 2.70965
39.7, 19.9348, 2.70952
39.725, 19.9414, 2.70952
39.75, 19.9324, 2.70939
39.775, 19.8855, 2.70939
39.8, 19.827, 2.70939
39.825, 19.761, 2.70939
39.85, 19.6947, 2.70978
39.875, 19.6646, 2.71272
39.9, 19.6509, 2.71285
39.925, 19.6568, 2.7131
39.95, 19.67, 2.7131
39.975, 19.6894, 2.7131
40, 19.7085, 2.7131
40, 19.718, 2.71323
40.025, 19.7241, 2.71873
40.05, 19.7194, 2.74659
40.075, 19.719, 2.75605
40.1, 19.7126, 2.79274
40.125, 19.6985, 2.81511
40.15, 19.7029, 2.87992
40.175, 19.7297, 2.8927
40.2, 19.7733, 2.93706
40.225, 19.8098, 2.94499
40.25, 19.8389, 2.98845
40.275, 19.8702, 3.00315
40.3, 19.9216, 3.05952
40.325, 19.9805, 3.06924
40.35, 20.0628, 3.09212
40.375, 20.144, 3.10363
40.4, 20.2396, 3.11922
40.425, 20.3445, 3.12088
40.45, 20.4217, 3.16639
40.475, 20.4892, 3.17764
40.5, 20.5967, 3.20653
40.525, 20.7038, 3.21254
40.55, 20.8221, 3.22571
40.575, 20.9373, 3.23632
40.6, 21.0354, 3.25191
40.625, 21.1173, 3.25357
40.65, 21.179, 3.28195
40.675, 21.2354, 3.2909
40.7, 21.2956, 3.33181
40.725, 21.3534, 3.33692
40.75, 21.4736, 3.34957
40.775, 21.6154, 3.34983
40.8, 21.7878, 3.34983
40.825, 21.9682, 3.34983
40.85, 22.1308, 3.34996
40.875, 22.2743, 3.34983
40.9, 22.3689, 3.34983
40.925, 22.4434, 3.34996
40.95, 22.4988, 3.35124
40.975, 22.5463, 3.35213
41, 22.6237, 3.38025
41.025, 22.7163, 3.38128
41.05, 22.8491, 3.38268
41.075, 22.9854, 3.38294
41.1, 23.1264, 3.38319
41.125, 23.254, 3.38319
41.15, 23.3182, 3.38319
41.175, 23.358, 3.38319
41.2, 23.3781, 3.38319
41.225, 23.3904, 3.38319
41.25, 23.4233, 3.38319
41.275, 23.4657, 3.38319
41.3, 23.532, 3.38332
41.325, 23.6049, 3.38332
41.35, 23.6841, 3.38332
41.375, 23.7632, 3.38345
41.4, 23.8195, 3.38332
41.425, 23.8657, 3.38332
41.45, 23.9027, 3.38332
41.475, 23.9358, 3.38332
41.5, 23.9668, 3.38332
41.525, 23.9962, 3.38345
41.55, 24.0264, 3.38332
41.575, 24.0559, 3.38345
41.6, 24.085, 3.38332
41.625, 24.1134, 3.38332
41.65, 24.1409, 3.38345
41.675, 24.1672, 3.38345
41.7, 24.194, 3.38332
41.725, 24.2206, 3.38332
41.75, 24.2452, 3.38332
41.775, 24.2672, 3.38345
41.8, 24.2838, 3.38332
41.825, 24.2979, 3.38332
41.85, 24.3122, 3.38345
41.875, 24.3263, 3.38345
41.9, 24.3686, 3.38345
41.925, 24.4218, 3.38345
41.95, 24.4895, 3.38345
41.975, 24.56, 3.38345
42, 24.6314, 3.38332
42.025, 24.6892, 3.38319
42.05, 24.685, 3.38319
42.075, 24.6591, 3.38332
42.1, 24.6153, 3.38332
42.125, 24.567, 3.38332
42.15, 24.5546, 3.38332
42.175, 24.5605, 3.38332
42.2, 24.6021, 3.38332
42.225, 24.6553, 3.38332
42.25, 24.717, 3.38332
42.275, 24.7795, 3.38332
42.3, 24.7787, 3.38319
42.325, 24.7543, 3.38319
42.35, 24.7088, 3.38332
42.375, 24.6575, 3.38332
42.4, 24.6293, 3.38332
42.425, 24.6156, 3.38332
42.45, 24.6372, 3.38332
42.475, 24.6708, 3.38332
42.5, 24.7156, 3.38332
42.525, 24.7628, 3.38332
42.55, 24.7853, 3.38332
42.575, 24.797, 3.38319
42.6, 24.7963, 3.38332
42.625, 24.7918, 3.38332
42.65, 24.7844, 3.38332
42.675, 24.7771, 3.38319
42.7, 24.7744, 3.38332
42.725, 24.7736, 3.38332
42.75, 24.7755, 3.38345
42.775, 24.7782, 3.38345
42.8, 24.7807, 3.38345
42.825, 24.7827, 3.38345
42.85, 24.7849, 3.38345
42.875, 24.7871, 3.38345
42.9, 24.7888, 3.38345
42.925, 24.7911, 3.38345
42.95, 24.7964, 3.38345
42.975, 24.8024, 3.38332
43, 24.8096, 3.38332
43.025, 24.817, 3.38332
43.05, 24.8298, 3.38332
43.075, 24.8451, 3.38332
43.1, 24.8644, 3.38307
43.125, 24.8845, 3.38307
43.15, 24.9049, 3.38268
43.175, 24.925, 3.38243
43.2, 24.9164, 3.3823
43.225, 24.8968, 3.3823
43.25, 24.8675, 3.3823
43.275, 24.8361, 3.3823
43.3, 24.8259, 3.38243
43.325, 24.8296, 3.38243
43.35, 24.8744, 3.38243
43.375, 24.932, 3.38243
43.4, 24.996, 3.38243
43.425, 25.0599, 3.38243
43.45, 25.0471, 3.38192
43.475, 25.0044, 3.38192
43.5, 24.9313, 3.38179
43.525, 24.8499, 3.38192
43.55, 24.7755, 3.38217
43.575, 24.7163, 3.38217
43.6, 24.7202, 3.3823
43.625, 24.7463, 3.3823
43.65, 24.79, 3.3823
43.675, 24.838, 3.3823
43.7, 24.8575, 3.3823
43.725, 24.8634, 3.38217
43.75, 24.8455, 3.38192
43.775, 24.8203, 3.38204
43.8, 24.7911, 3.38204
43.825, 24.7654, 3.38204
43.85, 24.761, 3.38204
43.875, 24.7644, 3.38204
43.9, 24.7761, 3.38204
43.925, 24.7903, 3.38204
43.95, 24.7996, 3.38179
43.975, 24.8058, 3.38179
44, 24.8066, 3.38166
44.025, 24.8054, 3.38115
44.05, 24.8027, 3.38077
44.075, 24.7993, 3.38038
44.1, 24.8033, 3.37936
44.125, 24.8102, 3.37923
44.15, 24.8196, 3.37872
44.175, 24.8297, 3.37834
44.2, 24.8365, 3.37655
44.225, 24.841, 3.37642
44.25, 24.843, 3.37118
44.275, 24.8432, 3.36913
44.3, 24.8401, 3.35929
44.325, 24.841, 3.3575
44.35, 24.825, 3.35162
44.375, 24.8008, 3.35085
44.4, 24.7721, 3.3483
44.425, 24.7425, 3.34753
44.45, 24.7204, 3.34075
44.475, 24.7094, 3.34024
44.5, 24.7336, 3.33781
44.525, 24.77, 3.33411
44.55, 24.8107, 3.32401
44.575, 24.8501, 3.32158
44.6, 24.8523, 3.32132
44.625, 24.8385, 3.32132
44.65, 24.7868, 3.32145
44.675, 24.7237, 3.32145
44.7, 24.6557, 3.32209
44.725, 24.5974, 3.3226
44.75, 24.5871, 3.32375
44.775, 24.5948, 3.32375
44.8, 24.6184, 3.32375
44.825, 24.6469, 3.32375
44.85, 24.6453, 3.32375
44.875, 24.6285, 3.32375
44.9, 24.5826, 3.32388
44.925, 24.5283, 3.32401
44.95, 24.4692, 3.32708
44.975, 24.41, 3.32797
45, 24.3924, 3.33181
45.025, 24.3909, 3.33372
45.05, 24.4084, 3.33526
45.075, 24.4294, 3.33526
45.1, 24.4413, 3.33551
45.125, 24.4496, 3.33551
45.15, 24.4453, 3.3359
45.175, 24.4358, 3.33679
45.2, 24.4159, 3.34817
45.225, 24.3922, 3.34957
45.25, 24.381, 3.36146
45.275, 24.3759, 3.36159
45.3, 24.3868, 3.3644
45.325, 24.4028, 3.36466
45.35, 24.4183, 3.37258
45.375, 24.4352, 3.37335
45.4, 24.4619, 3.37386
45.425, 24.4902, 3.37386
45.45, 24.5167, 3.37399
45.475, 24.5417, 3.37399
45.5, 24.5556, 3.37412
45.525, 24.5641, 3.37412
45.55, 24.5658, 3.37412
45.575, 24.5652, 3.37412
45.6, 24.5641, 3.37425
45.625, 24.5629, 3.37425
45.65, 24.5871, 3.37425
45.675, 24.6196, 3.37425
45.7, 24.6582, 3.37425
45.725, 24.6973, 3.37425
45.75, 24.7132, 3.37425
45.775, 24.7162, 3.37425
45.8, 24.6879, 3.37425
45.825, 24.6496, 3.37425
45.85, 24.6071, 3.37425
45.875, 24.5644, 3.37425
45.9, 24.5788, 3.37463
45.925, 24.6154, 3.37463
45.95, 24.6752, 3.37476
45.975, 24.7405, 3.37476
46, 24.7842, 3.37476
46.025, 24.8119, 3.37476
46.05, 24.7935, 3.37489
46.075, 24.7595, 3.37489
46.1, 24.7146, 3.37565
46.125, 24.6677, 3.38192
46.15, 24.6549, 3.40441
46.175, 24.6627, 3.40454
46.2, 24.7159, 3.40531
46.225, 24.7779, 3.40531
46.25, 24.8324, 3.40531
46.275, 24.8775, 3.40531
46.3, 24.8822, 3.40518
46.325, 24.8719, 3.40518
46.35, 24.8464, 3.40518
46.375, 24.8173, 3.40531
46.4, 24.8025, 3.40518
46.425, 24.7948, 3.40518
46.45, 24.8014, 3.40505
46.475, 24.8136, 3.40505
46.5, 24.8304, 3.40505
46.525, 24.8472, 3.40505
46.55, 24.8581, 3.4048
46.575, 24.8666, 3.40454
46.6, 24.872, 3.40416
46.625, 24.8763, 3.40416
46.65, 24.8804, 3.40416
46.675, 24.8847, 3.40416
46.7, 24.8896, 3.40352
46.725, 24.8945, 3.40326
46.75, 24.9006, 3.39917
46.775, 24.9069, 3.39815
46.8, 24.9243, 3.3869
46.825, 24.9431, 3.38307
46.85, 24.9631, 3.36683
46.875, 24.9859, 3.36108
46.9, 24.9861, 3.35354
46.925, 24.9757, 3.35277
46.95, 24.9727, 3.35073
46.975, 24.9689, 3.34919
47, 24.9542, 3.33551
47.025, 24.9373, 3.33372
47.05, 24.9364, 3.33296
47.075, 24.943, 3.33257
47.1, 24.9594, 3.33257
47.125, 24.9787, 3.33245
47.15, 24.9969, 3.31698
47.175, 25.0082, 3.31532
47.2, 24.9554, 3.31417
47.225, 24.8864, 3.31404
47.25, 24.8017, 3.31417
47.275, 24.7126, 3.31429
47.3, 24.6709, 3.3148
47.325, 24.6532, 3.31506
47.35, 24.6745, 3.31544
47.375, 24.7083, 3.31557
47.4, 24.7517, 3.3157
47.425, 24.7855, 3.31557
47.45, 24.756, 3.31532
47.475, 24.7048, 3.31544
47.5, 24.6354, 3.3157
47.525, 24.5622, 3.31596
47.55, 24.5074, 3.31634
47.575, 24.4642, 3.31659
47.6, 24.4447, 3.32912
47.625, 24.4346, 3.3304
47.65, 24.4425, 3.33168
47.675, 24.4563, 3.33193
47.7, 24.4546, 3.33884
47.725, 24.4458, 3.34344
47.75, 24.4177, 3.35136
47.775, 24.3872, 3.35162
47.8, 24.3693, 3.36134
47.825, 24.3561, 3.36645
47.85, 24.3546, 3.37859
47.875, 24.3597, 3.38025
47.9, 24.3704, 3.38907
47.925, 24.3879, 3.38933
47.95, 24.4183, 3.39035
47.975, 24.4485, 3.39048
48, 24.4768, 3.39291
48.025, 24.5063, 3.39329
48.05, 24.5338, 3.39406
48.075, 24.5587, 3.39406
48.1, 24.5804, 3.39419
48.125, 24.6, 3.39419
48.15, 24.6178, 3.39419
48.175, 24.6348, 3.39419
48.2, 24.6611, 3.39432
48.225, 24.6904, 3.39432
48.25, 24.7238, 3.39432
48.275, 24.758, 3.39432
48.3, 24.7912, 3.39419
48.325, 24.8166, 3.39419
48.35, 24.8064, 3.39419
48.375, 24.7839, 3.39419
48.4, 24.7514, 3.39419
48.425, 24.7169, 3.39419
48.45, 24.7129, 3.39419
48.475, 24.7252, 3.39419
48.5, 24.7755, 3.39406
48.525, 24.8381, 3.39406
48.55, 24.9093, 3.39355
48.575, 24.9809, 3.39304
48.6, 24.9889, 3.37834
48.625, 24.9691, 3.37386
48.65, 24.9113, 3.37233
48.675, 24.8455, 3.37246
48.7, 24.8024, 3.37246
48.725, 24.771, 3.37246
48.75, 24.7664, 3.37246
48.775, 24.7729, 3.37233
48.8, 24.7915, 3.37233
48.825, 24.8129, 3.37233
48.85, 24.8097, 3.37233
48.875, 24.7968, 3.37233
48.9, 24.7735, 3.3722
48.925, 24.7476, 3.37233
48.95, 24.7247, 3.37258
48.975, 24.7079, 3.37258
49, 24.7176, 3.37284
49.025, 24.7363, 3.37271
49.05, 24.7626, 3.37258
49.075, 24.7906, 3.3722
49.1, 24.8012, 3.3722
49.125, 24.8039, 3.3722
49.15, 24.7953, 3.3722
49.175, 24.7831, 3.3722
49.2, 24.7665, 3.3722
49.225, 24.7491, 3.37233
49.25, 24.7535, 3.37258
49.275, 24.7656, 3.37258
49.3, 24.7834, 3.37258
49.325, 24.8027, 3.37258
49.35, 24.8145, 3.37258
49.375, 24.8217, 3.37258
49.4, 24.818, 3.37271
49.425, 24.8109, 3.37271
49.45, 24.8026, 3.37297
49.475, 24.7942, 3.37297
49.5, 24.7748, 3.37297
49.525, 24.7515, 3.37297
49.55, 24.7271, 3.37297
49.575, 24.703, 3.37297
49.6, 24.6902, 3.3731
49.625, 24.6866, 3.3731
49.65, 24.7109, 3.37335
49.675, 24.744, 3.37361
49.7, 24.7848, 3.37374
49.725, 24.8265, 3.37374
49.75, 24.8262, 3.37374
49.775, 24.8083, 3.37374
49.8, 24.7674, 3.37386
49.825, 24.7197, 3.37386
49.85, 24.678, 3.37527
49.875, 24.6494, 3.37629
49.9, 24.6785, 3.38013
49.925, 24.7278, 3.38013
49.95, 24.7909, 3.38025
49.975, 24.855, 3.38025
50, 24.876, 3.38
50, 24.8765, 3.38
50.025, 24.842, 3.38716
50.05, 24.7966, 3.41145
50.075, 24.7522, 3.46424
50.1, 24.7052, 3.48303
50.125, 24.701, 3.54503
50.15, 24.7225, 3.5683
50.175, 24.7857, 3.60652
50.2, 24.8644, 3.62211
50.225, 24.9482, 3.66711
50.25, 25.0189, 3.67644
50.275, 25.0662, 3.6905
50.3, 25.0989, 3.70738
50.325, 25.1193, 3.76004
50.35, 25.151, 3.78113
50.375, 25.2022, 3.82
50.4, 25.2654, 3.83022
50.425, 25.3484, 3.87062
50.45, 25.4463, 3.88493
50.475, 25.5586, 3.899
50.5, 25.6557, 3.90142
50.525, 25.7505, 3.92597
50.55, 25.8395, 3.92712
50.575, 25.9372, 3.92776
50.6, 26.0357, 3.92776
50.625, 26.1424, 3.9284
50.65, 26.2488, 3.92852
50.675, 26.354, 3.92865
50.7, 26.456, 3.92878
50.725, 26.5599, 3.92891
50.75, 26.6619, 3.92891
50.775, 26.7693, 3.92929
50.8, 26.8754, 3.92929
50.825, 26.9814, 3.92968
50.85, 27.0837, 3.9298
50.875, 27.1686, 3.92993
50.9, 27.2434, 3.93006
50.925, 27.3041, 3.93031
50.95, 27.3577, 3.93031
50.975, 27.4075, 3.9307
51, 27.4544, 3.9307
51.025, 27.5369, 3.93185
51.05, 27.6304, 3.9321
51.075, 27.7329, 3.93351
51.1, 27.8358, 3.93351
51.125, 27.9021, 3.93351
51.15, 27.9466, 3.93351
51.175, 27.9437, 3.93377
51.2, 27.9243, 3.93389
51.225, 27.8775, 3.98554
51.25, 27.8178, 4.00152
51.275, 27.8529, 4.05521
51.3, 27.9322, 4.05623
51.325, 28.0563, 4.05636
51.35, 28.1776, 4.05648
51.375, 28.296, 4.05661
51.4, 28.4068, 4.05661
51.425, 28.4528, 4.05674
51.45, 28.475, 4.05687
51.475, 28.4835, 4.05712
51.5, 28.4862, 4.05712
51.525, 28.5214, 4.05763
51.55, 28.5701, 4.05751
51.575, 28.6451, 4.05763
51.6, 28.7268, 4.05763
51.625, 28.8116, 4.05776
51.65, 28.8911, 4.05776
51.675, 28.9466, 4.05789
51.7, 28.992, 4.05789
51.725, 29.0282, 4.05789
51.75, 29.0609, 4.05789
51.775, 29.0935, 4.05802
51.8, 29.1258, 4.05802
51.825, 29.1611, 4.05802
51.85, 29.1965, 4.05802
51.875, 29.2337, 4.05802
51.9, 29.2701, 4.05802
51.925, 29.3091, 4.05815
51.95, 29.348, 4.05802
51.975, 29.387, 4.05802
52, 29.4244, 4.05802
52.025, 29.459, 4.05789
52.05, 29.4918, 4.05789
52.075, 29.5203, 4.05789
52.1, 29.5466, 4.05789
52.125, 29.5702, 4.05789
52.15, 29.5921, 4.05802
52.175, 29.6244, 4.05802
52.2, 29.6599, 4.05789
52.225, 29.6996, 4.05789
52.25, 29.7395, 4.05789
52.275, 29.7643, 4.05789
52.3, 29.7759, 4.05789
52.325, 29.7447, 4.05789
52.35, 29.6998, 4.05789
52.375, 29.648, 4.05802
52.4, 29.5955, 4.05815
52.425, 29.6047, 4.05827
52.45, 29.6401, 4.05827
52.475, 29.7125, 4.05827
52.5, 29.7956, 4.05827
52.525, 29.872, 4.05815
52.55, 29.9304, 4.05802
52.575, 29.911, 4.05789
52.6, 29.8651, 4.05789
52.625, 29.7979, 4.05802
52.65, 29.7254, 4.05802
52.675, 29.6941, 4.05815
52.7, 29.6823, 4.05827
52.725, 29.7052, 4.0584
52.75, 29.7399, 4.05827
52.775, 29.7853, 4.05827
52.8, 29.8331, 4.05827
52.825, 29.8303, 4.05815
52.85, 29.8088, 4.05827
52.875, 29.7712, 4.05827
52.9, 29.7298, 4.05827
52.925, 29.7047, 4.05827
52.95, 29.6895, 4.05827
52.975, 29.6998, 4.0584
53, 29.7189, 4.0584
53.025, 29.7452, 4.05827
53.05, 29.7731, 4.05827
53.075, 29.7843, 4.05827
53.1, 29.7892, 4.05827
53.125, 29.7874, 4.0584
53.15, 29.7833, 4.0584
53.175, 29.7814, 4.0584
53.2, 29.7818, 4.0584
53.225, 29.7941, 4.0584
53.25, 29.8103, 4.0584
53.275, 29.8299, 4.0584
53.3, 29.8503, 4.0584
53.325, 29.8683, 4.05853
53.35, 29.8846, 4.05853
53.375, 29.8974, 4.0584
53.4, 29.9091, 4.0584
53.425, 29.9196, 4.0584
53.45, 29.9265, 4.0584
53.475, 29.9203, 4.0584
53.5, 29.9097, 4.0584
53.525, 29.8958, 4.0584
53.55, 29.8814, 4.0584
53.575, 29.8938, 4.0584
53.6, 29.9185, 4.0584
53.625, 29.9662, 4.0584
53.65, 30.0209, 4.05827
53.675, 30.0779, 4.05815
53.7, 30.1336, 4.05789
53.725, 30.0996, 4.05776
53.75, 30.0335, 4.05776
53.775, 29.9469, 4.05802
53.8, 29.8562, 4.05802
53.825, 29.8012, 4.05815
53.85, 29.7709, 4.05815
53.875, 29.8154, 4.0584
53.9, 29.8842, 4.0584
53.925, 29.9684, 4.0584
53.95, 30.0554, 4.05827
53.975, 30.0761, 4.05815
54, 30.0702, 4.05815
54.025, 30.035, 4.05815
54.05, 29.9908, 4.05815
54.075, 29.9461, 4.05815
54.1, 29.9077, 4.05815
54.125, 29.9021, 4.05815
54.15, 29.9086, 4.05815
54.175, 29.9258, 4.05815
54.2, 29.9462, 4.05815
54.225, 29.9428, 4.05815
54.25, 29.929, 4.05815
54.275, 29.9009, 4.05802
54.3, 29.8685, 4.05815
54.325, 29.8348, 4.05815
54.35, 29.8074, 4.05815
54.375, 29.8118, 4.05815
54.4, 29.8276, 4.05815
54.425, 29.8521, 4.05815
54.45, 29.8787, 4.05815
54.475, 29.9001, 4.05815
54.5, 29.9184, 4.05815
54.525, 29.9308, 4.05802
54.55, 29.9406, 4.05815
54.575, 29.9476, 4.05802
54.6, 29.9536, 4.05815
54.625, 29.9556, 4.05815
54.65, 29.9559, 4.05802
54.675, 29.9558, 4.05815
54.7, 29.9555, 4.05815
54.725, 29.9651, 4.05815
54.75, 29.9801, 4.05815
54.775, 30.0059, 4.05802
54.8, 30.0346, 4.05776
54.825, 30.0648, 4.05597
54.85, 30.0947, 4.05546
54.875, 30.0865, 4.0446
54.9, 30.0634, 4.0446
54.925, 30.0153, 4.0446
54.95, 29.9573, 4.0446
54.975, 29.9167, 4.04472
55, 29.8935, 4.04485
55.025, 29.9262, 4.04485
55.05, 29.9771, 4.04485
55.075, 30.0394, 4.04472
55.1, 30.1032, 4.04447
55.125, 30.11, 4.02299
55.15, 30.0936, 4.02044
55.175, 30.0419, 4.01456
55.2, 29.9857, 4.0143
55.225, 29.9223, 4.01417
55.25, 29.8679, 4.01417
55.275, 29.857, 4.0143
55.3, 29.8606, 4.0143
55.325, 29.8781, 4.01392
55.35, 29.901, 4.01353
55.375, 29.9076, 4.01085
55.4, 29.9046, 4.0074
55.425, 29.8873, 3.99947
55.45, 29.8668, 3.99896
55.475, 29.8328, 3.99896
55.5, 29.7933, 3.99896
55.525, 29.7768, 3.99934
55.55, 29.7689, 3.99947
55.575, 29.7668, 3.9996
55.6, 29.7668, 3.9996
55.625, 29.7641, 3.99973
55.65, 29.7582, 3.9996
55.675, 29.7421, 3.99985
55.7, 29.7227, 3.99998
55.725, 29.7015, 4.00024
55.75, 29.6801, 4.00024
55.775, 29.6636, 4.00343
55.8, 29.65, 4.00356
55.825, 29.6417, 4.00369
55.85, 29.6353, 4.00369
55.875, 29.6358, 4.00382
55.9, 29.641, 4.00395
55.925, 29.6634, 4.00395
55.95, 29.6911, 4.00395
55.975, 29.7216, 4.00382
56, 29.7517, 4.00369
56.025, 29.7341, 4.00356
56.05, 29.6967, 4.00356
56.075, 29.6314, 4.00356
56.1, 29.559, 4.00369
56.125, 29.4975, 4.00407
56.15, 29.4533, 4.00458
56.175, 29.4816, 4.01468
56.2, 29.5354, 4.01507
56.225, 29.6001, 4.01532
56.25, 29.6618, 4.01532
56.275, 29.6785, 4.01519
56.3, 29.6711, 4.01532
56.325, 29.613, 4.01532
56.35, 29.5403, 4.01532
56.375, 29.4584, 4.02734
56.4, 29.3747, 4.02874
56.425, 29.3536, 4.05482
56.45, 29.3578, 4.05585
56.475, 29.4235, 4.05623
56.5, 29.4965, 4.05623
56.525, 29.5439, 4.0561
56.55, 29.5806, 4.0561
56.575, 29.5798, 4.05597
56.6, 29.5639, 4.05597
56.625, 29.5414, 4.0561
56.65, 29.5183, 4.0561
56.675, 29.5258, 4.05623
56.7, 29.5455, 4.05623
56.725, 29.5785, 4.05623
56.75, 29.6149, 4.05623
56.775, 29.6446, 4.05623
56.8, 29.6676, 4.05623
56.825, 29.6694, 4.05623
56.85, 29.664, 4.05623
56.875, 29.6529, 4.05623
56.9, 29.6402, 4.05623
56.925, 29.6368, 4.05636
56.95, 29.6376, 4.05636
56.975, 29.6453, 4.05661
57, 29.6551, 4.05661
57.025, 29.6676, 4.05687
57.05, 29.683, 4.05712
57.075, 29.712, 4.05738
57.1, 29.7445, 4.05738
57.125, 29.7791, 4.05725
57.15, 29.8137, 4.05725
57.175, 29.8261, 4.05725
57.2, 29.8279, 4.05725
57.225, 29.809, 4.05725
57.25, 29.7839, 4.05725
57.275, 29.7554, 4.05738
57.3, 29.7269, 4.05751
57.325, 29.7434, 4.05776
57.35, 29.7761, 4.05789
57.375, 29.8227, 4.05789
57.4, 29.8725, 4.05789
57.425, 29.9011, 4.05789
57.45, 29.915, 4.05789
57.475, 29.8882, 4.05789
57.5, 29.8484, 4.05789
57.525, 29.8007, 4.05789
57.55, 29.7521, 4.05789
57.575, 29.7769, 4.05853
57.6, 29.8294, 4.05853
57.625, 29.9097, 4.05853
57.65, 29.9974, 4.05853
57.675, 30.0668, 4.0584
57.7, 30.1176, 4.05827
57.725, 30.1079, 4.05815
57.75, 30.0773, 4.05815
57.775, 30.0303, 4.05815
57.8, 29.979, 4.05827
57.825, 29.9562, 4.05827
57.85, 29.9462, 4.05827
57.875, 29.9559, 4.05815
57.9, 29.972, 4.05815
57.925, 29.9945, 4.05763
57.95, 30.0145, 4.05751
57.975, 30.0066, 4.05444
58, 29.9907, 4.05431
58.025, 29.9696, 4.05291
58.05, 29.9462, 4.05214
58.075, 29.9378, 4.04626
58.1, 29.94, 4.04613
58.125, 29.952, 4.03859
58.15, 29.9664, 4.03731
58.175, 29.9792, 4.03603
58.2, 29.9953, 4.03603
58.225, 29.9952, 4.0359
58.25, 29.9874, 4.03565
58.275, 29.9763, 4.02555
58.3, 29.9684, 4.02402
58.325, 29.953, 4.02402
58.35, 29.9338, 4.02402
58.375, 29.9011, 4.02402
58.4, 29.8662, 4.02414
58.425, 29.8354, 4.02414
58.45, 29.8065, 4.02414
58.475, 29.812, 4.02427
58.5, 29.8309, 4.02414
58.525, 29.8646, 4.02414
58.55, 29.9021, 4.02427
58.575, 29.9238, 4.02427
58.6, 29.9313, 4.02427
58.625, 29.89, 4.02427
58.65, 29.8333, 4.02427
58.675, 29.7639, 4.02427
58.7, 29.6922, 4.02478
58.725, 29.6826, 4.02913
58.75, 29.6982, 4.02938
58.775, 29.7524, 4.02977
58.8, 29.8194, 4.02977
58.825, 29.8818, 4.02926
58.85, 29.9281, 4.02926
58.875, 29.9076, 4.02926
58.9, 29.8645, 4.02926
58.925, 29.8021, 4.02938
58.95, 29.7351, 4.02938
58.975, 29.7022, 4.02951
59, 29.6859, 4.02964
59.025, 29.6991, 4.03066
59.05, 29.7224, 4.03066
59.075, 29.757, 4.03092
59.1, 29.7934, 4.03105
59.125, 29.8025, 4.03092
59.15, 29.8014, 4.03105
59.175, 29.791, 4.03105
59.2, 29.7779, 4.03105
59.225, 29.7676, 4.03117
59.25, 29.7599, 4.03117
59.275, 29.7597, 4.03117
59.3, 29.7616, 4.0313
59.325, 29.7653, 4.0313
59.35, 29.7695, 4.0313
59.375, 29.7613, 4.0313
59.4, 29.7484, 4.0313
59.425, 29.7288, 4.0313
59.45, 29.7075, 4.03143
59.475, 29.6901, 4.03143
59.5, 29.676, 4.03143
59.525, 29.6714, 4.03181
59.55, 29.6703, 4.03232
59.575, 29.6737, 4.03232
59.6, 29.6784, 4.03245
59.625, 29.6891, 4.03271
59.65, 29.7024, 4.03284
59.675, 29.7184, 4.03296
59.7, 29.7353, 4.03296
59.725, 29.7524, 4.03296
59.75, 29.7612, 4.03296
59.775, 29.7317, 4.03296
59.8, 29.6899, 4.03296
59.825, 29.6406, 4.0446
59.85, 29.5901, 4.05674
59.875, 29.5855, 4.05827
59.9, 29.5889, 4.05866
59.925, 29.6321, 4.05879
59.95, 29.6956, 4.05879
59.975, 29.7687, 4.05879
60, 29.8388, 4.05879
60, 29.8316, 4.05827
60.025, 29.7968, 4.05687
60.05, 29.7491, 4.01762
60.075, 29.6953, 3.99717
60.1, 29.6697, 3.93632
60.125, 29.6618, 3.92098
60.15, 29.6829, 3.86461
60.175, 29.7145, 3.8393
60.2, 29.7664, 3.73563
60.225, 29.8117, 3.69868
60.25, 29.7732, 3.61853
60.275, 29.7045, 3.59271
60.3, 29.5757, 3.55129
60.325, 29.4311, 3.54413
60.35, 29.3085, 3.50757
60.375, 29.1943, 3.49748
60.4, 29.0804, 3.46744
60.425, 28.9751, 3.45785
60.45, 28.8388, 3.44673
60.475, 28.6925, 3.43957
60.5, 28.5582, 3.43318
60.525, 28.4273, 3.43279
60.55, 28.2963, 3.42474
60.575, 28.1673, 3.4241
60.6, 28.0384, 3.42167
60.625, 27.9155, 3.41413
60.65, 27.7963, 3.40531
60.675, 27.6774, 3.39265
60.7, 27.553, 3.38128
60.725, 27.4333, 3.37527
60.75, 27.3243, 3.37514
60.775, 27.2218, 3.37501
60.8, 27.1378, 3.3621
60.825, 27.0616, 3.35788
60.85, 26.9785, 3.33922
60.875, 26.8962, 3.33679
60.9, 26.8046, 3.32784
60.925, 26.7198, 3.3226
60.95, 26.6211, 3.31084
60.975, 26.5264, 3.31084
61, 26.4571, 3.31033
61.025, 26.3983, 3.30765
61.05, 26.3586, 3.30752
61.075, 26.3278, 3.30739
61.1, 26.3263, 3.28489
61.125, 26.3287, 3.27441
61.15, 26.2521, 3.24335
61.175, 26.144, 3.24296
61.2, 26.0307, 3.24347
61.225, 25.9145, 3.24386
61.25, 25.7944, 3.24526
61.275, 25.6868, 3.24859
61.3, 25.6319, 3.25089
61.325, 25.5932, 3.25089
61.35, 25.5604, 3.25166
61.375, 25.5335, 3.25178
61.4, 25.481, 3.2537
61.425, 25.4172, 3.25485
61.45, 25.3336, 3.26521
61.475, 25.2445, 3.2661
61.5, 25.1501, 3.29256
61.525, 25.0597, 3.2955
61.55, 24.9953, 3.33014
61.575, 24.946, 3.33296
61.6, 24.9273, 3.33321
61.625, 24.9105, 3.33321
61.65, 24.8893, 3.33372
61.675, 24.8702, 3.33424
61.7, 24.846, 3.33564
61.725, 24.8198, 3.34024
61.75, 24.8073, 3.34421
61.775, 24.8058, 3.34421
61.8, 24.8025, 3.34421
61.825, 24.7954, 3.34421
61.85, 24.7926, 3.34446
61.875, 24.7926, 3.34446
61.9, 24.7955, 3.34459
61.925, 24.8003, 3.34472
61.95, 24.814, 3.3451
61.975, 24.8302, 3.3451
62, 24.8466, 3.3451
62.025, 24.8623, 3.3451
62.05, 24.8483, 3.34497
62.075, 24.8229, 3.34497
62.1, 24.785, 3.34497
62.125, 24.7444, 3.34497
62.15, 24.7156, 3.34625
62.175, 24.6977, 3.34689
62.2, 24.7176, 3.34906
62.225, 24.7494, 3.34919
62.25, 24.7879, 3.36006
62.275, 24.8285, 3.3607
62.3, 24.8154, 3.3607
62.325, 24.7796, 3.36082
62.35, 24.7241, 3.36082
62.375, 24.6652, 3.36082
62.4, 24.6064, 3.36402
62.425, 24.5606, 3.37565
62.45, 24.5701, 3.40109
62.475, 24.6058, 3.40122
62.5, 24.675, 3.40199
62.525, 24.751, 3.40211
62.55, 24.7713, 3.40186
62.575, 24.7656, 3.40186
62.6, 24.7109, 3.40199
62.625, 24.6395, 3.40199
62.65, 24.557, 3.40237
62.675, 24.4743, 3.40275
62.7, 24.4403, 3.42998
62.725, 24.4206, 3.44161
62.75, 24.4242, 3.44788
62.775, 24.4422, 3.44813
62.8, 24.4667, 3.459
62.825, 24.4873, 3.46398
62.85, 24.4919, 3.46552
62.875, 24.4837, 3.46577
62.9, 24.4755, 3.46935
62.925, 24.4714, 3.47306
62.95, 24.4816, 3.47421
62.975, 24.4913, 3.47434
63, 24.5052, 3.47434
63.025, 24.5232, 3.47434
63.05, 24.5425, 3.47459
63.075, 24.56, 3.47447
63.1, 24.5746, 3.47447
63.125, 24.5884, 3.47447
63.15, 24.6031, 3.47447
63.175, 24.6176, 3.47447
63.2, 24.6303, 3.47459
63.225, 24.6419, 3.47447
63.25, 24.6545, 3.47459
63.275, 24.6674, 3.47459
63.3, 24.6819, 3.47472
63.325, 24.7008, 3.47472
63.35, 24.742, 3.47472
63.375, 24.7897, 3.47472
63.4, 24.8436, 3.47459
63.425, 24.898, 3.47459
63.45, 24.9329, 3.47421
63.475, 24.9568, 3.47421
63.5, 24.9608, 3.47421
63.525, 24.9577, 3.47421
63.55, 24.9493, 3.47408
63.575, 24.9392, 3.47408
63.6, 24.9787, 3.47421
63.625, 25.0357, 3.47408
63.65, 25.1076, 3.47268
63.675, 25.1821, 3.46948
63.7, 25.2337, 3.44596
63.725, 25.2673, 3.44276
63.75, 25.2246, 3.4397
63.775, 25.1601, 3.43957
63.8, 25.0817, 3.44021
63.825, 25.0016, 3.44059
63.85, 24.9898, 3.44622
63.875, 25.0069, 3.44622
63.9, 25.0605, 3.44609
63.925, 25.1232, 3.44609
63.95, 25.1794, 3.44264
63.975, 25.2254, 3.43855
64, 25.2351, 3.41707
64.025, 25.2232, 3.41387
64.05, 25.1875, 3.40199
64.075, 25.1566, 3.40186
64.1, 25.144, 3.39764
64.125, 25.1346, 3.39764
64.15, 25.145, 3.39777
64.175, 25.1672, 3.39751
64.2, 25.1906, 3.397
64.225, 25.209, 3.39419
64.25, 25.2226, 3.36453
64.275, 25.2313, 3.36351
64.3, 25.2301, 3.36108
64.325, 25.227, 3.36057
64.35, 25.2106, 3.36031
64.375, 25.188, 3.36018
64.4, 25.1671, 3.36031
64.425, 25.1474, 3.36018
64.45, 25.1274, 3.36006
64.475, 25.108, 3.36006
64.5, 25.0918, 3.36031
64.525, 25.0774, 3.36057
64.55, 25.0635, 3.36044
64.575, 25.0502, 3.36044
64.6, 25.032, 3.3607
64.625, 25.011, 3.36082
64.65, 24.9791, 3.3607
64.675, 24.9443, 3.36082
64.7, 24.9083, 3.3607
64.725, 24.8733, 3.3607
64.75, 24.8712, 3.36146
64.775, 24.8827, 3.36134
64.8, 24.9106, 3.36172
64.825, 24.9426, 3.36172
64.85, 24.9589, 3.36185
64.875, 24.9609, 3.36185
64.9, 24.9143, 3.36197
64.925, 24.8521, 3.36223
64.95, 24.7799, 3.36491
64.975, 24.7043, 3.37182
65, 24.6807, 3.38064
65.025, 24.6827, 3.38102
65.05, 24.7154, 3.38256
65.075, 24.7563, 3.38294
65.1, 24.8047, 3.38319
65.125, 24.8413, 3.38319
65.15, 24.8043, 3.38307
65.175, 24.7434, 3.38319
65.2, 24.6669, 3.38319
65.225, 24.5882, 3.38383
65.25, 24.5315, 3.39879
65.275, 24.4873, 3.40071
65.3, 24.4726, 3.40096
65.325, 24.4667, 3.40096
65.35, 24.4853, 3.40147
65.375, 24.5131, 3.4016
65.4, 24.5241, 3.40199
65.425, 24.5307, 3.40224
65.45, 24.5353, 3.4039
65.475, 24.5382, 3.40544
65.5, 24.5462, 3.40659
65.525, 24.5575, 3.40672
65.55, 24.5718, 3.41298
65.575, 24.5875, 3.41413
65.6, 24.595, 3.43458
65.625, 24.5926, 3.43637
65.65, 24.6149, 3.44008
65.675, 24.6431, 3.44251
65.7, 24.6722, 3.44302
65.725, 24.7009, 3.44302
65.75, 24.7252, 3.44315
65.775, 24.7467, 3.44328
65.8, 24.7639, 3.44315
65.825, 24.7789, 3.44315
65.85, 24.7909, 3.44328
65.875, 24.802, 3.44328
65.9, 24.8255, 3.44328
65.925, 24.8531, 3.44328
65.95, 24.8864, 3.44328
65.975, 24.921, 3.44328
66, 24.9377, 3.44302
66.025, 24.9741, 3.44276
66.05, 25.0015, 3.44149
66.075, 24.9863, 3.43944
66.1, 24.9577, 3.43931
66.125, 24.9149, 3.43944
66.15, 24.8679, 3.43944
66.175, 24.8663, 3.43944
66.2, 24.8873, 3.43931
66.225, 24.9514, 3.43931
66.25, 25.0288, 3.43918
66.275, 25.1149, 3.43369
66.3, 25.2009, 3.41975
66.325, 25.1983, 3.4048
66.35, 25.159, 3.40365
66.375, 25.0822, 3.4039
66.4, 25.0056, 3.40429
66.425, 24.9577, 3.4048
66.45, 24.9233, 3.40659
66.475, 24.9217, 3.40876
66.5, 24.9346, 3.40991
66.525, 24.9603, 3.41017
66.55, 24.9871, 3.41145
66.575, 24.9897, 3.41145
66.6, 24.983, 3.4117
66.625, 24.9694, 3.41183
66.65, 24.9532, 3.41196
66.675, 24.9371, 3.41196
66.7, 24.9246, 3.4126
66.725, 24.9246, 3.41387
66.75, 24.9287, 3.41413
66.775, 24.9393, 3.41413
66.8, 24.9508, 3.41426
66.825, 24.9589, 3.41439
66.85, 24.9654, 3.41451
66.875, 24.97, 3.41451
66.9, 24.9739, 3.41451
66.925, 24.9784, 3.41464
66.95, 24.9814, 3.41464
66.975, 24.979, 3.41464
67, 24.9747, 3.41464
67.025, 24.9699, 3.41464
67.05, 24.965, 3.41477
67.075, 24.967, 3.41477
67.1, 24.9718, 3.41477
67.125, 24.9817, 3.41477
67.15, 24.9928, 3.41477
67.175, 25.0049, 3.41477
67.2, 25.0172, 3.41464
67.225, 24.9975, 3.41464
67.25, 24.9658, 3.41477
67.275, 24.9256, 3.41464
67.3, 24.8836, 3.41464
67.325, 24.8655, 3.41464
67.35, 24.8624, 3.41477
67.375, 24.9011, 3.41477
67.4, 24.9534, 3.41477
67.425, 25.0139, 3.41477
67.45, 25.075, 3.41451
67.475, 25.0734, 3.41439
67.5, 25.0464, 3.41439
67.525, 24.9872, 3.41439
67.55, 24.9194, 3.41439
67.575, 24.8575, 3.41439
67.6, 24.808, 3.41451
67.625, 24.8148, 3.41464
67.65, 24.8413, 3.41464
67.675, 24.8837, 3.41451
67.7, 24.9305, 3.41439
67.725, 24.9537, 3.41426
67.75, 24.9649, 3.4126
67.775, 24.9579, 3.41247
67.8, 24.9447, 3.41081
67.825, 24.9259, 3.41068
67.85, 24.912, 3.41055
67.875, 24.9224, 3.41055
67.9, 24.9401, 3.41017
67.925, 24.9641, 3.41017
67.95, 24.9896, 3.40978
67.975, 24.999, 3.40978
68, 24.9996, 3.40978
68.025, 24.9852, 3.40978
68.05, 24.9658, 3.40978
68.075, 24.944, 3.40991
68.1, 24.922, 3.40991
68.125, 24.9237, 3.41017
68.15, 24.935, 3.41017
68.175, 24.9549, 3.41029
68.2, 24.9774, 3.41017
68.225, 24.9986, 3.41004
68.25, 25.0179, 3.41004
68.275, 25.0317, 3.40966
68.3, 25.0429, 3.40966
68.325, 25.052, 3.40966
68.35, 25.0599, 3.40953
68.375, 25.0444, 3.40812
68.4, 25.02, 3.40697
68.425, 24.9851, 3.40659
68.45, 24.9476, 3.40633
68.475, 24.9211, 3.40646
68.5, 24.9057, 3.4062
68.525, 24.9307, 3.40608
68.55, 24.9694, 3.39419
68.575, 25.0235, 3.38959
68.6, 25.0793, 3.37028
68.625, 25.1019, 3.36351
68.65, 25.0988, 3.35903
68.675, 25.022, 3.35865
68.7, 24.93, 3.35942
68.725, 24.844, 3.35955
68.75, 24.7701, 3.36415
68.775, 24.7559, 3.36479
68.8, 24.7651, 3.36543
68.825, 24.7969, 3.36581
68.85, 24.8352, 3.36581
68.875, 24.8463, 3.36581
68.9, 24.8419, 3.36581
68.925, 24.7991, 3.36581
68.95, 24.7442, 3.36581
68.975, 24.6822, 3.36581
69, 24.6198, 3.36632
69.025, 24.5941, 3.37412
69.05, 24.5836, 3.3754
69.075, 24.6055, 3.37565
69.1, 24.6302, 3.37578
69.125, 24.6385, 3.37578
69.15, 24.6412, 3.37578
69.175, 24.6395, 3.37591
69.2, 24.6355, 3.37642
69.225, 24.6281, 3.37655
69.25, 24.6206, 3.37655
69.275, 24.6244, 3.37821
69.3, 24.6322, 3.37898
69.325, 24.6451, 3.37987
69.35, 24.6604, 3.38345
69.375, 24.6737, 3.38358
69.4, 24.6872, 3.38524
69.425, 24.7009, 3.38537
69.45, 24.7143, 3.38537
69.475, 24.7233, 3.38537
69.5, 24.7319, 3.38537
69.525, 24.7347, 3.38537
69.55, 24.7343, 3.38537
69.575, 24.7333, 3.38537
69.6, 24.7325, 3.38537
69.625, 24.7312, 3.38537
69.65, 24.7326, 3.38524
69.675, 24.7511, 3.38511
69.7, 24.775, 3.38511
69.725, 24.8022, 3.38498
69.75, 24.8294, 3.3846
69.775, 24.8318, 3.38281
69.8, 24.8219, 3.37361
69.825, 24.7913, 3.37361
69.85, 24.7501, 3.37374
69.875, 24.7069, 3.37399
69.9, 24.6648, 3.37412
69.925, 24.6738, 3.37412
69.95, 24.7032, 3.37437
69.975, 24.7516, 3.37437
70, 24.8044, 3.37425
70.025, 24.8248, 3.34433
70.05, 24.824, 3.29819
70.075, 24.7549, 3.2546
70.1, 24.6763, 3.22277
70.125, 24.5646, 3.1926
70.15, 24.4494, 3.16396
70.175, 24.3864, 3.14453
70.2, 24.3408, 3.09941
70.225, 24.3348, 3.07448
70.25, 24.3458, 3.02207
70.275, 24.3504, 3.00111
70.3, 24.3472, 2.95266
70.325, 24.2987, 2.92505
70.35, 24.2273, 2.88209
70.375, 24.1175, 2.86279
70.4, 24.0091, 2.84579
70.425, 23.8892, 2.82981
70.45, 23.7746, 2.81524
70.475, 23.6437, 2.79964
70.5, 23.5095, 2.78852
70.525, 23.3816, 2.76896
70.55, 23.2597, 2.75388
70.575, 23.1356, 2.75068
70.6, 23.0178, 2.73304
70.625, 22.9214, 2.71988
70.65, 22.8293, 2.70518
70.675, 22.7071, 2.68984
70.7, 22.5832, 2.68587
70.725, 22.4536, 2.6782
70.75, 22.3291, 2.66491
70.775, 22.2145, 2.66401
70.8, 22.0981, 2.66401
70.825, 21.9695, 2.6644
70.85, 21.8459, 2.66529
70.875, 21.731, 2.66529
70.9, 21.62, 2.66568
70.925, 21.5107, 2.66619
70.95, 21.4062, 2.6667
70.975, 21.3047, 2.6681
71, 21.2063, 2.66836
71.025, 21.1116, 2.66836
71.05, 21.0216, 2.66951
71.075, 20.959, 2.67028
71.1, 20.9098, 2.67053
71.125, 20.8739, 2.67181
71.15, 20.8437, 2.6736
71.175, 20.8075, 2.67386
71.2, 20.7603, 2.67386
71.225, 20.6635, 2.67386
71.25, 20.5526, 2.67641
71.275, 20.4314, 2.69035
71.3, 20.3103, 2.70978
71.325, 20.2292, 2.72
71.35, 20.17, 2.72691
71.375, 20.1493, 2.73125
71.4, 20.1373, 2.74122
71.425, 20.139, 2.74148
71.45, 20.1495, 2.74199
71.475, 20.1251, 2.74237
71.5, 20.0891, 2.74289
71.525, 20.0428, 2.74289
71.55, 19.9937, 2.74442
71.575, 19.9614, 2.74634
71.6, 19.9392, 2.7471
71.625, 19.9413, 2.74723
71.65, 19.9523, 2.74749
71.675, 19.9671, 2.74749
71.7, 19.9827, 2.74749
71.725, 19.983, 2.74749
71.75, 19.9777, 2.74749
71.775, 19.9659, 2.74749
71.8, 19.952, 2.74749
71.825, 19.9377, 2.74749
71.85, 19.9236, 2.74762
71.875, 19.9118, 2.74762
71.9, 19.9013, 2.74762
71.925, 19.8937, 2.74762
71.95, 19.8868, 2.74762
71.975, 19.8812, 2.74762
72, 19.8767, 2.74762
72.025, 19.8739, 2.74762
72.05, 19.8718, 2.74762
72.075, 19.8705, 2.74762
72.1, 19.8698, 2.74762
72.125, 19.8716, 2.74762
72.15, 19.8739, 2.74749
72.175, 19.8773, 2.74762
72.2, 19.8808, 2.74762
72.225, 19.8978, 2.74762
72.25, 19.9202, 2.74762
72.275, 19.9506, 2.74749
72.3, 19.983, 2.74749
72.325, 20.0159, 2.74749
72.35, 20.0405, 2.74723
72.375, 20.0228, 2.7471
72.4, 19.9912, 2.7471
72.425, 19.948, 2.7471
72.45, 19.902, 2.74723
72.475, 19.8844, 2.74723
72.5, 19.8815, 2.7471
72.525, 19.9066, 2.7471
72.55, 19.9411, 2.7471
72.575, 19.9825, 2.7471
72.6, 20.0246, 2.74199
72.625, 20.0058, 2.74148
72.65, 19.9662, 2.73879
72.675, 19.9102, 2.73879
72.7, 19.8494, 2.73892
72.725, 19.7949, 2.73892
72.75, 19.7503, 2.73918
72.775, 19.7528, 2.73918
72.8, 19.7711, 2.73931
72.825, 19.7994, 2.73943
72.85, 19.8304, 2.73943
72.875, 19.8476, 2.73931
72.9, 19.8581, 2.73905
72.925, 19.8568, 2.73892
72.95, 19.8517, 2.73675
72.975, 19.8453, 2.73637
73, 19.8394, 2.73637
73.025, 19.8385, 2.73624
73.05, 19.839, 2.73637
73.075, 19.8399, 2.73637
73.1, 19.8413, 2.73649
73.125, 19.8471, 2.73649
73.15, 19.8537, 2.73624
73.175, 19.861, 2.73624
73.2, 19.8682, 2.73624
73.225, 19.8755, 2.73624
73.25, 19.8807, 2.73637
73.275, 19.8777, 2.73624
73.3, 19.8721, 2.73637
73.325, 19.8644, 2.73649
73.35, 19.856, 2.73662
73.375, 19.8494, 2.73675
73.4, 19.8443, 2.73688
73.425, 19.843, 2.73688
73.45, 19.8429, 2.73688
73.475, 19.8453, 2.73688
73.5, 19.8488, 2.73688
73.525, 19.8361, 2.73675
73.55, 19.8173, 2.73688
73.575, 19.7938, 2.73688
73.6, 19.7693, 2.73701
73.625, 19.7577, 2.73701
73.65, 19.7542, 2.73726
73.675, 19.7722, 2.73739
73.7, 19.7975, 2.73739
73.725, 19.829, 2.73752
73.75, 19.8616, 2.73752
73.775, 19.8582, 2.73739
73.8, 19.8403, 2.73739
73.825, 19.8061, 2.73739
73.85, 19.7671, 2.73752
73.875, 19.7349, 2.73764
73.9, 19.7139, 2.7379
73.925, 19.7422, 2.73803
73.95, 19.787, 2.73803
73.975, 19.843, 2.73803
74, 19.9008, 2.73777
74.025, 19.9188, 2.73764
74.05, 19.9186, 2.73752
74.075, 19.8873, 2.73764
74.1, 19.8465, 2.73764
74.125, 19.8016, 2.73777
74.15, 19.7568, 2.7379
74.175, 19.7548, 2.73803
74.2, 19.7688, 2.73816
74.225, 19.7952, 2.73816
74.25, 19.8253, 2.73803
74.275, 19.8436, 2.7379
74.3, 19.8547, 2.73803
74.325, 19.8484, 2.7379
74.35, 19.8365, 2.73803
74.375, 19.8209, 2.73803
74.4, 19.8048, 2.7379
74.425, 19.7997, 2.7379
74.45, 19.7998, 2.7379
74.475, 19.8054, 2.7379
74.5, 19.8132, 2.73777
74.525, 19.8238, 2.73764
74.55, 19.8348, 2.73739
74.575, 19.8449, 2.73662
74.6, 19.8544, 2.7356
74.625, 19.8631, 2.73496
74.65, 19.872, 2.73394
74.675, 19.8737, 2.7333
74.7, 19.8716, 2.72857
74.725, 19.8702, 2.7255
74.75, 19.867, 2.72384
74.775, 19.8614, 2.72358
74.8, 19.8555, 2.72167
74.825, 19.8568, 2.72115
74.85, 19.8604, 2.72103
74.875, 19.8616, 2.72103
74.9, 19.8634, 2.72077
74.925, 19.8433, 2.72064
74.95, 19.8135, 2.72064
74.975, 19.769, 2.72064
75, 19.7206, 2.72115
75.025, 19.6713, 2.72141
75.05, 19.6235, 2.72205
75.075, 19.6364, 2.72333
75.1, 19.6711, 2.72358
75.125, 19.7239, 2.72358
75.15, 19.7814, 2.72371
75.175, 19.7975, 2.72358
75.2, 19.7905, 2.72371
75.225, 19.7333, 2.72371
75.25, 19.6608, 2.72371
75.275, 19.5797, 2.72397
75.3, 19.4984, 2.72691
75.325, 19.4775, 2.73215
75.35, 19.4791, 2.73662
75.375, 19.5073, 2.73688
75.4, 19.5458, 2.73726
75.425, 19.5762, 2.73726
75.45, 19.5994, 2.73726
75.475, 19.6017, 2.73713
75.5, 19.5951, 2.73726
75.525, 19.5778, 2.73713
75.55, 19.5579, 2.73726
75.575, 19.5518, 2.73726
75.6, 19.5518, 2.73739
75.625, 19.5613, 2.73752
75.65, 19.5742, 2.73764
75.675, 19.5918, 2.73764
75.7, 19.611, 2.73777
75.725, 19.6361, 2.73803
75.75, 19.6625, 2.73879
75.775, 19.6888, 2.73918
75.8, 19.7143, 2.73918
75.825, 19.7395, 2.73931
75.85, 19.7647, 2.73918
75.875, 19.7892, 2.73918
75.9, 19.8127, 2.73867
75.925, 19.8342, 2.7379
75.95, 19.8545, 2.7379
75.975, 19.862, 2.73777
76, 19.8639, 2.73777
76.025, 19.8622, 2.73764
76.05, 19.8593, 2.73777
76.075, 19.8483, 2.73777
76.1, 19.8334, 2.73777
76.125, 19.8105, 2.73777
76.15, 19.7858, 2.73777
76.175, 19.761, 2.73777
76.2, 19.737, 2.73777
76.225, 19.7513, 2.73777
76.25, 19.7801, 2.73726
76.275, 19.8227, 2.73701
76.3, 19.8697, 2.72691
76.325, 19.9026, 2.71962
76.35, 19.9291, 2.71093
76.375, 19.9037, 2.7108
76.4, 19.8549, 2.71067
76.425, 19.7942, 2.71093
76.45, 19.7343, 2.71106
76.475, 19.7181, 2.71131
76.5, 19.7187, 2.71144
76.525, 19.7415, 2.71144
76.55, 19.7717, 2.71157
76.575, 19.7987, 2.71144
76.6, 19.8159, 2.71157
76.625, 19.7908, 2.71131
76.65, 19.7516, 2.71157
76.675, 19.7021, 2.71157
76.7, 19.6509, 2.71169
76.725, 19.6212, 2.71195
76.75, 19.6018, 2.71221
76.775, 19.6017, 2.71221
76.8, 19.6082, 2.71272
76.825, 19.6209, 2.71272
76.85, 19.6358, 2.71272
76.875, 19.6332, 2.71272
76.9, 19.6241, 2.71285
76.925, 19.6108, 2.71285
76.95, 19.5966, 2.71387
76.975, 19.5871, 2.71962
77, 19.5802, 2.72
77.025, 19.5867, 2.72
77.05, 19.5931, 2.72039
77.075, 19.5982, 2.72051
77.1, 19.605, 2.72192
77.125, 19.6146, 2.72397
77.15, 19.6235, 2.72435
77.175, 19.6338, 2.72448
77.2, 19.6448, 2.72499
77.225, 19.6523, 2.72601
77.25, 19.6567, 2.72767
77.275, 19.65, 2.72793
77.3, 19.641, 2.72806
77.325, 19.6323, 2.72831
77.35, 19.6235, 2.7287
77.375, 19.6275, 2.73151
77.4, 19.6373, 2.73649
77.425, 19.6545, 2.74084
77.45, 19.6777, 2.74199
77.475, 19.7035, 2.74225
77.5, 19.7191, 2.74289
77.525, 19.704, 2.7434
77.55, 19.682, 2.75976
77.575, 19.6445, 2.76334
77.6, 19.6022, 2.77612
77.625, 19.598, 2.77817
77.65, 19.6173, 2.77829
77.675, 19.6791, 2.77868
77.7, 19.7497, 2.77855
77.725, 19.8231, 2.77855
77.75, 19.8966, 2.77855
77.775, 19.9053, 2.77855
77.8, 19.8886, 2.77842
77.825, 19.8505, 2.77842
77.85, 19.8068, 2.77842
77.875, 19.7867, 2.77855
77.9, 19.7802, 2.77855
77.925, 19.807, 2.77855
77.95, 19.845, 2.77855
77.975, 19.8932, 2.77855
78, 19.9432, 2.77842
78.025, 19.9552, 2.77842
78.05, 19.9516, 2.77829
78.075, 19.9324, 2.77829
78.1, 19.9087, 2.77829
78.125, 19.8902, 2.77829
78.15, 19.8763, 2.77829
78.175, 19.8767, 2.77842
78.2, 19.8827, 2.77842
78.225, 19.8951, 2.77842
78.25, 19.9094, 2.77855
78.275, 19.9202, 2.77855
78.3, 19.9287, 2.77855
78.325, 19.9351, 2.77855
78.35, 19.9403, 2.77855
78.375, 19.9455, 2.77855
78.4, 19.9484, 2.77855
78.425, 19.9413, 2.77855
78.45, 19.9311, 2.77855
78.475, 19.9206, 2.77855
78.5, 19.9103, 2.77855
78.525, 19.9126, 2.77855
78.55, 19.9211, 2.77855
78.575, 19.9423, 2.77855
78.6, 19.9676, 2.77855
78.625, 19.9947, 2.77855
78.65, 20.0213, 2.77855
78.675, 20.0297, 2.77855
78.7, 20.0311, 2.77855
78.725, 20.0261, 2.77855
78.75, 20.0191, 2.77855
78.775, 20.0252, 2.77855
78.8, 20.0381, 2.77855
78.825, 20.0661, 2.77855
78.85, 20.0982, 2.77855
78.875, 20.1331, 2.77842
78.9, 20.1675, 2.77842
78.925, 20.1526, 2.77791
78.95, 20.119, 2.77791
78.975, 20.0668, 2.77791
79, 20.0098, 2.77791
79.025, 19.9662, 2.77791
79.05, 19.9349, 2.77804
79.075, 19.9426, 2.77804
79.1, 19.9641, 2.77804
79.125, 19.9986, 2.77791
79.15, 20.0365, 2.77791
79.175, 20.043, 2.77791
79.2, 20.0354, 2.77791
79.225, 20.0092, 2.77778
79.25, 19.977, 2.77766
79.275, 19.9482, 2.77766
79.3, 19.9266, 2.77778
79.325, 19.9386, 2.77778
79.35, 19.9623, 2.77778
79.375, 19.9966, 2.77753
79.4, 20.0336, 2.77663
79.425, 20.0577, 2.77651
79.45, 20.0746, 2.77267
79.475, 20.079, 2.76973
79.5, 20.078, 2.76896
79.525, 20.0745, 2.7673
79.55, 20.067, 2.76666
79.575, 20.0626, 2.76628
79.6, 20.061, 2.7659
79.625, 20.0611, 2.76436
79.65, 20.0611, 2.75592
79.675, 20.0666, 2.7526
79.7, 20.0758, 2.75081
79.725, 20.0827, 2.75068
79.75, 20.0851, 2.74621
79.775, 20.0955, 2.74595
79.8, 20.111, 2.73726
79.825, 20.1203, 2.73202
79.85, 20.1256, 2.72857
79.875, 20.1155, 2.72409
79.9, 20.1, 2.72333
79.925, 20.0867, 2.72243
79.95, 20.0795, 2.72243
79.975, 20.0921, 2.7223
80, 20.1108, 2.72128
80.025, 20.1292, 2.69239
80.05, 20.1479, 2.64752
80.075, 20.1374, 2.60853
80.1, 20.1206, 2.55779
80.125, 20.0804, 2.54104
80.15, 20.0301, 2.50435
80.175, 19.9643, 2.48761
80.2, 19.8981, 2.46332
80.225, 19.8677, 2.44453
80.25, 19.853, 2.39685
80.275, 19.849, 2.37499
80.3, 19.8528, 2.34533
80.325, 19.7956, 2.3213
80.35, 19.7133, 2.30148
80.375, 19.5688, 2.27847
80.4, 19.4037, 2.27285
80.425, 19.2254, 2.26198
80.45, 19.0525, 2.25802
80.475, 18.9158, 2.25546
80.5, 18.8001, 2.24127
80.525, 18.7106, 2.22542
80.55, 18.6315, 2.20561
80.575, 18.5336, 2.19986
80.6, 18.4336, 2.18107
80.625, 18.333, 2.17301
80.65, 18.2283, 2.15665
80.675, 18.1062, 2.1532
80.7, 17.981, 2.14745
80.725, 17.8488, 2.14438
80.75, 17.7154, 2.14387
80.775, 17.5918, 2.14348
80.8, 17.4863, 2.14054
80.825, 17.3927, 2.13479
80.85, 17.3074, 2.1206
80.875, 17.2186, 2.10948
80.9, 17.1324, 2.10846
80.925, 17.0501, 2.10743
80.95, 16.9679, 2.099
80.975, 16.8863, 2.09772
81, 16.8054, 2.09452
81.025, 16.7247, 2.08941
81.05, 16.6528, 2.08851
81.075, 16.5892, 2.08494
81.1, 16.5316, 2.08366
81.125, 16.4737, 2.0811
81.15, 16.4138, 2.07484
81.175, 16.36, 2.0696
81.2, 16.304, 2.06538
81.225, 16.2446, 2.06448
81.25, 16.1736, 2.06384
81.275, 16.0973, 2.06359
81.3, 16.0204, 2.06359
81.325, 15.9642, 2.06346
81.35, 15.9204, 2.06154
81.375, 15.8836, 2.06154
81.4, 15.8619, 2.06167
81.425, 15.8452, 2.06154
81.45, 15.8308, 2.06154
81.475, 15.7629, 2.05911
81.5, 15.6785, 2.05873
81.525, 15.5946, 2.05899
81.55, 15.4912, 2.05911
81.575, 15.3856, 2.05924
81.6, 15.285, 2.06001
81.625, 15.2505, 2.06499
81.65, 15.2422, 2.06499
81.675, 15.2405, 2.06538
81.7, 15.2427, 2.06525
81.725, 15.2411, 2.06525
81.75, 15.2337, 2.06499
81.775, 15.1988, 2.06512
81.8, 15.1562, 2.06512
81.825, 15.115, 2.06538
81.85, 15.0864, 2.06563
81.875, 15.0642, 2.06576
81.9, 15.0449, 2.06666
81.925, 15.0389, 2.07036
81.95, 15.0355, 2.07049
81.975, 15.0304, 2.07049
82, 15.0209, 2.0719
82.025, 15.0096, 2.07228
82.05, 14.9987, 2.07241
82.075, 14.9882, 2.07292
82.1, 14.978, 2.07305
82.125, 14.968, 2.07356
82.15, 14.9583, 2.07471
82.175, 14.9492, 2.0765
82.2, 14.9415, 2.08263
82.225, 14.9401, 2.08532
82.25, 14.9399, 2.08813
82.275, 14.9398, 2.08877
82.3, 14.9449, 2.08903
82.325, 14.9544, 2.08903
82.35, 14.9663, 2.08915
82.375, 14.9683, 2.08941
82.4, 14.9669, 2.08941
82.425, 14.9645, 2.08941
82.45, 14.9596, 2.08954
82.475, 14.9539, 2.08954
82.5, 14.9484, 2.08954
82.525, 14.971, 2.08941
82.55, 15.0028, 2.08941
82.575, 15.0337, 2.08915
82.6, 15.0556, 2.08903
82.625, 15.068, 2.08864
82.65, 15.0719, 2.08775
82.675, 15.0396, 2.08724
82.7, 14.9962, 2.08724
82.725, 14.9545, 2.08736
82.75, 14.9463, 2.08736
82.775, 14.9534, 2.08724
82.8, 14.9659, 2.08634
82.825, 15.0031, 2.08161
82.85, 15.046, 2.07727
82.875, 15.0856, 2.0756
82.9, 15.0704, 2.06934
82.925, 15.0331, 2.06934
82.95, 14.9926, 2.06883
82.975, 14.9379, 2.06793
83, 14.8813, 2.06793
83.025, 14.8353, 2.06806
83.05, 14.8323, 2.06832
83.075, 14.8445, 2.06819
83.1, 14.8592, 2.06793
83.125, 14.8753, 2.06653
83.15, 14.8893, 2.06499
83.175, 14.8995, 2.06244
83.2, 14.8987, 2.05809
83.225, 14.8927, 2.05694
83.25, 14.8847, 2.05694
83.275, 14.8851, 2.05413
83.3, 14.889, 2.05336
83.325, 14.8945, 2.05311
83.35, 14.903, 2.05323
83.375, 14.9136, 2.05336
83.4, 14.926, 2.05349
83.425, 14.9288, 2.0517
83.45, 14.9288, 2.0517
83.475, 14.9292, 2.0517
83.5, 14.9253, 2.05183
83.525, 14.9217, 2.05183
83.55, 14.919, 2.05221
83.575, 14.9181, 2.05247
83.6, 14.9173, 2.05259
83.625, 14.9161, 2.05272
83.65, 14.9137, 2.05349
83.675, 14.9108, 2.05362
83.7, 14.9082, 2.05374
83.725, 14.9054, 2.05438
83.75, 14.9031, 2.05451
83.775, 14.9014, 2.05528
83.8, 14.8818, 2.05592
83.825, 14.8566, 2.05605
83.85, 14.8313, 2.05643
83.875, 14.8036, 2.05732
83.9, 14.7757, 2.05758
83.925, 14.7546, 2.06244
83.95, 14.7745, 2.06384
83.975, 14.8045, 2.06397
84, 14.833, 2.06435
84.025, 14.8436, 2.06474
84.05, 14.8424, 2.06487
84.075, 14.8346, 2.06538
84.1, 14.7896, 2.06563
84.125, 14.7343, 2.06704
84.15, 14.6807, 2.07202
84.175, 14.6665, 2.08289
84.2, 14.6678, 2.08621
84.225, 14.6754, 2.08749
84.25, 14.7082, 2.088
84.275, 14.7499, 2.08826
84.3, 14.7915, 2.08877
84.325, 14.78, 2.0889
84.35, 14.7496, 2.08915
84.375, 14.7177, 2.08941
84.4, 14.6833, 2.0981
84.425, 14.6528, 2.10028
84.45, 14.6274, 2.10283
84.475, 14.6412, 2.10807
84.5, 14.6643, 2.1082
84.525, 14.6834, 2.10833
84.55, 14.7081, 2.1082
84.575, 14.734, 2.1082
84.6, 14.7598, 2.10833
84.625, 14.7862, 2.10846
84.65, 14.8121, 2.10833
84.675, 14.8376, 2.10833
84.7, 14.868, 2.10833
84.725, 14.8988, 2.10833
84.75, 14.9281, 2.10833
84.775, 14.956, 2.10807
84.8, 14.9829, 2.10807
84.825, 15.0094, 2.10782
84.85, 15.0388, 2.10091
84.875, 15.0692, 2.10028
84.9, 15.0974, 2.08967
84.925, 15.1044, 2.08813
84.95, 15.108, 2.08813
84.975, 15.1184, 2.08813
85, 15.1195, 2.08609
85.025, 15.1189, 2.08609
85.05, 15.1175, 2.08545
85.075, 15.1208, 2.07931
85.1, 15.1253, 2.0779
85.125, 15.1279, 2.06832
85.15, 15.1234, 2.06397
85.175, 15.1206, 2.06141
85.2, 15.1213, 2.06103
85.225, 15.1127, 2.05707
85.25, 15.1021, 2.05643
85.275, 15.0897, 2.04812
85.3, 15.0616, 2.04697
85.325, 15.0379, 2.04659
85.35, 15.029, 2.04646
85.375, 15.051, 2.0439
85.4, 15.0829, 2.04147
85.425, 15.1133, 2.02422
85.45, 15.096, 2.01897
85.475, 15.0637, 2.01846
85.5, 15.0291, 2.01846
85.525, 14.9557, 2.01885
85.55, 14.8719, 2.01936
85.575, 14.7896, 2.02089
85.6, 14.765, 2.02473
85.625, 14.7627, 2.02485
85.65, 14.7627, 2.02498
85.675, 14.7836, 2.02511
85.7, 14.8081, 2.02511
85.725, 14.8218, 2.02511
85.75, 14.7879, 2.02498
85.775, 14.7397, 2.02498
85.8, 14.6923, 2.02498
85.825, 14.6523, 2.02537
85.85, 14.6201, 2.02575
85.875, 14.5949, 2.02664
85.9, 14.5965, 2.03022
85.925, 14.6055, 2.0338
85.95, 14.6144, 2.03406
85.975, 14.6175, 2.03483
86, 14.62, 2.03725
86.025, 14.6226, 2.03956
86.05, 14.6143, 2.04198
86.075, 14.605, 2.04774
86.1, 14.6007, 2.04799
86.125, 14.5926, 2.04838
86.15, 14.5901, 2.04876
86.175, 14.5934, 2.05004
86.2, 14.6006, 2.05464
86.225, 14.6065, 2.05541
86.25, 14.6068, 2.05796
86.275, 14.6033, 2.06423
86.3, 14.5941, 2.06755
86.325, 14.584, 2.06998
86.35, 14.5705, 2.07407
86.375, 14.5567, 2.07739
86.4, 14.5459, 2.07969
86.425, 14.5316, 2.08046
86.45, 14.5186, 2.0843
86.475, 14.5103, 2.08851
86.5, 14.5258, 2.09056
86.525, 14.555, 2.09069
86.55, 14.5861, 2.09069
86.575, 14.6204, 2.09043
86.6, 14.6545, 2.09043
86.625, 14.6844, 2.08992
86.65, 14.7021, 2.08992
86.675, 14.7156, 2.08992
86.7, 14.7289, 2.08992
86.725, 14.7538, 2.08979
86.75, 14.785, 2.08979
86.775, 14.819, 2.08979
86.8, 14.8705, 2.08596
86.825, 14.9267, 2.08532
86.85, 14.9824, 2.07944
86.875, 14.9893, 2.06729
86.9, 14.9728, 2.06653
86.925, 14.9443, 2.06487
86.95, 14.8966, 2.06295
86.975, 14.8452, 2.06295
87, 14.798, 2.0632
87.025, 14.7982, 2.06346
87.05, 14.8162, 2.06346
87.075, 14.8366, 2.0632
87.1, 14.8645, 2.05592
87.125, 14.8895, 2.05259
87.15, 14.9083, 2.04454
87.175, 14.8816, 2.03534
87.2, 14.8457, 2.03546
87.225, 14.8168, 2.03572
87.25, 14.7939, 2.03585
87.275, 14.7773, 2.03585
87.3, 14.7635, 2.03585
87.325, 14.7609, 2.03713
87.35, 14.7611, 2.03904
87.375, 14.7607, 2.04109
87.4, 14.7514, 2.04492
87.425, 14.7381, 2.0462
87.45, 14.7232, 2.04671
87.475, 14.707, 2.04965
87.5, 14.6921, 2.05017
87.525, 14.6824, 2.05132
87.55, 14.6899, 2.05132
87.575, 14.7028, 2.05144
87.6, 14.7146, 2.05132
87.625, 14.7264, 2.05132
87.65, 14.737, 2.05132
87.675, 14.7469, 2.05119
87.7, 14.7534, 2.05132
87.725, 14.7586, 2.05132
87.75, 14.7636, 2.05132
87.775, 14.7609, 2.05132
87.8, 14.7553, 2.05132
87.825, 14.7485, 2.05132
87.85, 14.7392, 2.05132
87.875, 14.7299, 2.05132
87.9, 14.7215, 2.05132
87.925, 14.7364, 2.05132
87.95, 14.7587, 2.05132
87.975, 14.781, 2.05106
88, 14.8006, 2.05106
88.025, 14.8131, 2.05106
88.05, 14.8188, 2.05093
88.075, 14.7922, 2.05106
88.1, 14.7563, 2.05106
88.125, 14.7218, 2.05119
88.15, 14.7159, 2.05132
88.175, 14.7234, 2.05132
88.2, 14.7357, 2.05132
88.225, 14.7717, 2.0517
88.25, 14.814, 2.0517
88.275, 14.8546, 2.0517
88.3, 14.8501, 2.0517
88.325, 14.8286, 2.0517
88.35, 14.8046, 2.0517
88.375, 14.7667, 2.05183
88.4, 14.7255, 2.05221
88.425, 14.6924, 2.05694
88.45, 14.6994, 2.06525
88.475, 14.7213, 2.06857
88.5, 14.7439, 2.07023
88.525, 14.762, 2.07254
88.55, 14.7765, 2.07266
88.575, 14.7877, 2.07266
88.6, 14.7744, 2.07305
88.625, 14.7531, 2.07369
88.65, 14.7313, 2.07458
88.675, 14.7173, 2.08634
88.7, 14.7051, 2.08749
88.725, 14.6902, 2.08775
88.75, 14.6956, 2.08954
88.775, 14.7043, 2.08992
88.8, 14.7103, 2.09145
88.825, 14.7123, 2.09925
88.85, 14.7117, 2.1027
88.875, 14.7103, 2.1027
88.9, 14.7176, 2.10501
88.925, 14.7279, 2.10526
88.95, 14.7366, 2.10616
88.975, 14.7519, 2.11025
89, 14.7693, 2.11114
89.025, 14.7892, 2.11127
89.05, 14.8173, 2.1114
89.075, 14.8485, 2.1114
89.1, 14.8785, 2.1114
89.125, 14.9061, 2.11127
89.15, 14.9314, 2.11127
89.175, 14.9545, 2.11114
89.2, 14.9655, 2.11076
89.225, 14.9904, 2.11037
89.25, 15.0149, 2.10935
89.275, 15.038, 2.10155
89.3, 15.0674, 2.09567
89.325, 15.0945, 2.08494
89.35, 15.1151, 2.08059
89.375, 15.1407, 2.06934
89.4, 15.1712, 2.0618
89.425, 15.1962, 2.04978
89.45, 15.2231, 2.03981
89.475, 15.2327, 2.02984
89.5, 15.2297, 2.0246
89.525, 15.1929, 2.01335
89.55, 15.1448, 2.01271
89.575, 15.0953, 2.01003
89.6, 15.0406, 2.01015
89.625, 15.0129, 2.01015
89.65, 14.9993, 2.01003
89.675, 15.0049, 2.01003
89.7, 15.0177, 2.01003
89.725, 15.0191, 2.01015
89.75, 15.0108, 2.01015
89.775, 14.9698, 2.01015
89.8, 14.9187, 2.01028
89.825, 14.8589, 2.01054
89.85, 14.7981, 2.01079
89.875, 14.7555, 2.01207
89.9, 14.7224, 2.01463
89.925, 14.7029, 2.01488
89.95, 14.6889, 2.01488
89.975, 14.6835, 2.01501
